Time,total_v,max_v,min_v,avg_v,max-min,C1,C2,C3,C4,C5,C6,C7,C8,C9,C10,C11,C12,C13,C14,C15,C16,C17,C18,C19,C20,C21,C22,C23,C24,C25,C26,C27,C28,max_temp,min_temp,avg_temp,T1,T2,T3,T4,T5,T6,T7,T8,T9,T10,T11,T12,T13,T14,T15,T16,T17,T18,T19,T20,T21,T22,undervoltage,overvoltage,pec,overtemperature,openwire,openwire_temp
16267,97.850548,3.495900,3.493200,3.494663,0.002700,3.494550,3.495150,3.494700,3.494700,3.494550,3.494850,3.495750,3.493350,3.494400,3.494400,3.495450,3.493200,3.495300,3.495000,3.495000,3.494400,3.495150,3.494700,3.495450,3.494250,3.493650,3.494550,3.494850,3.494700,3.494250,3.494400,3.495900,3.493950,20.249506,19.739252,19.984211,19.971552,19.991755,20.032190,20.087763,19.936213,19.956415,19.921045,20.107996,,,,,,,19.890741,20.249506,19.739252,19.971552,19.885706,20.001886,20.001886,20.001886,0,0,0,0,0,0
16768,97.850403,3.495900,3.493350,3.494657,0.002550,3.494550,3.495150,3.494700,3.494550,3.494400,3.494850,3.495750,3.493350,3.494400,3.494400,3.495450,3.493350,3.495300,3.495000,3.495150,3.494400,3.495000,3.494700,3.495450,3.494250,3.493650,3.494550,3.494850,3.494700,3.494400,3.494400,3.495900,3.493800,20.249506,19.739252,19.984211,19.971552,19.991755,20.032190,20.087763,19.936213,19.956415,19.921045,20.107996,,,,,,,19.890741,20.249506,19.739252,19.971552,19.885706,20.001886,20.001886,20.001886,0,0,0,0,0,0
17269,97.850098,3.495900,3.493350,3.494646,0.002550,3.494550,3.495000,3.494700,3.494550,3.494550,3.494700,3.495750,3.493350,3.494400,3.494550,3.495600,3.493350,3.495300,3.495000,3.495000,3.494400,3.495000,3.494700,3.495300,3.494250,3.493650,3.494400,3.494850,3.494850,3.494250,3.494400,3.495900,3.493800,20.249506,19.739252,19.983896,19.971552,19.991755,20.032190,20.087763,19.936213,19.956415,19.921045,20.107996,,,,,,,19.890741,20.249506,19.739252,19.966516,19.885706,20.001886,20.001886,20.001886,0,0,0,0,0,0
17770,97.850098,3.495900,3.493200,3.494646,0.002700,3.494550,3.495150,3.494700,3.494700,3.494400,3.494850,3.495750,3.493350,3.494400,3.494400,3.495450,3.493200,3.495300,3.495000,3.495000,3.494400,3.495000,3.494700,3.495450,3.494250,3.493650,3.494400,3.494850,3.494850,3.494250,3.494400,3.495900,3.493800,20.249506,19.739252,19.983898,19.971552,19.986719,20.032190,20.092829,19.936213,19.956415,19.921045,20.107996,,,,,,,19.890741,20.249506,19.739252,19.966516,19.885706,20.001886,20.001886,20.001886,0,0,0,0,0,0
18271,97.850090,3.495900,3.493350,3.494646,0.002550,3.494550,3.495000,3.494700,3.494700,3.494400,3.494850,3.495900,3.493350,3.494400,3.494400,3.495600,3.493350,3.495300,3.495000,3.495000,3.494400,3.495000,3.494700,3.495450,3.494250,3.493650,3.494400,3.494700,3.494700,3.494250,3.494400,3.495900,3.493800,20.249506,19.739252,19.983263,19.971552,19.991755,20.032190,20.087763,19.931147,19.951349,19.921045,20.107996,,,,,,,19.890741,20.249506,19.739252,19.966516,19.885706,20.001886,20.001886,20.001886,0,0,0,0,0,0
18772,97.850403,3.495900,3.493200,3.494657,0.002700,3.494550,3.495000,3.494700,3.494550,3.494400,3.494850,3.495750,3.493350,3.494400,3.494400,3.495600,3.493200,3.495300,3.495000,3.495000,3.494400,3.495150,3.494700,3.495450,3.494400,3.493650,3.494550,3.494850,3.494700,3.494250,3.494400,3.495900,3.493950,20.249506,19.739252,19.983578,19.971552,19.991755,20.027124,20.087763,19.936213,19.951349,19.921045,20.107996,,,,,,,19.890741,20.249506,19.739252,19.971552,19.885706,20.001886,20.001886,20.001886,0,0,0,0,0,0
19273,97.850098,3.495900,3.493200,3.494646,0.002700,3.494550,3.495150,3.494700,3.494550,3.494550,3.494850,3.495750,3.493350,3.494400,3.494400,3.495600,3.493200,3.495300,3.495000,3.495000,3.494400,3.495000,3.494700,3.495450,3.494250,3.493650,3.494400,3.494700,3.494700,3.494250,3.494550,3.495900,3.493800,20.249506,19.739252,19.984211,19.971552,19.991755,20.032190,20.087763,19.936213,19.956415,19.921045,20.107996,,,,,,,19.890741,20.249506,19.739252,19.971552,19.885706,20.001886,20.001886,20.001886,0,0,0,0,0,0
19774,97.850403,3.495900,3.493350,3.494657,0.002550,3.494550,3.495150,3.494700,3.494700,3.494400,3.494850,3.495750,3.493350,3.494400,3.494400,3.495600,3.493350,3.495150,3.495000,3.495150,3.494400,3.495000,3.494700,3.495450,3.494250,3.493650,3.494550,3.494850,3.494700,3.494250,3.494400,3.495900,3.493800,20.249506,19.739252,19.984529,19.971552,19.986719,20.032190,20.092829,19.936213,19.956415,19.921045,20.107996,,,,,,,19.895807,20.249506,19.739252,19.971552,19.885706,20.001886,20.001886,20.001886,0,0,0,0,0,0
20275,97.849945,3.495900,3.493200,3.494641,0.002700,3.494550,3.495150,3.494700,3.494550,3.494400,3.494850,3.495750,3.493350,3.494400,3.494400,3.495450,3.493200,3.495300,3.495000,3.495000,3.494400,3.495000,3.494850,3.495450,3.494250,3.493650,3.494400,3.494700,3.494850,3.494250,3.494400,3.495900,3.493800,20.249506,19.739252,19.983896,19.971552,19.991755,20.032190,20.087763,19.936213,19.956415,19.921045,20.107996,,,,,,,19.890741,20.249506,19.739252,19.966516,19.885706,20.001886,20.001886,20.001886,0,0,0,0,0,0
20776,97.849945,3.495900,3.493350,3.494641,0.002550,3.494550,3.495150,3.494700,3.494550,3.494400,3.494850,3.495750,3.493350,3.494400,3.494400,3.495450,3.493350,3.495300,3.495000,3.495000,3.494400,3.495000,3.494700,3.495300,3.494250,3.493650,3.494400,3.494850,3.494700,3.494400,3.494400,3.495900,3.493800,20.249506,19.739252,19.984844,19.971552,19.986719,20.032190,20.092829,19.936213,19.956415,19.921045,20.107996,,,,,,,19.895807,20.249506,19.739252,19.971552,19.885706,20.001886,20.001886,20.006922,0,0,0,0,0,0
21277,97.849945,3.495900,3.493200,3.494641,0.002700,3.494550,3.495150,3.494700,3.494700,3.494550,3.494850,3.495750,3.493350,3.494400,3.494400,3.495450,3.493200,3.495150,3.495000,3.495000,3.494400,3.495000,3.494700,3.495450,3.494250,3.493650,3.494400,3.494850,3.494700,3.494250,3.494400,3.495900,3.493800,20.249506,19.739252,19.984215,19.971552,19.986719,20.032190,20.087763,19.936213,19.956415,19.926111,20.107996,,,,,,,19.895807,20.249506,19.739252,19.966516,19.885706,20.001886,20.001886,20.001886,0,0,0,0,0,0
21778,97.850098,3.495900,3.493200,3.494646,0.002700,3.494550,3.495150,3.494700,3.494700,3.494550,3.494850,3.495750,3.493350,3.494250,3.494400,3.495450,3.493200,3.495150,3.495000,3.495150,3.494400,3.495150,3.494700,3.495450,3.494250,3.493650,3.494400,3.494700,3.494700,3.494250,3.494400,3.495900,3.493950,20.249506,19.739252,19.984844,19.971552,19.991755,20.032190,20.092829,19.936213,19.956415,19.921045,20.107996,,,,,,,19.895807,20.249506,19.739252,19.971552,19.885706,20.001886,20.001886,20.001886,0,0,0,0,0,0
22279,97.850250,3.495900,3.493350,3.494652,0.002550,3.494550,3.495150,3.494700,3.494550,3.494400,3.494850,3.495750,3.493350,3.494400,3.494400,3.495450,3.493350,3.495300,3.495000,3.495000,3.494400,3.495000,3.494700,3.495450,3.494250,3.493650,3.494400,3.494850,3.494700,3.494250,3.494550,3.495900,3.493950,20.249506,19.739252,19.984529,19.971552,19.986719,20.032190,20.092829,19.936213,19.956415,19.921045,20.107996,,,,,,,19.895807,20.249506,19.739252,19.971552,19.885706,20.001886,20.001886,20.001886,0,0,0,0,0,0
22780,97.850708,3.495900,3.493350,3.494668,0.002550,3.494550,3.495150,3.494700,3.494550,3.494550,3.494850,3.495750,3.493350,3.494400,3.494400,3.495600,3.493350,3.495300,3.495000,3.495150,3.494400,3.495000,3.494700,3.495450,3.494250,3.493650,3.494550,3.494850,3.494850,3.494250,3.494400,3.495900,3.493800,20.249506,19.739252,19.984528,19.971552,19.991755,20.032190,20.087763,19.936213,19.956415,19.921045,20.107996,,,,,,,19.895807,20.249506,19.739252,19.971552,19.885706,20.001886,20.001886,20.001886,0,0,0,0,0,0
23281,97.849495,3.495900,3.493200,3.494625,0.002700,3.494550,3.495150,3.494700,3.494550,3.494400,3.494700,3.495750,3.493350,3.494400,3.494400,3.495450,3.493200,3.495150,3.495000,3.495000,3.494250,3.495000,3.494700,3.495300,3.494250,3.493650,3.494550,3.494850,3.494700,3.494250,3.494400,3.495900,3.493950,20.249506,19.739252,19.984211,19.971552,19.986719,20.032190,20.087763,19.931147,19.956415,19.921045,20.113031,,,,,,,19.895807,20.249506,19.739252,19.966516,19.885706,20.006922,20.001886,20.001886,0,0,0,0,0,0
23782,97.849945,3.495900,3.493200,3.494641,0.002700,3.494550,3.495150,3.494850,3.494700,3.494400,3.494700,3.495750,3.493350,3.494400,3.494400,3.495450,3.493200,3.495300,3.495000,3.495000,3.494400,3.495000,3.494700,3.495450,3.494250,3.493650,3.494400,3.494850,3.494700,3.494250,3.494400,3.495900,3.493800,20.249506,19.739252,19.984846,19.971552,19.991755,20.032190,20.092829,19.936213,19.956415,19.926111,20.107996,,,,,,,19.895807,20.249506,19.739252,19.966516,19.885706,20.001886,20.001886,20.001886,0,0,0,0,0,0
24283,97.850105,3.495900,3.493200,3.494647,0.002700,3.494550,3.495150,3.494700,3.494700,3.494550,3.494700,3.495750,3.493350,3.494400,3.494400,3.495600,3.493200,3.495150,3.494850,3.495150,3.494400,3.495000,3.494700,3.495450,3.494250,3.493650,3.494550,3.494850,3.494700,3.494250,3.494400,3.495900,3.493800,20.249506,19.739252,19.985161,19.971552,19.991755,20.032190,20.092829,19.936213,19.956415,19.926111,20.107996,,,,,,,19.895807,20.249506,19.739252,19.971552,19.885706,20.001886,20.001886,20.001886,0,0,0,0,0,0
24784,97.849945,3.495900,3.493200,3.494641,0.002700,3.494550,3.495000,3.494700,3.494700,3.494550,3.494850,3.495750,3.493350,3.494400,3.494400,3.495450,3.493200,3.495150,3.495000,3.495150,3.494400,3.495000,3.494700,3.495450,3.494250,3.493650,3.494400,3.494700,3.494700,3.494250,3.494400,3.495900,3.493950,20.249506,19.739252,19.985790,19.971552,19.991755,20.032190,20.092829,19.936213,19.956415,19.926111,20.113031,,,,,,,19.895807,20.249506,19.739252,19.971552,19.885706,20.001886,20.006922,20.001886,0,0,0,0,0,0
25285,97.849350,3.495900,3.493200,3.494620,0.002700,3.494550,3.495150,3.494700,3.494550,3.494400,3.494850,3.495750,3.493350,3.494250,3.494400,3.495450,3.493200,3.495150,3.494850,3.495000,3.494250,3.495000,3.494700,3.495450,3.494250,3.493650,3.494550,3.494700,3.494850,3.494250,3.494400,3.495900,3.493800,20.254572,19.739252,19.984846,19.971552,19.986719,20.032190,20.087763,19.936213,19.956415,19.926111,20.107996,,,,,,,19.895807,20.254572,19.739252,19.971552,19.885706,20.001886,20.001886,20.001886,0,0,0,0,0,0
25786,97.849648,3.495900,3.493200,3.494630,0.002700,3.494550,3.495150,3.494700,3.494550,3.494400,3.494700,3.495750,3.493350,3.494250,3.494400,3.495600,3.493200,3.495150,3.495000,3.495000,3.494400,3.495000,3.494700,3.495450,3.494250,3.493650,3.494550,3.494850,3.494700,3.494250,3.494400,3.495900,3.493800,20.249506,19.739252,19.984529,19.971552,19.991755,20.032190,20.087763,19.936213,19.956415,19.926111,20.107996,,,,,,,19.895807,20.249506,19.739252,19.966516,19.885706,20.001886,20.001886,20.001886,0,0,0,0,0,0
26287,97.849937,3.495900,3.493200,3.494641,0.002700,3.494550,3.495150,3.494700,3.494550,3.494550,3.494700,3.495750,3.493350,3.494400,3.494400,3.495600,3.493200,3.495300,3.495000,3.495000,3.494400,3.495000,3.494850,3.495450,3.494250,3.493650,3.494400,3.494700,3.494700,3.494250,3.494400,3.495900,3.493800,20.254572,19.739252,19.985161,19.971552,19.991755,20.032190,20.087763,19.936213,19.956415,19.926111,20.107996,,,,,,,19.895807,20.254572,19.739252,19.971552,19.885706,20.001886,20.001886,20.001886,0,0,0,0,0,0
26788,97.850090,3.495900,3.493200,3.494646,0.002700,3.494550,3.495150,3.494700,3.494700,3.494550,3.494850,3.495750,3.493350,3.494400,3.494400,3.495450,3.493200,3.495300,3.495000,3.495000,3.494400,3.495000,3.494700,3.495450,3.494250,3.493650,3.494400,3.494850,3.494700,3.494250,3.494400,3.495900,3.493800,20.254572,19.739252,19.984844,19.971552,19.991755,20.027124,20.087763,19.936213,19.956415,19.926111,20.107996,,,,,,,19.895807,20.254572,19.739252,19.971552,19.885706,20.001886,20.001886,20.001886,0,0,0,0,0,0
27289,97.849945,3.495900,3.493200,3.494641,0.002700,3.494550,3.495150,3.494700,3.494700,3.494550,3.494850,3.495750,3.493350,3.494400,3.494400,3.495450,3.493200,3.495150,3.495000,3.495000,3.494400,3.495000,3.494700,3.495300,3.494250,3.493650,3.494400,3.494850,3.494850,3.494250,3.494400,3.495900,3.493800,20.249506,19.739252,19.985161,19.971552,19.991755,20.032190,20.092829,19.936213,19.956415,19.926111,20.113031,,,,,,,19.895807,20.249506,19.739252,19.966516,19.885706,20.001886,20.001886,20.001886,0,0,0,0,0,0
27790,97.849495,3.495900,3.493350,3.494625,0.002550,3.494550,3.495000,3.494700,3.494550,3.494400,3.494700,3.495750,3.493350,3.494400,3.494400,3.495450,3.493350,3.495150,3.494850,3.495150,3.494400,3.495000,3.494700,3.495450,3.494250,3.493650,3.494400,3.494700,3.494850,3.494250,3.494400,3.495900,3.493800,20.249506,19.739252,19.985157,19.971552,19.991755,20.032190,20.087763,19.936213,19.956415,19.926111,20.113031,,,,,,,19.895807,20.249506,19.739252,19.971552,19.880640,20.001886,20.006922,20.001886,0,0,0,0,0,0
28291,97.850700,3.495900,3.493200,3.494668,0.002700,3.494550,3.495150,3.494700,3.494700,3.494550,3.494850,3.495750,3.493350,3.494400,3.494400,3.495600,3.493200,3.495300,3.495000,3.495000,3.494400,3.495000,3.494700,3.495450,3.494250,3.493650,3.494550,3.494700,3.494850,3.494400,3.494550,3.495900,3.493800,20.254572,19.739252,19.986107,19.971552,19.991755,20.032190,20.092829,19.936213,19.956415,19.926111,20.107996,,,,,,,19.895807,20.254572,19.739252,19.971552,19.885706,20.001886,20.006922,20.006922,0,0,0,0,0,0
28792,97.849648,3.495900,3.493200,3.494630,0.002700,3.494550,3.495150,3.494700,3.494550,3.494400,3.494850,3.495750,3.493350,3.494250,3.494400,3.495450,3.493200,3.495300,3.495000,3.495000,3.494400,3.495000,3.494700,3.495450,3.494250,3.493650,3.494400,3.494850,3.494700,3.494250,3.494400,3.495900,3.493800,20.254572,19.739252,19.986109,19.976618,19.991755,20.032190,20.092829,19.936213,19.956415,19.926111,20.113031,,,,,,,19.895807,20.254572,19.739252,19.971552,19.885706,20.001886,20.001886,20.001886,0,0,0,0,0,0
29293,97.849190,3.495900,3.493200,3.494614,0.002700,3.494550,3.495150,3.494700,3.494550,3.494400,3.494700,3.495750,3.493350,3.494250,3.494400,3.495450,3.493200,3.495300,3.495000,3.495000,3.494400,3.495000,3.494700,3.495300,3.494250,3.493650,3.494400,3.494700,3.494700,3.494250,3.494400,3.495900,3.493800,20.254572,19.739252,19.985476,19.971552,19.991755,20.032190,20.087763,19.936213,19.956415,19.926111,20.107996,,,,,,,19.895807,20.254572,19.739252,19.971552,19.885706,20.001886,20.006922,20.001886,0,0,0,0,0,0
29794,97.849487,3.495750,3.493200,3.494625,0.002550,3.494550,3.495150,3.494700,3.494550,3.494400,3.494850,3.495750,3.493350,3.494400,3.494400,3.495450,3.493200,3.495300,3.495000,3.495150,3.494400,3.495000,3.494700,3.495300,3.494250,3.493650,3.494400,3.494700,3.494700,3.494250,3.494400,3.495750,3.493800,20.249506,19.739252,19.985476,19.971552,19.991755,20.032190,20.092829,19.936213,19.956415,19.926111,20.107996,,,,,,,19.895807,20.249506,19.739252,19.971552,19.885706,20.001886,20.006922,20.001886,0,0,0,0,0,0
30295,97.849800,3.495900,3.493200,3.494636,0.002700,3.494550,3.495150,3.494700,3.494550,3.494400,3.494850,3.495750,3.493350,3.494400,3.494400,3.495450,3.493200,3.495150,3.495000,3.495000,3.494400,3.495000,3.494700,3.495450,3.494400,3.493650,3.494400,3.494700,3.494700,3.494250,3.494550,3.495900,3.493800,20.254572,19.739252,19.986109,19.976618,19.991755,20.032190,20.092829,19.936213,19.956415,19.926111,20.107996,,,,,,,19.895807,20.254572,19.739252,19.971552,19.885706,20.001886,20.006922,20.001886,0,0,0,0,0,0
30796,97.849648,3.495900,3.493200,3.494630,0.002700,3.494550,3.495150,3.494700,3.494550,3.494400,3.494850,3.495750,3.493350,3.494250,3.494400,3.495450,3.493200,3.495300,3.495000,3.495000,3.494250,3.495000,3.494700,3.495300,3.494400,3.493650,3.494550,3.494700,3.494700,3.494250,3.494550,3.495900,3.493800,20.249506,19.739252,19.985792,19.976618,19.991755,20.032190,20.092829,19.936213,19.956415,19.926111,20.107996,,,,,,,19.895807,20.249506,19.739252,19.971552,19.885706,20.001886,20.006922,20.001886,0,0,0,0,0,0
31297,97.849800,3.495900,3.493200,3.494636,0.002700,3.494550,3.495150,3.494700,3.494700,3.494550,3.494700,3.495750,3.493350,3.494400,3.494250,3.495450,3.493200,3.495150,3.494850,3.495150,3.494400,3.495000,3.494700,3.495300,3.494250,3.493650,3.494400,3.494850,3.494850,3.494250,3.494550,3.495900,3.493800,20.254572,19.739252,19.985476,19.971552,19.991755,20.032190,20.087763,19.936213,19.956415,19.926111,20.113031,,,,,,,19.895807,20.254572,19.739252,19.971552,19.885706,20.001886,20.001886,20.001886,0,0,0,0,0,0
31798,97.849648,3.495900,3.493200,3.494630,0.002700,3.494550,3.495150,3.494700,3.494550,3.494400,3.494700,3.495750,3.493350,3.494400,3.494400,3.495600,3.493200,3.495300,3.494850,3.495000,3.494400,3.495000,3.494700,3.495300,3.494250,3.493650,3.494400,3.494850,3.494700,3.494250,3.494550,3.495900,3.493800,20.249506,19.739252,19.985790,19.971552,19.991755,20.032190,20.092829,19.936213,19.956415,19.931147,20.107996,,,,,,,19.895807,20.249506,19.739252,19.971552,19.885706,20.001886,20.006922,20.001886,0,0,0,0,0,0
32299,97.849648,3.495900,3.493350,3.494630,0.002550,3.494550,3.495150,3.494700,3.494550,3.494400,3.494850,3.495600,3.493350,3.494400,3.494400,3.495450,3.493350,3.495150,3.495000,3.495000,3.494400,3.495000,3.494700,3.495450,3.494250,3.493650,3.494400,3.494700,3.494700,3.494250,3.494400,3.495900,3.493950,20.254572,19.739252,19.985477,19.976618,19.991755,20.032190,20.087763,19.936213,19.956415,19.926111,20.107996,,,,,,,19.895807,20.254572,19.739252,19.971552,19.885706,20.001886,20.001886,20.001886,0,0,0,0,0,0
32800,97.849648,3.495900,3.493200,3.494630,0.002700,3.494550,3.495150,3.494700,3.494550,3.494400,3.494700,3.495750,3.493350,3.494250,3.494400,3.495450,3.493200,3.495150,3.495000,3.495000,3.494400,3.495000,3.494850,3.495450,3.494250,3.493650,3.494550,3.494700,3.494700,3.494250,3.494550,3.495900,3.493800,20.249506,19.739252,19.985790,19.971552,19.991755,20.032190,20.092829,19.936213,19.956415,19.931147,20.107996,,,,,,,19.895807,20.249506,19.739252,19.971552,19.885706,20.001886,20.006922,20.001886,0,0,0,0,0,0
33301,97.848892,3.495900,3.493200,3.494603,0.002700,3.494550,3.495150,3.494700,3.494550,3.494400,3.494700,3.495600,3.493350,3.494250,3.494400,3.495450,3.493200,3.495150,3.495000,3.495000,3.494250,3.495000,3.494700,3.495450,3.494250,3.493650,3.494400,3.494700,3.494700,3.494250,3.494400,3.495900,3.493800,20.249506,19.739252,19.985159,19.971552,19.991755,20.032190,20.087763,19.936213,19.956415,19.926111,20.107996,,,,,,,19.895807,20.249506,19.739252,19.971552,19.885706,20.006922,20.001886,20.001886,0,0,0,0,0,0
33802,97.849640,3.495900,3.493200,3.494630,0.002700,3.494550,3.495150,3.494700,3.494550,3.494400,3.494850,3.495600,3.493350,3.494400,3.494400,3.495450,3.493200,3.495300,3.495000,3.495000,3.494400,3.495000,3.494700,3.495450,3.494250,3.493650,3.494400,3.494700,3.494850,3.494250,3.494400,3.495900,3.493800,20.254572,19.739252,19.985163,19.971552,19.991755,20.032190,20.092829,19.936213,19.956415,19.926111,20.107996,,,,,,,19.895807,20.254572,19.739252,19.966516,19.885706,20.001886,20.001886,20.001886,0,0,0,0,0,0
34303,97.849335,3.495900,3.493200,3.494619,0.002700,3.494550,3.495150,3.494700,3.494550,3.494400,3.494700,3.495750,3.493350,3.494400,3.494400,3.495450,3.493200,3.495300,3.495000,3.495000,3.494400,3.495000,3.494700,3.495300,3.494250,3.493650,3.494400,3.494700,3.494700,3.494250,3.494400,3.495900,3.493800,20.254572,19.739252,19.986738,19.976618,19.991755,20.032190,20.092829,19.936213,19.956415,19.931147,20.113031,,,,,,,19.895807,20.254572,19.739252,19.966516,19.885706,20.001886,20.006922,20.006922,0,0,0,0,0,0
34804,97.849648,3.495900,3.493200,3.494630,0.002700,3.494550,3.495150,3.494700,3.494550,3.494400,3.494850,3.495750,3.493350,3.494250,3.494400,3.495450,3.493200,3.495300,3.495000,3.495150,3.494400,3.495000,3.494700,3.495450,3.494250,3.493650,3.494400,3.494700,3.494700,3.494250,3.494400,3.495900,3.493800,20.249506,19.739252,19.985792,19.976618,19.991755,20.032190,20.092829,19.936213,19.956415,19.926111,20.107996,,,,,,,19.895807,20.249506,19.739252,19.971552,19.885706,20.001886,20.006922,20.001886,0,0,0,0,0,0
35305,97.849495,3.495900,3.493200,3.494625,0.002700,3.494550,3.495150,3.494700,3.494550,3.494400,3.494700,3.495750,3.493350,3.494400,3.494400,3.495450,3.493200,3.495150,3.494850,3.495000,3.494400,3.495150,3.494700,3.495450,3.494250,3.493650,3.494400,3.494850,3.494700,3.494250,3.494400,3.495900,3.493800,20.254572,19.739252,19.985474,19.971552,19.991755,20.032190,20.087763,19.931147,19.956415,19.926111,20.113031,,,,,,,19.895807,20.254572,19.739252,19.971552,19.885706,20.001886,20.006922,20.001886,0,0,0,0,0,0
35806,97.849037,3.495900,3.493200,3.494608,0.002700,3.494550,3.495000,3.494700,3.494550,3.494400,3.494850,3.495750,3.493350,3.494250,3.494400,3.495450,3.493200,3.495150,3.495000,3.495000,3.494400,3.495000,3.494700,3.495300,3.494250,3.493650,3.494400,3.494700,3.494700,3.494250,3.494400,3.495900,3.493800,20.254572,19.739252,19.986107,19.971552,19.991755,20.032190,20.092829,19.936213,19.956415,19.931147,20.113031,,,,,,,19.900843,20.254572,19.739252,19.966516,19.885706,20.001886,20.001886,20.001886,0,0,0,0,0,0
36808,97.848892,3.495900,3.493200,3.494603,0.002700,3.494550,3.495000,3.494700,3.494550,3.494400,3.494700,3.495750,3.493350,3.494250,3.494400,3.495450,3.493200,3.495150,3.494850,3.495000,3.494250,3.495000,3.494700,3.495300,3.494250,3.493650,3.494400,3.494850,3.494700,3.494250,3.494400,3.495900,3.493950,20.254572,19.739252,19.986736,19.971552,19.991755,20.032190,20.092829,19.936213,19.956415,19.931147,20.113031,,,,,,,19.900843,20.254572,19.739252,19.971552,19.885706,20.001886,20.006922,20.001886,0,0,0,0,0,0
37309,97.849342,3.495900,3.493200,3.494619,0.002700,3.494550,3.495150,3.494700,3.494550,3.494550,3.494850,3.495750,3.493350,3.494400,3.494400,3.495450,3.493200,3.495150,3.494850,3.495000,3.494250,3.495000,3.494700,3.495450,3.494250,3.493650,3.494400,3.494700,3.494700,3.494250,3.494400,3.495900,3.493800,20.249506,19.739252,19.985790,19.971552,19.991755,20.032190,20.092829,19.936213,19.956415,19.931147,20.113031,,,,,,,19.895807,20.249506,19.739252,19.966516,19.885706,20.001886,20.006922,20.001886,0,0,0,0,0,0
37810,97.849197,3.495900,3.493200,3.494614,0.002700,3.494550,3.495000,3.494700,3.494550,3.494400,3.494700,3.495750,3.493350,3.494250,3.494400,3.495450,3.493200,3.495300,3.494850,3.495000,3.494250,3.495000,3.494700,3.495450,3.494250,3.493650,3.494550,3.494850,3.494700,3.494250,3.494400,3.495900,3.493800,20.254572,19.744318,19.986423,19.971552,19.991755,20.032190,20.092829,19.936213,19.956415,19.931147,20.107996,,,,,,,19.900843,20.254572,19.744318,19.966516,19.885706,20.001886,20.006922,20.001886,0,0,0,0,0,0
38311,97.849495,3.495900,3.493200,3.494625,0.002700,3.494550,3.495150,3.494700,3.494550,3.494400,3.494850,3.495750,3.493350,3.494400,3.494400,3.495450,3.493200,3.495150,3.495000,3.495000,3.494400,3.495000,3.494700,3.495450,3.494250,3.493650,3.494400,3.494700,3.494700,3.494250,3.494400,3.495900,3.493800,20.254572,19.739252,19.986422,19.971552,19.991755,20.032190,20.092829,19.936213,19.956415,19.931147,20.113031,,,,,,,19.895807,20.254572,19.739252,19.971552,19.885706,20.001886,20.006922,20.001886,0,0,0,0,0,0
38812,97.849648,3.495900,3.493200,3.494630,0.002700,3.494550,3.495150,3.494700,3.494550,3.494400,3.494700,3.495750,3.493350,3.494400,3.494400,3.495600,3.493200,3.495150,3.495000,3.495000,3.494400,3.495000,3.494700,3.495450,3.494250,3.493650,3.494400,3.494850,3.494700,3.494250,3.494400,3.495900,3.493800,20.254572,19.739252,19.986736,19.971552,19.991755,20.032190,20.092829,19.936213,19.956415,19.931147,20.113031,,,,,,,19.900843,20.254572,19.739252,19.971552,19.885706,20.001886,20.006922,20.001886,0,0,0,0,0,0
39313,97.849342,3.495750,3.493200,3.494619,0.002550,3.494550,3.495150,3.494700,3.494550,3.494400,3.494700,3.495750,3.493350,3.494400,3.494400,3.495450,3.493200,3.495150,3.495000,3.495000,3.494400,3.495000,3.494700,3.495450,3.494250,3.493650,3.494400,3.494850,3.494700,3.494250,3.494400,3.495750,3.493800,20.249506,19.739252,19.986734,19.971552,19.991755,20.032190,20.092829,19.936213,19.956415,19.931147,20.113031,,,,,,,19.895807,20.249506,19.739252,19.971552,19.885706,20.006922,20.006922,20.006922,0,0,0,0,0,0
39814,97.849648,3.495900,3.493200,3.494630,0.002700,3.494550,3.495000,3.494700,3.494550,3.494400,3.494850,3.495750,3.493350,3.494400,3.494400,3.495450,3.493200,3.495150,3.495000,3.495000,3.494250,3.495150,3.494700,3.495450,3.494250,3.493650,3.494400,3.494700,3.494850,3.494250,3.494550,3.495900,3.493800,20.254572,19.744318,19.987055,19.976618,19.991755,20.032190,20.092829,19.936213,19.956415,19.931147,20.107996,,,,,,,19.900843,20.254572,19.744318,19.971552,19.885706,20.001886,20.006922,20.001886,0,0,0,0,0,0
40315,97.849655,3.495900,3.493350,3.494631,0.002550,3.494550,3.495150,3.494700,3.494550,3.494400,3.494850,3.495750,3.493350,3.494250,3.494400,3.495450,3.493350,3.495150,3.494850,3.495000,3.494400,3.495000,3.494700,3.495450,3.494250,3.493650,3.494400,3.494850,3.494700,3.494250,3.494400,3.495900,3.493950,20.254572,19.739252,19.987053,19.971552,19.996820,20.032190,20.092829,19.936213,19.956415,19.931147,20.113031,,,,,,,19.900843,20.254572,19.739252,19.971552,19.885706,20.001886,20.006922,20.001886,0,0,0,0,0,0
40816,97.849648,3.495900,3.493200,3.494630,0.002700,3.494550,3.495000,3.494700,3.494550,3.494550,3.494700,3.495750,3.493350,3.494400,3.494400,3.495450,3.493200,3.495300,3.495000,3.495000,3.494250,3.495000,3.494700,3.495450,3.494250,3.493650,3.494400,3.494850,3.494700,3.494250,3.494400,3.495900,3.493950,20.254572,19.739252,19.986422,19.971552,19.991755,20.032190,20.092829,19.936213,19.956415,19.931147,20.113031,,,,,,,19.895807,20.254572,19.739252,19.971552,19.885706,20.001886,20.006922,20.001886,0,0,0,0,0,0
41317,97.849182,3.495750,3.493200,3.494614,0.002550,3.494550,3.495150,3.494700,3.494550,3.494400,3.494700,3.495750,3.493350,3.494400,3.494400,3.495450,3.493200,3.495300,3.495000,3.495000,3.494400,3.495000,3.494700,3.495300,3.494250,3.493650,3.494400,3.494700,3.494700,3.494250,3.494400,3.495750,3.493800,20.254572,19.739252,19.986422,19.971552,19.991755,20.032190,20.092829,19.936213,19.956415,19.931147,20.113031,,,,,,,19.900843,20.254572,19.739252,19.966516,19.885706,20.001886,20.006922,20.001886,0,0,0,0,0,0
41818,97.849190,3.495900,3.493200,3.494614,0.002700,3.494550,3.495150,3.494700,3.494550,3.494550,3.494700,3.495750,3.493350,3.494400,3.494400,3.495450,3.493200,3.495150,3.494850,3.495000,3.494400,3.495000,3.494700,3.495300,3.494250,3.493650,3.494400,3.494700,3.494700,3.494250,3.494400,3.495900,3.493800,20.254572,19.744318,19.987370,19.976618,19.991755,20.032190,20.092829,19.936213,19.956415,19.931147,20.113031,,,,,,,19.900843,20.254572,19.744318,19.971552,19.885706,20.001886,20.006922,20.001886,0,0,0,0,0,0
42319,97.849342,3.495900,3.493200,3.494619,0.002700,3.494550,3.495000,3.494700,3.494700,3.494400,3.494700,3.495750,3.493350,3.494400,3.494400,3.495450,3.493200,3.495150,3.494850,3.495000,3.494400,3.495000,3.494700,3.495450,3.494400,3.493650,3.494400,3.494700,3.494700,3.494250,3.494400,3.495900,3.493800,20.259638,19.739252,19.987686,19.976618,19.991755,20.032190,20.092829,19.936213,19.956415,19.936213,20.113031,,,,,,,19.900843,20.259638,19.739252,19.971552,19.885706,20.001886,20.006922,20.001886,0,0,0,0,0,0
42820,97.849190,3.495900,3.493200,3.494614,0.002700,3.494550,3.495000,3.494700,3.494550,3.494550,3.494700,3.495750,3.493350,3.494400,3.494400,3.495450,3.493200,3.495150,3.495000,3.495000,3.494250,3.495000,3.494700,3.495450,3.494250,3.493650,3.494400,3.494700,3.494700,3.494250,3.494400,3.495900,3.493800,20.254572,19.739252,19.986738,19.971552,19.991755,20.032190,20.092829,19.936213,19.956415,19.936213,20.107996,,,,,,,19.900843,20.254572,19.739252,19.971552,19.885706,20.001886,20.006922,20.001886,0,0,0,0,0,0
43321,97.849648,3.495900,3.493350,3.494630,0.002550,3.494550,3.495150,3.494700,3.494550,3.494400,3.494850,3.495750,3.493350,3.494250,3.494400,3.495450,3.493350,3.495300,3.495000,3.495000,3.494400,3.495000,3.494700,3.495450,3.494250,3.493650,3.494400,3.494700,3.494700,3.494250,3.494400,3.495900,3.493800,20.254572,19.739252,19.987370,19.976618,19.991755,20.032190,20.092829,19.936213,19.956415,19.936213,20.113031,,,,,,,19.900843,20.254572,19.739252,19.971552,19.885706,20.001886,20.006922,20.001886,0,0,0,0,0,0
44323,97.849342,3.495900,3.493200,3.494619,0.002700,3.494550,3.495150,3.494700,3.494550,3.494400,3.494700,3.495750,3.493350,3.494400,3.494400,3.495450,3.493200,3.495150,3.494850,3.495000,3.494400,3.495150,3.494700,3.495450,3.494250,3.493650,3.494400,3.494700,3.494700,3.494250,3.494400,3.495900,3.493800,20.259638,19.744318,19.987688,19.976618,19.991755,20.032190,20.092829,19.936213,19.956415,19.936213,20.107996,,,,,,,19.900843,20.259638,19.744318,19.971552,19.885706,20.001886,20.006922,20.001886,0,0,0,0,0,0
44824,97.848885,3.495750,3.493200,3.494603,0.002550,3.494400,3.495150,3.494700,3.494550,3.494400,3.494700,3.495600,3.493350,3.494250,3.494400,3.495450,3.493200,3.495150,3.495000,3.495000,3.494400,3.495000,3.494700,3.495450,3.494250,3.493650,3.494400,3.494700,3.494700,3.494250,3.494550,3.495750,3.493800,20.254572,19.744318,19.987055,19.971552,19.991755,20.032190,20.092829,19.936213,19.956415,19.936213,20.113031,,,,,,,19.895807,20.254572,19.744318,19.971552,19.885706,20.001886,20.006922,20.001886,0,0,0,0,0,0
45325,97.849342,3.495900,3.493200,3.494619,0.002700,3.494550,3.495000,3.494700,3.494550,3.494400,3.494850,3.495750,3.493350,3.494250,3.494400,3.495600,3.493200,3.495150,3.495000,3.495000,3.494400,3.495000,3.494700,3.495300,3.494250,3.493650,3.494550,3.494700,3.494700,3.494250,3.494400,3.495900,3.493800,20.259638,19.744318,19.988317,19.976618,19.991755,20.032190,20.092829,19.936213,19.956415,19.936213,20.113031,,,,,,,19.900843,20.259638,19.744318,19.971552,19.890741,20.001886,20.006922,20.001886,0,0,0,0,0,0
45826,97.849495,3.495900,3.493200,3.494625,0.002700,3.494550,3.495000,3.494700,3.494550,3.494400,3.494700,3.495750,3.493350,3.494400,3.494250,3.495450,3.493200,3.495150,3.495000,3.495150,3.494400,3.495000,3.494700,3.495300,3.494250,3.493650,3.494400,3.494850,3.494700,3.494250,3.494550,3.495900,3.493950,20.259638,19.744318,19.988003,19.976618,19.991755,20.032190,20.092829,19.936213,19.956415,19.936213,20.113031,,,,,,,19.900843,20.259638,19.744318,19.971552,19.885706,20.001886,20.006922,20.001886,0,0,0,0,0,0
46327,97.849037,3.495900,3.493200,3.494608,0.002700,3.494550,3.495000,3.494700,3.494550,3.494400,3.494700,3.495750,3.493350,3.494250,3.494400,3.495450,3.493200,3.495150,3.495000,3.495000,3.494400,3.495000,3.494700,3.495450,3.494250,3.493650,3.494400,3.494700,3.494700,3.494250,3.494400,3.495900,3.493800,20.259638,19.744318,19.988319,19.976618,19.996820,20.032190,20.092829,19.936213,19.956415,19.936213,20.113031,,,,,,,19.900843,20.259638,19.744318,19.971552,19.885706,20.001886,20.006922,20.001886,0,0,0,0,0,0
46828,97.849190,3.495900,3.493200,3.494614,0.002700,3.494550,3.495150,3.494700,3.494550,3.494400,3.494700,3.495750,3.493350,3.494400,3.494400,3.495600,3.493200,3.495150,3.494850,3.495000,3.494400,3.495000,3.494700,3.495300,3.494250,3.493650,3.494400,3.494700,3.494700,3.494250,3.494400,3.495900,3.493800,20.259638,19.744318,19.988317,19.976618,19.991755,20.032190,20.092829,19.936213,19.956415,19.936213,20.113031,,,,,,,19.900843,20.259638,19.744318,19.971552,19.885706,20.001886,20.006922,20.006922,0,0,0,0,0,0
47329,97.848434,3.495900,3.493200,3.494587,0.002700,3.494550,3.495000,3.494700,3.494550,3.494400,3.494700,3.495750,3.493350,3.494250,3.494400,3.495450,3.493200,3.495150,3.494850,3.495000,3.494250,3.495000,3.494550,3.495300,3.494250,3.493650,3.494400,3.494700,3.494700,3.494250,3.494400,3.495900,3.493800,20.254572,19.744318,19.987371,19.976618,19.991755,20.032190,20.092829,19.936213,19.956415,19.936213,20.107996,,,,,,,19.900843,20.254572,19.744318,19.971552,19.885706,20.001886,20.006922,20.001886,0,0,0,0,0,0
47830,97.848885,3.495900,3.493200,3.494603,0.002700,3.494400,3.495000,3.494700,3.494550,3.494400,3.494700,3.495750,3.493350,3.494250,3.494400,3.495450,3.493200,3.495300,3.495000,3.495000,3.494250,3.495000,3.494700,3.495450,3.494250,3.493650,3.494400,3.494700,3.494700,3.494250,3.494400,3.495900,3.493800,20.254572,19.744318,19.987686,19.976618,19.991755,20.032190,20.092829,19.936213,19.956415,19.936213,20.113031,,,,,,,19.900843,20.254572,19.744318,19.971552,19.885706,20.001886,20.006922,20.001886,0,0,0,0,0,0
48832,97.849495,3.495900,3.493200,3.494625,0.002700,3.494550,3.495150,3.494700,3.494550,3.494400,3.494700,3.495750,3.493350,3.494250,3.494400,3.495450,3.493200,3.495300,3.495000,3.495150,3.494400,3.495000,3.494700,3.495300,3.494250,3.493650,3.494400,3.494700,3.494700,3.494250,3.494550,3.495900,3.493800,20.259638,19.744318,19.988316,19.971552,19.991755,20.032190,20.092829,19.936213,19.956415,19.936213,20.113031,,,,,,,19.900843,20.259638,19.744318,19.971552,19.885706,20.006922,20.006922,20.006922,0,0,0,0,0,0
49333,97.848892,3.495900,3.493200,3.494603,0.002700,3.494550,3.495150,3.494700,3.494550,3.494400,3.494700,3.495750,3.493350,3.494400,3.494400,3.495450,3.493200,3.495150,3.494850,3.495000,3.494250,3.495000,3.494700,3.495300,3.494250,3.493650,3.494400,3.494700,3.494700,3.494250,3.494400,3.495900,3.493800,20.259638,19.744318,19.988003,19.976618,19.991755,20.032190,20.092829,19.936213,19.956415,19.936213,20.113031,,,,,,,19.900843,20.259638,19.744318,19.971552,19.885706,20.001886,20.006922,20.001886,0,0,0,0,0,0
49834,97.849190,3.495900,3.493350,3.494614,0.002550,3.494550,3.495000,3.494700,3.494550,3.494400,3.494700,3.495750,3.493350,3.494400,3.494400,3.495450,3.493350,3.495150,3.495000,3.495000,3.494250,3.495000,3.494700,3.495450,3.494250,3.493650,3.494400,3.494700,3.494700,3.494250,3.494400,3.495900,3.493800,20.259638,19.744318,19.988003,19.976618,19.991755,20.032190,20.092829,19.936213,19.956415,19.936213,20.113031,,,,,,,19.900843,20.259638,19.744318,19.971552,19.885706,20.001886,20.006922,20.001886,0,0,0,0,0,0
50335,97.848587,3.495900,3.493200,3.494592,0.002700,3.494550,3.495000,3.494700,3.494550,3.494400,3.494700,3.495750,3.493200,3.494250,3.494400,3.495450,3.493350,3.495150,3.494850,3.495000,3.494400,3.495000,3.494550,3.495300,3.494250,3.493650,3.494400,3.494700,3.494700,3.494250,3.494400,3.495900,3.493800,20.259638,19.744318,19.988005,19.976618,19.996820,20.032190,20.092829,19.936213,19.956415,19.936213,20.107996,,,,,,,19.900843,20.259638,19.744318,19.971552,19.885706,20.001886,20.006922,20.001886,0,0,0,0,0,0
50836,97.848434,3.495750,3.493200,3.494587,0.002550,3.494550,3.495000,3.494700,3.494550,3.494400,3.494700,3.495750,3.493350,3.494250,3.494400,3.495450,3.493200,3.495150,3.494850,3.495000,3.494250,3.495000,3.494700,3.495300,3.494250,3.493650,3.494400,3.494700,3.494700,3.494250,3.494400,3.495750,3.493800,20.259638,19.744318,19.988003,19.971552,19.996820,20.032190,20.092829,19.936213,19.956415,19.936213,20.113031,,,,,,,19.900843,20.259638,19.744318,19.971552,19.885706,20.001886,20.006922,20.001886,0,0,0,0,0,0
51337,97.848892,3.495750,3.493200,3.494603,0.002550,3.494550,3.495000,3.494550,3.494550,3.494400,3.494850,3.495750,3.493350,3.494400,3.494400,3.495450,3.493200,3.495300,3.494850,3.495000,3.494250,3.495000,3.494700,3.495450,3.494250,3.493650,3.494400,3.494700,3.494700,3.494250,3.494400,3.495750,3.493800,20.259638,19.744318,19.988317,19.976618,19.991755,20.032190,20.092829,19.936213,19.956415,19.936213,20.113031,,,,,,,19.900843,20.259638,19.744318,19.971552,19.890741,20.001886,20.006922,20.001886,0,0,0,0,0,0
51838,97.848587,3.495900,3.493200,3.494592,0.002700,3.494550,3.495000,3.494700,3.494550,3.494400,3.494700,3.495750,3.493200,3.494400,3.494400,3.495450,3.493200,3.495150,3.495000,3.495000,3.494250,3.495000,3.494700,3.495300,3.494250,3.493500,3.494400,3.494700,3.494700,3.494250,3.494400,3.495900,3.493800,20.259638,19.744318,19.988634,19.976618,19.996820,20.032190,20.092829,19.936213,19.956415,19.936213,20.113031,,,,,,,19.900843,20.259638,19.744318,19.971552,19.885706,20.001886,20.006922,20.006922,0,0,0,0,0,0
52339,97.849335,3.495900,3.493200,3.494619,0.002700,3.494550,3.495000,3.494700,3.494700,3.494400,3.494700,3.495600,3.493350,3.494400,3.494400,3.495450,3.493200,3.495300,3.495000,3.495000,3.494400,3.495000,3.494700,3.495450,3.494250,3.493650,3.494400,3.494700,3.494700,3.494250,3.494400,3.495900,3.493800,20.259638,19.744318,19.988003,19.976618,19.991755,20.032190,20.092829,19.936213,19.956415,19.936213,20.113031,,,,,,,19.900843,20.259638,19.744318,19.971552,19.885706,20.001886,20.006922,20.001886,0,0,0,0,0,0
52840,97.849037,3.495750,3.493200,3.494608,0.002550,3.494550,3.495000,3.494700,3.494550,3.494400,3.494700,3.495750,3.493350,3.494250,3.494400,3.495450,3.493200,3.495300,3.495000,3.495000,3.494250,3.495150,3.494700,3.495450,3.494250,3.493650,3.494400,3.494700,3.494700,3.494250,3.494400,3.495750,3.493800,20.259638,19.744318,19.988632,19.976618,19.991755,20.032190,20.092829,19.936213,19.956415,19.936213,20.113031,,,,,,,19.900843,20.259638,19.744318,19.971552,19.890741,20.001886,20.006922,20.006922,0,0,0,0,0,0
53341,97.848740,3.495750,3.493200,3.494598,0.002550,3.494550,3.495000,3.494700,3.494550,3.494400,3.494850,3.495750,3.493350,3.494250,3.494400,3.495450,3.493200,3.495150,3.494850,3.495000,3.494250,3.495000,3.494700,3.495300,3.494250,3.493650,3.494400,3.494850,3.494700,3.494250,3.494400,3.495750,3.493800,20.259638,19.744318,19.988317,19.976618,19.991755,20.032190,20.092829,19.936213,19.956415,19.941248,20.113031,,,,,,,19.900843,20.259638,19.744318,19.966516,19.890741,20.001886,20.006922,20.001886,0,0,0,0,0,0
53842,97.849342,3.495900,3.493200,3.494619,0.002700,3.494550,3.495000,3.494550,3.494550,3.494400,3.494700,3.495750,3.493350,3.494400,3.494400,3.495450,3.493200,3.495150,3.495000,3.495000,3.494400,3.495000,3.494700,3.495450,3.494400,3.493650,3.494400,3.494850,3.494700,3.494250,3.494400,3.495900,3.493800,20.259638,19.744318,19.988003,19.971552,19.996820,20.032190,20.092829,19.936213,19.956415,19.936213,20.113031,,,,,,,19.900843,20.259638,19.744318,19.971552,19.885706,20.001886,20.006922,20.001886,0,0,0,0,0,0
54343,97.848892,3.495900,3.493350,3.494603,0.002550,3.494550,3.495000,3.494700,3.494550,3.494400,3.494700,3.495750,3.493350,3.494250,3.494400,3.495450,3.493350,3.495150,3.494850,3.495000,3.494250,3.495000,3.494700,3.495300,3.494250,3.493650,3.494400,3.494850,3.494700,3.494250,3.494400,3.495900,3.493800,20.264673,19.744318,19.988630,19.971552,19.991755,20.032190,20.092829,19.936213,19.956415,19.941248,20.113031,,,,,,,19.900843,20.264673,19.744318,19.971552,19.890741,20.001886,20.006922,20.001886,0,0,0,0,0,0
54844,97.849037,3.495750,3.493200,3.494608,0.002550,3.494550,3.495150,3.494700,3.494550,3.494400,3.494700,3.495750,3.493350,3.494400,3.494400,3.495450,3.493200,3.495150,3.495000,3.495000,3.494400,3.495000,3.494700,3.495300,3.494250,3.493650,3.494400,3.494700,3.494700,3.494250,3.494400,3.495750,3.493800,20.264673,19.744318,19.988317,19.976618,19.991755,20.032190,20.092829,19.936213,19.956415,19.936213,20.113031,,,,,,,19.900843,20.264673,19.744318,19.971552,19.885706,20.001886,20.006922,20.001886,0,0,0,0,0,0
55345,97.849495,3.495900,3.493200,3.494625,0.002700,3.494550,3.495150,3.494700,3.494550,3.494400,3.494850,3.495750,3.493350,3.494400,3.494400,3.495450,3.493200,3.495150,3.495000,3.495000,3.494250,3.495000,3.494700,3.495450,3.494250,3.493650,3.494400,3.494850,3.494700,3.494250,3.494400,3.495900,3.493800,20.264673,19.744318,19.988001,19.971552,19.991755,20.032190,20.092829,19.936213,19.956415,19.941248,20.113031,,,,,,,19.900843,20.264673,19.744318,19.966516,19.885706,20.001886,20.006922,20.001886,0,0,0,0,0,0
55846,97.848434,3.495900,3.493200,3.494587,0.002700,3.494550,3.495000,3.494700,3.494550,3.494400,3.494700,3.495750,3.493350,3.494250,3.494400,3.495450,3.493200,3.495150,3.494850,3.495000,3.494250,3.495000,3.494700,3.495300,3.494250,3.493500,3.494400,3.494700,3.494700,3.494250,3.494400,3.495900,3.493800,20.259638,19.744318,19.988632,19.976618,19.991755,20.032190,20.092829,19.936213,19.956415,19.941248,20.113031,,,,,,,19.900843,20.259638,19.744318,19.971552,19.890741,20.001886,20.006922,20.001886,0,0,0,0,0,0
56347,97.849037,3.495900,3.493200,3.494608,0.002700,3.494550,3.495000,3.494700,3.494550,3.494400,3.494700,3.495750,3.493350,3.494400,3.494400,3.495450,3.493200,3.495150,3.495000,3.495150,3.494250,3.495000,3.494700,3.495300,3.494250,3.493650,3.494400,3.494700,3.494700,3.494250,3.494400,3.495900,3.493800,20.259638,19.744318,19.988001,19.976618,19.991755,20.032190,20.092829,19.931147,19.956415,19.941248,20.113031,,,,,,,19.900843,20.259638,19.744318,19.966516,19.890741,20.001886,20.006922,20.001886,0,0,0,0,0,0
56848,97.848740,3.495900,3.493200,3.494598,0.002700,3.494550,3.495000,3.494700,3.494550,3.494400,3.494700,3.495750,3.493350,3.494250,3.494400,3.495450,3.493200,3.495150,3.494850,3.495000,3.494250,3.495000,3.494700,3.495450,3.494250,3.493650,3.494400,3.494700,3.494700,3.494250,3.494400,3.495900,3.493800,20.264673,19.744318,19.988630,19.971552,19.991755,20.032190,20.092829,19.936213,19.956415,19.941248,20.113031,,,,,,,19.900843,20.264673,19.744318,19.966516,19.890741,20.006922,20.006922,20.001886,0,0,0,0,0,0
57349,97.848892,3.495900,3.493200,3.494603,0.002700,3.494400,3.495000,3.494700,3.494550,3.494400,3.494700,3.495600,3.493350,3.494250,3.494400,3.495450,3.493200,3.495300,3.495000,3.495000,3.494400,3.495000,3.494700,3.495450,3.494250,3.493650,3.494400,3.494700,3.494700,3.494250,3.494400,3.495900,3.493800,20.264673,19.744318,19.988949,19.976618,19.996820,20.032190,20.092829,19.936213,19.956415,19.941248,20.113031,,,,,,,19.900843,20.264673,19.744318,19.971552,19.885706,20.001886,20.006922,20.001886,0,0,0,0,0,0
57850,97.849342,3.495900,3.493200,3.494619,0.002700,3.494550,3.495150,3.494700,3.494550,3.494400,3.494700,3.495750,3.493350,3.494400,3.494400,3.495450,3.493200,3.495150,3.495000,3.495000,3.494400,3.495000,3.494700,3.495450,3.494250,3.493650,3.494400,3.494700,3.494700,3.494250,3.494400,3.495900,3.493800,20.264673,19.744318,19.989895,19.976618,19.996820,20.032190,20.092829,19.936213,19.956415,19.941248,20.113031,,,,,,,19.905909,20.264673,19.744318,19.971552,19.885706,20.006922,20.006922,20.006922,0,0,0,0,0,0
58351,97.848587,3.495900,3.493200,3.494592,0.002700,3.494550,3.495000,3.494700,3.494550,3.494400,3.494700,3.495750,3.493350,3.494250,3.494400,3.495450,3.493200,3.495150,3.494850,3.495000,3.494250,3.495000,3.494700,3.495300,3.494250,3.493650,3.494400,3.494700,3.494700,3.494250,3.494400,3.495900,3.493800,20.264673,19.744318,19.988632,19.976618,19.991755,20.032190,20.092829,19.936213,19.956415,19.941248,20.113031,,,,,,,19.900843,20.264673,19.744318,19.971552,19.885706,20.001886,20.006922,20.001886,0,0,0,0,0,0
58852,97.848892,3.495900,3.493200,3.494603,0.002700,3.494550,3.495000,3.494700,3.494550,3.494400,3.494700,3.495750,3.493350,3.494250,3.494250,3.495450,3.493200,3.495150,3.494850,3.495150,3.494400,3.495000,3.494700,3.495300,3.494250,3.493650,3.494400,3.494700,3.494850,3.494250,3.494400,3.495900,3.493800,20.264673,19.744318,19.989264,19.976618,19.996820,20.032190,20.092829,19.936213,19.956415,19.941248,20.113031,,,,,,,19.900843,20.264673,19.744318,19.971552,19.885706,20.001886,20.006922,20.006922,0,0,0,0,0,0
59353,97.848892,3.495900,3.493200,3.494603,0.002700,3.494550,3.495000,3.494700,3.494550,3.494400,3.494850,3.495750,3.493350,3.494250,3.494400,3.495450,3.493200,3.495150,3.495000,3.495000,3.494250,3.495000,3.494700,3.495300,3.494250,3.493650,3.494400,3.494700,3.494700,3.494250,3.494400,3.495900,3.493800,20.259638,19.744318,19.988634,19.976618,19.996820,20.032190,20.092829,19.936213,19.956415,19.941248,20.113031,,,,,,,19.900843,20.259638,19.744318,19.971552,19.885706,20.001886,20.006922,20.001886,0,0,0,0,0,0
59854,97.848740,3.495900,3.493200,3.494598,0.002700,3.494400,3.495000,3.494700,3.494550,3.494400,3.494700,3.495750,3.493350,3.494400,3.494400,3.495450,3.493200,3.495150,3.495000,3.495000,3.494250,3.495000,3.494700,3.495300,3.494250,3.493650,3.494400,3.494700,3.494700,3.494250,3.494400,3.495900,3.493800,20.264673,19.744318,19.988632,19.976618,19.991755,20.032190,20.092829,19.936213,19.956415,19.941248,20.113031,,,,,,,19.900843,20.264673,19.744318,19.971552,19.885706,20.001886,20.006922,20.001886,0,0,0,0,0,0
60355,97.848892,3.495900,3.493200,3.494603,0.002700,3.494400,3.495150,3.494700,3.494550,3.494400,3.494700,3.495750,3.493350,3.494400,3.494400,3.495450,3.493200,3.495150,3.494850,3.495000,3.494250,3.495000,3.494700,3.495450,3.494250,3.493650,3.494400,3.494700,3.494700,3.494250,3.494400,3.495900,3.493800,20.259638,19.744318,19.988949,19.976618,19.996820,20.032190,20.092829,19.936213,19.956415,19.941248,20.113031,,,,,,,19.900843,20.259638,19.744318,19.971552,19.885706,20.006922,20.006922,20.001886,0,0,0,0,0,0
60856,97.848740,3.495900,3.493200,3.494598,0.002700,3.494550,3.495000,3.494700,3.494550,3.494400,3.494700,3.495600,3.493350,3.494400,3.494400,3.495450,3.493200,3.495150,3.494850,3.495000,3.494250,3.495000,3.494700,3.495300,3.494250,3.493650,3.494400,3.494850,3.494700,3.494250,3.494400,3.495900,3.493800,20.264673,19.744318,19.989264,19.971552,19.996820,20.032190,20.092829,19.936213,19.956415,19.941248,20.113031,,,,,,,19.905909,20.264673,19.744318,19.971552,19.890741,20.001886,20.006922,20.001886,0,0,0,0,0,0
61357,97.848289,3.495750,3.493200,3.494582,0.002550,3.494400,3.495000,3.494700,3.494550,3.494400,3.494700,3.495750,3.493350,3.494250,3.494250,3.495450,3.493200,3.495150,3.494850,3.495000,3.494250,3.495000,3.494700,3.495450,3.494250,3.493650,3.494400,3.494700,3.494700,3.494250,3.494400,3.495750,3.493800,20.264673,19.744318,19.989264,19.976618,19.991755,20.032190,20.092829,19.936213,19.956415,19.946314,20.113031,,,,,,,19.900843,20.264673,19.744318,19.971552,19.890741,20.001886,20.006922,20.001886,0,0,0,0,0,0
61858,97.848282,3.495750,3.493200,3.494581,0.002550,3.494550,3.495000,3.494700,3.494550,3.494400,3.494700,3.495750,3.493350,3.494250,3.494400,3.495450,3.493200,3.495150,3.494850,3.495000,3.494250,3.495000,3.494700,3.495300,3.494250,3.493500,3.494400,3.494700,3.494700,3.494250,3.494400,3.495750,3.493800,20.264673,19.744318,19.988316,19.971552,19.991755,20.032190,20.092829,19.936213,19.956415,19.941248,20.113031,,,,,,,19.900843,20.264673,19.744318,19.971552,19.885706,20.001886,20.006922,20.001886,0,0,0,0,0,0
62359,97.848740,3.495900,3.493200,3.494598,0.002700,3.494550,3.495000,3.494700,3.494550,3.494400,3.494700,3.495750,3.493200,3.494250,3.494400,3.495450,3.493200,3.495150,3.494850,3.495000,3.494400,3.495000,3.494700,3.495450,3.494250,3.493650,3.494400,3.494700,3.494700,3.494250,3.494400,3.495900,3.493800,20.264673,19.744318,19.989895,19.976618,19.991755,20.032190,20.092829,19.936213,19.956415,19.946314,20.113031,,,,,,,19.905909,20.264673,19.744318,19.971552,19.885706,20.006922,20.006922,20.006922,0,0,0,0,0,0
62860,97.848885,3.495900,3.493200,3.494603,0.002700,3.494550,3.495000,3.494700,3.494550,3.494400,3.494700,3.495750,3.493350,3.494250,3.494400,3.495450,3.493200,3.495150,3.495000,3.495000,3.494400,3.495000,3.494700,3.495300,3.494250,3.493650,3.494400,3.494700,3.494700,3.494250,3.494400,3.495900,3.493800,20.264673,19.744318,19.989264,19.976618,19.991755,20.032190,20.092829,19.936213,19.956415,19.941248,20.113031,,,,,,,19.905909,20.264673,19.744318,19.971552,19.885706,20.006922,20.006922,20.001886,0,0,0,0,0,0
63361,97.848442,3.495900,3.493200,3.494587,0.002700,3.494400,3.495000,3.494700,3.494550,3.494400,3.494700,3.495600,3.493350,3.494250,3.494400,3.495450,3.493200,3.495150,3.494850,3.495000,3.494250,3.495000,3.494700,3.495450,3.494250,3.493650,3.494400,3.494700,3.494700,3.494250,3.494400,3.495900,3.493800,20.264673,19.744318,19.988947,19.976618,19.991755,20.032190,20.092829,19.936213,19.956415,19.941248,20.113031,,,,,,,19.900843,20.264673,19.744318,19.971552,19.890741,20.001886,20.006922,20.001886,0,0,0,0,0,0
63862,97.848289,3.495750,3.493200,3.494582,0.002550,3.494400,3.495150,3.494700,3.494550,3.494400,3.494700,3.495600,3.493200,3.494250,3.494400,3.495450,3.493200,3.495150,3.495000,3.495000,3.494250,3.495000,3.494700,3.495300,3.494250,3.493650,3.494400,3.494700,3.494700,3.494250,3.494400,3.495750,3.493800,20.264673,19.744318,19.989580,19.976618,19.996820,20.032190,20.092829,19.936213,19.956415,19.946314,20.113031,,,,,,,19.900843,20.264673,19.744318,19.971552,19.890741,20.001886,20.006922,20.001886,0,0,0,0,0,0
64363,97.848740,3.495900,3.493200,3.494598,0.002700,3.494550,3.495000,3.494700,3.494550,3.494400,3.494700,3.495750,3.493350,3.494250,3.494400,3.495450,3.493200,3.495150,3.495000,3.495000,3.494250,3.495000,3.494700,3.495300,3.494250,3.493650,3.494400,3.494700,3.494700,3.494250,3.494400,3.495900,3.493800,20.264673,19.744318,19.990211,19.976618,19.996820,20.032190,20.092829,19.936213,19.956415,19.946314,20.113031,,,,,,,19.905909,20.264673,19.744318,19.971552,19.890741,20.001886,20.006922,20.006922,0,0,0,0,0,0
64864,97.848740,3.495900,3.493200,3.494598,0.002700,3.494400,3.495000,3.494700,3.494550,3.494400,3.494700,3.495750,3.493350,3.494250,3.494400,3.495450,3.493200,3.495150,3.494850,3.495000,3.494400,3.495000,3.494700,3.495450,3.494250,3.493650,3.494400,3.494700,3.494700,3.494250,3.494400,3.495900,3.493800,20.264673,19.749353,19.990211,19.976618,19.996820,20.032190,20.092829,19.936213,19.956415,19.946314,20.113031,,,,,,,19.905909,20.264673,19.749353,19.971552,19.890741,20.001886,20.006922,20.001886,0,0,0,0,0,0
65365,97.848885,3.495900,3.493200,3.494603,0.002700,3.494550,3.495000,3.494700,3.494550,3.494400,3.494700,3.495750,3.493350,3.494250,3.494400,3.495450,3.493200,3.495150,3.495000,3.495000,3.494400,3.495000,3.494700,3.495300,3.494250,3.493650,3.494400,3.494700,3.494700,3.494250,3.494400,3.495900,3.493800,20.269739,19.744318,19.989267,19.976618,19.991755,20.032190,20.092829,19.936213,19.956415,19.946314,20.113031,,,,,,,19.905909,20.269739,19.744318,19.966516,19.885706,20.001886,20.006922,20.001886,0,0,0,0,0,0
65866,97.848892,3.495900,3.493200,3.494603,0.002700,3.494400,3.495150,3.494700,3.494550,3.494400,3.494700,3.495750,3.493350,3.494400,3.494400,3.495450,3.493200,3.495150,3.494850,3.495000,3.494400,3.495000,3.494700,3.495300,3.494250,3.493650,3.494400,3.494700,3.494700,3.494250,3.494400,3.495900,3.493800,20.264673,19.744318,19.990211,19.976618,19.996820,20.032190,20.092829,19.936213,19.956415,19.946314,20.113031,,,,,,,19.905909,20.264673,19.744318,19.971552,19.890741,20.001886,20.006922,20.006922,0,0,0,0,0,0
66367,97.848892,3.495900,3.493200,3.494603,0.002700,3.494400,3.495000,3.494700,3.494550,3.494400,3.494850,3.495750,3.493350,3.494400,3.494250,3.495450,3.493200,3.495150,3.495000,3.495000,3.494400,3.495000,3.494700,3.495300,3.494250,3.493650,3.494400,3.494700,3.494700,3.494250,3.494400,3.495900,3.493800,20.264673,19.744318,19.989895,19.976618,19.996820,20.032190,20.092829,19.936213,19.956415,19.946314,20.113031,,,,,,,19.900843,20.264673,19.744318,19.971552,19.890741,20.006922,20.006922,20.001886,0,0,0,0,0,0
66868,97.848434,3.495750,3.493200,3.494587,0.002550,3.494550,3.495000,3.494700,3.494550,3.494400,3.494700,3.495750,3.493350,3.494400,3.494250,3.495450,3.493200,3.495150,3.494850,3.495000,3.494250,3.495000,3.494700,3.495300,3.494250,3.493650,3.494400,3.494700,3.494700,3.494250,3.494400,3.495750,3.493800,20.264673,19.749353,19.989580,19.976618,19.991755,20.032190,20.092829,19.936213,19.956415,19.946314,20.113031,,,,,,,19.905909,20.264673,19.749353,19.971552,19.885706,20.001886,20.006922,20.001886,0,0,0,0,0,0
67870,97.848289,3.495750,3.493200,3.494582,0.002550,3.494550,3.495000,3.494700,3.494550,3.494400,3.494850,3.495750,3.493350,3.494250,3.494400,3.495450,3.493200,3.495150,3.494850,3.495000,3.494250,3.495000,3.494700,3.495300,3.494250,3.493500,3.494400,3.494700,3.494700,3.494100,3.494400,3.495750,3.493800,20.264673,19.744318,19.990528,19.976618,19.996820,20.032190,20.092829,19.936213,19.956415,19.946314,20.113031,,,,,,,19.905909,20.264673,19.744318,19.971552,19.890741,20.001886,20.011988,20.006922,0,0,0,0,0,0
68371,97.848892,3.495900,3.493200,3.494603,0.002700,3.494550,3.495000,3.494550,3.494550,3.494400,3.494700,3.495750,3.493350,3.494400,3.494400,3.495450,3.493200,3.495150,3.495000,3.495000,3.494250,3.495000,3.494700,3.495300,3.494250,3.493650,3.494400,3.494700,3.494850,3.494250,3.494400,3.495900,3.493800,20.264673,19.744318,19.989582,19.976618,19.996820,20.032190,20.092829,19.936213,19.956415,19.946314,20.113031,,,,,,,19.905909,20.264673,19.744318,19.971552,19.885706,20.001886,20.006922,20.001886,0,0,0,0,0,0
68872,97.847984,3.495900,3.493200,3.494571,0.002700,3.494400,3.495000,3.494700,3.494550,3.494400,3.494700,3.495750,3.493200,3.494250,3.494250,3.495450,3.493200,3.495150,3.494850,3.495000,3.494250,3.495000,3.494700,3.495300,3.494250,3.493500,3.494400,3.494700,3.494700,3.494250,3.494400,3.495900,3.493800,20.264673,19.749353,19.990843,19.976618,19.996820,20.032190,20.092829,19.936213,19.956415,19.946314,20.113031,,,,,,,19.905909,20.264673,19.749353,19.971552,19.890741,20.001886,20.011988,20.006922,0,0,0,0,0,0
69373,97.848587,3.495900,3.493200,3.494592,0.002700,3.494550,3.495000,3.494700,3.494550,3.494400,3.494700,3.495750,3.493350,3.494250,3.494400,3.495450,3.493200,3.495150,3.494850,3.495000,3.494250,3.495000,3.494700,3.495450,3.494250,3.493500,3.494400,3.494700,3.494700,3.494250,3.494400,3.495900,3.493800,20.264673,19.749353,19.990211,19.976618,19.996820,20.032190,20.092829,19.936213,19.956415,19.946314,20.113031,,,,,,,19.905909,20.264673,19.749353,19.971552,19.890741,20.001886,20.006922,20.001886,0,0,0,0,0,0
69874,97.848740,3.495900,3.493200,3.494598,0.002700,3.494550,3.495000,3.494700,3.494550,3.494400,3.494700,3.495600,3.493350,3.494250,3.494400,3.495450,3.493200,3.495150,3.495000,3.495000,3.494250,3.495000,3.494700,3.495450,3.494250,3.493650,3.494400,3.494700,3.494700,3.494250,3.494400,3.495900,3.493800,20.264673,19.749353,19.990528,19.976618,19.996820,20.032190,20.092829,19.936213,19.956415,19.946314,20.113031,,,,,,,19.905909,20.264673,19.749353,19.971552,19.890741,20.001886,20.011988,20.001886,0,0,0,0,0,0
70375,97.848885,3.495900,3.493200,3.494603,0.002700,3.494550,3.495000,3.494700,3.494550,3.494400,3.494700,3.495750,3.493350,3.494250,3.494400,3.495450,3.493200,3.495300,3.494850,3.495000,3.494400,3.495000,3.494700,3.495450,3.494250,3.493500,3.494400,3.494700,3.494700,3.494250,3.494400,3.495900,3.493800,20.264673,19.749353,19.990843,19.976618,19.996820,20.032190,20.097864,19.936213,19.956415,19.946314,20.113031,,,,,,,19.905909,20.264673,19.749353,19.966516,19.890741,20.001886,20.011988,20.006922,0,0,0,0,0,0
70876,97.848442,3.495900,3.493200,3.494587,0.002700,3.494550,3.495000,3.494700,3.494550,3.494400,3.494700,3.495750,3.493200,3.494250,3.494250,3.495450,3.493200,3.495150,3.494850,3.495000,3.494250,3.495000,3.494700,3.495300,3.494250,3.493650,3.494400,3.494850,3.494700,3.494250,3.494400,3.495900,3.493800,20.264673,19.749353,19.990841,19.976618,19.996820,20.032190,20.092829,19.936213,19.956415,19.946314,20.113031,,,,,,,19.905909,20.264673,19.749353,19.971552,19.890741,20.006922,20.006922,20.006922,0,0,0,0,0,0
71377,97.848442,3.495900,3.493200,3.494587,0.002700,3.494550,3.495000,3.494700,3.494550,3.494400,3.494850,3.495750,3.493350,3.494250,3.494400,3.495450,3.493200,3.495150,3.494850,3.495000,3.494250,3.495000,3.494700,3.495300,3.494250,3.493650,3.494400,3.494700,3.494700,3.494100,3.494250,3.495900,3.493800,20.264673,19.749353,19.990211,19.976618,19.996820,20.032190,20.092829,19.936213,19.956415,19.946314,20.113031,,,,,,,19.905909,20.264673,19.749353,19.971552,19.890741,20.001886,20.006922,20.001886,0,0,0,0,0,0
71878,97.848289,3.495900,3.493200,3.494582,0.002700,3.494400,3.495000,3.494700,3.494550,3.494400,3.494700,3.495750,3.493200,3.494250,3.494400,3.495450,3.493200,3.495150,3.494850,3.495000,3.494250,3.495000,3.494700,3.495300,3.494250,3.493650,3.494400,3.494700,3.494700,3.494250,3.494400,3.495900,3.493800,20.269739,19.749353,19.991789,19.976618,19.996820,20.032190,20.092829,19.936213,19.956415,19.951349,20.113031,,,,,,,19.905909,20.269739,19.749353,19.971552,19.890741,20.006922,20.011988,20.006922,0,0,0,0,0,0
72379,97.848442,3.495900,3.493200,3.494587,0.002700,3.494550,3.495000,3.494700,3.494550,3.494400,3.494700,3.495600,3.493350,3.494250,3.494250,3.495450,3.493200,3.495150,3.494850,3.495000,3.494250,3.495000,3.494700,3.495450,3.494250,3.493650,3.494400,3.494700,3.494700,3.494250,3.494400,3.495900,3.493800,20.264673,19.749353,19.990843,19.976618,19.996820,20.032190,20.092829,19.936213,19.956415,19.951349,20.113031,,,,,,,19.905909,20.264673,19.749353,19.971552,19.890741,20.001886,20.011988,20.001886,0,0,0,0,0,0
72880,97.847984,3.495900,3.493200,3.494571,0.002700,3.494550,3.495000,3.494550,3.494550,3.494400,3.494700,3.495600,3.493350,3.494250,3.494250,3.495450,3.493200,3.495150,3.494850,3.495000,3.494250,3.495000,3.494700,3.495300,3.494250,3.493500,3.494400,3.494700,3.494700,3.494250,3.494400,3.495900,3.493800,20.264673,19.744318,19.990843,19.976618,19.996820,20.032190,20.092829,19.936213,19.956415,19.951349,20.113031,,,,,,,19.905909,20.264673,19.744318,19.971552,19.890741,20.001886,20.011988,20.006922,0,0,0,0,0,0
73381,97.848587,3.495750,3.493200,3.494592,0.002550,3.494550,3.495000,3.494700,3.494550,3.494400,3.494700,3.495750,3.493350,3.494250,3.494400,3.495450,3.493200,3.495150,3.494850,3.495000,3.494250,3.495000,3.494700,3.495300,3.494250,3.493650,3.494400,3.494850,3.494700,3.494250,3.494400,3.495750,3.493800,20.264673,19.744318,19.990843,19.976618,19.996820,20.032190,20.092829,19.936213,19.956415,19.951349,20.113031,,,,,,,19.905909,20.264673,19.744318,19.971552,19.890741,20.006922,20.011988,20.001886,0,0,0,0,0,0
73882,97.848289,3.495900,3.493200,3.494582,0.002700,3.494400,3.495000,3.494700,3.494550,3.494400,3.494700,3.495600,3.493350,3.494250,3.494400,3.495450,3.493200,3.495150,3.494850,3.495000,3.494250,3.495000,3.494700,3.495300,3.494250,3.493650,3.494400,3.494700,3.494700,3.494250,3.494400,3.495900,3.493800,20.264673,19.749353,19.990843,19.976618,19.996820,20.032190,20.092829,19.936213,19.956415,19.951349,20.113031,,,,,,,19.905909,20.264673,19.749353,19.971552,19.890741,20.001886,20.011988,20.001886,0,0,0,0,0,0
74383,97.848129,3.495750,3.493200,3.494576,0.002550,3.494550,3.495000,3.494700,3.494550,3.494400,3.494700,3.495750,3.493350,3.494250,3.494250,3.495450,3.493200,3.495150,3.494850,3.495000,3.494250,3.495000,3.494700,3.495300,3.494250,3.493500,3.494400,3.494700,3.494700,3.494250,3.494400,3.495750,3.493800,20.269739,19.744318,19.990530,19.976618,19.996820,20.032190,20.092829,19.936213,19.956415,19.951349,20.113031,,,,,,,19.905909,20.269739,19.744318,19.966516,19.890741,20.001886,20.011988,20.001886,0,0,0,0,0,0
74884,97.848740,3.495900,3.493200,3.494598,0.002700,3.494400,3.495000,3.494700,3.494550,3.494400,3.494700,3.495750,3.493350,3.494250,3.494400,3.495450,3.493200,3.495150,3.494850,3.495000,3.494400,3.495000,3.494700,3.495450,3.494250,3.493650,3.494400,3.494700,3.494700,3.494250,3.494400,3.495900,3.493800,20.264673,19.744318,19.990528,19.976618,19.996820,20.032190,20.092829,19.936213,19.956415,19.951349,20.113031,,,,,,,19.905909,20.264673,19.744318,19.971552,19.890741,20.001886,20.011988,20.001886,0,0,0,0,0,0
75385,97.848145,3.495900,3.493200,3.494577,0.002700,3.494400,3.495000,3.494700,3.494550,3.494400,3.494700,3.495600,3.493350,3.494250,3.494250,3.495450,3.493200,3.495150,3.495000,3.495000,3.494250,3.495000,3.494700,3.495450,3.494250,3.493500,3.494400,3.494700,3.494700,3.494100,3.494400,3.495900,3.493800,20.264673,19.749353,19.990843,19.976618,19.996820,20.032190,20.092829,19.936213,19.956415,19.951349,20.113031,,,,,,,19.905909,20.264673,19.749353,19.971552,19.890741,20.001886,20.011988,20.001886,0,0,0,0,0,0
75886,97.848595,3.495900,3.493200,3.494593,0.002700,3.494400,3.495000,3.494700,3.494550,3.494400,3.494700,3.495750,3.493350,3.494250,3.494400,3.495450,3.493200,3.495150,3.494850,3.495000,3.494400,3.495000,3.494700,3.495450,3.494250,3.493650,3.494400,3.494700,3.494700,3.494100,3.494400,3.495900,3.493800,20.264673,19.749353,19.990843,19.976618,19.996820,20.032190,20.092829,19.936213,19.956415,19.951349,20.113031,,,,,,,19.905909,20.264673,19.749353,19.971552,19.890741,20.001886,20.011988,20.001886,0,0,0,0,0,0
76387,97.848587,3.495900,3.493200,3.494592,0.002700,3.494400,3.495000,3.494550,3.494550,3.494400,3.494700,3.495750,3.493350,3.494400,3.494400,3.495450,3.493200,3.495150,3.494850,3.495000,3.494400,3.495000,3.494700,3.495300,3.494250,3.493650,3.494400,3.494700,3.494700,3.494250,3.494400,3.495900,3.493800,20.264673,19.749353,19.990526,19.976618,19.996820,20.032190,20.092829,19.936213,19.956415,19.951349,20.113031,,,,,,,19.905909,20.264673,19.749353,19.971552,19.890741,20.001886,20.006922,20.001886,0,0,0,0,0,0
76888,97.848282,3.495750,3.493200,3.494581,0.002550,3.494400,3.495000,3.494700,3.494550,3.494400,3.494700,3.495750,3.493350,3.494250,3.494400,3.495450,3.493200,3.495150,3.494850,3.495000,3.494250,3.495000,3.494700,3.495300,3.494250,3.493650,3.494400,3.494700,3.494700,3.494250,3.494400,3.495750,3.493800,20.264673,19.744318,19.990843,19.976618,19.996820,20.032190,20.092829,19.936213,19.956415,19.951349,20.113031,,,,,,,19.905909,20.264673,19.744318,19.971552,19.890741,20.001886,20.011988,20.006922,0,0,0,0,0,0
77389,97.848442,3.495900,3.493200,3.494587,0.002700,3.494400,3.495000,3.494550,3.494550,3.494400,3.494700,3.495600,3.493350,3.494400,3.494400,3.495450,3.493200,3.495150,3.494850,3.495000,3.494400,3.495000,3.494700,3.495300,3.494250,3.493650,3.494400,3.494700,3.494700,3.494250,3.494400,3.495900,3.493800,20.264673,19.749353,19.991158,19.976618,19.996820,20.032190,20.092829,19.936213,19.956415,19.951349,20.113031,,,,,,,19.905909,20.264673,19.749353,19.971552,19.890741,20.006922,20.011988,20.001886,0,0,0,0,0,0
77890,97.848587,3.495750,3.493200,3.494592,0.002550,3.494400,3.495000,3.494700,3.494550,3.494400,3.494700,3.495750,3.493350,3.494400,3.494400,3.495450,3.493200,3.495150,3.494850,3.495000,3.494250,3.495000,3.494700,3.495300,3.494250,3.493500,3.494550,3.494850,3.494700,3.494250,3.494400,3.495750,3.493800,20.264673,19.749353,19.992104,19.976618,19.996820,20.032190,20.097864,19.936213,19.956415,19.956415,20.113031,,,,,,,19.910944,20.264673,19.749353,19.971552,19.890741,20.001886,20.011988,20.006922,0,0,0,0,0,0
78391,97.848289,3.495900,3.493200,3.494582,0.002700,3.494400,3.495000,3.494700,3.494550,3.494400,3.494700,3.495750,3.493350,3.494250,3.494400,3.495450,3.493200,3.495150,3.494850,3.495000,3.494400,3.495000,3.494700,3.495300,3.494250,3.493500,3.494400,3.494700,3.494700,3.494100,3.494400,3.495900,3.493800,20.269739,19.749353,19.992104,19.976618,19.996820,20.032190,20.097864,19.936213,19.956415,19.951349,20.113031,,,,,,,19.905909,20.269739,19.749353,19.971552,19.890741,20.006922,20.011988,20.006922,0,0,0,0,0,0
78892,97.848434,3.495900,3.493200,3.494587,0.002700,3.494550,3.495000,3.494700,3.494550,3.494400,3.494700,3.495600,3.493350,3.494250,3.494400,3.495450,3.493200,3.495150,3.495000,3.495000,3.494250,3.495000,3.494550,3.495300,3.494250,3.493650,3.494400,3.494700,3.494700,3.494250,3.494400,3.495900,3.493800,20.269739,19.749353,19.991159,19.976618,19.996820,20.032190,20.092829,19.936213,19.956415,19.951349,20.113031,,,,,,,19.905909,20.269739,19.749353,19.971552,19.890741,20.001886,20.011988,20.001886,0,0,0,0,0,0
79393,97.848282,3.495900,3.493200,3.494581,0.002700,3.494400,3.495000,3.494700,3.494550,3.494400,3.494700,3.495750,3.493350,3.494250,3.494400,3.495450,3.493200,3.495150,3.494850,3.495000,3.494250,3.495000,3.494700,3.495300,3.494250,3.493500,3.494400,3.494700,3.494700,3.494250,3.494400,3.495900,3.493800,20.269739,19.749353,19.991791,19.976618,19.996820,20.032190,20.092829,19.936213,19.956415,19.956415,20.113031,,,,,,,19.905909,20.269739,19.749353,19.971552,19.890741,20.001886,20.011988,20.006922,0,0,0,0,0,0
79894,97.848434,3.495750,3.493200,3.494587,0.002550,3.494550,3.495000,3.494700,3.494550,3.494400,3.494700,3.495600,3.493350,3.494250,3.494400,3.495450,3.493200,3.495150,3.494850,3.495000,3.494250,3.495000,3.494700,3.495300,3.494250,3.493650,3.494400,3.494850,3.494700,3.494250,3.494400,3.495750,3.493800,20.269739,19.749353,19.991474,19.976618,19.996820,20.032190,20.092829,19.936213,19.956415,19.951349,20.113031,,,,,,,19.905909,20.269739,19.749353,19.971552,19.890741,20.006922,20.011988,20.001886,0,0,0,0,0,0
80395,97.848137,3.495900,3.493200,3.494576,0.002700,3.494400,3.495000,3.494700,3.494550,3.494400,3.494700,3.495600,3.493350,3.494250,3.494400,3.495450,3.493200,3.495150,3.494850,3.495000,3.494250,3.495000,3.494700,3.495300,3.494250,3.493500,3.494400,3.494700,3.494700,3.494250,3.494400,3.495900,3.493800,20.264673,19.749353,19.992104,19.976618,19.996820,20.032190,20.097864,19.936213,19.956415,19.956415,20.113031,,,,,,,19.905909,20.264673,19.749353,19.971552,19.890741,20.006922,20.011988,20.006922,0,0,0,0,0,0
80896,97.848289,3.495900,3.493200,3.494582,0.002700,3.494550,3.495000,3.494700,3.494550,3.494400,3.494700,3.495750,3.493200,3.494250,3.494400,3.495450,3.493200,3.495150,3.494850,3.495000,3.494250,3.495000,3.494700,3.495300,3.494250,3.493650,3.494400,3.494700,3.494700,3.494100,3.494400,3.495900,3.493800,20.269739,19.749353,19.991791,19.976618,19.996820,20.032190,20.092829,19.936213,19.956415,19.956415,20.113031,,,,,,,19.905909,20.269739,19.749353,19.971552,19.890741,20.001886,20.011988,20.006922,0,0,0,0,0,0
81397,97.848587,3.495900,3.493200,3.494592,0.002700,3.494550,3.495000,3.494700,3.494550,3.494400,3.494700,3.495750,3.493350,3.494250,3.494400,3.495450,3.493200,3.495150,3.494850,3.495000,3.494250,3.495000,3.494700,3.495300,3.494250,3.493650,3.494400,3.494700,3.494700,3.494250,3.494400,3.495900,3.493800,20.264673,19.749353,19.992104,19.976618,19.996820,20.032190,20.097864,19.936213,19.956415,19.956415,20.113031,,,,,,,19.905909,20.264673,19.749353,19.971552,19.890741,20.006922,20.011988,20.006922,0,0,0,0,0,0
81898,97.848282,3.495750,3.493200,3.494581,0.002550,3.494550,3.495000,3.494700,3.494550,3.494400,3.494700,3.495600,3.493350,3.494250,3.494400,3.495450,3.493200,3.495150,3.494850,3.495000,3.494250,3.495000,3.494700,3.495300,3.494250,3.493650,3.494400,3.494700,3.494700,3.494250,3.494400,3.495750,3.493800,20.264673,19.744318,19.991474,19.976618,19.996820,20.032190,20.097864,19.936213,19.956415,19.956415,20.113031,,,,,,,19.905909,20.264673,19.744318,19.971552,19.890741,20.001886,20.011988,20.006922,0,0,0,0,0,0
82900,97.848442,3.495750,3.493200,3.494587,0.002550,3.494400,3.495000,3.494700,3.494550,3.494400,3.494700,3.495600,3.493350,3.494250,3.494400,3.495450,3.493200,3.495150,3.495000,3.495000,3.494250,3.495000,3.494700,3.495450,3.494250,3.493650,3.494400,3.494700,3.494700,3.494250,3.494400,3.495750,3.493800,20.264673,19.749353,19.991159,19.976618,19.996820,20.032190,20.092829,19.936213,19.956415,19.956415,20.113031,,,,,,,19.905909,20.264673,19.749353,19.971552,19.890741,20.001886,20.011988,20.001886,0,0,0,0,0,0
83401,97.848129,3.495750,3.493200,3.494576,0.002550,3.494550,3.495000,3.494700,3.494550,3.494400,3.494700,3.495600,3.493200,3.494250,3.494400,3.495450,3.493200,3.495150,3.495000,3.495000,3.494250,3.495000,3.494700,3.495300,3.494250,3.493500,3.494400,3.494700,3.494700,3.494250,3.494400,3.495750,3.493800,20.269739,19.749353,19.992105,19.976618,19.996820,20.032190,20.092829,19.936213,19.956415,19.956415,20.113031,,,,,,,19.910944,20.269739,19.749353,19.971552,19.890741,20.001886,20.011988,20.006922,0,0,0,0,0,0
83902,97.848434,3.495900,3.493200,3.494587,0.002700,3.494400,3.495000,3.494700,3.494550,3.494400,3.494700,3.495750,3.493350,3.494250,3.494400,3.495450,3.493200,3.495150,3.494850,3.495000,3.494250,3.495000,3.494700,3.495300,3.494250,3.493650,3.494400,3.494700,3.494700,3.494250,3.494400,3.495900,3.493800,20.269739,19.749353,19.992107,19.976618,19.996820,20.032190,20.092829,19.936213,19.956415,19.956415,20.118097,,,,,,,19.910944,20.269739,19.749353,19.971552,19.890741,20.001886,20.011988,20.001886,0,0,0,0,0,0
84403,97.848137,3.495900,3.493200,3.494576,0.002700,3.494400,3.495000,3.494700,3.494550,3.494400,3.494700,3.495750,3.493350,3.494250,3.494250,3.495450,3.493200,3.495150,3.494850,3.495000,3.494250,3.495000,3.494700,3.495300,3.494250,3.493500,3.494400,3.494700,3.494700,3.494250,3.494400,3.495900,3.493800,20.269739,19.749353,19.992422,19.976618,19.996820,20.032190,20.092829,19.936213,19.961451,19.956415,20.118097,,,,,,,19.910944,20.269739,19.749353,19.971552,19.890741,20.001886,20.011988,20.001886,0,0,0,0,0,0
84904,97.848892,3.495900,3.493200,3.494603,0.002700,3.494400,3.495000,3.494700,3.494550,3.494400,3.494850,3.495750,3.493350,3.494400,3.494400,3.495450,3.493200,3.495150,3.494850,3.495000,3.494250,3.495000,3.494700,3.495450,3.494250,3.493650,3.494400,3.494700,3.494700,3.494250,3.494400,3.495900,3.493800,20.269739,19.749353,19.992420,19.976618,19.996820,20.032190,20.097864,19.936213,19.956415,19.956415,20.113031,,,,,,,19.910944,20.269739,19.749353,19.971552,19.890741,20.001886,20.011988,20.006922,0,0,0,0,0,0
85405,97.848587,3.495900,3.493200,3.494592,0.002700,3.494550,3.495000,3.494700,3.494550,3.494400,3.494700,3.495750,3.493350,3.494250,3.494400,3.495450,3.493200,3.495150,3.494850,3.495000,3.494250,3.495000,3.494700,3.495300,3.494250,3.493650,3.494400,3.494700,3.494700,3.494250,3.494400,3.495900,3.493800,20.269739,19.749353,19.992105,19.976618,19.996820,20.032190,20.097864,19.936213,19.956415,19.961451,20.113031,,,,,,,19.905909,20.269739,19.749353,19.971552,19.890741,20.001886,20.011988,20.001886,0,0,0,0,0,0
85906,97.834183,3.495300,3.492750,3.494078,0.002550,3.493950,3.494550,3.494250,3.494100,3.493950,3.494250,3.495150,3.492750,3.493800,3.493800,3.495000,3.492750,3.494550,3.494400,3.494550,3.493800,3.494400,3.494100,3.494850,3.493800,3.493050,3.493950,3.494250,3.494250,3.493650,3.493800,3.495300,3.493200,20.264673,19.749353,19.992418,19.976618,19.996820,20.032190,20.092829,19.936213,19.956415,19.961451,20.113031,,,,,,,19.910944,20.264673,19.749353,19.971552,19.890741,20.006922,20.011988,20.006922,0,0,0,0,0,0
86407,97.833595,3.495300,3.492750,3.494057,0.002550,3.493950,3.494400,3.494100,3.494100,3.493800,3.494250,3.495150,3.492750,3.493800,3.493800,3.494850,3.492750,3.494700,3.494400,3.494400,3.493800,3.494400,3.494100,3.494850,3.493650,3.493050,3.493950,3.494250,3.494250,3.493650,3.493950,3.495300,3.493200,20.264673,19.749353,19.991789,19.976618,19.996820,20.032190,20.092829,19.936213,19.956415,19.961451,20.113031,,,,,,,19.905909,20.264673,19.749353,19.971552,19.890741,20.006922,20.011988,20.001886,0,0,0,0,0,0
86908,97.833290,3.495300,3.492750,3.494046,0.002550,3.493950,3.494400,3.494100,3.493950,3.493800,3.494250,3.495150,3.492750,3.493800,3.493800,3.494850,3.492750,3.494550,3.494400,3.494550,3.493800,3.494550,3.494100,3.494850,3.493650,3.493050,3.493800,3.494250,3.494250,3.493650,3.493800,3.495300,3.493200,20.264673,19.749353,19.992733,19.976618,19.996820,20.032190,20.097864,19.936213,19.956415,19.961451,20.113031,,,,,,,19.910944,20.264673,19.749353,19.971552,19.890741,20.006922,20.017023,20.001886,0,0,0,0,0,0
87409,97.832840,3.495300,3.492600,3.494030,0.002700,3.493950,3.494400,3.494100,3.493950,3.493950,3.494250,3.495150,3.492750,3.493800,3.493800,3.494850,3.492600,3.494550,3.494400,3.494400,3.493800,3.494400,3.494100,3.494700,3.493650,3.493050,3.493800,3.494250,3.494250,3.493650,3.493800,3.495300,3.493200,20.269739,19.749353,19.992737,19.976618,19.996820,20.032190,20.097864,19.936213,19.956415,19.961451,20.118097,,,,,,,19.910944,20.269739,19.749353,19.966516,19.890741,20.001886,20.017023,20.001886,0,0,0,0,0,0
87910,97.832100,3.495300,3.492600,3.494004,0.002700,3.493950,3.494400,3.494100,3.493950,3.493800,3.494250,3.495150,3.492750,3.493650,3.493800,3.494850,3.492600,3.494550,3.494400,3.494400,3.493650,3.494400,3.494100,3.494700,3.493650,3.493050,3.493800,3.494100,3.494100,3.493650,3.493800,3.495300,3.493200,20.269739,19.749353,19.992105,19.976618,19.996820,20.032190,20.092829,19.936213,19.956415,19.961451,20.113031,,,,,,,19.910944,20.269739,19.749353,19.971552,19.890741,20.001886,20.011988,20.001886,0,0,0,0,0,0
88411,97.831650,3.495300,3.492600,3.493988,0.002700,3.493800,3.494400,3.494100,3.494100,3.493800,3.494100,3.495150,3.492600,3.493650,3.493650,3.494850,3.492600,3.494550,3.494250,3.494400,3.493650,3.494400,3.494100,3.494850,3.493650,3.493050,3.493800,3.494100,3.494100,3.493650,3.493800,3.495300,3.493200,20.269739,19.749353,19.993053,19.976618,19.996820,20.032190,20.097864,19.936213,19.956415,19.966516,20.118097,,,,,,,19.910944,20.269739,19.749353,19.971552,19.890741,20.001886,20.011988,20.001886,0,0,0,0,0,0
88912,97.831352,3.495150,3.492600,3.493977,0.002550,3.493950,3.494400,3.493950,3.493950,3.493800,3.494100,3.495150,3.492750,3.493650,3.493800,3.494850,3.492600,3.494550,3.494250,3.494400,3.493650,3.494400,3.493950,3.494700,3.493650,3.493050,3.493800,3.494100,3.494100,3.493650,3.493800,3.495150,3.493200,20.264673,19.749353,19.992735,19.976618,19.996820,20.032190,20.097864,19.936213,19.956415,19.966516,20.113031,,,,,,,19.910944,20.264673,19.749353,19.971552,19.890741,20.006922,20.011988,20.001886,0,0,0,0,0,0
89413,97.831802,3.495300,3.492600,3.493993,0.002700,3.493950,3.494400,3.494100,3.493950,3.493800,3.494100,3.495150,3.492750,3.493650,3.493800,3.494850,3.492600,3.494550,3.494250,3.494400,3.493650,3.494400,3.494100,3.494700,3.493650,3.493050,3.493800,3.494100,3.494100,3.493650,3.493800,3.495300,3.493200,20.269739,19.754419,19.993999,19.976618,19.996820,20.032190,20.097864,19.936213,19.956415,19.966516,20.118097,,,,,,,19.905909,20.269739,19.754419,19.971552,19.890741,20.006922,20.017023,20.006922,0,0,0,0,0,0
89914,97.831047,3.495150,3.492600,3.493966,0.002550,3.493800,3.494400,3.493950,3.493950,3.493800,3.494100,3.495150,3.492750,3.493650,3.493650,3.494850,3.492600,3.494550,3.494250,3.494400,3.493650,3.494400,3.494100,3.494700,3.493650,3.492900,3.493800,3.494100,3.494100,3.493650,3.493800,3.495150,3.493200,20.269739,19.749353,19.993052,19.976618,19.996820,20.032190,20.092829,19.936213,19.956415,19.966516,20.113031,,,,,,,19.910944,20.269739,19.749353,19.971552,19.890741,20.006922,20.017023,20.001886,0,0,0,0,0,0
90415,97.830750,3.495150,3.492600,3.493955,0.002550,3.493800,3.494400,3.493950,3.493950,3.493800,3.494100,3.495150,3.492600,3.493650,3.493650,3.494850,3.492600,3.494550,3.494250,3.494400,3.493650,3.494400,3.493950,3.494700,3.493650,3.492900,3.493800,3.494100,3.494100,3.493650,3.493800,3.495150,3.493200,20.269739,19.749353,19.992737,19.976618,19.996820,20.032190,20.097864,19.936213,19.956415,19.966516,20.113031,,,,,,,19.910944,20.269739,19.749353,19.971552,19.890741,20.001886,20.011988,20.001886,0,0,0,0,0,0
90916,97.830444,3.495150,3.492600,3.493944,0.002550,3.493800,3.494400,3.493950,3.493950,3.493800,3.494100,3.495000,3.492750,3.493650,3.493650,3.494850,3.492600,3.494550,3.494250,3.494400,3.493650,3.494400,3.493950,3.494550,3.493500,3.492900,3.493800,3.494100,3.494100,3.493650,3.493800,3.495150,3.493200,20.269739,19.749353,19.993368,19.976618,19.996820,20.032190,20.097864,19.936213,19.956415,19.966516,20.118097,,,,,,,19.910944,20.269739,19.749353,19.971552,19.890741,20.006922,20.011988,20.001886,0,0,0,0,0,0
91417,97.829857,3.495150,3.492600,3.493923,0.002550,3.493800,3.494400,3.493950,3.493950,3.493800,3.494100,3.495000,3.492600,3.493650,3.493650,3.494700,3.492600,3.494400,3.494250,3.494400,3.493650,3.494250,3.493950,3.494700,3.493650,3.492900,3.493650,3.494100,3.494100,3.493500,3.493800,3.495150,3.493200,20.264673,19.749353,19.993366,19.976618,19.996820,20.032190,20.097864,19.936213,19.956415,19.966516,20.118097,,,,,,,19.910944,20.264673,19.749353,19.971552,19.890741,20.001886,20.017023,20.006922,0,0,0,0,0,0
91918,97.830299,3.495150,3.492600,3.493939,0.002550,3.493800,3.494400,3.493950,3.493950,3.493650,3.494100,3.495150,3.492600,3.493650,3.493650,3.494700,3.492600,3.494550,3.494250,3.494400,3.493650,3.494400,3.494100,3.494700,3.493500,3.492900,3.493650,3.494100,3.494100,3.493650,3.493800,3.495150,3.493200,20.264673,19.749353,19.992737,19.981653,19.996820,20.032190,20.092829,19.936213,19.956415,19.966516,20.118097,,,,,,,19.910944,20.264673,19.749353,19.971552,19.890741,20.001886,20.011988,20.001886,0,0,0,0,0,0
92419,97.829842,3.495150,3.492600,3.493923,0.002550,3.493800,3.494400,3.494100,3.493950,3.493800,3.494100,3.495000,3.492600,3.493650,3.493650,3.494700,3.492600,3.494550,3.494250,3.494250,3.493650,3.494400,3.494100,3.494700,3.493500,3.492900,3.493650,3.494100,3.493950,3.493500,3.493800,3.495150,3.493050,20.269739,19.749353,19.993366,19.976618,19.996820,20.032190,20.092829,19.936213,19.956415,19.966516,20.113031,,,,,,,19.910944,20.269739,19.749353,19.971552,19.890741,20.006922,20.017023,20.006922,0,0,0,0,0,0
92920,97.829407,3.495150,3.492600,3.493907,0.002550,3.493800,3.494400,3.493950,3.493950,3.493650,3.494100,3.495000,3.492600,3.493650,3.493650,3.494700,3.492600,3.494550,3.494250,3.494250,3.493650,3.494250,3.494100,3.494550,3.493500,3.492900,3.493650,3.494100,3.494100,3.493500,3.493650,3.495150,3.493200,20.269739,19.749353,19.993681,19.976618,19.996820,20.032190,20.097864,19.936213,19.961451,19.966516,20.113031,,,,,,,19.910944,20.269739,19.749353,19.971552,19.890741,20.006922,20.017023,20.001886,0,0,0,0,0,0
93421,97.828949,3.495150,3.492600,3.493891,0.002550,3.493800,3.494250,3.493950,3.493800,3.493650,3.494100,3.495000,3.492600,3.493650,3.493650,3.494700,3.492600,3.494400,3.494250,3.494250,3.493500,3.494250,3.494100,3.494700,3.493650,3.492900,3.493650,3.493950,3.493950,3.493500,3.493800,3.495150,3.493200,20.269739,19.749353,19.993683,19.976618,19.996820,20.032190,20.097864,19.936213,19.956415,19.966516,20.118097,,,,,,,19.910944,20.269739,19.749353,19.971552,19.890741,20.006922,20.017023,20.001886,0,0,0,0,0,0
93922,97.828804,3.495150,3.492600,3.493886,0.002550,3.493800,3.494250,3.493950,3.493800,3.493650,3.494100,3.495000,3.492600,3.493650,3.493650,3.494700,3.492600,3.494400,3.494250,3.494250,3.493650,3.494250,3.493950,3.494550,3.493500,3.492900,3.493650,3.494100,3.494100,3.493500,3.493800,3.495150,3.493050,20.264673,19.754419,19.993685,19.976618,20.001886,20.032190,20.097864,19.936213,19.956415,19.966516,20.118097,,,,,,,19.910944,20.264673,19.754419,19.971552,19.890741,20.006922,20.011988,20.001886,0,0,0,0,0,0
94423,97.828651,3.495150,3.492450,3.493881,0.002700,3.493800,3.494250,3.493950,3.493950,3.493800,3.494100,3.495000,3.492600,3.493650,3.493650,3.494700,3.492450,3.494400,3.494250,3.494250,3.493650,3.494250,3.494100,3.494550,3.493500,3.492900,3.493650,3.493950,3.493950,3.493500,3.493650,3.495150,3.493050,20.269739,19.749353,19.993366,19.976618,19.996820,20.032190,20.097864,19.936213,19.956415,19.966516,20.113031,,,,,,,19.910944,20.269739,19.749353,19.971552,19.890741,20.006922,20.017023,20.001886,0,0,0,0,0,0
94924,97.828804,3.495150,3.492450,3.493886,0.002700,3.493800,3.494400,3.493950,3.493800,3.493650,3.494100,3.495000,3.492600,3.493650,3.493650,3.494700,3.492450,3.494550,3.494250,3.494250,3.493500,3.494250,3.493950,3.494700,3.493500,3.492900,3.493650,3.493950,3.494100,3.493500,3.493800,3.495150,3.493050,20.269739,19.749353,19.993053,19.976618,19.996820,20.032190,20.097864,19.936213,19.956415,19.966516,20.118097,,,,,,,19.910944,20.269739,19.749353,19.971552,19.890741,20.001886,20.011988,20.001886,0,0,0,0,0,0
95425,97.828644,3.495150,3.492600,3.493880,0.002550,3.493800,3.494250,3.493950,3.493800,3.493650,3.494100,3.495000,3.492600,3.493650,3.493650,3.494700,3.492600,3.494400,3.494250,3.494250,3.493650,3.494250,3.493950,3.494700,3.493500,3.492900,3.493650,3.493950,3.493950,3.493500,3.493800,3.495150,3.493050,20.269739,19.754419,19.994314,19.976618,19.996820,20.032190,20.097864,19.936213,19.956415,19.971552,20.118097,,,,,,,19.910944,20.269739,19.754419,19.971552,19.890741,20.006922,20.011988,20.006922,0,0,0,0,0,0
95926,97.828506,3.495150,3.492450,3.493875,0.002700,3.493800,3.494400,3.493950,3.493800,3.493650,3.493950,3.495000,3.492600,3.493650,3.493650,3.494700,3.492450,3.494400,3.494100,3.494250,3.493650,3.494250,3.493950,3.494700,3.493650,3.492900,3.493650,3.494100,3.493950,3.493500,3.493650,3.495150,3.493050,20.269739,19.749353,19.993998,19.976618,19.996820,20.032190,20.092829,19.936213,19.956415,19.971552,20.118097,,,,,,,19.910944,20.269739,19.749353,19.971552,19.890741,20.006922,20.017023,20.006922,0,0,0,0,0,0
96427,97.828049,3.495150,3.492450,3.493859,0.002700,3.493800,3.494400,3.493950,3.493800,3.493650,3.493950,3.495000,3.492600,3.493500,3.493650,3.494700,3.492450,3.494400,3.494250,3.494250,3.493650,3.494250,3.493950,3.494550,3.493500,3.492900,3.493650,3.493950,3.493950,3.493500,3.493650,3.495150,3.493050,20.269739,19.749353,19.993366,19.976618,19.996820,20.032190,20.097864,19.936213,19.956415,19.971552,20.113031,,,,,,,19.910944,20.269739,19.749353,19.971552,19.890741,20.001886,20.017023,20.001886,0,0,0,0,0,0
96928,97.828056,3.495000,3.492450,3.493859,0.002550,3.493800,3.494400,3.493950,3.493950,3.493650,3.494100,3.495000,3.492600,3.493650,3.493650,3.494700,3.492450,3.494400,3.494100,3.494250,3.493500,3.494250,3.493950,3.494550,3.493500,3.492900,3.493650,3.493950,3.493950,3.493500,3.493650,3.495000,3.493050,20.269739,19.749353,19.993366,19.976618,19.996820,20.032190,20.092829,19.936213,19.956415,19.971552,20.113031,,,,,,,19.910944,20.269739,19.749353,19.971552,19.890741,20.001886,20.017023,20.006922,0,0,0,0,0,0
97429,97.828056,3.495150,3.492450,3.493859,0.002700,3.493800,3.494250,3.493950,3.493800,3.493650,3.494100,3.495000,3.492600,3.493650,3.493650,3.494700,3.492450,3.494400,3.494250,3.494250,3.493500,3.494250,3.493950,3.494550,3.493500,3.492900,3.493650,3.493950,3.493950,3.493500,3.493650,3.495150,3.493050,20.269739,19.749353,19.993366,19.976618,19.996820,20.032190,20.097864,19.936213,19.956415,19.966516,20.113031,,,,,,,19.910944,20.269739,19.749353,19.971552,19.890741,20.006922,20.017023,20.001886,0,0,0,0,0,0
97930,97.827461,3.495000,3.492450,3.493838,0.002550,3.493650,3.494250,3.493950,3.493800,3.493650,3.494100,3.495000,3.492600,3.493650,3.493500,3.494700,3.492450,3.494400,3.494100,3.494250,3.493500,3.494250,3.493950,3.494550,3.493500,3.492900,3.493650,3.493950,3.493950,3.493500,3.493650,3.495000,3.493050,20.269739,19.754419,19.994001,19.976618,20.001886,20.032190,20.097864,19.936213,19.956415,19.966516,20.118097,,,,,,,19.910944,20.269739,19.754419,19.971552,19.890741,20.001886,20.017023,20.001886,0,0,0,0,0,0
98431,97.827316,3.495000,3.492450,3.493833,0.002550,3.493800,3.494250,3.493950,3.493800,3.493650,3.493950,3.494850,3.492450,3.493500,3.493650,3.494700,3.492450,3.494400,3.494250,3.494250,3.493500,3.494250,3.493950,3.494700,3.493500,3.492750,3.493650,3.493950,3.493950,3.493500,3.493650,3.495000,3.493050,20.269739,19.754419,19.994318,19.976618,20.001886,20.032190,20.092829,19.936213,19.956415,19.971552,20.118097,,,,,,,19.910944,20.269739,19.754419,19.971552,19.895807,20.001886,20.017023,20.001886,0,0,0,0,0,0
98932,97.827301,3.495150,3.492450,3.493832,0.002700,3.493650,3.494250,3.493950,3.493800,3.493650,3.493950,3.494850,3.492450,3.493650,3.493650,3.494700,3.492450,3.494400,3.494100,3.494250,3.493500,3.494250,3.493950,3.494550,3.493500,3.492900,3.493650,3.493950,3.493950,3.493500,3.493650,3.495150,3.493050,20.269739,19.749353,19.994001,19.976618,20.001886,20.032190,20.097864,19.936213,19.956415,19.966516,20.118097,,,,,,,19.916010,20.269739,19.749353,19.971552,19.890741,20.001886,20.017023,20.001886,0,0,0,0,0,0
99433,97.827156,3.495000,3.492450,3.493827,0.002550,3.493650,3.494250,3.493800,3.493800,3.493650,3.493950,3.494850,3.492600,3.493650,3.493650,3.494700,3.492450,3.494400,3.494100,3.494250,3.493500,3.494250,3.493950,3.494550,3.493500,3.492900,3.493650,3.493950,3.493950,3.493500,3.493650,3.495000,3.493050,20.269739,19.749353,19.993999,19.976618,19.996820,20.032190,20.097864,19.936213,19.956415,19.971552,20.118097,,,,,,,19.910944,20.269739,19.749353,19.971552,19.895807,20.001886,20.011988,20.006922,0,0,0,0,0,0
99934,97.827011,3.495000,3.492450,3.493822,0.002550,3.493650,3.494250,3.493950,3.493800,3.493650,3.494100,3.494850,3.492600,3.493500,3.493500,3.494700,3.492450,3.494400,3.494100,3.494250,3.493500,3.494250,3.493950,3.494550,3.493500,3.492750,3.493650,3.493950,3.493950,3.493500,3.493650,3.495000,3.493050,20.269739,19.749353,19.994314,19.976618,20.001886,20.032190,20.097864,19.936213,19.956415,19.971552,20.118097,,,,,,,19.910944,20.269739,19.749353,19.971552,19.890741,20.001886,20.017023,20.006922,0,0,0,0,0,0
100435,97.826859,3.495000,3.492450,3.493816,0.002550,3.493650,3.494250,3.493950,3.493800,3.493650,3.493950,3.494850,3.492450,3.493500,3.493650,3.494700,3.492450,3.494400,3.494100,3.494250,3.493500,3.494250,3.493800,3.494550,3.493500,3.492900,3.493650,3.493950,3.493950,3.493500,3.493650,3.495000,3.493050,20.269739,19.754419,19.994631,19.976618,19.996820,20.032190,20.097864,19.936213,19.956415,19.966516,20.118097,,,,,,,19.916010,20.269739,19.754419,19.971552,19.890741,20.006922,20.017023,20.006922,0,0,0,0,0,0
100936,97.826859,3.495000,3.492300,3.493816,0.002700,3.493650,3.494250,3.493950,3.493800,3.493650,3.493950,3.494850,3.492450,3.493650,3.493500,3.494700,3.492300,3.494400,3.494100,3.494250,3.493500,3.494250,3.493950,3.494550,3.493500,3.492900,3.493650,3.493950,3.493950,3.493500,3.493650,3.495000,3.493050,20.269739,19.749353,19.994316,19.976618,20.001886,20.032190,20.097864,19.936213,19.956415,19.971552,20.118097,,,,,,,19.916010,20.269739,19.749353,19.971552,19.890741,20.001886,20.011988,20.006922,0,0,0,0,0,0
101437,97.826256,3.495000,3.492450,3.493795,0.002550,3.493650,3.494250,3.493800,3.493800,3.493650,3.493950,3.494850,3.492450,3.493500,3.493650,3.494550,3.492450,3.494400,3.494100,3.494250,3.493500,3.494250,3.493800,3.494550,3.493500,3.492750,3.493650,3.493950,3.493950,3.493500,3.493650,3.495000,3.492900,20.269739,19.749353,19.994631,19.976618,19.996820,20.032190,20.097864,19.936213,19.956415,19.971552,20.118097,,,,,,,19.916010,20.269739,19.749353,19.971552,19.895807,20.006922,20.017023,20.001886,0,0,0,0,0,0
101938,97.826103,3.495000,3.492450,3.493789,0.002550,3.493650,3.494250,3.493950,3.493800,3.493650,3.493950,3.494850,3.492450,3.493500,3.493500,3.494700,3.492450,3.494400,3.494100,3.494100,3.493500,3.494100,3.493950,3.494550,3.493350,3.492750,3.493650,3.493950,3.493950,3.493350,3.493650,3.495000,3.493050,20.269739,19.754419,19.994314,19.976618,19.996820,20.032190,20.097864,19.936213,19.956415,19.971552,20.113031,,,,,,,19.916010,20.269739,19.754419,19.966516,19.890741,20.006922,20.017023,20.006922,0,0,0,0,0,0
102439,97.826546,3.495000,3.492450,3.493805,0.002550,3.493650,3.494250,3.493800,3.493800,3.493650,3.493950,3.495000,3.492600,3.493500,3.493500,3.494550,3.492450,3.494400,3.494100,3.494250,3.493500,3.494250,3.493950,3.494550,3.493500,3.492900,3.493650,3.493950,3.493950,3.493350,3.493650,3.495000,3.492900,20.269739,19.749353,19.994314,19.976618,19.996820,20.032190,20.092829,19.936213,19.956415,19.971552,20.118097,,,,,,,19.916010,20.269739,19.749353,19.971552,19.890741,20.006922,20.017023,20.006922,0,0,0,0,0,0
102940,97.826401,3.495000,3.492450,3.493800,0.002550,3.493650,3.494250,3.493950,3.493800,3.493650,3.493950,3.495000,3.492450,3.493500,3.493650,3.494550,3.492450,3.494400,3.494100,3.494250,3.493500,3.494100,3.493800,3.494550,3.493500,3.492750,3.493650,3.493950,3.493950,3.493350,3.493650,3.495000,3.493050,20.269739,19.754419,19.994946,19.976618,19.996820,20.032190,20.097864,19.936213,19.956415,19.971552,20.118097,,,,,,,19.916010,20.269739,19.754419,19.971552,19.890741,20.006922,20.017023,20.006922,0,0,0,0,0,0
103441,97.825798,3.495000,3.492450,3.493778,0.002550,3.493650,3.494250,3.493800,3.493800,3.493650,3.493950,3.494850,3.492450,3.493500,3.493500,3.494550,3.492450,3.494250,3.494100,3.494250,3.493500,3.494100,3.493800,3.494550,3.493350,3.492900,3.493650,3.493950,3.493950,3.493500,3.493650,3.495000,3.492900,20.269739,19.754419,19.995262,19.976618,20.001886,20.032190,20.097864,19.936213,19.956415,19.971552,20.118097,,,,,,,19.916010,20.269739,19.754419,19.971552,19.890741,20.006922,20.017023,20.006922,0,0,0,0,0,0
103942,97.825500,3.495000,3.492300,3.493768,0.002700,3.493650,3.494250,3.493800,3.493800,3.493650,3.493950,3.494850,3.492450,3.493500,3.493500,3.494550,3.492300,3.494250,3.494100,3.494250,3.493500,3.494250,3.493950,3.494550,3.493500,3.492750,3.493500,3.493800,3.493800,3.493350,3.493650,3.495000,3.493050,20.269739,19.754419,19.994633,19.976618,19.996820,20.032190,20.097864,19.936213,19.956415,19.976618,20.118097,,,,,,,19.916010,20.269739,19.754419,19.971552,19.890741,20.001886,20.017023,20.001886,0,0,0,0,0,0
104443,97.825653,3.495000,3.492450,3.493773,0.002550,3.493650,3.494250,3.493800,3.493650,3.493650,3.493950,3.494850,3.492450,3.493500,3.493500,3.494700,3.492450,3.494400,3.494100,3.494250,3.493500,3.494100,3.493800,3.494400,3.493350,3.492750,3.493500,3.493950,3.493950,3.493500,3.493650,3.495000,3.493050,20.269739,19.754419,19.995262,19.976618,20.001886,20.032190,20.097864,19.936213,19.956415,19.971552,20.118097,,,,,,,19.916010,20.269739,19.754419,19.971552,19.890741,20.006922,20.017023,20.006922,0,0,0,0,0,0
104944,97.825195,3.495000,3.492450,3.493757,0.002550,3.493650,3.494100,3.493800,3.493800,3.493500,3.493950,3.494850,3.492450,3.493500,3.493500,3.494700,3.492450,3.494400,3.494100,3.494100,3.493500,3.494250,3.493950,3.494400,3.493350,3.492750,3.493500,3.493950,3.493800,3.493350,3.493650,3.495000,3.492900,20.269739,19.754419,19.994947,19.976618,19.996820,20.032190,20.092829,19.936213,19.956415,19.971552,20.118097,,,,,,,19.916010,20.269739,19.754419,19.971552,19.895807,20.006922,20.017023,20.006922,0,0,0,0,0,0
105445,97.825653,3.495000,3.492450,3.493773,0.002550,3.493650,3.494250,3.493800,3.493800,3.493650,3.493800,3.494850,3.492450,3.493500,3.493500,3.494700,3.492450,3.494250,3.494100,3.494250,3.493500,3.494100,3.493950,3.494550,3.493350,3.492750,3.493650,3.493950,3.493950,3.493500,3.493500,3.495000,3.492900,20.269739,19.754419,19.995579,19.976618,20.001886,20.037256,20.097864,19.936213,19.956415,19.971552,20.118097,,,,,,,19.916010,20.269739,19.754419,19.971552,19.890741,20.006922,20.017023,20.006922,0,0,0,0,0,0
105946,97.825348,3.495000,3.492450,3.493762,0.002550,3.493650,3.494250,3.493800,3.493650,3.493650,3.493950,3.494850,3.492450,3.493500,3.493650,3.494550,3.492450,3.494400,3.494100,3.494250,3.493500,3.494100,3.493800,3.494550,3.493350,3.492750,3.493650,3.493800,3.493950,3.493350,3.493500,3.495000,3.492900,20.269739,19.754419,19.995262,19.976618,19.996820,20.032190,20.097864,19.936213,19.956415,19.976618,20.118097,,,,,,,19.916010,20.269739,19.754419,19.971552,19.890741,20.006922,20.017023,20.006922,0,0,0,0,0,0
107950,97.824448,3.495000,3.492450,3.493730,0.002550,3.493650,3.494250,3.493800,3.493650,3.493650,3.493950,3.494700,3.492450,3.493500,3.493500,3.494550,3.492450,3.494250,3.493950,3.494100,3.493350,3.494100,3.493800,3.494550,3.493350,3.492750,3.493500,3.493950,3.493800,3.493350,3.493650,3.495000,3.492900,20.269739,19.754419,19.995895,19.976618,20.001886,20.037256,20.097864,19.936213,19.956415,19.976618,20.118097,,,,,,,19.916010,20.269739,19.754419,19.971552,19.890741,20.006922,20.017023,20.006922,0,0,0,0,0,0
108952,97.823990,3.495000,3.492300,3.493714,0.002700,3.493650,3.494100,3.493800,3.493650,3.493500,3.493950,3.494850,3.492450,3.493500,3.493500,3.494550,3.492300,3.494250,3.494100,3.494100,3.493350,3.494100,3.493800,3.494550,3.493350,3.492750,3.493500,3.493800,3.493800,3.493350,3.493500,3.495000,3.492900,20.269739,19.754419,19.995895,19.981653,20.001886,20.032190,20.092829,19.936213,19.956415,19.976618,20.118097,,,,,,,19.916010,20.269739,19.754419,19.971552,19.895807,20.006922,20.017023,20.006922,0,0,0,0,0,0
109453,97.824295,3.495000,3.492300,3.493725,0.002700,3.493650,3.494250,3.493800,3.493650,3.493500,3.493950,3.494850,3.492450,3.493500,3.493500,3.494550,3.492300,3.494250,3.493950,3.494100,3.493500,3.494100,3.493800,3.494550,3.493350,3.492750,3.493500,3.493800,3.493800,3.493350,3.493650,3.495000,3.492900,20.269739,19.754419,19.996523,19.981653,19.996820,20.032190,20.097864,19.936213,19.961451,19.981653,20.118097,,,,,,,19.916010,20.269739,19.754419,19.971552,19.895807,20.006922,20.017023,20.006922,0,0,0,0,0,0
109954,97.823990,3.495000,3.492300,3.493714,0.002700,3.493650,3.494100,3.493800,3.493650,3.493650,3.493950,3.494850,3.492450,3.493500,3.493500,3.494550,3.492300,3.494250,3.494100,3.494100,3.493350,3.494100,3.493800,3.494400,3.493350,3.492750,3.493500,3.493800,3.493800,3.493350,3.493500,3.495000,3.492900,20.274805,19.754419,19.996841,19.976618,20.001886,20.032190,20.097864,19.936213,19.956415,19.981653,20.118097,,,,,,,19.921045,20.274805,19.754419,19.971552,19.895807,20.006922,20.017023,20.006922,0,0,0,0,0,0
110455,97.823685,3.495000,3.492450,3.493703,0.002550,3.493650,3.494100,3.493800,3.493650,3.493500,3.493800,3.494850,3.492450,3.493500,3.493500,3.494550,3.492450,3.494250,3.493950,3.494100,3.493500,3.494100,3.493800,3.494400,3.493350,3.492600,3.493500,3.493800,3.493800,3.493350,3.493500,3.495000,3.492900,20.269739,19.754419,19.995264,19.976618,20.001886,20.032190,20.097864,19.936213,19.956415,19.976618,20.118097,,,,,,,19.916010,20.269739,19.754419,19.971552,19.890741,20.001886,20.017023,20.006922,0,0,0,0,0,0
110956,97.823990,3.495000,3.492300,3.493714,0.002700,3.493650,3.494250,3.493800,3.493650,3.493500,3.493950,3.494850,3.492450,3.493500,3.493500,3.494550,3.492300,3.494250,3.494100,3.494100,3.493350,3.494100,3.493800,3.494400,3.493350,3.492750,3.493500,3.493800,3.493800,3.493350,3.493500,3.495000,3.492900,20.269739,19.754419,19.996210,19.976618,20.001886,20.032190,20.097864,19.936213,19.956415,19.976618,20.118097,,,,,,,19.921045,20.269739,19.754419,19.971552,19.895807,20.006922,20.017023,20.006922,0,0,0,0,0,0
111457,97.823685,3.495000,3.492300,3.493703,0.002700,3.493650,3.494250,3.493800,3.493650,3.493650,3.493950,3.494700,3.492450,3.493500,3.493350,3.494550,3.492300,3.494250,3.493950,3.494100,3.493350,3.494100,3.493800,3.494400,3.493350,3.492750,3.493500,3.493800,3.493800,3.493350,3.493500,3.495000,3.492900,20.269739,19.754419,19.996523,19.976618,20.001886,20.032190,20.097864,19.936213,19.961451,19.981653,20.118097,,,,,,,19.921045,20.269739,19.754419,19.971552,19.890741,20.006922,20.017023,20.006922,0,0,0,0,0,0
111958,97.823547,3.495000,3.492300,3.493698,0.002700,3.493650,3.494100,3.493800,3.493650,3.493500,3.493800,3.494850,3.492450,3.493350,3.493500,3.494550,3.492300,3.494250,3.493950,3.494100,3.493350,3.494100,3.493800,3.494400,3.493350,3.492750,3.493500,3.493800,3.493800,3.493350,3.493650,3.495000,3.492900,20.269739,19.754419,19.996210,19.976618,20.001886,20.032190,20.097864,19.936213,19.956415,19.981653,20.118097,,,,,,,19.921045,20.269739,19.754419,19.971552,19.895807,20.001886,20.017023,20.006922,0,0,0,0,0,0
112459,97.823547,3.495000,3.492300,3.493698,0.002700,3.493500,3.494100,3.493800,3.493650,3.493500,3.493800,3.494850,3.492450,3.493500,3.493500,3.494550,3.492300,3.494250,3.493950,3.494100,3.493350,3.494100,3.493800,3.494400,3.493350,3.492750,3.493500,3.493800,3.493800,3.493350,3.493650,3.495000,3.492900,20.274805,19.754419,19.996208,19.976618,19.996820,20.032190,20.097864,19.936213,19.956415,19.981653,20.118097,,,,,,,19.921045,20.274805,19.754419,19.971552,19.890741,20.006922,20.017023,20.006922,0,0,0,0,0,0
113461,97.823395,3.494850,3.492300,3.493693,0.002550,3.493650,3.494100,3.493800,3.493650,3.493500,3.493950,3.494850,3.492450,3.493350,3.493500,3.494550,3.492300,3.494250,3.493950,3.494100,3.493350,3.494100,3.493800,3.494400,3.493350,3.492750,3.493500,3.493800,3.493800,3.493350,3.493500,3.494850,3.492900,20.269739,19.754419,19.996525,19.981653,20.001886,20.032190,20.097864,19.936213,19.956415,19.981653,20.118097,,,,,,,19.921045,20.269739,19.754419,19.971552,19.895807,20.001886,20.017023,20.006922,0,0,0,0,0,0
113962,97.823242,3.494850,3.492300,3.493687,0.002550,3.493650,3.494100,3.493650,3.493650,3.493500,3.493950,3.494850,3.492450,3.493500,3.493350,3.494550,3.492300,3.494250,3.493950,3.494100,3.493350,3.494100,3.493800,3.494400,3.493350,3.492750,3.493500,3.493800,3.493800,3.493350,3.493500,3.494850,3.492900,20.274805,19.754419,19.996529,19.976618,20.001886,20.032190,20.092829,19.936213,19.956415,19.981653,20.118097,,,,,,,19.926111,20.274805,19.754419,19.971552,19.895807,20.006922,20.017023,20.001886,0,0,0,0,0,0
114463,97.823242,3.495000,3.492300,3.493687,0.002700,3.493650,3.494100,3.493800,3.493650,3.493500,3.493800,3.494850,3.492300,3.493350,3.493500,3.494550,3.492300,3.494250,3.493950,3.494100,3.493350,3.494100,3.493800,3.494400,3.493350,3.492750,3.493500,3.493800,3.493800,3.493350,3.493500,3.495000,3.492900,20.274805,19.759455,19.997156,19.976618,20.001886,20.032190,20.097864,19.936213,19.956415,19.981653,20.118097,,,,,,,19.921045,20.274805,19.759455,19.971552,19.895807,20.006922,20.017023,20.006922,0,0,0,0,0,0
114964,97.822937,3.495000,3.492300,3.493676,0.002700,3.493500,3.494100,3.493800,3.493650,3.493500,3.493800,3.494850,3.492300,3.493350,3.493500,3.494550,3.492300,3.494250,3.493950,3.494100,3.493350,3.494100,3.493800,3.494400,3.493350,3.492600,3.493500,3.493800,3.493800,3.493350,3.493500,3.495000,3.492900,20.274805,19.754419,19.997156,19.981653,20.001886,20.032190,20.097864,19.936213,19.956415,19.981653,20.118097,,,,,,,19.921045,20.274805,19.754419,19.971552,19.895807,20.006922,20.017023,20.006922,0,0,0,0,0,0
115465,97.822945,3.494850,3.492300,3.493677,0.002550,3.493650,3.494100,3.493800,3.493650,3.493500,3.493800,3.494700,3.492450,3.493500,3.493500,3.494550,3.492300,3.494250,3.493950,3.494100,3.493350,3.494100,3.493800,3.494400,3.493350,3.492600,3.493500,3.493800,3.493800,3.493200,3.493500,3.494850,3.492900,20.274805,19.754419,19.996841,19.976618,20.001886,20.032190,20.097864,19.936213,19.956415,19.981653,20.118097,,,,,,,19.921045,20.274805,19.754419,19.971552,19.895807,20.006922,20.017023,20.006922,0,0,0,0,0,0
115966,97.822639,3.494850,3.492300,3.493666,0.002550,3.493500,3.494100,3.493800,3.493650,3.493500,3.493800,3.494850,3.492300,3.493350,3.493350,3.494550,3.492300,3.494250,3.493950,3.494100,3.493350,3.494100,3.493800,3.494400,3.493350,3.492750,3.493500,3.493800,3.493800,3.493350,3.493500,3.494850,3.492750,20.274805,19.759455,19.996840,19.976618,19.996820,20.032190,20.097864,19.936213,19.956415,19.981653,20.118097,,,,,,,19.921045,20.274805,19.759455,19.971552,19.895807,20.006922,20.017023,20.006922,0,0,0,0,0,0
116467,97.823090,3.494850,3.492300,3.493682,0.002550,3.493500,3.494100,3.493800,3.493650,3.493500,3.493800,3.494850,3.492450,3.493350,3.493500,3.494550,3.492300,3.494250,3.493950,3.494100,3.493350,3.494100,3.493800,3.494400,3.493350,3.492750,3.493500,3.493800,3.493800,3.493350,3.493500,3.494850,3.492900,20.274805,19.754419,19.996527,19.976618,20.001886,20.032190,20.097864,19.936213,19.956415,19.981653,20.118097,,,,,,,19.921045,20.274805,19.754419,19.971552,19.895807,20.001886,20.017023,20.006922,0,0,0,0,0,0
116968,97.822784,3.494850,3.492300,3.493671,0.002550,3.493500,3.494100,3.493650,3.493650,3.493500,3.493800,3.494850,3.492450,3.493500,3.493500,3.494550,3.492300,3.494250,3.493950,3.494100,3.493350,3.493950,3.493800,3.494400,3.493350,3.492600,3.493500,3.493800,3.493800,3.493350,3.493500,3.494850,3.492900,20.274805,19.759455,19.997154,19.981653,19.996820,20.032190,20.097864,19.936213,19.956415,19.981653,20.118097,,,,,,,19.921045,20.274805,19.759455,19.971552,19.895807,20.006922,20.017023,20.006922,0,0,0,0,0,0
117469,97.822639,3.494700,3.492300,3.493666,0.002400,3.493500,3.494100,3.493800,3.493650,3.493500,3.493800,3.494700,3.492450,3.493350,3.493500,3.494550,3.492300,3.494250,3.493950,3.494100,3.493350,3.494100,3.493800,3.494400,3.493350,3.492750,3.493500,3.493800,3.493800,3.493350,3.493500,3.494700,3.492750,20.274805,19.754419,19.997156,19.981653,19.996820,20.032190,20.097864,19.936213,19.956415,19.986719,20.118097,,,,,,,19.921045,20.274805,19.754419,19.971552,19.895807,20.006922,20.017023,20.006922,0,0,0,0,0,0
117970,97.821892,3.494850,3.492300,3.493639,0.002550,3.493500,3.494100,3.493650,3.493650,3.493500,3.493800,3.494700,3.492300,3.493500,3.493350,3.494400,3.492300,3.494100,3.493950,3.494100,3.493350,3.493950,3.493800,3.494400,3.493350,3.492600,3.493500,3.493800,3.493800,3.493200,3.493500,3.494850,3.492900,20.274805,19.759455,19.997471,19.976618,19.996820,20.032190,20.097864,19.936213,19.961451,19.981653,20.118097,,,,,,,19.921045,20.274805,19.759455,19.971552,19.895807,20.006922,20.022089,20.006922,0,0,0,0,0,0
118471,97.822937,3.495000,3.492300,3.493676,0.002700,3.493500,3.494100,3.493800,3.493650,3.493500,3.493800,3.494850,3.492450,3.493350,3.493500,3.494400,3.492300,3.494250,3.493950,3.494100,3.493350,3.494100,3.493800,3.494400,3.493350,3.492600,3.493500,3.493800,3.493800,3.493350,3.493500,3.495000,3.492900,20.274805,19.759455,19.997789,19.981653,20.001886,20.032190,20.097864,19.936213,19.956415,19.981653,20.118097,,,,,,,19.926111,20.274805,19.759455,19.971552,19.895807,20.006922,20.022089,20.001886,0,0,0,0,0,0
118972,97.821892,3.494850,3.492300,3.493639,0.002550,3.493500,3.494100,3.493650,3.493650,3.493500,3.493800,3.494700,3.492300,3.493350,3.493350,3.494550,3.492300,3.494100,3.493950,3.494100,3.493350,3.493950,3.493800,3.494400,3.493350,3.492600,3.493500,3.493800,3.493800,3.493350,3.493500,3.494850,3.492750,20.274805,19.759455,19.997789,19.981653,20.001886,20.032190,20.097864,19.936213,19.956415,19.981653,20.118097,,,,,,,19.926111,20.274805,19.759455,19.971552,19.895807,20.006922,20.022089,20.001886,0,0,0,0,0,0
119473,97.822334,3.494850,3.492300,3.493655,0.002550,3.493500,3.494100,3.493800,3.493650,3.493500,3.493800,3.494700,3.492450,3.493350,3.493350,3.494400,3.492300,3.494250,3.493950,3.494100,3.493350,3.493950,3.493800,3.494400,3.493350,3.492600,3.493500,3.493800,3.493800,3.493350,3.493500,3.494850,3.492900,20.274805,19.759455,19.996527,19.976618,20.001886,20.032190,20.097864,19.936213,19.956415,19.981653,20.118097,,,,,,,19.926111,20.274805,19.759455,19.971552,19.890741,20.001886,20.017023,20.001886,0,0,0,0,0,0
119974,97.822021,3.494850,3.492150,3.493644,0.002700,3.493500,3.494100,3.493800,3.493650,3.493500,3.493950,3.494700,3.492300,3.493350,3.493350,3.494550,3.492150,3.494100,3.493950,3.494100,3.493350,3.494100,3.493800,3.494400,3.493350,3.492600,3.493350,3.493800,3.493800,3.493350,3.493350,3.494850,3.492900,20.274805,19.759455,19.997789,19.976618,20.001886,20.032190,20.097864,19.936213,19.956415,19.981653,20.118097,,,,,,,19.926111,20.274805,19.759455,19.971552,19.895807,20.006922,20.022089,20.006922,0,0,0,0,0,0
120475,97.822639,3.494850,3.492300,3.493666,0.002550,3.493650,3.494100,3.493650,3.493650,3.493500,3.493800,3.494850,3.492450,3.493350,3.493500,3.494550,3.492300,3.494250,3.493950,3.494100,3.493350,3.494100,3.493800,3.494400,3.493350,3.492600,3.493350,3.493800,3.493800,3.493200,3.493500,3.494850,3.492900,20.274805,19.759455,19.997787,19.981653,20.001886,20.032190,20.097864,19.936213,19.956415,19.981653,20.118097,,,,,,,19.921045,20.274805,19.759455,19.971552,19.895807,20.006922,20.022089,20.006922,0,0,0,0,0,0
121477,97.821594,3.494850,3.492300,3.493628,0.002550,3.493500,3.494100,3.493650,3.493650,3.493500,3.493800,3.494700,3.492300,3.493350,3.493350,3.494550,3.492300,3.494100,3.493950,3.493950,3.493350,3.494100,3.493650,3.494400,3.493200,3.492600,3.493500,3.493800,3.493800,3.493200,3.493500,3.494850,3.492900,20.274805,19.759455,19.997787,19.981653,20.001886,20.032190,20.097864,19.936213,19.956415,19.981653,20.118097,,,,,,,19.926111,20.274805,19.759455,19.971552,19.895807,20.006922,20.017023,20.006922,0,0,0,0,0,0
121978,97.822044,3.494850,3.492150,3.493644,0.002700,3.493500,3.494100,3.493650,3.493650,3.493500,3.493800,3.494850,3.492450,3.493350,3.493350,3.494400,3.492150,3.494100,3.493950,3.494100,3.493350,3.494100,3.493800,3.494400,3.493350,3.492600,3.493500,3.493800,3.493800,3.493350,3.493500,3.494850,3.492750,20.274805,19.759455,19.998419,19.976618,20.001886,20.032190,20.097864,19.936213,19.961451,19.981653,20.123133,,,,,,,19.926111,20.274805,19.759455,19.971552,19.895807,20.006922,20.022089,20.006922,0,0,0,0,0,0
122479,97.821739,3.494850,3.492300,3.493634,0.002550,3.493500,3.494100,3.493650,3.493650,3.493500,3.493800,3.494700,3.492450,3.493500,3.493350,3.494550,3.492300,3.494100,3.493800,3.493950,3.493350,3.493950,3.493650,3.494400,3.493350,3.492600,3.493500,3.493800,3.493800,3.493200,3.493500,3.494850,3.492900,20.274805,19.759455,19.998419,19.981653,20.001886,20.032190,20.097864,19.936213,19.956415,19.981653,20.123133,,,,,,,19.926111,20.274805,19.759455,19.971552,19.895807,20.006922,20.022089,20.006922,0,0,0,0,0,0
122980,97.822052,3.494850,3.492150,3.493645,0.002700,3.493500,3.494100,3.493650,3.493650,3.493500,3.493800,3.494700,3.492450,3.493500,3.493500,3.494550,3.492150,3.494250,3.493950,3.494100,3.493350,3.493950,3.493800,3.494400,3.493350,3.492600,3.493500,3.493650,3.493800,3.493200,3.493500,3.494850,3.492750,20.274805,19.759455,19.997787,19.976618,20.001886,20.032190,20.097864,19.936213,19.961451,19.981653,20.118097,,,,,,,19.926111,20.274805,19.759455,19.971552,19.895807,20.006922,20.017023,20.006922,0,0,0,0,0,0
123481,97.821884,3.494850,3.492300,3.493639,0.002550,3.493500,3.494100,3.493650,3.493650,3.493500,3.493800,3.494700,3.492300,3.493350,3.493350,3.494400,3.492300,3.494100,3.493950,3.494100,3.493350,3.493950,3.493800,3.494400,3.493350,3.492600,3.493500,3.493800,3.493800,3.493350,3.493500,3.494850,3.492900,20.274805,19.759455,19.998104,19.976618,20.001886,20.032190,20.097864,19.936213,19.961451,19.981653,20.118097,,,,,,,19.926111,20.274805,19.759455,19.971552,19.895807,20.006922,20.022089,20.006922,0,0,0,0,0,0
123982,97.821587,3.494850,3.492300,3.493628,0.002550,3.493500,3.494100,3.493800,3.493650,3.493500,3.493800,3.494700,3.492300,3.493350,3.493500,3.494400,3.492300,3.494250,3.493950,3.494100,3.493350,3.493950,3.493650,3.494250,3.493200,3.492600,3.493350,3.493800,3.493800,3.493200,3.493500,3.494850,3.492900,20.274805,19.759455,19.997473,19.976618,20.001886,20.032190,20.097864,19.936213,19.956415,19.981653,20.118097,,,,,,,19.926111,20.274805,19.759455,19.971552,19.895807,20.006922,20.017023,20.006922,0,0,0,0,0,0
124483,97.820847,3.494850,3.492150,3.493602,0.002700,3.493500,3.494100,3.493650,3.493650,3.493500,3.493800,3.494700,3.492300,3.493350,3.493350,3.494400,3.492150,3.494100,3.493800,3.493950,3.493200,3.493950,3.493650,3.494400,3.493200,3.492600,3.493500,3.493800,3.493800,3.493200,3.493500,3.494850,3.492900,20.279840,19.759455,19.998419,19.981653,20.001886,20.032190,20.097864,19.936213,19.956415,19.981653,20.118097,,,,,,,19.926111,20.279840,19.759455,19.971552,19.895807,20.006922,20.022089,20.006922,0,0,0,0,0,0
125485,97.820702,3.494850,3.492150,3.493597,0.002700,3.493500,3.494100,3.493650,3.493650,3.493500,3.493800,3.494700,3.492300,3.493350,3.493350,3.494400,3.492150,3.494250,3.493950,3.493950,3.493350,3.493950,3.493650,3.494250,3.493200,3.492600,3.493350,3.493650,3.493800,3.493200,3.493500,3.494850,3.492750,20.279840,19.759455,19.998419,19.981653,20.001886,20.032190,20.097864,19.936213,19.956415,19.981653,20.118097,,,,,,,19.926111,20.279840,19.759455,19.971552,19.895807,20.006922,20.022089,20.006922,0,0,0,0,0,0
125986,97.821297,3.494850,3.492300,3.493618,0.002550,3.493500,3.494100,3.493650,3.493500,3.493500,3.493800,3.494850,3.492450,3.493350,3.493350,3.494400,3.492300,3.494100,3.493950,3.493950,3.493350,3.494100,3.493800,3.494250,3.493350,3.492600,3.493500,3.493800,3.493650,3.493200,3.493350,3.494850,3.492750,20.279840,19.759455,19.998419,19.981653,20.001886,20.032190,20.097864,19.936213,19.956415,19.981653,20.118097,,,,,,,19.926111,20.279840,19.759455,19.971552,19.895807,20.006922,20.022089,20.006922,0,0,0,0,0,0
126487,97.820686,3.494850,3.492150,3.493596,0.002700,3.493500,3.494100,3.493650,3.493650,3.493350,3.493800,3.494700,3.492300,3.493350,3.493350,3.494400,3.492150,3.494100,3.493800,3.494100,3.493350,3.493950,3.493650,3.494250,3.493350,3.492600,3.493500,3.493800,3.493800,3.493200,3.493350,3.494850,3.492750,20.279840,19.759455,19.998102,19.981653,20.001886,20.032190,20.097864,19.936213,19.956415,19.981653,20.118097,,,,,,,19.926111,20.279840,19.759455,19.971552,19.890741,20.006922,20.022089,20.006922,0,0,0,0,0,0
126988,97.820251,3.494850,3.492150,3.493580,0.002700,3.493500,3.493950,3.493650,3.493650,3.493350,3.493800,3.494700,3.492300,3.493350,3.493350,3.494400,3.492150,3.494100,3.493800,3.493950,3.493350,3.493950,3.493650,3.494250,3.493200,3.492600,3.493500,3.493650,3.493800,3.493200,3.493500,3.494850,3.492750,20.279840,19.759455,19.998421,19.976618,20.001886,20.037256,20.097864,19.936213,19.956415,19.981653,20.118097,,,,,,,19.926111,20.279840,19.759455,19.971552,19.895807,20.006922,20.022089,20.006922,0,0,0,0,0,0
127489,97.820251,3.494850,3.492150,3.493580,0.002700,3.493500,3.494100,3.493650,3.493650,3.493500,3.493800,3.494700,3.492300,3.493350,3.493350,3.494400,3.492150,3.494100,3.493800,3.493950,3.493350,3.493950,3.493650,3.494250,3.493200,3.492600,3.493350,3.493800,3.493650,3.493200,3.493350,3.494850,3.492750,20.284906,19.759455,19.999367,19.981653,20.001886,20.037256,20.097864,19.936213,19.956415,19.981653,20.118097,,,,,,,19.931147,20.284906,19.759455,19.971552,19.895807,20.006922,20.022089,20.006922,0,0,0,0,0,0
127990,97.819801,3.494850,3.492150,3.493564,0.002700,3.493500,3.494100,3.493650,3.493500,3.493350,3.493800,3.494700,3.492300,3.493350,3.493350,3.494400,3.492150,3.494100,3.493800,3.493950,3.493350,3.493950,3.493650,3.494250,3.493200,3.492600,3.493350,3.493650,3.493650,3.493200,3.493350,3.494850,3.492750,20.279840,19.759455,19.998734,19.981653,20.001886,20.032190,20.097864,19.936213,19.956415,19.981653,20.118097,,,,,,,19.931147,20.279840,19.759455,19.971552,19.895807,20.006922,20.022089,20.006922,0,0,0,0,0,0
128992,97.819794,3.494700,3.492150,3.493564,0.002550,3.493500,3.493950,3.493650,3.493500,3.493500,3.493800,3.494700,3.492300,3.493350,3.493350,3.494400,3.492150,3.494100,3.493800,3.493950,3.493200,3.493950,3.493650,3.494400,3.493200,3.492450,3.493500,3.493800,3.493650,3.493200,3.493350,3.494700,3.492750,20.279840,19.759455,19.998419,19.981653,20.001886,20.032190,20.097864,19.936213,19.956415,19.981653,20.118097,,,,,,,19.926111,20.279840,19.759455,19.971552,19.895807,20.006922,20.022089,20.006922,0,0,0,0,0,0
129493,97.820099,3.494850,3.492150,3.493575,0.002700,3.493500,3.493950,3.493650,3.493650,3.493350,3.493800,3.494700,3.492300,3.493350,3.493350,3.494400,3.492150,3.494250,3.493950,3.493950,3.493200,3.493950,3.493650,3.494250,3.493200,3.492600,3.493350,3.493800,3.493650,3.493200,3.493350,3.494850,3.492750,20.279840,19.759455,19.998734,19.981653,20.001886,20.032190,20.097864,19.936213,19.956415,19.981653,20.118097,,,,,,,19.931147,20.279840,19.759455,19.971552,19.895807,20.006922,20.022089,20.006922,0,0,0,0,0,0
129994,97.819794,3.494850,3.492150,3.493564,0.002700,3.493350,3.493950,3.493650,3.493650,3.493500,3.493800,3.494700,3.492300,3.493350,3.493350,3.494400,3.492150,3.494100,3.493800,3.493950,3.493200,3.493950,3.493650,3.494250,3.493200,3.492600,3.493350,3.493650,3.493800,3.493200,3.493350,3.494850,3.492750,20.284906,19.759455,19.999050,19.981653,20.001886,20.032190,20.097864,19.936213,19.956415,19.981653,20.118097,,,,,,,19.931147,20.284906,19.759455,19.971552,19.895807,20.006922,20.022089,20.006922,0,0,0,0,0,0
130495,97.819649,3.494700,3.492150,3.493559,0.002550,3.493500,3.493950,3.493650,3.493650,3.493350,3.493800,3.494700,3.492300,3.493350,3.493350,3.494400,3.492150,3.494100,3.493800,3.493950,3.493350,3.493950,3.493650,3.494250,3.493200,3.492450,3.493500,3.493650,3.493650,3.493200,3.493350,3.494700,3.492750,20.284906,19.759455,19.999050,19.981653,20.001886,20.032190,20.097864,19.936213,19.956415,19.981653,20.118097,,,,,,,19.931147,20.284906,19.759455,19.971552,19.895807,20.006922,20.022089,20.006922,0,0,0,0,0,0
130996,97.819649,3.494850,3.492150,3.493559,0.002700,3.493500,3.493950,3.493650,3.493500,3.493350,3.493650,3.494700,3.492300,3.493350,3.493350,3.494550,3.492150,3.494100,3.493950,3.493950,3.493200,3.493950,3.493650,3.494250,3.493200,3.492450,3.493350,3.493650,3.493650,3.493200,3.493500,3.494850,3.492750,20.284906,19.759455,19.999365,19.981653,20.001886,20.032190,20.097864,19.936213,19.956415,19.981653,20.123133,,,,,,,19.931147,20.284906,19.759455,19.971552,19.895807,20.006922,20.022089,20.006922,0,0,0,0,0,0
131497,97.819344,3.494700,3.492150,3.493548,0.002550,3.493500,3.493950,3.493650,3.493500,3.493350,3.493800,3.494700,3.492300,3.493350,3.493350,3.494400,3.492150,3.494100,3.493800,3.493950,3.493200,3.493950,3.493650,3.494250,3.493200,3.492600,3.493350,3.493650,3.493650,3.493200,3.493350,3.494700,3.492750,20.284906,19.759455,19.999050,19.981653,20.001886,20.032190,20.097864,19.936213,19.956415,19.981653,20.118097,,,,,,,19.931147,20.284906,19.759455,19.971552,19.895807,20.006922,20.022089,20.006922,0,0,0,0,0,0
131998,97.819199,3.494850,3.492150,3.493543,0.002700,3.493500,3.493950,3.493500,3.493500,3.493350,3.493800,3.494700,3.492300,3.493350,3.493350,3.494400,3.492150,3.494100,3.493800,3.493950,3.493200,3.493950,3.493650,3.494250,3.493200,3.492450,3.493350,3.493650,3.493650,3.493200,3.493350,3.494850,3.492750,20.284906,19.759455,19.999050,19.981653,20.001886,20.032190,20.097864,19.936213,19.956415,19.981653,20.118097,,,,,,,19.931147,20.284906,19.759455,19.971552,19.895807,20.006922,20.022089,20.006922,0,0,0,0,0,0
132499,97.819351,3.494850,3.492150,3.493548,0.002700,3.493500,3.493950,3.493500,3.493650,3.493350,3.493650,3.494700,3.492300,3.493350,3.493350,3.494400,3.492150,3.494100,3.493800,3.493950,3.493200,3.493950,3.493650,3.494250,3.493200,3.492600,3.493350,3.493650,3.493650,3.493200,3.493350,3.494850,3.492750,20.284906,19.759455,19.999680,19.981653,20.001886,20.032190,20.097864,19.941248,19.956415,19.981653,20.123133,,,,,,,19.931147,20.284906,19.759455,19.971552,19.895807,20.006922,20.022089,20.006922,0,0,0,0,0,0
133000,97.819794,3.494850,3.492150,3.493564,0.002700,3.493500,3.493950,3.493650,3.493500,3.493500,3.493800,3.494700,3.492300,3.493350,3.493350,3.494400,3.492150,3.494100,3.493800,3.493950,3.493200,3.493950,3.493650,3.494250,3.493200,3.492600,3.493350,3.493650,3.493800,3.493200,3.493350,3.494850,3.492750,20.284906,19.764521,19.999367,19.981653,20.001886,20.032190,20.097864,19.936213,19.956415,19.981653,20.118097,,,,,,,19.931147,20.284906,19.764521,19.971552,19.895807,20.006922,20.022089,20.006922,0,0,0,0,0,0
133501,97.819191,3.494700,3.492150,3.493542,0.002550,3.493500,3.493950,3.493650,3.493500,3.493350,3.493800,3.494700,3.492300,3.493350,3.493350,3.494400,3.492150,3.494100,3.493800,3.493950,3.493200,3.493950,3.493650,3.494250,3.493200,3.492600,3.493350,3.493650,3.493650,3.493200,3.493350,3.494700,3.492600,20.284906,19.759455,19.999050,19.981653,20.001886,20.032190,20.097864,19.936213,19.956415,19.981653,20.118097,,,,,,,19.931147,20.284906,19.759455,19.971552,19.895807,20.006922,20.022089,20.006922,0,0,0,0,0,0
134002,97.819054,3.494850,3.492150,3.493538,0.002700,3.493350,3.493950,3.493650,3.493500,3.493350,3.493650,3.494550,3.492300,3.493200,3.493350,3.494550,3.492150,3.494100,3.493800,3.493950,3.493350,3.493950,3.493650,3.494250,3.493200,3.492450,3.493350,3.493650,3.493650,3.493200,3.493350,3.494850,3.492750,20.284906,19.759455,19.999680,19.981653,20.001886,20.032190,20.097864,19.936213,19.961451,19.981653,20.123133,,,,,,,19.931147,20.284906,19.759455,19.971552,19.895807,20.006922,20.022089,20.006922,0,0,0,0,0,0
134503,97.819046,3.494700,3.492150,3.493537,0.002550,3.493500,3.493950,3.493650,3.493500,3.493350,3.493650,3.494700,3.492300,3.493350,3.493350,3.494400,3.492150,3.494100,3.493800,3.493950,3.493200,3.493950,3.493650,3.494250,3.493200,3.492450,3.493350,3.493650,3.493650,3.493200,3.493350,3.494700,3.492750,20.284906,19.759455,19.999367,19.981653,20.001886,20.037256,20.097864,19.936213,19.956415,19.981653,20.118097,,,,,,,19.931147,20.284906,19.759455,19.971552,19.895807,20.006922,20.022089,20.006922,0,0,0,0,0,0
135004,97.818748,3.494700,3.492150,3.493527,0.002550,3.493350,3.493950,3.493500,3.493500,3.493350,3.493650,3.494700,3.492300,3.493350,3.493350,3.494400,3.492150,3.494100,3.493800,3.493950,3.493200,3.493950,3.493650,3.494250,3.493200,3.492450,3.493350,3.493650,3.493650,3.493200,3.493350,3.494700,3.492750,20.284906,19.759455,19.999365,19.981653,20.006922,20.032190,20.097864,19.936213,19.956415,19.981653,20.118097,,,,,,,19.931147,20.284906,19.759455,19.971552,19.895807,20.006922,20.022089,20.006922,0,0,0,0,0,0
135505,97.818596,3.494700,3.492150,3.493521,0.002550,3.493350,3.493950,3.493650,3.493500,3.493350,3.493650,3.494700,3.492300,3.493200,3.493350,3.494400,3.492150,3.494100,3.493800,3.493950,3.493200,3.493950,3.493650,3.494250,3.493200,3.492450,3.493350,3.493650,3.493650,3.493050,3.493350,3.494700,3.492750,20.284906,19.764521,19.999367,19.976618,20.001886,20.032190,20.097864,19.936213,19.961451,19.981653,20.118097,,,,,,,19.931147,20.284906,19.764521,19.971552,19.895807,20.006922,20.022089,20.006922,0,0,0,0,0,0
136006,97.818596,3.494850,3.492150,3.493521,0.002700,3.493350,3.493950,3.493500,3.493500,3.493350,3.493650,3.494550,3.492300,3.493200,3.493350,3.494400,3.492150,3.494100,3.493800,3.493950,3.493200,3.493950,3.493650,3.494250,3.493200,3.492600,3.493350,3.493650,3.493650,3.493050,3.493350,3.494850,3.492750,20.284906,19.764521,19.999996,19.981653,20.006922,20.032190,20.097864,19.936213,19.956415,19.981653,20.123133,,,,,,,19.931147,20.284906,19.764521,19.971552,19.895807,20.006922,20.022089,20.006922,0,0,0,0,0,0
137008,97.818146,3.494700,3.492150,3.493505,0.002550,3.493350,3.493950,3.493500,3.493500,3.493350,3.493650,3.494700,3.492150,3.493200,3.493200,3.494400,3.492150,3.494100,3.493800,3.493950,3.493200,3.493800,3.493650,3.494250,3.493200,3.492450,3.493350,3.493650,3.493650,3.493200,3.493350,3.494700,3.492750,20.284906,19.764521,19.999998,19.981653,20.001886,20.037256,20.097864,19.936213,19.956415,19.981653,20.123133,,,,,,,19.931147,20.284906,19.764521,19.971552,19.895807,20.006922,20.022089,20.006922,0,0,0,0,0,0
137509,97.818588,3.494700,3.492150,3.493521,0.002550,3.493500,3.493950,3.493650,3.493650,3.493350,3.493800,3.494700,3.492300,3.493200,3.493200,3.494400,3.492150,3.494100,3.493800,3.493950,3.493200,3.493800,3.493650,3.494250,3.493200,3.492450,3.493350,3.493650,3.493650,3.493050,3.493350,3.494700,3.492600,20.284906,19.764521,19.999683,19.981653,20.001886,20.032190,20.097864,19.936213,19.956415,19.981653,20.118097,,,,,,,19.936213,20.284906,19.764521,19.971552,19.895807,20.006922,20.022089,20.006922,0,0,0,0,0,0
138010,97.818588,3.494700,3.492150,3.493521,0.002550,3.493500,3.493950,3.493500,3.493500,3.493350,3.493650,3.494700,3.492300,3.493350,3.493200,3.494400,3.492150,3.494100,3.493800,3.493950,3.493200,3.493950,3.493650,3.494250,3.493200,3.492600,3.493350,3.493650,3.493650,3.493050,3.493350,3.494700,3.492600,20.284906,19.764521,20.000315,19.981653,20.001886,20.037256,20.097864,19.941248,19.956415,19.986719,20.118097,,,,,,,19.931147,20.284906,19.764521,19.971552,19.895807,20.006922,20.022089,20.006922,0,0,0,0,0,0
138511,97.818298,3.494700,3.492150,3.493511,0.002550,3.493350,3.493950,3.493500,3.493350,3.493350,3.493650,3.494550,3.492300,3.493350,3.493350,3.494400,3.492150,3.494100,3.493800,3.493950,3.493200,3.493950,3.493500,3.494250,3.493200,3.492450,3.493350,3.493650,3.493650,3.493200,3.493350,3.494700,3.492750,20.284906,19.764521,19.999998,19.981653,20.001886,20.032190,20.097864,19.936213,19.961451,19.986719,20.118097,,,,,,,19.931147,20.284906,19.764521,19.971552,19.895807,20.006922,20.022089,20.006922,0,0,0,0,0,0
139012,97.818146,3.494700,3.492150,3.493505,0.002550,3.493350,3.493950,3.493500,3.493500,3.493350,3.493650,3.494550,3.492300,3.493200,3.493200,3.494400,3.492150,3.494100,3.493800,3.493950,3.493200,3.493950,3.493650,3.494250,3.493200,3.492450,3.493350,3.493650,3.493650,3.493050,3.493350,3.494700,3.492750,20.284906,19.764521,20.000315,19.981653,20.001886,20.032190,20.097864,19.941248,19.956415,19.986719,20.118097,,,,,,,19.936213,20.284906,19.764521,19.971552,19.895807,20.006922,20.022089,20.006922,0,0,0,0,0,0
139513,97.818291,3.494700,3.492000,3.493510,0.002700,3.493350,3.493950,3.493650,3.493500,3.493350,3.493800,3.494700,3.492300,3.493200,3.493200,3.494250,3.492000,3.494100,3.493800,3.493950,3.493200,3.493950,3.493650,3.494250,3.493200,3.492450,3.493350,3.493650,3.493650,3.493050,3.493350,3.494700,3.492750,20.284906,19.764521,20.000629,19.981653,20.001886,20.032190,20.097864,19.936213,19.961451,19.986719,20.123133,,,,,,,19.936213,20.284906,19.764521,19.971552,19.895807,20.006922,20.022089,20.006922,0,0,0,0,0,0
140014,97.817856,3.494700,3.492000,3.493495,0.002700,3.493350,3.493950,3.493650,3.493500,3.493350,3.493650,3.494550,3.492150,3.493200,3.493200,3.494400,3.492000,3.494100,3.493800,3.493950,3.493200,3.493800,3.493650,3.494250,3.493200,3.492450,3.493200,3.493650,3.493650,3.493200,3.493350,3.494700,3.492750,20.284906,19.759455,20.000944,19.981653,20.001886,20.032190,20.102930,19.941248,19.961451,19.986719,20.123133,,,,,,,19.936213,20.284906,19.759455,19.971552,19.895807,20.006922,20.022089,20.006922,0,0,0,0,0,0
140514,97.817848,3.494700,3.492150,3.493495,0.002550,3.493350,3.493950,3.493650,3.493500,3.493350,3.493800,3.494550,3.492150,3.493200,3.493200,3.494400,3.492150,3.494100,3.493800,3.493800,3.493200,3.493800,3.493500,3.494250,3.493050,3.492450,3.493350,3.493650,3.493650,3.493200,3.493350,3.494700,3.492750,20.284906,19.759455,20.000944,19.981653,20.006922,20.037256,20.097864,19.936213,19.961451,19.986719,20.123133,,,,,,,19.936213,20.284906,19.759455,19.971552,19.895807,20.006922,20.022089,20.006922,0,0,0,0,0,0
141016,97.817398,3.494700,3.492150,3.493479,0.002550,3.493350,3.493950,3.493500,3.493500,3.493350,3.493650,3.494550,3.492300,3.493200,3.493200,3.494250,3.492150,3.494100,3.493800,3.493800,3.493200,3.493800,3.493500,3.494100,3.493200,3.492450,3.493350,3.493650,3.493650,3.493050,3.493350,3.494700,3.492750,20.284906,19.764521,20.000629,19.981653,20.006922,20.032190,20.097864,19.936213,19.961451,19.986719,20.118097,,,,,,,19.936213,20.284906,19.764521,19.971552,19.895807,20.006922,20.022089,20.006922,0,0,0,0,0,0
141517,97.817696,3.494700,3.492000,3.493489,0.002700,3.493350,3.493950,3.493500,3.493500,3.493350,3.493650,3.494550,3.492300,3.493200,3.493200,3.494250,3.492000,3.494100,3.493800,3.493950,3.493200,3.493800,3.493650,3.494250,3.493200,3.492450,3.493350,3.493650,3.493650,3.493050,3.493350,3.494700,3.492750,20.284906,19.764521,20.000629,19.981653,20.001886,20.032190,20.097864,19.936213,19.961451,19.986719,20.123133,,,,,,,19.936213,20.284906,19.764521,19.971552,19.895807,20.006922,20.022089,20.006922,0,0,0,0,0,0
142018,97.817551,3.494700,3.492150,3.493484,0.002550,3.493350,3.493950,3.493500,3.493500,3.493350,3.493650,3.494550,3.492150,3.493200,3.493200,3.494250,3.492150,3.494100,3.493800,3.493800,3.493200,3.493800,3.493500,3.494250,3.493200,3.492600,3.493350,3.493650,3.493650,3.493050,3.493350,3.494700,3.492750,20.284906,19.764521,20.001261,19.981653,20.006922,20.037256,20.097864,19.936213,19.961451,19.986719,20.123133,,,,,,,19.936213,20.284906,19.764521,19.971552,19.895807,20.006922,20.022089,20.006922,0,0,0,0,0,0
142519,97.817245,3.494700,3.492150,3.493473,0.002550,3.493350,3.493950,3.493500,3.493500,3.493200,3.493650,3.494550,3.492150,3.493200,3.493200,3.494250,3.492150,3.494100,3.493800,3.493950,3.493200,3.493800,3.493650,3.494250,3.493050,3.492450,3.493200,3.493650,3.493650,3.493050,3.493350,3.494700,3.492750,20.284906,19.764521,20.001261,19.981653,20.006922,20.037256,20.097864,19.936213,19.961451,19.986719,20.123133,,,,,,,19.936213,20.284906,19.764521,19.971552,19.895807,20.006922,20.022089,20.006922,0,0,0,0,0,0
143020,97.817245,3.494700,3.492150,3.493473,0.002550,3.493350,3.493950,3.493500,3.493500,3.493350,3.493650,3.494550,3.492300,3.493200,3.493200,3.494250,3.492150,3.493950,3.493800,3.493800,3.493200,3.493950,3.493650,3.494250,3.493050,3.492450,3.493200,3.493500,3.493650,3.493200,3.493350,3.494700,3.492600,20.284906,19.764521,20.000944,19.981653,20.001886,20.032190,20.097864,19.936213,19.961451,19.991755,20.123133,,,,,,,19.936213,20.284906,19.764521,19.971552,19.895807,20.006922,20.022089,20.006922,0,0,0,0,0,0
144022,97.816948,3.494700,3.492150,3.493462,0.002550,3.493350,3.493950,3.493500,3.493500,3.493350,3.493650,3.494550,3.492300,3.493200,3.493200,3.494250,3.492150,3.494100,3.493800,3.493800,3.493050,3.493800,3.493650,3.494100,3.493050,3.492450,3.493200,3.493500,3.493650,3.493050,3.493350,3.494700,3.492750,20.284906,19.764521,20.001259,19.981653,20.006922,20.032190,20.097864,19.936213,19.956415,19.991755,20.123133,,,,,,,19.936213,20.284906,19.764521,19.971552,19.895807,20.006922,20.027124,20.006922,0,0,0,0,0,0
144523,97.816650,3.494700,3.492000,3.493452,0.002700,3.493350,3.493950,3.493500,3.493500,3.493350,3.493650,3.494550,3.492150,3.493200,3.493200,3.494250,3.492000,3.494100,3.493650,3.493800,3.493200,3.493800,3.493500,3.494250,3.493200,3.492450,3.493200,3.493650,3.493650,3.493050,3.493200,3.494700,3.492600,20.284906,19.764521,20.001259,19.981653,20.001886,20.032190,20.097864,19.941248,19.961451,19.991755,20.123133,,,,,,,19.936213,20.284906,19.764521,19.971552,19.895807,20.006922,20.022089,20.006922,0,0,0,0,0,0
145024,97.816498,3.494700,3.492150,3.493446,0.002550,3.493350,3.493950,3.493500,3.493350,3.493200,3.493650,3.494550,3.492300,3.493200,3.493200,3.494400,3.492150,3.493950,3.493800,3.493800,3.493050,3.493800,3.493650,3.494250,3.493200,3.492450,3.493200,3.493500,3.493500,3.493050,3.493200,3.494700,3.492600,20.284906,19.764521,20.000946,19.976618,20.006922,20.032190,20.102930,19.936213,19.956415,19.991755,20.123133,,,,,,,19.936213,20.284906,19.764521,19.971552,19.895807,20.006922,20.022089,20.006922,0,0,0,0,0,0
145525,97.816803,3.494700,3.492000,3.493457,0.002700,3.493350,3.493950,3.493500,3.493500,3.493200,3.493650,3.494550,3.492150,3.493200,3.493200,3.494250,3.492000,3.494100,3.493800,3.493950,3.493050,3.493800,3.493650,3.494100,3.493200,3.492450,3.493350,3.493650,3.493650,3.493050,3.493200,3.494700,3.492600,20.284906,19.764521,20.001892,19.981653,20.006922,20.037256,20.102930,19.936213,19.956415,19.991755,20.123133,,,,,,,19.936213,20.284906,19.764521,19.971552,19.900843,20.006922,20.022089,20.006922,0,0,0,0,0,0
146026,97.816055,3.494700,3.492000,3.493431,0.002700,3.493350,3.493800,3.493500,3.493350,3.493350,3.493500,3.494550,3.492150,3.493200,3.493200,3.494250,3.492000,3.493950,3.493800,3.493950,3.493050,3.493800,3.493500,3.494100,3.493200,3.492300,3.493200,3.493500,3.493650,3.493200,3.493350,3.494700,3.492600,20.284906,19.764521,20.002522,19.981653,20.006922,20.037256,20.102930,19.936213,19.961451,19.991755,20.123133,,,,,,,19.941248,20.284906,19.764521,19.971552,19.895807,20.006922,20.027124,20.006922,0,0,0,0,0,0
146527,97.816505,3.494700,3.492000,3.493447,0.002700,3.493350,3.493800,3.493500,3.493500,3.493200,3.493650,3.494550,3.492300,3.493200,3.493200,3.494250,3.492000,3.494100,3.493800,3.493800,3.493200,3.493800,3.493650,3.494100,3.493050,3.492450,3.493200,3.493500,3.493650,3.493200,3.493200,3.494700,3.492600,20.284906,19.764521,20.001574,19.981653,20.006922,20.032190,20.097864,19.936213,19.961451,19.991755,20.123133,,,,,,,19.936213,20.284906,19.764521,19.971552,19.900843,20.006922,20.022089,20.006922,0,0,0,0,0,0
147027,97.816200,3.494700,3.492000,3.493436,0.002700,3.493350,3.493950,3.493500,3.493350,3.493200,3.493650,3.494550,3.492300,3.493200,3.493200,3.494250,3.492000,3.494100,3.493650,3.493800,3.493200,3.493800,3.493500,3.494100,3.493200,3.492450,3.493200,3.493650,3.493500,3.493050,3.493200,3.494700,3.492600,20.279840,19.764521,20.001890,19.981653,20.006922,20.037256,20.102930,19.936213,19.961451,19.991755,20.123133,,,,,,,19.936213,20.279840,19.764521,19.971552,19.900843,20.006922,20.022089,20.006922,0,0,0,0,0,0
147528,97.816193,3.494700,3.492000,3.493435,0.002700,3.493350,3.493950,3.493500,3.493500,3.493350,3.493650,3.494550,3.492150,3.493200,3.493200,3.494400,3.492000,3.493950,3.493800,3.493800,3.493050,3.493800,3.493500,3.494100,3.493050,3.492450,3.493350,3.493500,3.493500,3.493050,3.493200,3.494700,3.492600,20.284906,19.764521,20.001892,19.981653,20.001886,20.032190,20.102930,19.936213,19.961451,19.996820,20.123133,,,,,,,19.936213,20.284906,19.764521,19.971552,19.900843,20.006922,20.022089,20.006922,0,0,0,0,0,0
148030,97.816948,3.494700,3.492000,3.493462,0.002700,3.493350,3.493950,3.493500,3.493500,3.493350,3.493650,3.494550,3.492150,3.493200,3.493200,3.494250,3.492000,3.494100,3.493800,3.493800,3.493200,3.493800,3.493500,3.494250,3.493050,3.492450,3.493200,3.493650,3.493650,3.493050,3.493350,3.494700,3.492750,20.284906,19.764521,20.001575,19.981653,20.006922,20.032190,20.102930,19.936213,19.961451,19.991755,20.123133,,,,,,,19.936213,20.284906,19.764521,19.971552,19.895807,20.006922,20.022089,20.006922,0,0,0,0,0,0
148531,97.816055,3.494700,3.492000,3.493431,0.002700,3.493350,3.493950,3.493500,3.493500,3.493200,3.493650,3.494550,3.492150,3.493200,3.493200,3.494250,3.492000,3.493950,3.493800,3.493800,3.493050,3.493800,3.493500,3.494100,3.493050,3.492450,3.493200,3.493650,3.493500,3.493200,3.493200,3.494700,3.492600,20.284906,19.764521,20.000944,19.981653,20.001886,20.032190,20.097864,19.936213,19.956415,19.991755,20.123133,,,,,,,19.936213,20.284906,19.764521,19.971552,19.895807,20.006922,20.027124,20.006922,0,0,0,0,0,0
149032,97.815758,3.494700,3.492000,3.493420,0.002700,3.493350,3.493800,3.493500,3.493500,3.493200,3.493650,3.494550,3.492150,3.493200,3.493200,3.494250,3.492000,3.493950,3.493800,3.493800,3.493050,3.493800,3.493650,3.494100,3.493050,3.492300,3.493200,3.493650,3.493500,3.493050,3.493200,3.494700,3.492600,20.284906,19.764521,20.002207,19.981653,20.006922,20.032190,20.102930,19.941248,19.961451,19.996820,20.123133,,,,,,,19.936213,20.284906,19.764521,19.971552,19.895807,20.006922,20.022089,20.006922,0,0,0,0,0,0
149533,97.816803,3.494700,3.492150,3.493457,0.002550,3.493350,3.493800,3.493500,3.493500,3.493350,3.493650,3.494550,3.492150,3.493200,3.493200,3.494250,3.492150,3.494100,3.493800,3.493800,3.493200,3.493800,3.493500,3.494100,3.493200,3.492450,3.493350,3.493650,3.493650,3.493050,3.493200,3.494700,3.492600,20.284906,19.764521,20.002205,19.981653,20.006922,20.032190,20.097864,19.941248,19.956415,19.996820,20.123133,,,,,,,19.936213,20.284906,19.764521,19.971552,19.900843,20.006922,20.027124,20.006922,0,0,0,0,0,0
150034,97.815750,3.494700,3.492000,3.493420,0.002700,3.493350,3.493800,3.493500,3.493500,3.493200,3.493650,3.494550,3.492150,3.493200,3.493200,3.494250,3.492000,3.493950,3.493650,3.493800,3.493050,3.493800,3.493500,3.494100,3.493050,3.492450,3.493200,3.493500,3.493650,3.493050,3.493350,3.494700,3.492600,20.284906,19.764521,20.002207,19.981653,20.006922,20.037256,20.102930,19.936213,19.961451,19.991755,20.123133,,,,,,,19.936213,20.284906,19.764521,19.971552,19.895807,20.006922,20.027124,20.006922,0,0,0,0,0,0
150535,97.816200,3.494700,3.492000,3.493436,0.002700,3.493350,3.493800,3.493500,3.493500,3.493200,3.493650,3.494550,3.492300,3.493200,3.493200,3.494400,3.492000,3.493950,3.493800,3.493800,3.493050,3.493800,3.493500,3.494100,3.493050,3.492450,3.493200,3.493500,3.493650,3.493050,3.493350,3.494700,3.492600,20.284906,19.764521,20.001574,19.981653,20.006922,20.032190,20.097864,19.936213,19.961451,19.991755,20.123133,,,,,,,19.941248,20.284906,19.764521,19.971552,19.895807,20.006922,20.022089,20.006922,0,0,0,0,0,0
151036,97.815598,3.494700,3.492000,3.493414,0.002700,3.493350,3.493800,3.493500,3.493500,3.493200,3.493650,3.494550,3.492150,3.493200,3.493200,3.494250,3.492000,3.494100,3.493650,3.493800,3.493050,3.493800,3.493500,3.494100,3.493050,3.492450,3.493200,3.493500,3.493500,3.493050,3.493200,3.494700,3.492600,20.284906,19.764521,20.002520,19.981653,20.006922,20.037256,20.097864,19.936213,19.961451,19.991755,20.123133,,,,,,,19.941248,20.284906,19.764521,19.971552,19.900843,20.006922,20.027124,20.006922,0,0,0,0,0,0
151537,97.815750,3.494700,3.492000,3.493420,0.002700,3.493350,3.493800,3.493500,3.493350,3.493350,3.493650,3.494550,3.492150,3.493200,3.493350,3.494250,3.492000,3.493950,3.493800,3.493800,3.493050,3.493800,3.493500,3.494100,3.493050,3.492450,3.493200,3.493500,3.493500,3.493050,3.493200,3.494700,3.492600,20.284906,19.764521,20.002205,19.981653,20.006922,20.032190,20.102930,19.936213,19.961451,19.991755,20.123133,,,,,,,19.941248,20.284906,19.764521,19.971552,19.895807,20.006922,20.027124,20.006922,0,0,0,0,0,0
152038,97.815750,3.494700,3.492000,3.493420,0.002700,3.493350,3.493950,3.493500,3.493500,3.493200,3.493650,3.494550,3.492150,3.493200,3.493200,3.494250,3.492000,3.493950,3.493800,3.493800,3.493050,3.493800,3.493500,3.494100,3.493050,3.492450,3.493200,3.493500,3.493500,3.493050,3.493200,3.494700,3.492600,20.284906,19.764521,20.002518,19.981653,20.006922,20.032190,20.097864,19.941248,19.961451,19.991755,20.123133,,,,,,,19.941248,20.284906,19.764521,19.971552,19.900843,20.006922,20.027124,20.006922,0,0,0,0,0,0
152539,97.815605,3.494550,3.492000,3.493414,0.002550,3.493350,3.493950,3.493500,3.493500,3.493350,3.493650,3.494550,3.492150,3.493050,3.493200,3.494250,3.492000,3.493950,3.493800,3.493800,3.493050,3.493800,3.493500,3.494100,3.493050,3.492450,3.493200,3.493500,3.493500,3.493050,3.493200,3.494550,3.492600,20.284906,19.764521,20.002522,19.981653,20.006922,20.037256,20.097864,19.936213,19.961451,19.996820,20.123133,,,,,,,19.941248,20.284906,19.764521,19.971552,19.895807,20.006922,20.027124,20.006922,0,0,0,0,0,0
153040,97.815445,3.494700,3.492000,3.493409,0.002700,3.493350,3.493800,3.493500,3.493350,3.493200,3.493500,3.494550,3.492150,3.493200,3.493200,3.494250,3.492000,3.493950,3.493650,3.493800,3.493050,3.493800,3.493500,3.494250,3.493050,3.492450,3.493200,3.493500,3.493500,3.493050,3.493350,3.494700,3.492600,20.284906,19.769556,20.002205,19.981653,20.006922,20.032190,20.102930,19.936213,19.956415,19.991755,20.123133,,,,,,,19.941248,20.284906,19.769556,19.971552,19.895807,20.006922,20.027124,20.006922,0,0,0,0,0,0
153541,97.814705,3.494700,3.492000,3.493382,0.002700,3.493200,3.493800,3.493500,3.493350,3.493200,3.493500,3.494550,3.492150,3.493050,3.493200,3.494250,3.492000,3.493950,3.493650,3.493800,3.493050,3.493800,3.493500,3.494100,3.493050,3.492300,3.493200,3.493500,3.493500,3.493050,3.493200,3.494700,3.492600,20.284906,19.764521,20.001574,19.981653,20.006922,20.032190,20.097864,19.936213,19.961451,19.991755,20.123133,,,,,,,19.941248,20.284906,19.764521,19.971552,19.895807,20.006922,20.022089,20.006922,0,0,0,0,0,0
154042,97.814850,3.494700,3.492000,3.493387,0.002700,3.493350,3.493800,3.493500,3.493350,3.493200,3.493500,3.494550,3.492150,3.493050,3.493200,3.494250,3.492000,3.493950,3.493650,3.493800,3.493050,3.493800,3.493500,3.494100,3.493050,3.492300,3.493200,3.493500,3.493500,3.493050,3.493200,3.494700,3.492600,20.279840,19.764521,20.001574,19.981653,20.006922,20.032190,20.097864,19.941248,19.961451,19.996820,20.123133,,,,,,,19.936213,20.279840,19.764521,19.971552,19.895807,20.006922,20.022089,20.006922,0,0,0,0,0,0
154543,97.815147,3.494700,3.492150,3.493398,0.002550,3.493200,3.493800,3.493500,3.493350,3.493200,3.493500,3.494550,3.492150,3.493200,3.493200,3.494250,3.492150,3.493950,3.493650,3.493800,3.493050,3.493800,3.493500,3.494100,3.493050,3.492450,3.493200,3.493500,3.493500,3.493050,3.493200,3.494700,3.492600,20.284906,19.769556,20.002520,19.981653,20.006922,20.032190,20.102930,19.936213,19.961451,19.991755,20.123133,,,,,,,19.941248,20.284906,19.769556,19.971552,19.895807,20.006922,20.027124,20.006922,0,0,0,0,0,0
155044,97.815147,3.494700,3.492000,3.493398,0.002700,3.493200,3.493950,3.493500,3.493350,3.493200,3.493500,3.494550,3.492150,3.493200,3.493200,3.494250,3.492000,3.493950,3.493650,3.493800,3.493050,3.493800,3.493500,3.494100,3.493050,3.492450,3.493200,3.493500,3.493500,3.493050,3.493200,3.494700,3.492600,20.284906,19.769556,20.002836,19.981653,20.006922,20.032190,20.102930,19.936213,19.961451,19.996820,20.123133,,,,,,,19.941248,20.284906,19.769556,19.971552,19.895807,20.006922,20.027124,20.006922,0,0,0,0,0,0
155545,97.815155,3.494550,3.492000,3.493398,0.002550,3.493200,3.493800,3.493500,3.493350,3.493200,3.493650,3.494550,3.492150,3.493200,3.493200,3.494250,3.492000,3.493950,3.493650,3.493800,3.493050,3.493800,3.493500,3.494100,3.493050,3.492450,3.493200,3.493650,3.493500,3.493050,3.493200,3.494550,3.492600,20.284906,19.769556,20.003153,19.981653,20.006922,20.037256,20.102930,19.941248,19.956415,19.996820,20.123133,,,,,,,19.941248,20.284906,19.769556,19.971552,19.895807,20.006922,20.027124,20.006922,0,0,0,0,0,0
156046,97.814400,3.494700,3.491850,3.493371,0.002850,3.493350,3.493800,3.493500,3.493350,3.493200,3.493500,3.494400,3.492150,3.493050,3.493050,3.494250,3.491850,3.493950,3.493650,3.493800,3.493050,3.493800,3.493500,3.494100,3.493050,3.492300,3.493200,3.493500,3.493500,3.493050,3.493200,3.494700,3.492600,20.284906,19.769556,20.002834,19.981653,20.006922,20.032190,20.097864,19.936213,19.961451,19.996820,20.123133,,,,,,,19.941248,20.284906,19.769556,19.971552,19.900843,20.006922,20.027124,20.006922,0,0,0,0,0,0
156547,97.814713,3.494550,3.492000,3.493383,0.002550,3.493200,3.493800,3.493500,3.493350,3.493200,3.493500,3.494550,3.492150,3.493200,3.493200,3.494250,3.492000,3.493950,3.493650,3.493800,3.493050,3.493800,3.493500,3.494100,3.493050,3.492300,3.493200,3.493500,3.493500,3.493050,3.493200,3.494550,3.492600,20.284906,19.769556,20.003468,19.981653,20.006922,20.037256,20.102930,19.936213,19.961451,19.996820,20.123133,,,,,,,19.941248,20.284906,19.769556,19.971552,19.900843,20.006922,20.027124,20.006922,0,0,0,0,0,0
157048,97.814857,3.494700,3.492000,3.493388,0.002700,3.493350,3.493800,3.493500,3.493350,3.493200,3.493500,3.494550,3.492000,3.493050,3.493200,3.494250,3.492000,3.493950,3.493650,3.493800,3.493050,3.493800,3.493500,3.494100,3.493050,3.492300,3.493200,3.493500,3.493650,3.493050,3.493200,3.494700,3.492600,20.284906,19.764521,20.002523,19.981653,20.006922,20.037256,20.102930,19.936213,19.956415,19.996820,20.123133,,,,,,,19.941248,20.284906,19.764521,19.971552,19.895807,20.006922,20.027124,20.006922,0,0,0,0,0,0
157549,97.814560,3.494550,3.492000,3.493377,0.002550,3.493200,3.493800,3.493500,3.493350,3.493200,3.493650,3.494550,3.492150,3.493200,3.493050,3.494250,3.492000,3.493950,3.493650,3.493800,3.493050,3.493800,3.493500,3.494100,3.493050,3.492300,3.493200,3.493500,3.493500,3.492900,3.493200,3.494550,3.492600,20.284906,19.769556,20.003151,19.981653,20.006922,20.032190,20.102930,19.941248,19.961451,19.996820,20.123133,,,,,,,19.941248,20.284906,19.769556,19.971552,19.895807,20.006922,20.027124,20.006922,0,0,0,0,0,0
158050,97.814857,3.494700,3.492000,3.493388,0.002700,3.493200,3.493800,3.493500,3.493350,3.493200,3.493500,3.494550,3.492150,3.493200,3.493200,3.494250,3.492000,3.493950,3.493650,3.493800,3.493050,3.493800,3.493500,3.494100,3.493050,3.492300,3.493200,3.493500,3.493500,3.493050,3.493200,3.494700,3.492600,20.284906,19.769556,20.003153,19.981653,20.006922,20.037256,20.102930,19.941248,19.956415,19.996820,20.123133,,,,,,,19.941248,20.284906,19.769556,19.971552,19.895807,20.006922,20.027124,20.006922,0,0,0,0,0,0
158551,97.815010,3.494550,3.492000,3.493393,0.002550,3.493350,3.493800,3.493500,3.493350,3.493200,3.493650,3.494550,3.492150,3.493200,3.493200,3.494250,3.492000,3.493950,3.493650,3.493800,3.493050,3.493800,3.493500,3.494100,3.493050,3.492300,3.493200,3.493500,3.493500,3.493050,3.493200,3.494550,3.492600,20.284906,19.769556,20.003784,19.981653,20.006922,20.037256,20.102930,19.941248,19.961451,19.996820,20.123133,,,,,,,19.941248,20.284906,19.769556,19.971552,19.895807,20.011988,20.027124,20.006922,0,0,0,0,0,0
159052,97.814705,3.494550,3.492000,3.493382,0.002550,3.493200,3.493800,3.493500,3.493350,3.493200,3.493650,3.494400,3.492150,3.493050,3.493200,3.494250,3.492000,3.493950,3.493650,3.493800,3.493050,3.493800,3.493500,3.494100,3.493050,3.492450,3.493200,3.493500,3.493500,3.493050,3.493200,3.494550,3.492600,20.284906,19.769556,20.003468,19.981653,20.006922,20.032190,20.102930,19.941248,19.961451,19.996820,20.123133,,,,,,,19.946314,20.284906,19.769556,19.971552,19.895807,20.006922,20.027124,20.006922,0,0,0,0,0,0
159553,97.814857,3.494700,3.492000,3.493388,0.002700,3.493350,3.493800,3.493500,3.493350,3.493200,3.493650,3.494550,3.492000,3.493050,3.493050,3.494250,3.492000,3.493950,3.493650,3.493800,3.493050,3.493800,3.493350,3.494100,3.493050,3.492450,3.493200,3.493650,3.493500,3.493050,3.493200,3.494700,3.492600,20.284906,19.769556,20.003782,19.981653,20.006922,20.032190,20.102930,19.941248,19.961451,19.996820,20.123133,,,,,,,19.941248,20.284906,19.769556,19.971552,19.900843,20.006922,20.027124,20.011988,0,0,0,0,0,0
160054,97.814552,3.494550,3.492000,3.493377,0.002550,3.493350,3.493800,3.493500,3.493500,3.493200,3.493650,3.494550,3.492150,3.493050,3.493050,3.494250,3.492000,3.493950,3.493650,3.493650,3.493050,3.493800,3.493500,3.494100,3.493050,3.492300,3.493200,3.493500,3.493500,3.493050,3.493050,3.494550,3.492600,20.284906,19.769556,20.002836,19.981653,20.006922,20.037256,20.097864,19.936213,19.961451,19.996820,20.123133,,,,,,,19.941248,20.284906,19.769556,19.971552,19.895807,20.006922,20.027124,20.006922,0,0,0,0,0,0
160555,97.814110,3.494550,3.492000,3.493361,0.002550,3.493200,3.493800,3.493500,3.493350,3.493200,3.493500,3.494550,3.492150,3.493050,3.493050,3.494250,3.492000,3.493950,3.493650,3.493800,3.493050,3.493800,3.493350,3.494100,3.493050,3.492300,3.493200,3.493500,3.493500,3.493050,3.493050,3.494550,3.492600,20.284906,19.769556,20.003468,19.981653,20.006922,20.037256,20.102930,19.936213,19.961451,19.996820,20.123133,,,,,,,19.941248,20.284906,19.769556,19.971552,19.900843,20.006922,20.027124,20.006922,0,0,0,0,0,0
161056,97.814255,3.494550,3.492000,3.493366,0.002550,3.493200,3.493800,3.493350,3.493200,3.493200,3.493500,3.494550,3.492150,3.493200,3.493200,3.494250,3.492000,3.493950,3.493650,3.493800,3.493050,3.493800,3.493500,3.494100,3.493050,3.492300,3.493200,3.493500,3.493500,3.492900,3.493200,3.494550,3.492600,20.284906,19.769556,20.003468,19.981653,20.006922,20.032190,20.102930,19.936213,19.961451,19.996820,20.123133,,,,,,,19.946314,20.284906,19.769556,19.971552,19.900843,20.006922,20.027124,20.006922,0,0,0,0,0,0
161557,97.814552,3.494700,3.492000,3.493377,0.002700,3.493200,3.493800,3.493500,3.493350,3.493200,3.493500,3.494550,3.492000,3.493050,3.493200,3.494250,3.492000,3.493950,3.493650,3.493800,3.493050,3.493800,3.493500,3.494100,3.493050,3.492300,3.493200,3.493500,3.493500,3.493050,3.493200,3.494700,3.492600,20.284906,19.769556,20.003151,19.981653,20.006922,20.032190,20.097864,19.936213,19.961451,19.996820,20.123133,,,,,,,19.946314,20.284906,19.769556,19.971552,19.900843,20.006922,20.027124,20.006922,0,0,0,0,0,0
162058,97.813797,3.494700,3.491850,3.493350,0.002850,3.493200,3.493800,3.493500,3.493350,3.493200,3.493500,3.494400,3.492000,3.493050,3.493050,3.494100,3.491850,3.493950,3.493650,3.493800,3.493050,3.493800,3.493500,3.494100,3.493050,3.492300,3.493050,3.493500,3.493500,3.493050,3.493200,3.494700,3.492600,20.284906,19.769556,20.003786,19.986719,20.006922,20.032190,20.102930,19.936213,19.961451,19.996820,20.123133,,,,,,,19.946314,20.284906,19.769556,19.976618,19.895807,20.006922,20.027124,20.006922,0,0,0,0,0,0
163060,97.813507,3.494550,3.491850,3.493340,0.002700,3.493200,3.493800,3.493500,3.493350,3.493200,3.493500,3.494400,3.492000,3.493050,3.493050,3.494250,3.491850,3.493800,3.493650,3.493800,3.493050,3.493800,3.493500,3.494100,3.492900,3.492300,3.493200,3.493500,3.493500,3.493050,3.493200,3.494550,3.492450,20.289972,19.769556,20.004099,19.981653,20.006922,20.032190,20.102930,19.941248,19.961451,19.996820,20.123133,,,,,,,19.946314,20.289972,19.769556,19.971552,19.900843,20.006922,20.027124,20.006922,0,0,0,0,0,0
163561,97.813797,3.494700,3.492000,3.493350,0.002700,3.493200,3.493800,3.493500,3.493350,3.493200,3.493500,3.494400,3.492150,3.493050,3.493050,3.494100,3.492000,3.493950,3.493650,3.493800,3.493050,3.493800,3.493350,3.494100,3.493050,3.492300,3.493050,3.493500,3.493500,3.492900,3.493200,3.494700,3.492600,20.284906,19.769556,20.003468,19.981653,20.006922,20.032190,20.102930,19.936213,19.961451,19.996820,20.123133,,,,,,,19.946314,20.284906,19.769556,19.971552,19.900843,20.006922,20.027124,20.006922,0,0,0,0,0,0
164062,97.813202,3.494550,3.492000,3.493329,0.002550,3.493200,3.493800,3.493500,3.493350,3.493200,3.493500,3.494400,3.492000,3.493050,3.493050,3.494100,3.492000,3.493950,3.493650,3.493800,3.493050,3.493650,3.493350,3.493950,3.493050,3.492300,3.493200,3.493500,3.493500,3.492900,3.493200,3.494550,3.492450,20.284906,19.769556,20.003151,19.981653,20.006922,20.032190,20.097864,19.941248,19.961451,19.996820,20.123133,,,,,,,19.946314,20.284906,19.769556,19.971552,19.895807,20.006922,20.027124,20.006922,0,0,0,0,0,0
164563,97.813660,3.494550,3.491850,3.493345,0.002700,3.493200,3.493800,3.493500,3.493350,3.493200,3.493500,3.494400,3.492000,3.493050,3.493200,3.494250,3.491850,3.493950,3.493650,3.493800,3.493050,3.493800,3.493350,3.494100,3.493050,3.492300,3.493200,3.493500,3.493350,3.492900,3.493200,3.494550,3.492600,20.284906,19.769556,20.003468,19.981653,20.006922,20.032190,20.102930,19.936213,19.961451,19.996820,20.123133,,,,,,,19.946314,20.284906,19.769556,19.971552,19.900843,20.006922,20.027124,20.006922,0,0,0,0,0,0
165565,97.813652,3.494550,3.492000,3.493345,0.002550,3.493350,3.493800,3.493350,3.493350,3.493200,3.493500,3.494400,3.492000,3.493050,3.493050,3.494250,3.492000,3.493950,3.493650,3.493650,3.493050,3.493800,3.493500,3.494100,3.493050,3.492300,3.493050,3.493500,3.493500,3.492900,3.493200,3.494550,3.492600,20.284906,19.769556,20.003468,19.981653,20.006922,20.032190,20.097864,19.936213,19.961451,20.001886,20.123133,,,,,,,19.946314,20.284906,19.769556,19.971552,19.900843,20.006922,20.027124,20.006922,0,0,0,0,0,0
166066,97.813507,3.494550,3.491850,3.493340,0.002700,3.493200,3.493800,3.493350,3.493350,3.493200,3.493500,3.494550,3.492150,3.493050,3.493050,3.494100,3.491850,3.493800,3.493650,3.493650,3.492900,3.493800,3.493500,3.494100,3.493050,3.492300,3.493200,3.493500,3.493500,3.493050,3.493200,3.494550,3.492600,20.284906,19.769556,20.003469,19.981653,20.006922,20.032190,20.102930,19.936213,19.961451,20.001886,20.123133,,,,,,,19.946314,20.284906,19.769556,19.971552,19.895807,20.006922,20.027124,20.006922,0,0,0,0,0,0
166567,97.813347,3.494700,3.492000,3.493334,0.002700,3.493200,3.493800,3.493350,3.493350,3.493200,3.493500,3.494400,3.492000,3.493050,3.493050,3.494250,3.492000,3.493950,3.493650,3.493650,3.493050,3.493800,3.493350,3.493950,3.493050,3.492300,3.493050,3.493500,3.493500,3.492900,3.493200,3.494700,3.492600,20.289972,19.769556,20.003469,19.981653,20.006922,20.032190,20.102930,19.936213,19.961451,19.996820,20.123133,,,,,,,19.946314,20.289972,19.769556,19.971552,19.895807,20.006922,20.027124,20.006922,0,0,0,0,0,0
167068,97.813797,3.494700,3.492000,3.493350,0.002700,3.493200,3.493800,3.493350,3.493350,3.493200,3.493500,3.494400,3.492150,3.493050,3.493050,3.494250,3.492000,3.493950,3.493650,3.493650,3.493050,3.493800,3.493500,3.494100,3.493050,3.492300,3.493050,3.493500,3.493500,3.492900,3.493200,3.494700,3.492600,20.284906,19.769556,20.003468,19.981653,20.006922,20.032190,20.102930,19.936213,19.961451,19.996820,20.123133,,,,,,,19.946314,20.284906,19.769556,19.971552,19.900843,20.006922,20.027124,20.006922,0,0,0,0,0,0
167569,97.811989,3.494550,3.491850,3.493285,0.002700,3.493200,3.493800,3.493350,3.493350,3.493050,3.493500,3.494400,3.492000,3.493050,3.493050,3.494100,3.491850,3.493950,3.493650,3.493650,3.492900,3.493650,3.493350,3.493950,3.492900,3.492300,3.493050,3.493500,3.493500,3.492900,3.493050,3.494550,3.492450,20.284906,19.769556,20.003782,19.981653,20.006922,20.032190,20.102930,19.941248,19.961451,19.996820,20.123133,,,,,,,19.946314,20.284906,19.769556,19.971552,19.900843,20.006922,20.027124,20.006922,0,0,0,0,0,0
168070,97.812447,3.494550,3.491850,3.493302,0.002700,3.493200,3.493800,3.493350,3.493350,3.493200,3.493500,3.494550,3.492000,3.493050,3.493050,3.494100,3.491850,3.493800,3.493650,3.493650,3.493050,3.493800,3.493350,3.493950,3.492900,3.492300,3.493050,3.493500,3.493500,3.492900,3.493050,3.494550,3.492450,20.284906,19.769556,20.003153,19.981653,20.006922,20.032190,20.102930,19.936213,19.956415,19.996820,20.123133,,,,,,,19.946314,20.284906,19.769556,19.971552,19.900843,20.006922,20.027124,20.006922,0,0,0,0,0,0
168571,97.812141,3.494550,3.491850,3.493291,0.002700,3.493200,3.493800,3.493350,3.493350,3.493050,3.493500,3.494400,3.492000,3.493050,3.493050,3.494100,3.491850,3.493800,3.493650,3.493650,3.493050,3.493650,3.493350,3.493950,3.492900,3.492300,3.493050,3.493500,3.493500,3.492900,3.493200,3.494550,3.492450,20.289972,19.774591,20.004414,19.981653,20.006922,20.032190,20.102930,19.936213,19.961451,19.996820,20.123133,,,,,,,19.951349,20.289972,19.774591,19.971552,19.900843,20.006922,20.027124,20.006922,0,0,0,0,0,0
169072,97.812439,3.494550,3.492000,3.493301,0.002550,3.493200,3.493800,3.493350,3.493350,3.493200,3.493500,3.494400,3.492000,3.493050,3.493050,3.494100,3.492000,3.493950,3.493650,3.493650,3.493050,3.493650,3.493350,3.494100,3.492900,3.492300,3.493050,3.493500,3.493350,3.492900,3.493050,3.494550,3.492450,20.289972,19.769556,20.004417,19.986719,20.006922,20.037256,20.102930,19.941248,19.961451,19.996820,20.123133,,,,,,,19.946314,20.289972,19.769556,19.971552,19.895807,20.006922,20.027124,20.006922,0,0,0,0,0,0
169573,97.812294,3.494550,3.491850,3.493296,0.002700,3.493200,3.493800,3.493350,3.493350,3.493200,3.493500,3.494400,3.492000,3.493050,3.493050,3.494100,3.491850,3.493950,3.493650,3.493650,3.492900,3.493650,3.493350,3.493950,3.492900,3.492300,3.493050,3.493500,3.493500,3.492900,3.493200,3.494550,3.492450,20.284906,19.769556,20.004101,19.981653,20.006922,20.037256,20.102930,19.936213,19.961451,19.996820,20.128199,,,,,,,19.946314,20.284906,19.769556,19.971552,19.900843,20.006922,20.027124,20.006922,0,0,0,0,0,0
170074,97.813049,3.494550,3.491850,3.493323,0.002700,3.493200,3.493800,3.493500,3.493350,3.493200,3.493500,3.494400,3.492000,3.493050,3.493050,3.494100,3.491850,3.493800,3.493650,3.493650,3.493050,3.493800,3.493500,3.493950,3.493050,3.492300,3.493200,3.493500,3.493500,3.492900,3.493200,3.494550,3.492450,20.284906,19.769556,20.004099,19.981653,20.006922,20.037256,20.102930,19.941248,19.961451,19.996820,20.123133,,,,,,,19.946314,20.284906,19.769556,19.971552,19.900843,20.006922,20.027124,20.006922,0,0,0,0,0,0
170575,97.811836,3.494550,3.491850,3.493280,0.002700,3.493200,3.493800,3.493350,3.493350,3.493200,3.493500,3.494400,3.492000,3.493050,3.493050,3.494100,3.491850,3.493800,3.493500,3.493650,3.492900,3.493650,3.493350,3.493950,3.492900,3.492300,3.493200,3.493500,3.493350,3.492900,3.493050,3.494550,3.492450,20.284906,19.769556,20.004099,19.981653,20.006922,20.032190,20.102930,19.941248,19.961451,20.001886,20.123133,,,,,,,19.946314,20.284906,19.769556,19.971552,19.900843,20.006922,20.027124,20.006922,0,0,0,0,0,0
171076,97.812141,3.494550,3.491850,3.493291,0.002700,3.493200,3.493800,3.493350,3.493350,3.493050,3.493500,3.494400,3.492150,3.493050,3.493050,3.494100,3.491850,3.493950,3.493650,3.493650,3.492900,3.493650,3.493350,3.493950,3.492900,3.492300,3.493050,3.493500,3.493350,3.492900,3.493050,3.494550,3.492600,20.284906,19.769556,20.003784,19.981653,20.006922,20.032190,20.102930,19.936213,19.961451,20.001886,20.123133,,,,,,,19.946314,20.284906,19.769556,19.971552,19.900843,20.006922,20.027124,20.006922,0,0,0,0,0,0
171577,97.811844,3.494550,3.491850,3.493280,0.002700,3.493200,3.493650,3.493350,3.493350,3.493200,3.493500,3.494400,3.492000,3.493050,3.493050,3.494100,3.491850,3.493800,3.493650,3.493650,3.492900,3.493650,3.493350,3.493950,3.492900,3.492300,3.493200,3.493500,3.493350,3.492900,3.493050,3.494550,3.492450,20.289972,19.774591,20.004416,19.986719,20.006922,20.032190,20.102930,19.936213,19.961451,19.996820,20.123133,,,,,,,19.946314,20.289972,19.774591,19.971552,19.900843,20.006922,20.027124,20.006922,0,0,0,0,0,0
172078,97.812141,3.494550,3.491850,3.493291,0.002700,3.493200,3.493800,3.493350,3.493350,3.493200,3.493500,3.494400,3.492150,3.493050,3.493050,3.494100,3.491850,3.493800,3.493650,3.493650,3.492900,3.493650,3.493350,3.494100,3.492900,3.492300,3.493050,3.493350,3.493350,3.492900,3.493050,3.494550,3.492600,20.289972,19.769556,20.004734,19.981653,20.006922,20.037256,20.102930,19.936213,19.961451,20.001886,20.123133,,,,,,,19.946314,20.289972,19.769556,19.976618,19.900843,20.006922,20.027124,20.006922,0,0,0,0,0,0
172579,97.811684,3.494550,3.491850,3.493274,0.002700,3.493200,3.493650,3.493350,3.493350,3.493050,3.493500,3.494400,3.492000,3.493050,3.493050,3.494100,3.491850,3.493800,3.493650,3.493650,3.493050,3.493650,3.493350,3.493950,3.492900,3.492150,3.493200,3.493500,3.493350,3.492900,3.493050,3.494550,3.492450,20.284906,19.774591,20.004099,19.981653,20.006922,20.032190,20.102930,19.936213,19.956415,20.001886,20.123133,,,,,,,19.951349,20.284906,19.774591,19.971552,19.900843,20.006922,20.027124,20.006922,0,0,0,0,0,0
173080,97.811386,3.494550,3.491850,3.493264,0.002700,3.493200,3.493650,3.493350,3.493350,3.493050,3.493500,3.494400,3.492000,3.493050,3.493050,3.494100,3.491850,3.493800,3.493650,3.493650,3.492900,3.493650,3.493350,3.493950,3.492900,3.492300,3.493050,3.493350,3.493350,3.492900,3.493050,3.494550,3.492450,20.289972,19.774591,20.005362,19.981653,20.006922,20.037256,20.102930,19.941248,19.961451,20.001886,20.123133,,,,,,,19.951349,20.289972,19.774591,19.971552,19.900843,20.006922,20.027124,20.006922,0,0,0,0,0,0
173581,97.811684,3.494550,3.491850,3.493274,0.002700,3.493200,3.493650,3.493350,3.493350,3.493050,3.493500,3.494400,3.492000,3.493050,3.493050,3.494100,3.491850,3.493800,3.493650,3.493650,3.492900,3.493650,3.493500,3.493950,3.492900,3.492300,3.493050,3.493500,3.493350,3.492900,3.493050,3.494550,3.492450,20.289972,19.774591,20.005678,19.986719,20.006922,20.037256,20.102930,19.941248,19.961451,20.001886,20.123133,,,,,,,19.951349,20.289972,19.774591,19.971552,19.900843,20.006922,20.027124,20.006922,0,0,0,0,0,0
174082,97.811386,3.494550,3.491850,3.493264,0.002700,3.493200,3.493800,3.493350,3.493350,3.493050,3.493500,3.494400,3.492000,3.493050,3.492900,3.494100,3.491850,3.493800,3.493650,3.493650,3.492900,3.493650,3.493350,3.493950,3.492900,3.492300,3.493050,3.493350,3.493350,3.492900,3.493050,3.494550,3.492450,20.289972,19.769556,20.005363,19.986719,20.006922,20.037256,20.102930,19.941248,19.961451,20.001886,20.123133,,,,,,,19.951349,20.289972,19.769556,19.971552,19.900843,20.006922,20.027124,20.006922,0,0,0,0,0,0
174583,97.811844,3.494550,3.491850,3.493280,0.002700,3.493200,3.493800,3.493350,3.493350,3.493050,3.493500,3.494400,3.492000,3.493050,3.493050,3.494100,3.491850,3.493800,3.493650,3.493650,3.492900,3.493650,3.493350,3.493950,3.492900,3.492300,3.493050,3.493500,3.493350,3.492900,3.493050,3.494550,3.492600,20.289972,19.769556,20.004732,19.981653,20.006922,20.032190,20.102930,19.936213,19.961451,20.001886,20.123133,,,,,,,19.951349,20.289972,19.769556,19.971552,19.900843,20.006922,20.027124,20.011988,0,0,0,0,0,0
175084,97.811386,3.494550,3.491850,3.493264,0.002700,3.493200,3.493650,3.493350,3.493200,3.493050,3.493500,3.494400,3.492000,3.493050,3.493050,3.494100,3.491850,3.493800,3.493650,3.493650,3.492900,3.493650,3.493350,3.493950,3.492900,3.492150,3.493050,3.493500,3.493500,3.492900,3.493050,3.494550,3.492450,20.289972,19.774591,20.005678,19.981653,20.006922,20.037256,20.102930,19.941248,19.961451,20.001886,20.123133,,,,,,,19.951349,20.289972,19.774591,19.976618,19.900843,20.006922,20.027124,20.006922,0,0,0,0,0,0
175585,97.812599,3.494550,3.491850,3.493307,0.002700,3.493200,3.493800,3.493500,3.493350,3.493200,3.493500,3.494400,3.492150,3.493050,3.493050,3.494100,3.491850,3.493800,3.493650,3.493650,3.493050,3.493650,3.493350,3.493950,3.493050,3.492300,3.493050,3.493500,3.493500,3.492900,3.493050,3.494550,3.492450,20.289972,19.774591,20.005362,19.981653,20.006922,20.037256,20.102930,19.941248,19.961451,20.001886,20.123133,,,,,,,19.951349,20.289972,19.774591,19.971552,19.900843,20.006922,20.027124,20.006922,0,0,0,0,0,0
176086,97.811691,3.494550,3.491850,3.493275,0.002700,3.493200,3.493800,3.493350,3.493200,3.493200,3.493500,3.494400,3.492000,3.493050,3.493050,3.494100,3.491850,3.493800,3.493650,3.493650,3.492900,3.493650,3.493350,3.493950,3.492900,3.492300,3.493050,3.493500,3.493350,3.492900,3.493050,3.494550,3.492450,20.289972,19.774591,20.005363,19.986719,20.006922,20.037256,20.102930,19.936213,19.961451,20.001886,20.123133,,,,,,,19.951349,20.289972,19.774591,19.971552,19.900843,20.006922,20.027124,20.006922,0,0,0,0,0,0
176587,97.810783,3.494550,3.491850,3.493242,0.002700,3.493200,3.493650,3.493350,3.493200,3.493050,3.493350,3.494400,3.492000,3.493050,3.493050,3.494100,3.491850,3.493800,3.493500,3.493650,3.492900,3.493650,3.493350,3.493950,3.492900,3.492150,3.493050,3.493350,3.493350,3.492900,3.493050,3.494550,3.492450,20.284906,19.774591,20.005362,19.986719,20.006922,20.032190,20.102930,19.941248,19.961451,20.001886,20.123133,,,,,,,19.951349,20.284906,19.774591,19.971552,19.900843,20.006922,20.032190,20.006922,0,0,0,0,0,0
177088,97.811394,3.494550,3.491850,3.493264,0.002700,3.493200,3.493650,3.493350,3.493350,3.493200,3.493500,3.494400,3.492000,3.493050,3.493050,3.494100,3.491850,3.493800,3.493500,3.493650,3.492900,3.493650,3.493350,3.493950,3.492900,3.492300,3.493050,3.493350,3.493350,3.492900,3.493050,3.494550,3.492450,20.289972,19.774591,20.005995,19.981653,20.006922,20.032190,20.102930,19.941248,19.961451,20.001886,20.128199,,,,,,,19.951349,20.289972,19.774591,19.976618,19.900843,20.006922,20.032190,20.006922,0,0,0,0,0,0
177589,97.811089,3.494400,3.491850,3.493253,0.002550,3.493200,3.493650,3.493350,3.493350,3.493050,3.493500,3.494400,3.492000,3.493050,3.493050,3.494100,3.491850,3.493800,3.493500,3.493650,3.492900,3.493650,3.493350,3.493950,3.492900,3.492300,3.493050,3.493350,3.493350,3.492900,3.493050,3.494400,3.492450,20.289972,19.774591,20.005680,19.986719,20.006922,20.032190,20.102930,19.936213,19.961451,20.001886,20.128199,,,,,,,19.951349,20.289972,19.774591,19.971552,19.900843,20.006922,20.032190,20.006922,0,0,0,0,0,0
178591,97.810936,3.494400,3.491850,3.493248,0.002550,3.493200,3.493650,3.493350,3.493200,3.493050,3.493500,3.494400,3.492000,3.493050,3.493050,3.494100,3.491850,3.493800,3.493500,3.493650,3.492900,3.493650,3.493350,3.493950,3.492900,3.492300,3.493050,3.493350,3.493350,3.492900,3.493050,3.494400,3.492450,20.284906,19.774591,20.005995,19.986719,20.006922,20.037256,20.102930,19.936213,19.961451,20.006922,20.123133,,,,,,,19.951349,20.284906,19.774591,19.976618,19.900843,20.006922,20.032190,20.006922,0,0,0,0,0,0
179092,97.810333,3.494400,3.491850,3.493226,0.002550,3.493200,3.493650,3.493350,3.493200,3.493050,3.493500,3.494250,3.492000,3.492900,3.492900,3.494100,3.491850,3.493800,3.493500,3.493650,3.492900,3.493650,3.493350,3.493950,3.492900,3.492300,3.493050,3.493350,3.493350,3.492900,3.493050,3.494400,3.492300,20.284906,19.774591,20.005362,19.986719,20.006922,20.037256,20.102930,19.936213,19.961451,20.006922,20.123133,,,,,,,19.951349,20.284906,19.774591,19.971552,19.900843,20.006922,20.027124,20.006922,0,0,0,0,0,0
179593,97.810638,3.494400,3.491850,3.493237,0.002550,3.493200,3.493650,3.493350,3.493200,3.493050,3.493350,3.494400,3.492000,3.493050,3.493050,3.494100,3.491850,3.493800,3.493650,3.493650,3.492900,3.493650,3.493350,3.493950,3.492900,3.492150,3.493050,3.493350,3.493350,3.492750,3.493050,3.494400,3.492450,20.289972,19.774591,20.006626,19.986719,20.006922,20.032190,20.102930,19.941248,19.961451,20.006922,20.128199,,,,,,,19.956415,20.289972,19.774591,19.971552,19.900843,20.006922,20.027124,20.011988,0,0,0,0,0,0
180094,97.811378,3.494400,3.491850,3.493263,0.002550,3.493200,3.493800,3.493350,3.493350,3.493200,3.493500,3.494400,3.492000,3.493050,3.493050,3.494100,3.491850,3.493800,3.493500,3.493650,3.492900,3.493650,3.493350,3.493950,3.492900,3.492150,3.493050,3.493500,3.493350,3.492900,3.493050,3.494400,3.492450,20.284906,19.774591,20.005045,19.981653,20.006922,20.037256,20.102930,19.936213,19.961451,20.006922,20.123133,,,,,,,19.951349,20.284906,19.774591,19.971552,19.900843,20.006922,20.027124,20.006922,0,0,0,0,0,0
180595,97.810631,3.494550,3.491850,3.493237,0.002700,3.493200,3.493650,3.493350,3.493200,3.493200,3.493350,3.494400,3.491850,3.492900,3.493050,3.494100,3.491850,3.493800,3.493500,3.493650,3.492900,3.493650,3.493350,3.493950,3.492900,3.492150,3.493050,3.493350,3.493350,3.492900,3.493050,3.494550,3.492450,20.284906,19.774591,20.005993,19.981653,20.006922,20.037256,20.102930,19.941248,19.961451,20.006922,20.123133,,,,,,,19.951349,20.284906,19.774591,19.971552,19.900843,20.006922,20.032190,20.011988,0,0,0,0,0,0
181096,97.810936,3.494550,3.491850,3.493248,0.002700,3.493200,3.493650,3.493350,3.493200,3.493050,3.493500,3.494400,3.492000,3.493050,3.493050,3.494100,3.491850,3.493800,3.493500,3.493650,3.492900,3.493650,3.493350,3.493950,3.492900,3.492150,3.493050,3.493350,3.493350,3.492900,3.493050,3.494550,3.492450,20.284906,19.774591,20.006311,19.986719,20.006922,20.037256,20.102930,19.936213,19.961451,20.006922,20.128199,,,,,,,19.951349,20.284906,19.774591,19.976618,19.900843,20.006922,20.032190,20.006922,0,0,0,0,0,0
181597,97.810341,3.494550,3.491850,3.493227,0.002700,3.493200,3.493650,3.493350,3.493200,3.493050,3.493500,3.494250,3.492000,3.493050,3.493050,3.493950,3.491850,3.493800,3.493500,3.493500,3.492900,3.493650,3.493350,3.493950,3.492900,3.492150,3.493050,3.493350,3.493350,3.492750,3.493050,3.494550,3.492450,20.289972,19.774591,20.006626,19.986719,20.006922,20.032190,20.102930,19.941248,19.961451,20.006922,20.128199,,,,,,,19.951349,20.289972,19.774591,19.971552,19.900843,20.011988,20.032190,20.006922,0,0,0,0,0,0
182098,97.810478,3.494400,3.491850,3.493231,0.002550,3.493050,3.493650,3.493350,3.493200,3.493050,3.493500,3.494400,3.492000,3.492900,3.493050,3.494100,3.491850,3.493800,3.493500,3.493650,3.492900,3.493650,3.493350,3.493950,3.492900,3.492150,3.493050,3.493350,3.493350,3.492900,3.493050,3.494400,3.492450,20.284906,19.774591,20.005676,19.981653,20.006922,20.037256,20.102930,19.941248,19.961451,20.006922,20.123133,,,,,,,19.951349,20.284906,19.774591,19.971552,19.900843,20.006922,20.032190,20.006922,0,0,0,0,0,0
182599,97.810936,3.494550,3.491850,3.493248,0.002700,3.493050,3.493650,3.493350,3.493200,3.493200,3.493500,3.494250,3.492000,3.493050,3.493050,3.494100,3.491850,3.493800,3.493500,3.493650,3.492900,3.493650,3.493350,3.493950,3.492900,3.492300,3.493050,3.493350,3.493350,3.492900,3.493050,3.494550,3.492450,20.284906,19.774591,20.006310,19.986719,20.006922,20.037256,20.102930,19.941248,19.961451,20.006922,20.123133,,,,,,,19.956415,20.284906,19.774591,19.971552,19.900843,20.006922,20.032190,20.006922,0,0,0,0,0,0
183100,97.810783,3.494550,3.491850,3.493242,0.002700,3.493200,3.493650,3.493350,3.493200,3.493050,3.493500,3.494400,3.492000,3.492900,3.493050,3.494100,3.491850,3.493800,3.493500,3.493650,3.492900,3.493650,3.493350,3.493950,3.492900,3.492150,3.493050,3.493350,3.493350,3.492900,3.493050,3.494550,3.492450,20.284906,19.774591,20.005362,19.986719,20.006922,20.032190,20.102930,19.936213,19.961451,20.006922,20.123133,,,,,,,19.951349,20.284906,19.774591,19.971552,19.900843,20.006922,20.032190,20.006922,0,0,0,0,0,0
183601,97.810333,3.494400,3.491850,3.493226,0.002550,3.493050,3.493650,3.493350,3.493200,3.493050,3.493350,3.494400,3.492000,3.493050,3.493050,3.494100,3.491850,3.493800,3.493500,3.493500,3.492900,3.493650,3.493350,3.493950,3.492900,3.492150,3.493050,3.493350,3.493350,3.492900,3.493050,3.494400,3.492450,20.284906,19.774591,20.006310,19.981653,20.006922,20.032190,20.102930,19.941248,19.961451,20.006922,20.123133,,,,,,,19.951349,20.284906,19.774591,19.976618,19.900843,20.011988,20.032190,20.011988,0,0,0,0,0,0
184102,97.810486,3.494550,3.491850,3.493232,0.002700,3.493200,3.493650,3.493350,3.493200,3.493050,3.493350,3.494250,3.492000,3.493050,3.493050,3.494100,3.491850,3.493800,3.493500,3.493650,3.492900,3.493650,3.493350,3.493950,3.492900,3.492150,3.493050,3.493350,3.493350,3.492750,3.493050,3.494550,3.492450,20.289972,19.774591,20.006943,19.981653,20.006922,20.037256,20.102930,19.941248,19.961451,20.011988,20.128199,,,,,,,19.956415,20.289972,19.774591,19.971552,19.900843,20.006922,20.032190,20.006922,0,0,0,0,0,0
184603,97.810936,3.494400,3.491850,3.493248,0.002550,3.493200,3.493650,3.493350,3.493200,3.493050,3.493350,3.494400,3.492000,3.493050,3.493050,3.494100,3.491850,3.493800,3.493650,3.493650,3.492900,3.493650,3.493350,3.493950,3.492900,3.492300,3.493050,3.493350,3.493350,3.492900,3.493050,3.494400,3.492450,20.289972,19.774591,20.006626,19.986719,20.006922,20.037256,20.102930,19.941248,19.961451,20.006922,20.128199,,,,,,,19.951349,20.289972,19.774591,19.971552,19.900843,20.006922,20.032190,20.006922,0,0,0,0,0,0
185104,97.810028,3.494550,3.491850,3.493215,0.002700,3.493200,3.493650,3.493350,3.493200,3.493050,3.493350,3.494250,3.492000,3.492900,3.493050,3.494100,3.491850,3.493800,3.493500,3.493650,3.492900,3.493650,3.493200,3.493950,3.492900,3.492150,3.492900,3.493350,3.493350,3.492750,3.493050,3.494550,3.492450,20.289972,19.774591,20.006943,19.986719,20.006922,20.037256,20.102930,19.941248,19.961451,20.011988,20.123133,,,,,,,19.956415,20.289972,19.774591,19.971552,19.900843,20.006922,20.032190,20.006922,0,0,0,0,0,0
185605,97.810188,3.494400,3.491850,3.493221,0.002550,3.493050,3.493650,3.493350,3.493050,3.493050,3.493350,3.494400,3.492000,3.492900,3.493050,3.494100,3.491850,3.493800,3.493500,3.493650,3.492900,3.493650,3.493350,3.493950,3.492900,3.492150,3.493050,3.493350,3.493350,3.492900,3.493050,3.494400,3.492450,20.289972,19.774591,20.007576,19.986719,20.006922,20.037256,20.102930,19.941248,19.961451,20.011988,20.128199,,,,,,,19.956415,20.289972,19.774591,19.976618,19.900843,20.006922,20.032190,20.006922,0,0,0,0,0,0
186106,97.810341,3.494550,3.491850,3.493227,0.002700,3.493200,3.493650,3.493350,3.493200,3.493050,3.493350,3.494400,3.492000,3.492900,3.492900,3.494100,3.491850,3.493800,3.493500,3.493650,3.492900,3.493500,3.493350,3.493950,3.492900,3.492150,3.493050,3.493350,3.493350,3.492900,3.493050,3.494550,3.492450,20.284906,19.774591,20.006626,19.986719,20.006922,20.037256,20.102930,19.941248,19.961451,20.011988,20.128199,,,,,,,19.951349,20.284906,19.774591,19.971552,19.900843,20.006922,20.032190,20.006922,0,0,0,0,0,0
186607,97.810326,3.494550,3.491850,3.493226,0.002700,3.493050,3.493650,3.493350,3.493200,3.493050,3.493500,3.494250,3.492000,3.493050,3.493050,3.494100,3.491850,3.493800,3.493500,3.493650,3.492900,3.493650,3.493200,3.493950,3.492900,3.492150,3.492900,3.493350,3.493350,3.492900,3.493050,3.494550,3.492450,20.284906,19.774591,20.005993,19.986719,20.006922,20.037256,20.097864,19.941248,19.961451,20.011988,20.123133,,,,,,,19.951349,20.284906,19.774591,19.971552,19.900843,20.006922,20.032190,20.006922,0,0,0,0,0,0
187108,97.809578,3.494400,3.491850,3.493199,0.002550,3.493050,3.493650,3.493350,3.493200,3.493050,3.493350,3.494400,3.491850,3.492900,3.492900,3.493950,3.491850,3.493800,3.493500,3.493650,3.492900,3.493650,3.493200,3.493950,3.492900,3.492150,3.492900,3.493350,3.493350,3.492900,3.493050,3.494400,3.492450,20.284906,19.774591,20.006628,19.981653,20.006922,20.037256,20.102930,19.936213,19.961451,20.011988,20.128199,,,,,,,19.956415,20.284906,19.774591,19.976618,19.900843,20.006922,20.032190,20.006922,0,0,0,0,0,0
187609,97.809441,3.494400,3.491850,3.493194,0.002550,3.493050,3.493650,3.493200,3.493200,3.493050,3.493350,3.494250,3.492000,3.492900,3.492900,3.494100,3.491850,3.493800,3.493500,3.493650,3.492900,3.493500,3.493350,3.493950,3.492750,3.492150,3.493050,3.493350,3.493350,3.492750,3.493050,3.494400,3.492450,20.284906,19.774591,20.006943,19.986719,20.006922,20.032190,20.102930,19.941248,19.961451,20.011988,20.128199,,,,,,,19.956415,20.284906,19.774591,19.976618,19.900843,20.006922,20.032190,20.006922,0,0,0,0,0,0
188110,97.810188,3.494550,3.491850,3.493221,0.002700,3.493200,3.493650,3.493350,3.493200,3.493050,3.493500,3.494400,3.492000,3.492900,3.493050,3.494100,3.491850,3.493800,3.493500,3.493500,3.492900,3.493500,3.493200,3.493950,3.492900,3.492150,3.493050,3.493350,3.493350,3.492900,3.492900,3.494550,3.492450,20.284906,19.774591,20.006626,19.986719,20.006922,20.032190,20.102930,19.941248,19.961451,20.011988,20.128199,,,,,,,19.956415,20.284906,19.774591,19.971552,19.900843,20.006922,20.032190,20.006922,0,0,0,0,0,0
188611,97.809433,3.494400,3.491850,3.493194,0.002550,3.493050,3.493650,3.493350,3.493200,3.493050,3.493350,3.494250,3.492000,3.492900,3.493050,3.493950,3.491850,3.493800,3.493500,3.493650,3.492900,3.493500,3.493200,3.493800,3.492900,3.492150,3.493050,3.493350,3.493350,3.492750,3.493050,3.494400,3.492450,20.284906,19.774591,20.006943,19.981653,20.006922,20.032190,20.102930,19.941248,19.961451,20.011988,20.128199,,,,,,,19.956415,20.284906,19.774591,19.971552,19.905909,20.006922,20.032190,20.011988,0,0,0,0,0,0
189111,97.809883,3.494550,3.491850,3.493210,0.002700,3.493050,3.493650,3.493350,3.493200,3.492900,3.493350,3.494250,3.492000,3.492900,3.492900,3.494100,3.491850,3.493800,3.493500,3.493500,3.492900,3.493650,3.493350,3.493950,3.492900,3.492150,3.493050,3.493350,3.493350,3.492900,3.493050,3.494550,3.492450,20.284906,19.774591,20.006943,19.986719,20.006922,20.037256,20.102930,19.941248,19.961451,20.011988,20.128199,,,,,,,19.956415,20.284906,19.774591,19.971552,19.900843,20.006922,20.032190,20.006922,0,0,0,0,0,0
189613,97.809586,3.494400,3.491850,3.493200,0.002550,3.493050,3.493650,3.493200,3.493200,3.493050,3.493350,3.494400,3.492000,3.493050,3.492900,3.494100,3.491850,3.493800,3.493500,3.493500,3.492900,3.493500,3.493350,3.493950,3.492900,3.492150,3.493050,3.493350,3.493350,3.492900,3.492900,3.494400,3.492300,20.284906,19.774591,20.006943,19.986719,20.006922,20.037256,20.102930,19.941248,19.961451,20.011988,20.128199,,,,,,,19.956415,20.284906,19.774591,19.971552,19.900843,20.006922,20.032190,20.006922,0,0,0,0,0,0
190114,97.808846,3.494400,3.491850,3.493173,0.002550,3.493050,3.493650,3.493200,3.493200,3.493050,3.493350,3.494250,3.491850,3.492900,3.492900,3.494100,3.491850,3.493650,3.493500,3.493650,3.492900,3.493500,3.493350,3.493950,3.492900,3.492150,3.492900,3.493350,3.493200,3.492750,3.493050,3.494400,3.492300,20.284906,19.774591,20.007576,19.986719,20.006922,20.037256,20.102930,19.941248,19.961451,20.011988,20.128199,,,,,,,19.956415,20.284906,19.774591,19.976618,19.900843,20.006922,20.032190,20.011988,0,0,0,0,0,0
190615,97.809288,3.494400,3.491850,3.493189,0.002550,3.493050,3.493650,3.493350,3.493200,3.493050,3.493350,3.494250,3.492000,3.492900,3.492900,3.494100,3.491850,3.493800,3.493500,3.493500,3.492900,3.493650,3.493200,3.493950,3.492750,3.492150,3.493050,3.493350,3.493350,3.492750,3.492900,3.494400,3.492450,20.284906,19.774591,20.006943,19.986719,20.006922,20.037256,20.102930,19.941248,19.961451,20.011988,20.128199,,,,,,,19.956415,20.284906,19.774591,19.971552,19.900843,20.006922,20.032190,20.006922,0,0,0,0,0,0
191116,97.808395,3.494400,3.491700,3.493157,0.002700,3.493050,3.493650,3.493200,3.493200,3.493050,3.493350,3.494250,3.491850,3.492900,3.492900,3.493950,3.491700,3.493800,3.493500,3.493500,3.492900,3.493500,3.493350,3.493800,3.492750,3.492150,3.492900,3.493350,3.493350,3.492750,3.493050,3.494400,3.492300,20.289972,19.774591,20.007259,19.986719,20.006922,20.037256,20.102930,19.941248,19.961451,20.011988,20.128199,,,,,,,19.956415,20.289972,19.774591,19.971552,19.900843,20.006922,20.032190,20.006922,0,0,0,0,0,0
191617,97.808693,3.494400,3.491850,3.493168,0.002550,3.493200,3.493650,3.493200,3.493200,3.493050,3.493350,3.494250,3.491850,3.492900,3.492900,3.493950,3.491850,3.493800,3.493500,3.493500,3.492900,3.493650,3.493200,3.493950,3.492750,3.492150,3.492900,3.493350,3.493350,3.492750,3.492900,3.494400,3.492300,20.284906,19.779657,20.007259,19.986719,20.006922,20.037256,20.102930,19.941248,19.961451,20.011988,20.128199,,,,,,,19.956415,20.284906,19.779657,19.971552,19.900843,20.006922,20.032190,20.006922,0,0,0,0,0,0
192118,97.808540,3.494400,3.491700,3.493162,0.002700,3.493050,3.493650,3.493200,3.493200,3.493050,3.493350,3.494250,3.491850,3.492900,3.492900,3.494100,3.491700,3.493800,3.493500,3.493500,3.492900,3.493500,3.493200,3.493950,3.492750,3.492150,3.492900,3.493350,3.493350,3.492750,3.492900,3.494400,3.492450,20.289972,19.774591,20.007891,19.986719,20.006922,20.037256,20.102930,19.941248,19.961451,20.017023,20.128199,,,,,,,19.956415,20.289972,19.774591,19.976618,19.900843,20.006922,20.032190,20.006922,0,0,0,0,0,0
192619,97.809151,3.494400,3.491850,3.493184,0.002550,3.493200,3.493650,3.493200,3.493200,3.493050,3.493500,3.494250,3.491850,3.492900,3.492900,3.493950,3.491850,3.493650,3.493500,3.493500,3.492900,3.493500,3.493350,3.493950,3.492900,3.492150,3.493050,3.493350,3.493350,3.492750,3.493050,3.494400,3.492300,20.289972,19.774591,20.007259,19.986719,20.006922,20.037256,20.102930,19.936213,19.961451,20.017023,20.128199,,,,,,,19.956415,20.289972,19.774591,19.971552,19.900843,20.006922,20.032190,20.006922,0,0,0,0,0,0
193120,97.809135,3.494400,3.491850,3.493183,0.002550,3.493200,3.493650,3.493200,3.493050,3.493050,3.493350,3.494250,3.492000,3.492900,3.493050,3.494100,3.491850,3.493650,3.493500,3.493500,3.492900,3.493500,3.493200,3.493950,3.492750,3.492150,3.493050,3.493350,3.493350,3.492750,3.493050,3.494400,3.492450,20.284906,19.774591,20.007889,19.986719,20.006922,20.037256,20.102930,19.941248,19.961451,20.017023,20.128199,,,,,,,19.961451,20.284906,19.774591,19.976618,19.900843,20.006922,20.032190,20.006922,0,0,0,0,0,0
193621,97.808380,3.494400,3.491700,3.493156,0.002700,3.493050,3.493650,3.493200,3.493200,3.493050,3.493350,3.494250,3.491850,3.492900,3.492900,3.493950,3.491700,3.493650,3.493500,3.493500,3.492900,3.493650,3.493200,3.493800,3.492900,3.492150,3.492900,3.493350,3.493350,3.492900,3.492900,3.494400,3.492300,20.284906,19.779657,20.007891,19.986719,20.006922,20.037256,20.102930,19.941248,19.961451,20.017023,20.128199,,,,,,,19.956415,20.284906,19.779657,19.971552,19.900843,20.006922,20.032190,20.011988,0,0,0,0,0,0
194122,97.808098,3.494400,3.491700,3.493146,0.002700,3.493050,3.493650,3.493200,3.493200,3.493050,3.493350,3.494250,3.491850,3.492900,3.492900,3.493950,3.491700,3.493800,3.493350,3.493500,3.492900,3.493500,3.493200,3.493950,3.492750,3.492150,3.492900,3.493350,3.493200,3.492750,3.493050,3.494400,3.492300,20.289972,19.779657,20.007891,19.986719,20.006922,20.037256,20.102930,19.941248,19.961451,20.017023,20.128199,,,,,,,19.956415,20.289972,19.779657,19.971552,19.900843,20.006922,20.032190,20.006922,0,0,0,0,0,0
194623,97.808403,3.494400,3.491850,3.493157,0.002550,3.493050,3.493500,3.493200,3.493200,3.493050,3.493350,3.494250,3.491850,3.492900,3.492900,3.493950,3.491850,3.493650,3.493500,3.493500,3.492900,3.493500,3.493350,3.493800,3.492750,3.492150,3.493050,3.493350,3.493350,3.492750,3.493050,3.494400,3.492300,20.289972,19.774591,20.008205,19.986719,20.006922,20.032190,20.102930,19.941248,19.961451,20.022089,20.128199,,,,,,,19.961451,20.289972,19.774591,19.971552,19.900843,20.011988,20.032190,20.006922,0,0,0,0,0,0
195124,97.808540,3.494400,3.491850,3.493162,0.002550,3.493050,3.493650,3.493200,3.493200,3.493050,3.493350,3.494250,3.491850,3.492900,3.493050,3.494100,3.491850,3.493650,3.493500,3.493500,3.492900,3.493500,3.493200,3.493800,3.492750,3.492150,3.493050,3.493350,3.493350,3.492750,3.492900,3.494400,3.492300,20.289972,19.774591,20.007574,19.986719,20.006922,20.037256,20.102930,19.941248,19.961451,20.017023,20.123133,,,,,,,19.956415,20.289972,19.774591,19.971552,19.900843,20.006922,20.032190,20.011988,0,0,0,0,0,0
195625,97.807945,3.494400,3.491850,3.493141,0.002550,3.493050,3.493650,3.493200,3.493200,3.493050,3.493350,3.494250,3.491850,3.492900,3.492900,3.493950,3.491850,3.493650,3.493500,3.493500,3.492750,3.493500,3.493200,3.493950,3.492750,3.492150,3.492900,3.493200,3.493350,3.492750,3.492900,3.494400,3.492300,20.289972,19.779657,20.009155,19.986719,20.006922,20.037256,20.102930,19.941248,19.961451,20.022089,20.128199,,,,,,,19.961451,20.289972,19.779657,19.971552,19.900843,20.011988,20.032190,20.011988,0,0,0,0,0,0
196126,97.807663,3.494400,3.491700,3.493131,0.002700,3.493050,3.493500,3.493200,3.493050,3.492900,3.493350,3.494250,3.491850,3.492900,3.492900,3.493950,3.491700,3.493800,3.493500,3.493500,3.492750,3.493500,3.493350,3.493950,3.492750,3.492150,3.493050,3.493200,3.493200,3.492750,3.492900,3.494400,3.492300,20.289972,19.779657,20.008522,19.986719,20.006922,20.037256,20.102930,19.941248,19.961451,20.022089,20.128199,,,,,,,19.961451,20.289972,19.779657,19.971552,19.900843,20.006922,20.032190,20.006922,0,0,0,0,0,0
196627,97.808243,3.494400,3.491700,3.493151,0.002700,3.493050,3.493650,3.493200,3.493200,3.493050,3.493350,3.494250,3.491850,3.492900,3.492900,3.493950,3.491700,3.493650,3.493500,3.493500,3.492900,3.493500,3.493200,3.493950,3.492900,3.492150,3.493050,3.493350,3.493200,3.492750,3.492900,3.494400,3.492300,20.289972,19.779657,20.009155,19.986719,20.006922,20.037256,20.102930,19.941248,19.961451,20.022089,20.128199,,,,,,,19.961451,20.289972,19.779657,19.976618,19.900843,20.006922,20.032190,20.011988,0,0,0,0,0,0
197128,97.808235,3.494400,3.491700,3.493151,0.002700,3.493050,3.493650,3.493200,3.493200,3.493050,3.493350,3.494250,3.491850,3.492900,3.492900,3.493950,3.491700,3.493650,3.493500,3.493500,3.492900,3.493500,3.493200,3.493950,3.492900,3.492150,3.492900,3.493350,3.493350,3.492750,3.492900,3.494400,3.492300,20.289972,19.779657,20.009155,19.986719,20.006922,20.037256,20.102930,19.941248,19.961451,20.022089,20.128199,,,,,,,19.961451,20.289972,19.779657,19.976618,19.905909,20.006922,20.032190,20.006922,0,0,0,0,0,0
197629,97.808540,3.494400,3.491850,3.493162,0.002550,3.493050,3.493650,3.493200,3.493200,3.493050,3.493350,3.494250,3.491850,3.492900,3.492900,3.493950,3.491850,3.493800,3.493500,3.493500,3.492900,3.493500,3.493200,3.493800,3.492750,3.492150,3.493050,3.493350,3.493350,3.492750,3.492900,3.494400,3.492450,20.289972,19.779657,20.008207,19.986719,20.006922,20.037256,20.102930,19.936213,19.961451,20.022089,20.128199,,,,,,,19.961451,20.289972,19.779657,19.971552,19.900843,20.006922,20.032190,20.006922,0,0,0,0,0,0
198130,97.807495,3.494250,3.491700,3.493125,0.002550,3.493050,3.493650,3.493200,3.493050,3.493050,3.493350,3.494250,3.491850,3.492900,3.492900,3.493950,3.491700,3.493650,3.493500,3.493500,3.492900,3.493500,3.493200,3.493800,3.492750,3.492150,3.492900,3.493350,3.493200,3.492750,3.492900,3.494250,3.492300,20.289972,19.779657,20.009153,19.986719,20.006922,20.037256,20.102930,19.941248,19.961451,20.027124,20.128199,,,,,,,19.961451,20.289972,19.779657,19.976618,19.900843,20.006922,20.032190,20.006922,0,0,0,0,0,0
198631,97.807495,3.494400,3.491700,3.493125,0.002700,3.493050,3.493650,3.493200,3.493050,3.492900,3.493350,3.494250,3.491850,3.492900,3.492900,3.493950,3.491700,3.493650,3.493350,3.493500,3.492900,3.493500,3.493200,3.493800,3.492750,3.492150,3.492900,3.493350,3.493350,3.492750,3.492900,3.494400,3.492300,20.289972,19.779657,20.008522,19.986719,20.006922,20.032190,20.102930,19.941248,19.961451,20.022089,20.123133,,,,,,,19.961451,20.289972,19.779657,19.976618,19.900843,20.011988,20.032190,20.006922,0,0,0,0,0,0
199132,97.807648,3.494400,3.491700,3.493130,0.002700,3.493050,3.493650,3.493200,3.493050,3.493050,3.493350,3.494250,3.491850,3.492900,3.492900,3.493950,3.491700,3.493650,3.493500,3.493500,3.492900,3.493500,3.493200,3.493800,3.492750,3.492150,3.492900,3.493200,3.493350,3.492750,3.492900,3.494400,3.492300,20.289972,19.774591,20.008522,19.986719,20.006922,20.037256,20.102930,19.941248,19.961451,20.022089,20.128199,,,,,,,19.961451,20.289972,19.774591,19.971552,19.900843,20.006922,20.037256,20.006922,0,0,0,0,0,0
199633,97.807640,3.494400,3.491700,3.493130,0.002700,3.493050,3.493650,3.493200,3.493200,3.492900,3.493350,3.494250,3.491850,3.492900,3.492900,3.493950,3.491700,3.493650,3.493500,3.493500,3.492750,3.493500,3.493200,3.493950,3.492750,3.492150,3.492900,3.493200,3.493350,3.492750,3.492900,3.494400,3.492300,20.289972,19.779657,20.008522,19.986719,20.006922,20.037256,20.102930,19.941248,19.961451,20.022089,20.128199,,,,,,,19.961451,20.289972,19.779657,19.971552,19.900843,20.006922,20.032190,20.006922,0,0,0,0,0,0
200134,97.807198,3.494400,3.491700,3.493114,0.002700,3.493050,3.493650,3.493200,3.493050,3.492900,3.493350,3.494250,3.491850,3.492900,3.492900,3.493950,3.491700,3.493650,3.493500,3.493500,3.492750,3.493500,3.493200,3.493800,3.492750,3.492150,3.492900,3.493200,3.493200,3.492750,3.492900,3.494400,3.492300,20.289972,19.774591,20.008520,19.986719,20.006922,20.037256,20.102930,19.941248,19.961451,20.027124,20.128199,,,,,,,19.961451,20.289972,19.774591,19.971552,19.900843,20.006922,20.032190,20.006922,0,0,0,0,0,0
200635,97.807198,3.494400,3.491700,3.493114,0.002700,3.493050,3.493500,3.493200,3.493050,3.492900,3.493350,3.494250,3.491850,3.492900,3.492900,3.493950,3.491700,3.493650,3.493500,3.493500,3.492750,3.493350,3.493200,3.493800,3.492750,3.492150,3.492900,3.493200,3.493350,3.492750,3.493050,3.494400,3.492300,20.289972,19.779657,20.009470,19.986719,20.006922,20.037256,20.102930,19.941248,19.961451,20.027124,20.128199,,,,,,,19.961451,20.289972,19.779657,19.971552,19.900843,20.011988,20.032190,20.011988,0,0,0,0,0,0
201135,97.807640,3.494250,3.491700,3.493130,0.002550,3.493050,3.493650,3.493200,3.493200,3.493050,3.493350,3.494250,3.491850,3.492900,3.492900,3.493950,3.491700,3.493650,3.493500,3.493500,3.492750,3.493500,3.493200,3.493800,3.492750,3.492150,3.492900,3.493350,3.493200,3.492750,3.493050,3.494250,3.492300,20.289972,19.779657,20.009155,19.986719,20.006922,20.037256,20.102930,19.936213,19.961451,20.027124,20.128199,,,,,,,19.961451,20.289972,19.779657,19.976618,19.905909,20.006922,20.032190,20.006922,0,0,0,0,0,0
201637,97.807343,3.494400,3.491700,3.493119,0.002700,3.493050,3.493500,3.493200,3.493200,3.493050,3.493350,3.494250,3.491850,3.492900,3.492900,3.493950,3.491700,3.493650,3.493350,3.493500,3.492750,3.493500,3.493200,3.493800,3.492750,3.492150,3.492900,3.493350,3.493200,3.492750,3.492900,3.494400,3.492300,20.289972,19.779657,20.009470,19.986719,20.006922,20.037256,20.102930,19.941248,19.961451,20.027124,20.128199,,,,,,,19.961451,20.289972,19.779657,19.976618,19.900843,20.011988,20.032190,20.006922,0,0,0,0,0,0
202138,97.807198,3.494400,3.491850,3.493114,0.002550,3.493050,3.493500,3.493200,3.493050,3.493050,3.493350,3.494250,3.491850,3.492900,3.492900,3.493950,3.491850,3.493650,3.493500,3.493500,3.492750,3.493500,3.493200,3.493800,3.492750,3.492000,3.492900,3.493200,3.493200,3.492750,3.492900,3.494400,3.492300,20.289972,19.779657,20.009470,19.986719,20.006922,20.037256,20.102930,19.941248,19.961451,20.027124,20.128199,,,,,,,19.961451,20.289972,19.779657,19.976618,19.900843,20.011988,20.032190,20.006922,0,0,0,0,0,0
202639,97.806892,3.494400,3.491700,3.493103,0.002700,3.493050,3.493650,3.493200,3.493200,3.492900,3.493350,3.494250,3.491700,3.492900,3.492900,3.493950,3.491700,3.493650,3.493350,3.493500,3.492750,3.493500,3.493200,3.493800,3.492750,3.492000,3.492900,3.493200,3.493200,3.492750,3.492900,3.494400,3.492300,20.289972,19.779657,20.009470,19.986719,20.006922,20.037256,20.102930,19.941248,19.961451,20.027124,20.128199,,,,,,,19.961451,20.289972,19.779657,19.971552,19.905909,20.006922,20.032190,20.011988,0,0,0,0,0,0
203139,97.807198,3.494250,3.491700,3.493114,0.002550,3.493050,3.493500,3.493200,3.493200,3.492900,3.493350,3.494250,3.491850,3.492900,3.492900,3.493950,3.491700,3.493650,3.493500,3.493500,3.492900,3.493500,3.493200,3.493800,3.492750,3.492150,3.492900,3.493200,3.493200,3.492750,3.492900,3.494250,3.492300,20.289972,19.779657,20.009470,19.986719,20.006922,20.037256,20.102930,19.941248,19.961451,20.027124,20.128199,,,,,,,19.961451,20.289972,19.779657,19.971552,19.905909,20.006922,20.037256,20.006922,0,0,0,0,0,0
203641,97.806755,3.494400,3.491700,3.493098,0.002700,3.493050,3.493500,3.493200,3.493050,3.492900,3.493350,3.494250,3.491850,3.492900,3.492900,3.493950,3.491700,3.493650,3.493350,3.493500,3.492750,3.493350,3.493200,3.493800,3.492750,3.492150,3.492900,3.493200,3.493200,3.492750,3.492900,3.494400,3.492300,20.289972,19.779657,20.009153,19.986719,20.006922,20.037256,20.102930,19.941248,19.961451,20.027124,20.128199,,,,,,,19.961451,20.289972,19.779657,19.976618,19.900843,20.006922,20.032190,20.006922,0,0,0,0,0,0
204142,97.807045,3.494400,3.491700,3.493109,0.002700,3.493050,3.493650,3.493200,3.493050,3.493050,3.493350,3.494250,3.491850,3.492750,3.492900,3.493950,3.491700,3.493650,3.493350,3.493500,3.492750,3.493500,3.493200,3.493800,3.492750,3.492150,3.492900,3.493200,3.493200,3.492750,3.492900,3.494400,3.492300,20.289972,19.779657,20.010103,19.986719,20.006922,20.037256,20.102930,19.941248,19.966516,20.027124,20.128199,,,,,,,19.961451,20.289972,19.779657,19.976618,19.900843,20.011988,20.037256,20.006922,0,0,0,0,0,0
204643,97.806747,3.494400,3.491700,3.493098,0.002700,3.493050,3.493500,3.493200,3.493050,3.492900,3.493200,3.494250,3.491850,3.492900,3.492900,3.493950,3.491700,3.493650,3.493350,3.493500,3.492750,3.493500,3.493200,3.493800,3.492750,3.492150,3.492900,3.493200,3.493200,3.492750,3.492900,3.494400,3.492300,20.289972,19.779657,20.010103,19.986719,20.006922,20.037256,20.102930,19.941248,19.961451,20.027124,20.128199,,,,,,,19.961451,20.289972,19.779657,19.976618,19.905909,20.011988,20.032190,20.011988,0,0,0,0,0,0
205144,97.806747,3.494250,3.491700,3.493098,0.002550,3.493050,3.493500,3.493200,3.493200,3.492900,3.493350,3.494250,3.491850,3.492750,3.492900,3.493950,3.491700,3.493650,3.493350,3.493500,3.492750,3.493500,3.493200,3.493800,3.492750,3.492150,3.492900,3.493200,3.493200,3.492750,3.492900,3.494250,3.492300,20.289972,19.779657,20.010103,19.986719,20.006922,20.037256,20.107996,19.941248,19.961451,20.027124,20.128199,,,,,,,19.961451,20.289972,19.779657,19.976618,19.905909,20.006922,20.037256,20.006922,0,0,0,0,0,0
205645,97.806892,3.494250,3.491700,3.493103,0.002550,3.493050,3.493500,3.493200,3.493200,3.492900,3.493350,3.494250,3.491850,3.492750,3.492900,3.493950,3.491700,3.493650,3.493500,3.493500,3.492750,3.493500,3.493200,3.493800,3.492750,3.492150,3.492900,3.493200,3.493200,3.492750,3.492900,3.494250,3.492300,20.289972,19.779657,20.009470,19.986719,20.006922,20.037256,20.102930,19.941248,19.961451,20.027124,20.128199,,,,,,,19.961451,20.289972,19.779657,19.971552,19.905909,20.011988,20.032190,20.006922,0,0,0,0,0,0
206146,97.806892,3.494400,3.491700,3.493103,0.002700,3.493050,3.493500,3.493200,3.493050,3.493050,3.493350,3.494250,3.491850,3.492900,3.492900,3.493950,3.491700,3.493650,3.493500,3.493500,3.492750,3.493500,3.493200,3.493800,3.492750,3.492000,3.492900,3.493200,3.493200,3.492600,3.492900,3.494400,3.492300,20.289972,19.779657,20.010103,19.986719,20.006922,20.037256,20.107996,19.941248,19.961451,20.027124,20.128199,,,,,,,19.966516,20.289972,19.779657,19.971552,19.905909,20.006922,20.037256,20.006922,0,0,0,0,0,0
206647,97.806892,3.494250,3.491700,3.493103,0.002550,3.493050,3.493500,3.493200,3.493200,3.493050,3.493350,3.494250,3.491850,3.492900,3.492900,3.493950,3.491700,3.493650,3.493350,3.493500,3.492750,3.493500,3.493200,3.493800,3.492750,3.492000,3.492900,3.493200,3.493200,3.492750,3.492900,3.494250,3.492300,20.289972,19.779657,20.010103,19.986719,20.006922,20.037256,20.102930,19.941248,19.961451,20.027124,20.128199,,,,,,,19.966516,20.289972,19.779657,19.976618,19.905909,20.006922,20.037256,20.006922,0,0,0,0,0,0
207148,97.806892,3.494250,3.491700,3.493103,0.002550,3.493050,3.493650,3.493200,3.493050,3.492900,3.493350,3.494250,3.491850,3.492900,3.492900,3.493950,3.491700,3.493650,3.493350,3.493500,3.492750,3.493500,3.493200,3.493800,3.492750,3.492000,3.492900,3.493350,3.493200,3.492750,3.492900,3.494250,3.492300,20.289972,19.779657,20.010736,19.986719,20.006922,20.037256,20.102930,19.941248,19.961451,20.032190,20.128199,,,,,,,19.966516,20.289972,19.779657,19.976618,19.905909,20.006922,20.037256,20.011988,0,0,0,0,0,0
207649,97.806900,3.494400,3.491700,3.493104,0.002700,3.493050,3.493500,3.493200,3.493050,3.492900,3.493350,3.494250,3.491850,3.492900,3.492900,3.493950,3.491700,3.493650,3.493500,3.493350,3.492900,3.493500,3.493200,3.493800,3.492750,3.492000,3.492900,3.493200,3.493200,3.492750,3.492900,3.494400,3.492300,20.289972,19.779657,20.010103,19.986719,20.006922,20.037256,20.102930,19.941248,19.961451,20.032190,20.128199,,,,,,,19.966516,20.289972,19.779657,19.971552,19.900843,20.006922,20.037256,20.011988,0,0,0,0,0,0
208150,97.806595,3.494250,3.491700,3.493093,0.002550,3.493050,3.493500,3.493200,3.493050,3.492900,3.493200,3.494250,3.491850,3.492750,3.492900,3.493950,3.491700,3.493650,3.493500,3.493500,3.492750,3.493500,3.493200,3.493800,3.492750,3.492150,3.492900,3.493200,3.493200,3.492750,3.492900,3.494250,3.492300,20.289972,19.779657,20.011370,19.986719,20.006922,20.037256,20.107996,19.941248,19.961451,20.032190,20.128199,,,,,,,19.966516,20.289972,19.779657,19.976618,19.905909,20.011988,20.037256,20.011988,0,0,0,0,0,0
208651,97.806297,3.494250,3.491700,3.493082,0.002550,3.493050,3.493500,3.493200,3.493050,3.492900,3.493200,3.494250,3.491850,3.492900,3.492900,3.493950,3.491700,3.493650,3.493350,3.493500,3.492750,3.493350,3.493200,3.493800,3.492750,3.492000,3.492900,3.493200,3.493200,3.492750,3.492900,3.494250,3.492300,20.289972,19.779657,20.009787,19.986719,20.006922,20.037256,20.102930,19.941248,19.961451,20.032190,20.128199,,,,,,,19.961451,20.289972,19.779657,19.971552,19.900843,20.006922,20.037256,20.011988,0,0,0,0,0,0
209152,97.806595,3.494400,3.491700,3.493093,0.002700,3.493050,3.493500,3.493200,3.493050,3.492900,3.493200,3.494250,3.491850,3.492900,3.492900,3.493950,3.491700,3.493650,3.493500,3.493350,3.492750,3.493500,3.493200,3.493800,3.492750,3.492000,3.492900,3.493200,3.493200,3.492750,3.492900,3.494400,3.492300,20.289972,19.779657,20.010420,19.986719,20.006922,20.032190,20.102930,19.941248,19.961451,20.032190,20.128199,,,,,,,19.966516,20.289972,19.779657,19.976618,19.905909,20.006922,20.037256,20.011988,0,0,0,0,0,0
209653,97.806595,3.494400,3.491700,3.493093,0.002700,3.493050,3.493500,3.493200,3.493050,3.492900,3.493200,3.494250,3.491850,3.492750,3.492900,3.493950,3.491700,3.493650,3.493350,3.493500,3.492750,3.493350,3.493200,3.493800,3.492750,3.492150,3.492900,3.493200,3.493350,3.492750,3.492900,3.494400,3.492300,20.289972,19.779657,20.010736,19.986719,20.006922,20.037256,20.107996,19.941248,19.961451,20.032190,20.128199,,,,,,,19.966516,20.289972,19.779657,19.971552,19.900843,20.011988,20.037256,20.011988,0,0,0,0,0,0
210154,97.806297,3.494250,3.491700,3.493082,0.002550,3.493050,3.493500,3.493050,3.493200,3.492900,3.493350,3.494100,3.491850,3.492750,3.492900,3.493950,3.491700,3.493650,3.493350,3.493500,3.492750,3.493500,3.493200,3.493800,3.492750,3.492000,3.492900,3.493200,3.493200,3.492750,3.492900,3.494250,3.492300,20.289972,19.779657,20.011370,19.986719,20.011988,20.037256,20.102930,19.941248,19.961451,20.032190,20.128199,,,,,,,19.966516,20.289972,19.779657,19.976618,19.905909,20.011988,20.037256,20.011988,0,0,0,0,0,0
210655,97.806152,3.494250,3.491700,3.493077,0.002550,3.492900,3.493500,3.493200,3.493050,3.492900,3.493350,3.494250,3.491850,3.492900,3.492900,3.493950,3.491700,3.493500,3.493350,3.493350,3.492750,3.493350,3.493200,3.493800,3.492750,3.492150,3.492900,3.493200,3.493200,3.492750,3.492900,3.494250,3.492300,20.289972,19.779657,20.011053,19.986719,20.006922,20.037256,20.107996,19.941248,19.961451,20.032190,20.128199,,,,,,,19.966516,20.289972,19.779657,19.976618,19.905909,20.006922,20.037256,20.011988,0,0,0,0,0,0
211156,97.806442,3.494250,3.491700,3.493087,0.002550,3.493050,3.493500,3.493200,3.493050,3.492900,3.493200,3.494250,3.491850,3.492900,3.492900,3.493950,3.491700,3.493650,3.493350,3.493500,3.492750,3.493500,3.493200,3.493800,3.492750,3.492000,3.492900,3.493200,3.493200,3.492750,3.492900,3.494250,3.492300,20.289972,19.779657,20.010420,19.986719,20.006922,20.037256,20.102930,19.941248,19.961451,20.032190,20.128199,,,,,,,19.966516,20.289972,19.779657,19.971552,19.905909,20.006922,20.037256,20.011988,0,0,0,0,0,0
211657,97.806442,3.494250,3.491700,3.493087,0.002550,3.493050,3.493500,3.493200,3.493050,3.492900,3.493350,3.494250,3.491850,3.492750,3.492900,3.493950,3.491700,3.493650,3.493350,3.493500,3.492750,3.493500,3.493200,3.493800,3.492750,3.492000,3.492900,3.493200,3.493200,3.492750,3.492900,3.494250,3.492300,20.289972,19.779657,20.010736,19.986719,20.006922,20.037256,20.102930,19.941248,19.961451,20.032190,20.128199,,,,,,,19.966516,20.289972,19.779657,19.971552,19.905909,20.011988,20.037256,20.011988,0,0,0,0,0,0
212158,97.806000,3.494400,3.491700,3.493071,0.002700,3.493050,3.493500,3.493200,3.493050,3.492900,3.493200,3.494250,3.491700,3.492750,3.492900,3.493800,3.491700,3.493500,3.493350,3.493500,3.492750,3.493350,3.493200,3.493800,3.492750,3.492150,3.492900,3.493200,3.493200,3.492750,3.492900,3.494400,3.492300,20.289972,19.779657,20.010736,19.986719,20.006922,20.037256,20.102930,19.941248,19.961451,20.032190,20.128199,,,,,,,19.966516,20.289972,19.779657,19.971552,19.905909,20.011988,20.037256,20.011988,0,0,0,0,0,0
212659,97.805695,3.494250,3.491700,3.493061,0.002550,3.492900,3.493500,3.493200,3.493050,3.492900,3.493200,3.494100,3.491850,3.492750,3.492900,3.493950,3.491700,3.493500,3.493350,3.493500,3.492750,3.493350,3.493200,3.493800,3.492750,3.492000,3.492900,3.493200,3.493200,3.492750,3.492900,3.494250,3.492300,20.289972,19.779657,20.010736,19.986719,20.006922,20.037256,20.102930,19.941248,19.961451,20.032190,20.128199,,,,,,,19.966516,20.289972,19.779657,19.971552,19.905909,20.011988,20.037256,20.011988,0,0,0,0,0,0
213160,97.805695,3.494250,3.491700,3.493061,0.002550,3.493050,3.493500,3.493200,3.493050,3.492900,3.493200,3.494250,3.491850,3.492750,3.492900,3.493800,3.491700,3.493650,3.493350,3.493350,3.492750,3.493350,3.493200,3.493800,3.492600,3.492000,3.492900,3.493200,3.493200,3.492750,3.492900,3.494250,3.492300,20.289972,19.784693,20.011368,19.986719,20.011988,20.037256,20.102930,19.941248,19.961451,20.032190,20.133265,,,,,,,19.966516,20.289972,19.784693,19.971552,19.905909,20.011988,20.037256,20.006922,0,0,0,0,0,0
213660,97.805405,3.494250,3.491700,3.493050,0.002550,3.493050,3.493500,3.493200,3.493050,3.492900,3.493200,3.494250,3.491850,3.492750,3.492900,3.493800,3.491700,3.493500,3.493350,3.493350,3.492750,3.493500,3.493050,3.493650,3.492750,3.492000,3.492750,3.493200,3.493200,3.492750,3.492900,3.494250,3.492300,20.289972,19.779657,20.011051,19.986719,20.006922,20.037256,20.102930,19.941248,19.961451,20.032190,20.128199,,,,,,,19.971552,20.289972,19.779657,19.976618,19.905909,20.011988,20.037256,20.006922,0,0,0,0,0,0
214162,97.805847,3.494250,3.491700,3.493066,0.002550,3.493050,3.493500,3.493200,3.493050,3.492900,3.493350,3.494250,3.491850,3.492900,3.492750,3.493800,3.491700,3.493650,3.493350,3.493500,3.492750,3.493500,3.493200,3.493650,3.492600,3.492000,3.492750,3.493200,3.493200,3.492750,3.492900,3.494250,3.492300,20.289972,19.779657,20.011053,19.986719,20.006922,20.037256,20.107996,19.941248,19.961451,20.032190,20.128199,,,,,,,19.966516,20.289972,19.779657,19.976618,19.900843,20.011988,20.037256,20.011988,0,0,0,0,0,0
214663,97.805840,3.494250,3.491700,3.493066,0.002550,3.493050,3.493500,3.493200,3.493050,3.492900,3.493200,3.494250,3.491850,3.492750,3.492750,3.493800,3.491700,3.493650,3.493350,3.493500,3.492750,3.493500,3.493200,3.493800,3.492600,3.492000,3.492900,3.493200,3.493200,3.492750,3.492900,3.494250,3.492300,20.289972,19.784693,20.011368,19.986719,20.006922,20.037256,20.107996,19.941248,19.961451,20.032190,20.128199,,,,,,,19.966516,20.289972,19.784693,19.976618,19.905909,20.011988,20.037256,20.006922,0,0,0,0,0,0
215164,97.806145,3.494250,3.491700,3.493077,0.002550,3.492900,3.493500,3.493200,3.493050,3.492900,3.493200,3.494250,3.491850,3.492750,3.492900,3.493950,3.491700,3.493650,3.493350,3.493500,3.492750,3.493500,3.493200,3.493800,3.492600,3.492150,3.492900,3.493200,3.493200,3.492750,3.492900,3.494250,3.492300,20.289972,19.784693,20.011051,19.986719,20.006922,20.037256,20.102930,19.941248,19.961451,20.032190,20.128199,,,,,,,19.966516,20.289972,19.784693,19.971552,19.905909,20.011988,20.037256,20.011988,0,0,0,0,0,0
215665,97.805397,3.494250,3.491700,3.493050,0.002550,3.492900,3.493500,3.493200,3.493050,3.492900,3.493200,3.494250,3.491850,3.492750,3.492900,3.493950,3.491700,3.493650,3.493350,3.493350,3.492750,3.493350,3.493050,3.493650,3.492750,3.492000,3.492900,3.493200,3.493200,3.492600,3.492900,3.494250,3.492300,20.289972,19.784693,20.011684,19.986719,20.006922,20.037256,20.107996,19.941248,19.961451,20.032190,20.128199,,,,,,,19.966516,20.289972,19.784693,19.976618,19.905909,20.011988,20.037256,20.011988,0,0,0,0,0,0
216166,97.805542,3.494250,3.491700,3.493055,0.002550,3.493050,3.493500,3.493200,3.493050,3.492900,3.493200,3.494100,3.491850,3.492750,3.492750,3.493950,3.491700,3.493650,3.493350,3.493500,3.492750,3.493350,3.493050,3.493800,3.492600,3.492000,3.492900,3.493200,3.493200,3.492750,3.492900,3.494250,3.492300,20.289972,19.779657,20.011053,19.986719,20.006922,20.037256,20.102930,19.941248,19.961451,20.032190,20.128199,,,,,,,19.966516,20.289972,19.779657,19.976618,19.905909,20.011988,20.037256,20.011988,0,0,0,0,0,0
216667,97.805847,3.494250,3.491700,3.493066,0.002550,3.493050,3.493500,3.493200,3.493050,3.492900,3.493200,3.494250,3.491850,3.492750,3.492900,3.493800,3.491700,3.493650,3.493350,3.493350,3.492750,3.493350,3.493200,3.493800,3.492750,3.492000,3.492900,3.493200,3.493200,3.492750,3.492900,3.494250,3.492300,20.289972,19.784693,20.011683,19.991755,20.006922,20.037256,20.107996,19.941248,19.961451,20.032190,20.128199,,,,,,,19.966516,20.289972,19.784693,19.976618,19.905909,20.006922,20.037256,20.011988,0,0,0,0,0,0
217168,97.804962,3.494400,3.491700,3.493034,0.002700,3.493050,3.493500,3.493050,3.492900,3.492900,3.493200,3.494100,3.491700,3.492750,3.492750,3.493800,3.491700,3.493500,3.493350,3.493500,3.492750,3.493350,3.493200,3.493800,3.492750,3.492000,3.492750,3.493200,3.493200,3.492750,3.492750,3.494400,3.492300,20.289972,19.779657,20.012001,19.986719,20.011988,20.037256,20.107996,19.941248,19.961451,20.032190,20.133265,,,,,,,19.971552,20.289972,19.779657,19.976618,19.905909,20.006922,20.037256,20.011988,0,0,0,0,0,0
217669,97.805099,3.494250,3.491700,3.493039,0.002550,3.492900,3.493500,3.493050,3.493050,3.492900,3.493200,3.494100,3.491850,3.492750,3.492900,3.493950,3.491700,3.493650,3.493350,3.493350,3.492750,3.493350,3.493200,3.493800,3.492600,3.492000,3.492750,3.493050,3.493200,3.492750,3.492900,3.494250,3.492300,20.289972,19.784693,20.011366,19.986719,20.011988,20.037256,20.107996,19.941248,19.961451,20.032190,20.128199,,,,,,,19.966516,20.289972,19.784693,19.971552,19.905909,20.006922,20.042292,20.006922,0,0,0,0,0,0
218170,97.805389,3.494250,3.491700,3.493050,0.002550,3.492900,3.493500,3.493050,3.493050,3.492750,3.493200,3.494250,3.491850,3.492750,3.492900,3.493950,3.491700,3.493650,3.493350,3.493500,3.492750,3.493350,3.493050,3.493800,3.492600,3.492000,3.492900,3.493200,3.493200,3.492750,3.492900,3.494250,3.492300,20.289972,19.784693,20.011366,19.986719,20.006922,20.037256,20.107996,19.941248,19.961451,20.032190,20.128199,,,,,,,19.971552,20.289972,19.784693,19.971552,19.905909,20.011988,20.037256,20.006922,0,0,0,0,0,0
218671,97.805702,3.494250,3.491700,3.493061,0.002550,3.493050,3.493500,3.493200,3.493050,3.492900,3.493200,3.494250,3.491850,3.492750,3.492900,3.493950,3.491700,3.493500,3.493350,3.493350,3.492750,3.493350,3.493050,3.493800,3.492600,3.492150,3.492900,3.493200,3.493200,3.492750,3.492900,3.494250,3.492300,20.295038,19.784693,20.012632,19.986719,20.011988,20.037256,20.107996,19.941248,19.961451,20.032190,20.128199,,,,,,,19.971552,20.295038,19.784693,19.976618,19.905909,20.011988,20.037256,20.011988,0,0,0,0,0,0
219172,97.805107,3.494250,3.491700,3.493040,0.002550,3.492900,3.493500,3.493200,3.493050,3.492900,3.493200,3.494100,3.491700,3.492900,3.492900,3.493950,3.491700,3.493500,3.493350,3.493350,3.492750,3.493350,3.493200,3.493800,3.492750,3.492000,3.492750,3.493200,3.493200,3.492600,3.492750,3.494250,3.492300,20.289972,19.784693,20.012314,19.986719,20.011988,20.037256,20.107996,19.941248,19.961451,20.032190,20.128199,,,,,,,19.971552,20.289972,19.784693,19.976618,19.905909,20.011988,20.042292,20.006922,0,0,0,0,0,0
219673,97.804955,3.494250,3.491550,3.493034,0.002700,3.492900,3.493500,3.493200,3.493050,3.492900,3.493350,3.494250,3.491850,3.492750,3.492750,3.493800,3.491550,3.493650,3.493350,3.493350,3.492750,3.493350,3.493200,3.493650,3.492750,3.492000,3.492750,3.493200,3.493200,3.492750,3.492750,3.494250,3.492150,20.289972,19.784693,20.011999,19.986719,20.006922,20.037256,20.107996,19.941248,19.961451,20.037256,20.128199,,,,,,,19.971552,20.289972,19.784693,19.976618,19.905909,20.011988,20.037256,20.006922,0,0,0,0,0,0
220174,97.804794,3.494250,3.491700,3.493028,0.002550,3.492900,3.493500,3.493050,3.493050,3.492900,3.493200,3.494250,3.491700,3.492750,3.492900,3.493800,3.491700,3.493650,3.493350,3.493350,3.492750,3.493350,3.493200,3.493650,3.492600,3.492000,3.492750,3.493200,3.493200,3.492750,3.492900,3.494250,3.492150,20.289972,19.784693,20.011999,19.986719,20.011988,20.037256,20.107996,19.941248,19.961451,20.032190,20.128199,,,,,,,19.971552,20.289972,19.784693,19.976618,19.905909,20.006922,20.037256,20.011988,0,0,0,0,0,0
220675,97.803894,3.494250,3.491700,3.492996,0.002550,3.492900,3.493500,3.493050,3.493050,3.492750,3.493200,3.494100,3.491700,3.492750,3.492750,3.493800,3.491700,3.493500,3.493350,3.493350,3.492750,3.493350,3.493050,3.493650,3.492600,3.492000,3.492750,3.493200,3.493200,3.492600,3.492900,3.494250,3.492150,20.289972,19.784693,20.011999,19.986719,20.011988,20.037256,20.102930,19.941248,19.961451,20.032190,20.128199,,,,,,,19.971552,20.289972,19.784693,19.976618,19.905909,20.011988,20.037256,20.011988,0,0,0,0,0,0
221176,97.804497,3.494250,3.491700,3.493018,0.002550,3.492900,3.493500,3.493200,3.493050,3.492900,3.493200,3.494100,3.491700,3.492750,3.492750,3.493800,3.491700,3.493650,3.493350,3.493350,3.492750,3.493350,3.493050,3.493650,3.492750,3.492000,3.492900,3.493200,3.493200,3.492600,3.492750,3.494250,3.492150,20.295038,19.784693,20.013262,19.991755,20.006922,20.037256,20.107996,19.941248,19.966516,20.037256,20.128199,,,,,,,19.971552,20.295038,19.784693,19.971552,19.905909,20.011988,20.042292,20.011988,0,0,0,0,0,0
221676,97.804337,3.494250,3.491700,3.493012,0.002550,3.492900,3.493500,3.493050,3.493050,3.492900,3.493200,3.494250,3.491700,3.492750,3.492750,3.493800,3.491700,3.493650,3.493200,3.493350,3.492750,3.493350,3.493200,3.493800,3.492600,3.492000,3.492750,3.493200,3.493050,3.492600,3.492900,3.494250,3.492150,20.289972,19.784693,20.012316,19.986719,20.011988,20.037256,20.102930,19.941248,19.961451,20.037256,20.128199,,,,,,,19.971552,20.289972,19.784693,19.976618,19.905909,20.011988,20.037256,20.011988,0,0,0,0,0,0
222178,97.804489,3.494250,3.491700,3.493017,0.002550,3.492900,3.493500,3.493200,3.492900,3.492750,3.493200,3.494100,3.491700,3.492750,3.492750,3.493800,3.491700,3.493650,3.493350,3.493350,3.492750,3.493350,3.493050,3.493800,3.492600,3.492000,3.492900,3.493200,3.493200,3.492750,3.492900,3.494250,3.492150,20.289972,19.784693,20.011683,19.986719,20.006922,20.037256,20.102930,19.941248,19.961451,20.032190,20.128199,,,,,,,19.971552,20.289972,19.784693,19.976618,19.905909,20.011988,20.037256,20.011988,0,0,0,0,0,0
222679,97.804352,3.494250,3.491700,3.493013,0.002550,3.492900,3.493500,3.493050,3.493050,3.492900,3.493200,3.494100,3.491700,3.492750,3.492750,3.493800,3.491700,3.493650,3.493350,3.493350,3.492750,3.493350,3.493050,3.493650,3.492600,3.492000,3.492750,3.493200,3.493200,3.492600,3.492900,3.494250,3.492300,20.295038,19.784693,20.013580,19.991755,20.011988,20.037256,20.107996,19.941248,19.961451,20.037256,20.133265,,,,,,,19.971552,20.295038,19.784693,19.976618,19.905909,20.011988,20.037256,20.011988,0,0,0,0,0,0
223180,97.803902,3.494250,3.491550,3.492996,0.002700,3.492900,3.493500,3.493050,3.492900,3.492900,3.493200,3.494250,3.491700,3.492750,3.492750,3.493950,3.491550,3.493500,3.493200,3.493350,3.492600,3.493350,3.493050,3.493650,3.492750,3.492000,3.492750,3.493050,3.493200,3.492750,3.492750,3.494250,3.492300,20.295038,19.784693,20.013264,19.986719,20.011988,20.037256,20.107996,19.941248,19.961451,20.037256,20.128199,,,,,,,19.971552,20.295038,19.784693,19.976618,19.905909,20.011988,20.042292,20.011988,0,0,0,0,0,0
223681,97.804344,3.494250,3.491700,3.493012,0.002550,3.492900,3.493500,3.493050,3.493050,3.492900,3.493200,3.494100,3.491700,3.492750,3.492900,3.493800,3.491700,3.493650,3.493350,3.493350,3.492750,3.493350,3.493050,3.493650,3.492600,3.492000,3.492750,3.493050,3.493200,3.492750,3.492900,3.494250,3.492150,20.295038,19.784693,20.012945,19.991755,20.011988,20.037256,20.107996,19.941248,19.961451,20.032190,20.128199,,,,,,,19.971552,20.295038,19.784693,19.976618,19.905909,20.006922,20.042292,20.011988,0,0,0,0,0,0
224182,97.804504,3.494250,3.491700,3.493018,0.002550,3.492900,3.493500,3.493050,3.493050,3.492900,3.493200,3.494100,3.491850,3.492750,3.492900,3.493800,3.491700,3.493650,3.493350,3.493350,3.492600,3.493350,3.493050,3.493800,3.492600,3.492000,3.492750,3.493200,3.493200,3.492600,3.492750,3.494250,3.492300,20.295038,19.784693,20.012947,19.986719,20.006922,20.037256,20.107996,19.941248,19.961451,20.037256,20.128199,,,,,,,19.971552,20.295038,19.784693,19.976618,19.905909,20.011988,20.042292,20.011988,0,0,0,0,0,0
224683,97.803902,3.494250,3.491550,3.492996,0.002700,3.492900,3.493500,3.493200,3.492900,3.492900,3.493200,3.494100,3.491850,3.492750,3.492750,3.493800,3.491550,3.493650,3.493350,3.493350,3.492600,3.493350,3.493050,3.493650,3.492600,3.492000,3.492750,3.493200,3.493200,3.492600,3.492750,3.494250,3.492150,20.295038,19.784693,20.013264,19.986719,20.006922,20.037256,20.107996,19.941248,19.961451,20.037256,20.128199,,,,,,,19.976618,20.295038,19.784693,19.976618,19.905909,20.011988,20.042292,20.011988,0,0,0,0,0,0
225184,97.804657,3.494250,3.491700,3.493023,0.002550,3.492900,3.493500,3.493050,3.493050,3.492900,3.493200,3.494100,3.491700,3.492750,3.492750,3.493800,3.491700,3.493650,3.493350,3.493350,3.492750,3.493350,3.493050,3.493800,3.492750,3.492000,3.492750,3.493200,3.493200,3.492750,3.492750,3.494250,3.492300,20.295038,19.784693,20.013580,19.986719,20.011988,20.037256,20.107996,19.941248,19.961451,20.037256,20.128199,,,,,,,19.976618,20.295038,19.784693,19.976618,19.905909,20.011988,20.042292,20.011988,0,0,0,0,0,0
225684,97.803299,3.494250,3.491550,3.492975,0.002700,3.492900,3.493500,3.493050,3.493050,3.492750,3.493200,3.494100,3.491700,3.492750,3.492750,3.493800,3.491550,3.493500,3.493350,3.493350,3.492600,3.493350,3.493050,3.493650,3.492600,3.492000,3.492750,3.493200,3.493050,3.492600,3.492750,3.494250,3.492150,20.295038,19.784693,20.013264,19.986719,20.006922,20.037256,20.107996,19.941248,19.961451,20.037256,20.128199,,,,,,,19.976618,20.295038,19.784693,19.976618,19.905909,20.011988,20.042292,20.011988,0,0,0,0,0,0
226186,97.803902,3.494250,3.491550,3.492996,0.002700,3.492900,3.493500,3.493050,3.492900,3.492750,3.493200,3.494100,3.491850,3.492750,3.492750,3.493800,3.491550,3.493650,3.493350,3.493350,3.492750,3.493350,3.493050,3.493650,3.492600,3.492000,3.492750,3.493200,3.493200,3.492600,3.492750,3.494250,3.492300,20.295038,19.784693,20.011999,19.986719,20.006922,20.037256,20.107996,19.941248,19.961451,20.037256,20.128199,,,,,,,19.971552,20.295038,19.784693,19.971552,19.905909,20.006922,20.037256,20.011988,0,0,0,0,0,0
226687,97.803894,3.494250,3.491550,3.492996,0.002700,3.492900,3.493500,3.493050,3.493050,3.492900,3.493200,3.494100,3.491850,3.492750,3.492750,3.493800,3.491550,3.493500,3.493350,3.493350,3.492600,3.493350,3.493050,3.493650,3.492600,3.492000,3.492900,3.493200,3.493050,3.492600,3.492900,3.494250,3.492150,20.289972,19.784693,20.013262,19.991755,20.011988,20.037256,20.107996,19.941248,19.961451,20.037256,20.128199,,,,,,,19.971552,20.289972,19.784693,19.976618,19.905909,20.011988,20.042292,20.011988,0,0,0,0,0,0
227188,97.803444,3.494250,3.491700,3.492980,0.002550,3.492900,3.493500,3.493050,3.492900,3.492900,3.493200,3.494100,3.491700,3.492750,3.492900,3.493800,3.491700,3.493500,3.493200,3.493350,3.492600,3.493350,3.493050,3.493650,3.492600,3.492000,3.492750,3.493050,3.493050,3.492600,3.492900,3.494250,3.492150,20.295038,19.784693,20.013578,19.986719,20.011988,20.037256,20.107996,19.941248,19.961451,20.042292,20.128199,,,,,,,19.976618,20.295038,19.784693,19.976618,19.905909,20.011988,20.042292,20.006922,0,0,0,0,0,0
227689,97.804039,3.494250,3.491700,3.493001,0.002550,3.492900,3.493500,3.493050,3.493050,3.492900,3.493200,3.494100,3.491850,3.492750,3.492750,3.493800,3.491700,3.493500,3.493350,3.493350,3.492600,3.493350,3.493050,3.493650,3.492600,3.492000,3.492900,3.493200,3.493050,3.492600,3.492900,3.494250,3.492150,20.295038,19.784693,20.013895,19.991755,20.011988,20.037256,20.107996,19.941248,19.961451,20.042292,20.133265,,,,,,,19.976618,20.295038,19.784693,19.976618,19.905909,20.006922,20.037256,20.011988,0,0,0,0,0,0
228190,97.803001,3.494250,3.491550,3.492964,0.002700,3.492900,3.493350,3.493050,3.492900,3.492750,3.493200,3.494100,3.491700,3.492750,3.492750,3.493800,3.491550,3.493500,3.493350,3.493350,3.492600,3.493350,3.493050,3.493650,3.492600,3.492000,3.492750,3.493200,3.493050,3.492600,3.492750,3.494250,3.492150,20.295038,19.789759,20.014212,19.986719,20.011988,20.037256,20.107996,19.941248,19.961451,20.042292,20.133265,,,,,,,19.976618,20.295038,19.789759,19.976618,19.905909,20.006922,20.042292,20.011988,0,0,0,0,0,0
228691,97.802994,3.494250,3.491550,3.492964,0.002700,3.492900,3.493500,3.493050,3.493050,3.492750,3.493200,3.494100,3.491700,3.492750,3.492750,3.493800,3.491550,3.493500,3.493200,3.493350,3.492600,3.493350,3.493050,3.493650,3.492600,3.492000,3.492750,3.493050,3.493050,3.492600,3.492750,3.494250,3.492150,20.289972,19.784693,20.013578,19.986719,20.006922,20.037256,20.107996,19.941248,19.961451,20.042292,20.133265,,,,,,,19.976618,20.289972,19.784693,19.976618,19.905909,20.011988,20.042292,20.011988,0,0,0,0,0,0
229192,97.803604,3.494250,3.491550,3.492986,0.002700,3.492900,3.493500,3.493050,3.493050,3.492900,3.493200,3.494100,3.491700,3.492750,3.492750,3.493800,3.491550,3.493500,3.493350,3.493350,3.492750,3.493350,3.493050,3.493650,3.492600,3.492000,3.492750,3.493200,3.493050,3.492600,3.492750,3.494250,3.492150,20.289972,19.784693,20.013578,19.986719,20.011988,20.037256,20.107996,19.941248,19.961451,20.042292,20.133265,,,,,,,19.976618,20.289972,19.784693,19.976618,19.905909,20.006922,20.042292,20.011988,0,0,0,0,0,0
229693,97.803444,3.494250,3.491700,3.492980,0.002550,3.492900,3.493500,3.493050,3.492900,3.492750,3.493200,3.494100,3.491850,3.492900,3.492750,3.493800,3.491700,3.493500,3.493200,3.493350,3.492600,3.493350,3.493050,3.493650,3.492600,3.492000,3.492750,3.493200,3.493050,3.492600,3.492750,3.494250,3.492150,20.295038,19.784693,20.014212,19.986719,20.011988,20.037256,20.107996,19.941248,19.966516,20.042292,20.133265,,,,,,,19.976618,20.295038,19.784693,19.976618,19.905909,20.011988,20.042292,20.006922,0,0,0,0,0,0
230194,97.803291,3.494100,3.491550,3.492975,0.002550,3.492900,3.493500,3.493050,3.493050,3.492900,3.493200,3.494100,3.491700,3.492750,3.492750,3.493800,3.491550,3.493500,3.493200,3.493350,3.492600,3.493350,3.493050,3.493650,3.492600,3.492000,3.492900,3.493050,3.493050,3.492600,3.492900,3.494100,3.492150,20.295038,19.784693,20.014210,19.991755,20.006922,20.037256,20.107996,19.941248,19.961451,20.047358,20.133265,,,,,,,19.971552,20.295038,19.784693,19.976618,19.905909,20.011988,20.042292,20.011988,0,0,0,0,0,0
230694,97.803307,3.494250,3.491700,3.492975,0.002550,3.492900,3.493500,3.493050,3.492900,3.492900,3.493200,3.494100,3.491700,3.492750,3.492750,3.493800,3.491700,3.493500,3.493200,3.493350,3.492600,3.493350,3.493050,3.493650,3.492600,3.491850,3.492750,3.493200,3.493050,3.492600,3.492750,3.494250,3.492300,20.295038,19.789759,20.014212,19.986719,20.011988,20.037256,20.107996,19.941248,19.961451,20.047358,20.133265,,,,,,,19.971552,20.295038,19.789759,19.976618,19.905909,20.006922,20.042292,20.011988,0,0,0,0,0,0
231195,97.802849,3.494250,3.491550,3.492959,0.002700,3.492900,3.493500,3.493050,3.492900,3.492750,3.493200,3.494100,3.491700,3.492750,3.492750,3.493800,3.491550,3.493500,3.493200,3.493350,3.492600,3.493350,3.493050,3.493650,3.492600,3.492000,3.492750,3.493050,3.493050,3.492600,3.492750,3.494250,3.492150,20.295038,19.784693,20.014526,19.986719,20.011988,20.037256,20.107996,19.941248,19.961451,20.047358,20.133265,,,,,,,19.976618,20.295038,19.784693,19.976618,19.910944,20.006922,20.042292,20.011988,0,0,0,0,0,0
231696,97.802849,3.494250,3.491550,3.492959,0.002700,3.492900,3.493500,3.493050,3.492900,3.492750,3.493200,3.494100,3.491700,3.492750,3.492750,3.493800,3.491550,3.493500,3.493200,3.493350,3.492600,3.493350,3.493050,3.493650,3.492600,3.492000,3.492750,3.493050,3.493050,3.492600,3.492750,3.494250,3.492150,20.295038,19.789759,20.014843,19.991755,20.011988,20.037256,20.107996,19.941248,19.961451,20.047358,20.133265,,,,,,,19.976618,20.295038,19.789759,19.971552,19.905909,20.011988,20.042292,20.011988,0,0,0,0,0,0
232197,97.802841,3.494250,3.491700,3.492959,0.002550,3.492900,3.493500,3.493050,3.492900,3.492750,3.493200,3.494100,3.491700,3.492600,3.492750,3.493800,3.491700,3.493500,3.493200,3.493350,3.492600,3.493350,3.493050,3.493650,3.492600,3.492000,3.492750,3.493050,3.493050,3.492600,3.492750,3.494250,3.492150,20.295038,19.784693,20.014528,19.986719,20.011988,20.037256,20.107996,19.941248,19.961451,20.047358,20.133265,,,,,,,19.976618,20.295038,19.784693,19.976618,19.905909,20.011988,20.042292,20.011988,0,0,0,0,0,0
232699,97.803001,3.494250,3.491550,3.492964,0.002700,3.492900,3.493350,3.493050,3.493050,3.492750,3.493200,3.494100,3.491700,3.492750,3.492750,3.493800,3.491550,3.493500,3.493350,3.493350,3.492600,3.493350,3.493050,3.493650,3.492600,3.492000,3.492750,3.493050,3.493050,3.492600,3.492750,3.494250,3.492150,20.295038,19.789759,20.014843,19.991755,20.011988,20.037256,20.107996,19.941248,19.961451,20.047358,20.128199,,,,,,,19.976618,20.295038,19.789759,19.976618,19.905909,20.011988,20.042292,20.011988,0,0,0,0,0,0
233200,97.802551,3.494100,3.491550,3.492948,0.002550,3.492900,3.493500,3.492900,3.492900,3.492750,3.493200,3.494100,3.491700,3.492750,3.492750,3.493800,3.491550,3.493500,3.493200,3.493350,3.492600,3.493350,3.493050,3.493650,3.492600,3.492000,3.492750,3.493050,3.493050,3.492600,3.492750,3.494100,3.492150,20.289972,19.789759,20.014210,19.991755,20.011988,20.037256,20.102930,19.941248,19.961451,20.047358,20.128199,,,,,,,19.976618,20.289972,19.789759,19.976618,19.905909,20.011988,20.042292,20.011988,0,0,0,0,0,0
233700,97.802551,3.494250,3.491550,3.492948,0.002700,3.492900,3.493350,3.493050,3.492900,3.492750,3.493200,3.494100,3.491700,3.492750,3.492750,3.493800,3.491550,3.493500,3.493200,3.493350,3.492600,3.493350,3.493050,3.493650,3.492600,3.491850,3.492750,3.493050,3.493050,3.492600,3.492750,3.494250,3.492150,20.295038,19.789759,20.015160,19.991755,20.011988,20.037256,20.107996,19.941248,19.961451,20.047358,20.133265,,,,,,,19.976618,20.295038,19.789759,19.976618,19.905909,20.011988,20.042292,20.011988,0,0,0,0,0,0
234201,97.802551,3.494250,3.491550,3.492948,0.002700,3.492900,3.493350,3.493050,3.492900,3.492750,3.493200,3.494100,3.491700,3.492750,3.492750,3.493800,3.491550,3.493500,3.493200,3.493350,3.492600,3.493350,3.493050,3.493650,3.492600,3.491850,3.492750,3.493050,3.493050,3.492600,3.492750,3.494250,3.492150,20.295038,19.789759,20.014845,19.986719,20.011988,20.037256,20.107996,19.941248,19.961451,20.047358,20.133265,,,,,,,19.976618,20.295038,19.789759,19.976618,19.905909,20.011988,20.042292,20.011988,0,0,0,0,0,0
234703,97.802399,3.494100,3.491550,3.492943,0.002550,3.492900,3.493350,3.493050,3.492900,3.492750,3.493200,3.494100,3.491700,3.492750,3.492750,3.493800,3.491550,3.493500,3.493200,3.493350,3.492600,3.493200,3.493050,3.493650,3.492600,3.492000,3.492750,3.493050,3.493050,3.492600,3.492750,3.494100,3.492150,20.295038,19.784693,20.014843,19.986719,20.011988,20.037256,20.107996,19.941248,19.961451,20.047358,20.133265,,,,,,,19.976618,20.295038,19.784693,19.976618,19.910944,20.011988,20.042292,20.011988,0,0,0,0,0,0
235203,97.802559,3.494100,3.491550,3.492949,0.002550,3.492900,3.493350,3.493050,3.492900,3.492900,3.493200,3.494100,3.491700,3.492750,3.492750,3.493800,3.491550,3.493500,3.493200,3.493350,3.492600,3.493350,3.493050,3.493650,3.492600,3.491850,3.492750,3.493050,3.493050,3.492600,3.492750,3.494100,3.492150,20.295038,19.789759,20.014528,19.986719,20.011988,20.037256,20.107996,19.941248,19.961451,20.047358,20.133265,,,,,,,19.976618,20.295038,19.789759,19.976618,19.905909,20.006922,20.042292,20.011988,0,0,0,0,0,0
235705,97.802856,3.494100,3.491550,3.492959,0.002550,3.492900,3.493500,3.493050,3.492900,3.492900,3.493200,3.494100,3.491700,3.492750,3.492750,3.493800,3.491550,3.493500,3.493350,3.493350,3.492600,3.493350,3.493050,3.493650,3.492600,3.491850,3.492750,3.493050,3.493050,3.492600,3.492750,3.494100,3.492150,20.295038,19.789759,20.015160,19.991755,20.011988,20.037256,20.107996,19.941248,19.961451,20.047358,20.133265,,,,,,,19.976618,20.295038,19.789759,19.976618,19.905909,20.011988,20.042292,20.011988,0,0,0,0,0,0
236205,97.801956,3.494100,3.491550,3.492927,0.002550,3.492900,3.493350,3.493050,3.492900,3.492750,3.493200,3.493950,3.491700,3.492750,3.492750,3.493800,3.491550,3.493500,3.493200,3.493350,3.492600,3.493200,3.493050,3.493500,3.492600,3.491850,3.492750,3.493050,3.493050,3.492600,3.492750,3.494100,3.492150,20.295038,19.789759,20.015158,19.991755,20.011988,20.037256,20.107996,19.941248,19.961451,20.052393,20.133265,,,,,,,19.976618,20.295038,19.789759,19.976618,19.905909,20.006922,20.042292,20.011988,0,0,0,0,0,0
236707,97.802261,3.494100,3.491550,3.492938,0.002550,3.492900,3.493350,3.493050,3.492900,3.492750,3.493050,3.494100,3.491700,3.492750,3.492600,3.493800,3.491550,3.493500,3.493200,3.493350,3.492600,3.493350,3.493050,3.493650,3.492600,3.491850,3.492750,3.493200,3.493050,3.492600,3.492750,3.494100,3.492150,20.295038,19.789759,20.015158,19.991755,20.006922,20.037256,20.107996,19.941248,19.961451,20.052393,20.133265,,,,,,,19.976618,20.295038,19.789759,19.976618,19.905909,20.011988,20.042292,20.011988,0,0,0,0,0,0
237207,97.801949,3.494100,3.491550,3.492927,0.002550,3.492900,3.493350,3.493050,3.492900,3.492750,3.493200,3.494100,3.491700,3.492750,3.492750,3.493800,3.491550,3.493500,3.493200,3.493350,3.492600,3.493200,3.492900,3.493650,3.492600,3.491850,3.492750,3.493050,3.493050,3.492450,3.492750,3.494100,3.492150,20.295038,19.789759,20.015476,19.991755,20.011988,20.037256,20.107996,19.941248,19.966516,20.047358,20.133265,,,,,,,19.976618,20.295038,19.789759,19.976618,19.905909,20.011988,20.042292,20.011988,0,0,0,0,0,0
237708,97.802094,3.494250,3.491550,3.492932,0.002700,3.492900,3.493350,3.493050,3.492900,3.492750,3.493200,3.494100,3.491700,3.492750,3.492600,3.493650,3.491550,3.493500,3.493200,3.493350,3.492600,3.493200,3.493050,3.493650,3.492600,3.491850,3.492750,3.493050,3.493050,3.492600,3.492750,3.494250,3.492150,20.295038,19.789759,20.015474,19.991755,20.011988,20.037256,20.107996,19.941248,19.961451,20.052393,20.133265,,,,,,,19.976618,20.295038,19.789759,19.976618,19.905909,20.011988,20.042292,20.011988,0,0,0,0,0,0
238210,97.802246,3.494250,3.491550,3.492937,0.002700,3.492900,3.493350,3.493050,3.492900,3.492750,3.493200,3.494100,3.491700,3.492750,3.492600,3.493800,3.491550,3.493500,3.493200,3.493350,3.492600,3.493200,3.493050,3.493500,3.492600,3.492000,3.492750,3.493050,3.493050,3.492600,3.492750,3.494250,3.492150,20.295038,19.789759,20.015158,19.986719,20.011988,20.037256,20.107996,19.941248,19.961451,20.052393,20.133265,,,,,,,19.981653,20.295038,19.789759,19.976618,19.905909,20.006922,20.042292,20.011988,0,0,0,0,0,0
238711,97.802109,3.494100,3.491550,3.492933,0.002550,3.492900,3.493500,3.493050,3.492900,3.492750,3.493200,3.494100,3.491700,3.492750,3.492600,3.493800,3.491550,3.493500,3.493200,3.493350,3.492600,3.493200,3.493050,3.493500,3.492600,3.491850,3.492750,3.493050,3.493050,3.492600,3.492750,3.494100,3.492150,20.295038,19.789759,20.014841,19.991755,20.011988,20.037256,20.107996,19.941248,19.961451,20.052393,20.128199,,,,,,,19.976618,20.295038,19.789759,19.976618,19.905909,20.006922,20.042292,20.011988,0,0,0,0,0,0
239211,97.802094,3.494100,3.491550,3.492932,0.002550,3.492900,3.493350,3.493050,3.492900,3.492750,3.493050,3.494100,3.491700,3.492750,3.492750,3.493650,3.491550,3.493500,3.493200,3.493350,3.492600,3.493200,3.493050,3.493650,3.492600,3.491850,3.492750,3.493050,3.493050,3.492600,3.492900,3.494100,3.492150,20.295038,19.789759,20.015789,19.991755,20.011988,20.037256,20.107996,19.941248,19.961451,20.052393,20.133265,,,,,,,19.981653,20.295038,19.789759,19.976618,19.905909,20.011988,20.042292,20.011988,0,0,0,0,0,0
239713,97.802391,3.494250,3.491550,3.492943,0.002700,3.492750,3.493350,3.493050,3.492900,3.492750,3.493200,3.494100,3.491700,3.492750,3.492750,3.493800,3.491550,3.493500,3.493200,3.493200,3.492600,3.493350,3.493050,3.493650,3.492600,3.492000,3.492750,3.493050,3.493050,3.492600,3.492750,3.494250,3.492150,20.295038,19.789759,20.014843,19.986719,20.011988,20.037256,20.107996,19.941248,19.961451,20.052393,20.128199,,,,,,,19.976618,20.295038,19.789759,19.976618,19.905909,20.011988,20.042292,20.011988,0,0,0,0,0,0
240214,97.801956,3.494100,3.491550,3.492927,0.002550,3.492900,3.493350,3.493050,3.492900,3.492750,3.493200,3.494100,3.491700,3.492750,3.492600,3.493800,3.491550,3.493500,3.493200,3.493350,3.492600,3.493200,3.492900,3.493650,3.492600,3.491850,3.492750,3.493050,3.493050,3.492600,3.492750,3.494100,3.492150,20.300074,19.789759,20.016735,19.991755,20.011988,20.042292,20.107996,19.941248,19.966516,20.052393,20.133265,,,,,,,19.981653,20.300074,19.789759,19.976618,19.905909,20.011988,20.042292,20.011988,0,0,0,0,0,0
240714,97.802101,3.494100,3.491550,3.492932,0.002550,3.492900,3.493350,3.493050,3.492900,3.492750,3.493050,3.494100,3.491700,3.492750,3.492600,3.493650,3.491550,3.493500,3.493350,3.493350,3.492600,3.493200,3.493050,3.493650,3.492600,3.492000,3.492750,3.493050,3.493050,3.492600,3.492750,3.494100,3.492150,20.300074,19.789759,20.016420,19.991755,20.011988,20.037256,20.107996,19.941248,19.966516,20.052393,20.133265,,,,,,,19.981653,20.300074,19.789759,19.976618,19.905909,20.011988,20.042292,20.011988,0,0,0,0,0,0
241215,97.801506,3.494100,3.491550,3.492911,0.002550,3.492750,3.493350,3.493050,3.492900,3.492750,3.493200,3.494100,3.491550,3.492750,3.492750,3.493800,3.491550,3.493500,3.493200,3.493200,3.492600,3.493200,3.492900,3.493500,3.492600,3.491850,3.492750,3.493050,3.493050,3.492600,3.492750,3.494100,3.492150,20.300074,19.789759,20.016420,19.991755,20.011988,20.037256,20.107996,19.941248,19.961451,20.057459,20.133265,,,,,,,19.981653,20.300074,19.789759,19.976618,19.905909,20.011988,20.042292,20.011988,0,0,0,0,0,0
241716,97.801506,3.494100,3.491550,3.492911,0.002550,3.492750,3.493350,3.493050,3.492900,3.492750,3.493050,3.494100,3.491700,3.492750,3.492600,3.493800,3.491550,3.493500,3.493200,3.493200,3.492600,3.493200,3.493050,3.493500,3.492600,3.491850,3.492750,3.493050,3.493050,3.492600,3.492750,3.494100,3.492150,20.295038,19.789759,20.016422,19.991755,20.011988,20.037256,20.107996,19.941248,19.966516,20.057459,20.133265,,,,,,,19.981653,20.295038,19.789759,19.976618,19.905909,20.011988,20.042292,20.011988,0,0,0,0,0,0
242217,97.801208,3.494100,3.491550,3.492900,0.002550,3.492900,3.493350,3.492900,3.492900,3.492750,3.493050,3.494100,3.491700,3.492750,3.492600,3.493800,3.491550,3.493350,3.493200,3.493200,3.492450,3.493200,3.493050,3.493500,3.492600,3.491850,3.492750,3.493050,3.493050,3.492600,3.492750,3.494100,3.492150,20.300074,19.789759,20.016104,19.991755,20.011988,20.037256,20.107996,19.941248,19.961451,20.057459,20.133265,,,,,,,19.981653,20.300074,19.789759,19.971552,19.905909,20.011988,20.042292,20.011988,0,0,0,0,0,0
242718,97.801346,3.494100,3.491550,3.492905,0.002550,3.492750,3.493350,3.492900,3.492900,3.492750,3.493050,3.494100,3.491700,3.492600,3.492750,3.493800,3.491550,3.493500,3.493200,3.493350,3.492600,3.493200,3.493050,3.493650,3.492450,3.491850,3.492750,3.493050,3.493050,3.492600,3.492750,3.494100,3.492000,20.295038,19.789759,20.016737,19.991755,20.011988,20.037256,20.107996,19.941248,19.966516,20.057459,20.133265,,,,,,,19.981653,20.295038,19.789759,19.976618,19.910944,20.011988,20.042292,20.011988,0,0,0,0,0,0
243219,97.802101,3.494100,3.491550,3.492932,0.002550,3.492900,3.493350,3.493050,3.492900,3.492750,3.493200,3.494100,3.491700,3.492750,3.492750,3.493800,3.491550,3.493500,3.493200,3.493200,3.492600,3.493200,3.493050,3.493650,3.492600,3.491850,3.492750,3.493050,3.493050,3.492600,3.492750,3.494100,3.492150,20.300074,19.789759,20.016420,19.991755,20.011988,20.037256,20.107996,19.941248,19.961451,20.057459,20.133265,,,,,,,19.981653,20.300074,19.789759,19.976618,19.905909,20.011988,20.042292,20.011988,0,0,0,0,0,0
243720,97.801804,3.494100,3.491550,3.492922,0.002550,3.492900,3.493350,3.493050,3.492900,3.492750,3.493050,3.494100,3.491550,3.492750,3.492600,3.493800,3.491550,3.493500,3.493200,3.493350,3.492600,3.493200,3.493050,3.493650,3.492600,3.491850,3.492750,3.493050,3.493050,3.492600,3.492750,3.494100,3.492150,20.295038,19.789759,20.016737,19.991755,20.011988,20.037256,20.107996,19.941248,19.966516,20.057459,20.133265,,,,,,,19.981653,20.295038,19.789759,19.976618,19.910944,20.011988,20.042292,20.011988,0,0,0,0,0,0
244221,97.801338,3.494100,3.491550,3.492905,0.002550,3.492900,3.493350,3.492900,3.492900,3.492750,3.493050,3.493950,3.491700,3.492750,3.492750,3.493800,3.491550,3.493500,3.493350,3.493200,3.492600,3.493200,3.492900,3.493650,3.492450,3.492000,3.492750,3.493050,3.492900,3.492450,3.492750,3.494100,3.492150,20.295038,19.789759,20.016108,19.986719,20.011988,20.037256,20.107996,19.941248,19.966516,20.057459,20.133265,,,,,,,19.981653,20.295038,19.789759,19.976618,19.905909,20.011988,20.042292,20.011988,0,0,0,0,0,0
244722,97.801651,3.494100,3.491550,3.492916,0.002550,3.492900,3.493350,3.493050,3.492900,3.492750,3.493050,3.494100,3.491700,3.492750,3.492600,3.493800,3.491550,3.493350,3.493200,3.493350,3.492600,3.493200,3.493050,3.493650,3.492450,3.491850,3.492750,3.493050,3.493050,3.492600,3.492750,3.494100,3.492150,20.300074,19.789759,20.016420,19.991755,20.011988,20.037256,20.107996,19.941248,19.961451,20.057459,20.133265,,,,,,,19.981653,20.300074,19.789759,19.976618,19.905909,20.011988,20.042292,20.011988,0,0,0,0,0,0
245223,97.801048,3.494100,3.491550,3.492895,0.002550,3.492750,3.493350,3.492900,3.492900,3.492750,3.493200,3.493950,3.491700,3.492600,3.492600,3.493800,3.491550,3.493500,3.493200,3.493200,3.492600,3.493200,3.493050,3.493650,3.492600,3.491850,3.492750,3.493050,3.492900,3.492600,3.492600,3.494100,3.492150,20.300074,19.789759,20.016420,19.991755,20.011988,20.037256,20.107996,19.941248,19.961451,20.057459,20.133265,,,,,,,19.981653,20.300074,19.789759,19.976618,19.905909,20.011988,20.042292,20.011988,0,0,0,0,0,0
245724,97.801498,3.494100,3.491550,3.492911,0.002550,3.492900,3.493350,3.493050,3.492900,3.492750,3.493050,3.494100,3.491700,3.492600,3.492750,3.493800,3.491550,3.493350,3.493200,3.493200,3.492600,3.493200,3.492900,3.493650,3.492600,3.491850,3.492750,3.493050,3.493050,3.492600,3.492750,3.494100,3.492150,20.295038,19.789759,20.016422,19.991755,20.011988,20.037256,20.107996,19.946314,19.961451,20.057459,20.133265,,,,,,,19.981653,20.295038,19.789759,19.976618,19.905909,20.011988,20.042292,20.011988,0,0,0,0,0,0
246225,97.801201,3.494100,3.491550,3.492900,0.002550,3.492750,3.493350,3.493050,3.492900,3.492750,3.493050,3.493950,3.491700,3.492600,3.492750,3.493650,3.491550,3.493500,3.493200,3.493200,3.492600,3.493200,3.492900,3.493650,3.492600,3.491850,3.492750,3.493050,3.493050,3.492600,3.492750,3.494100,3.492150,20.300074,19.789759,20.016735,19.991755,20.011988,20.037256,20.107996,19.941248,19.961451,20.057459,20.133265,,,,,,,19.981653,20.300074,19.789759,19.976618,19.910944,20.011988,20.042292,20.011988,0,0,0,0,0,0
246726,97.801201,3.494100,3.491550,3.492900,0.002550,3.492900,3.493350,3.493050,3.492900,3.492750,3.493050,3.494100,3.491700,3.492750,3.492600,3.493650,3.491550,3.493500,3.493200,3.493350,3.492600,3.493200,3.492900,3.493500,3.492450,3.491850,3.492750,3.493050,3.493050,3.492450,3.492750,3.494100,3.492150,20.300074,19.789759,20.017052,19.991755,20.011988,20.037256,20.107996,19.941248,19.966516,20.057459,20.133265,,,,,,,19.981653,20.300074,19.789759,19.976618,19.910944,20.011988,20.042292,20.011988,0,0,0,0,0,0
247227,97.801201,3.494100,3.491550,3.492900,0.002550,3.492900,3.493350,3.493050,3.492900,3.492750,3.493200,3.493950,3.491550,3.492600,3.492600,3.493800,3.491550,3.493500,3.493200,3.493200,3.492600,3.493200,3.492900,3.493650,3.492600,3.491850,3.492750,3.493050,3.493050,3.492600,3.492750,3.494100,3.492000,20.300074,19.789759,20.017052,19.991755,20.011988,20.037256,20.107996,19.941248,19.966516,20.057459,20.133265,,,,,,,19.981653,20.300074,19.789759,19.976618,19.910944,20.011988,20.042292,20.011988,0,0,0,0,0,0
247728,97.800446,3.494100,3.491550,3.492873,0.002550,3.492750,3.493350,3.493050,3.492900,3.492750,3.493050,3.493950,3.491550,3.492600,3.492600,3.493800,3.491550,3.493350,3.493200,3.493200,3.492600,3.493200,3.493050,3.493500,3.492450,3.491850,3.492750,3.493050,3.493050,3.492600,3.492600,3.494100,3.492000,20.300074,19.789759,20.016737,19.991755,20.011988,20.037256,20.107996,19.941248,19.966516,20.057459,20.133265,,,,,,,19.981653,20.300074,19.789759,19.976618,19.905909,20.011988,20.042292,20.011988,0,0,0,0,0,0
248229,97.800896,3.494100,3.491550,3.492889,0.002550,3.492750,3.493350,3.492900,3.492900,3.492750,3.493050,3.494100,3.491550,3.492600,3.492750,3.493800,3.491550,3.493500,3.493200,3.493200,3.492600,3.493200,3.492900,3.493650,3.492450,3.491850,3.492750,3.493050,3.492900,3.492600,3.492750,3.494100,3.492150,20.300074,19.789759,20.016737,19.991755,20.011988,20.037256,20.107996,19.941248,19.966516,20.057459,20.133265,,,,,,,19.981653,20.300074,19.789759,19.976618,19.905909,20.011988,20.042292,20.011988,0,0,0,0,0,0
248730,97.800598,3.494100,3.491400,3.492878,0.002700,3.492750,3.493350,3.493050,3.492900,3.492750,3.493050,3.494100,3.491700,3.492600,3.492600,3.493650,3.491400,3.493350,3.493200,3.493200,3.492600,3.493200,3.493050,3.493500,3.492600,3.491850,3.492750,3.493050,3.492900,3.492450,3.492750,3.494100,3.492150,20.300074,19.789759,20.017052,19.991755,20.011988,20.037256,20.107996,19.941248,19.966516,20.057459,20.133265,,,,,,,19.981653,20.300074,19.789759,19.976618,19.910944,20.011988,20.042292,20.011988,0,0,0,0,0,0
249231,97.800896,3.494100,3.491550,3.492889,0.002550,3.492750,3.493350,3.492900,3.492900,3.492750,3.493200,3.494100,3.491700,3.492600,3.492750,3.493800,3.491550,3.493350,3.493200,3.493200,3.492600,3.493200,3.492900,3.493650,3.492450,3.491850,3.492750,3.493050,3.493050,3.492450,3.492750,3.494100,3.492000,20.300074,19.789759,20.017052,19.991755,20.011988,20.037256,20.107996,19.941248,19.961451,20.057459,20.133265,,,,,,,19.986719,20.300074,19.789759,19.976618,19.910944,20.011988,20.042292,20.011988,0,0,0,0,0,0
249732,97.800148,3.494100,3.491550,3.492862,0.002550,3.492750,3.493350,3.492900,3.492900,3.492600,3.493050,3.494100,3.491700,3.492600,3.492600,3.493650,3.491550,3.493350,3.493200,3.493200,3.492600,3.493200,3.492900,3.493500,3.492450,3.491850,3.492600,3.492900,3.493050,3.492600,3.492750,3.494100,3.492150,20.300074,19.789759,20.017054,19.991755,20.011988,20.037256,20.107996,19.941248,19.966516,20.057459,20.133265,,,,,,,19.986719,20.300074,19.789759,19.976618,19.905909,20.011988,20.042292,20.011988,0,0,0,0,0,0
250233,97.800743,3.494100,3.491550,3.492884,0.002550,3.492750,3.493350,3.492900,3.492900,3.492750,3.493050,3.493950,3.491700,3.492750,3.492750,3.493650,3.491550,3.493500,3.493200,3.493200,3.492600,3.493200,3.493050,3.493500,3.492450,3.491850,3.492750,3.493050,3.492900,3.492600,3.492750,3.494100,3.492000,20.300074,19.789759,20.017683,19.991755,20.011988,20.037256,20.107996,19.941248,19.966516,20.062494,20.133265,,,,,,,19.986719,20.300074,19.789759,19.976618,19.910944,20.011988,20.042292,20.011988,0,0,0,0,0,0
250734,97.799995,3.494100,3.491400,3.492857,0.002700,3.492750,3.493350,3.492900,3.492900,3.492750,3.493050,3.493950,3.491700,3.492600,3.492600,3.493650,3.491400,3.493500,3.493200,3.493200,3.492450,3.493200,3.492900,3.493500,3.492450,3.491850,3.492750,3.493050,3.493050,3.492450,3.492750,3.494100,3.492000,20.300074,19.789759,20.017368,19.991755,20.011988,20.037256,20.107996,19.941248,19.966516,20.057459,20.133265,,,,,,,19.986719,20.300074,19.789759,19.976618,19.910944,20.011988,20.042292,20.011988,0,0,0,0,0,0
251235,97.800140,3.494100,3.491550,3.492862,0.002550,3.492750,3.493350,3.492900,3.492900,3.492750,3.493050,3.493950,3.491700,3.492600,3.492600,3.493650,3.491550,3.493350,3.493200,3.493200,3.492450,3.493200,3.493050,3.493500,3.492450,3.491850,3.492600,3.493050,3.493050,3.492600,3.492750,3.494100,3.492000,20.300074,19.789759,20.016737,19.986719,20.011988,20.037256,20.107996,19.941248,19.961451,20.057459,20.133265,,,,,,,19.986719,20.300074,19.789759,19.976618,19.910944,20.011988,20.042292,20.011988,0,0,0,0,0,0
251736,97.799690,3.494100,3.491400,3.492846,0.002700,3.492750,3.493350,3.492900,3.492900,3.492750,3.493050,3.493950,3.491550,3.492600,3.492600,3.493650,3.491400,3.493350,3.493200,3.493200,3.492600,3.493200,3.492900,3.493500,3.492450,3.491850,3.492600,3.493050,3.492900,3.492450,3.492750,3.494100,3.492150,20.300074,19.789759,20.017366,19.991755,20.011988,20.037256,20.107996,19.941248,19.961451,20.062494,20.133265,,,,,,,19.986719,20.300074,19.789759,19.976618,19.910944,20.011988,20.042292,20.011988,0,0,0,0,0,0
252237,97.799850,3.494100,3.491400,3.492852,0.002700,3.492750,3.493350,3.492900,3.492900,3.492600,3.493050,3.493950,3.491700,3.492600,3.492600,3.493650,3.491400,3.493350,3.493200,3.493200,3.492450,3.493200,3.492900,3.493500,3.492450,3.491850,3.492750,3.492900,3.493050,3.492600,3.492750,3.494100,3.492150,20.300074,19.789759,20.017054,19.991755,20.011988,20.037256,20.107996,19.941248,19.966516,20.057459,20.133265,,,,,,,19.986719,20.300074,19.789759,19.976618,19.905909,20.011988,20.042292,20.011988,0,0,0,0,0,0
252738,97.799690,3.494100,3.491550,3.492846,0.002550,3.492750,3.493350,3.493050,3.492900,3.492750,3.493050,3.493950,3.491550,3.492600,3.492600,3.493650,3.491550,3.493350,3.493050,3.493200,3.492600,3.493200,3.492900,3.493500,3.492450,3.491700,3.492600,3.493050,3.493050,3.492600,3.492600,3.494100,3.492000,20.300074,19.789759,20.017685,19.991755,20.011988,20.037256,20.107996,19.946314,19.961451,20.057459,20.133265,,,,,,,19.986719,20.300074,19.789759,19.976618,19.910944,20.011988,20.047358,20.011988,0,0,0,0,0,0
253239,97.800148,3.494100,3.491550,3.492862,0.002550,3.492750,3.493350,3.493050,3.492750,3.492750,3.493050,3.493950,3.491550,3.492600,3.492600,3.493650,3.491550,3.493500,3.493200,3.493200,3.492600,3.493200,3.492900,3.493500,3.492600,3.491850,3.492600,3.493050,3.492900,3.492600,3.492750,3.494100,3.492000,20.300074,19.789759,20.018316,19.991755,20.011988,20.037256,20.107996,19.946314,19.966516,20.062494,20.133265,,,,,,,19.986719,20.300074,19.789759,19.976618,19.910944,20.011988,20.047358,20.011988,0,0,0,0,0,0
253740,97.800140,3.494100,3.491550,3.492862,0.002550,3.492750,3.493350,3.493050,3.492900,3.492750,3.493050,3.494100,3.491700,3.492600,3.492600,3.493650,3.491550,3.493350,3.493200,3.493200,3.492600,3.493200,3.492900,3.493500,3.492450,3.491850,3.492600,3.492900,3.492900,3.492450,3.492750,3.494100,3.492150,20.300074,19.789759,20.017685,19.991755,20.011988,20.037256,20.107996,19.941248,19.966516,20.057459,20.133265,,,,,,,19.986719,20.300074,19.789759,19.976618,19.910944,20.011988,20.047358,20.011988,0,0,0,0,0,0
254241,97.799385,3.493950,3.491400,3.492835,0.002550,3.492750,3.493350,3.492900,3.492900,3.492750,3.493050,3.493950,3.491700,3.492600,3.492600,3.493650,3.491400,3.493350,3.493200,3.493200,3.492600,3.493200,3.492900,3.493500,3.492450,3.491850,3.492600,3.493050,3.492900,3.492450,3.492600,3.493950,3.492000,20.300074,19.789759,20.018002,19.991755,20.011988,20.037256,20.107996,19.946314,19.966516,20.057459,20.133265,,,,,,,19.986719,20.300074,19.789759,19.976618,19.910944,20.011988,20.047358,20.011988,0,0,0,0,0,0
254742,97.799545,3.494100,3.491400,3.492841,0.002700,3.492750,3.493350,3.492900,3.492900,3.492750,3.493050,3.493950,3.491550,3.492600,3.492600,3.493650,3.491400,3.493350,3.493200,3.493200,3.492450,3.493200,3.492900,3.493500,3.492600,3.491850,3.492600,3.493050,3.493050,3.492450,3.492600,3.494100,3.492000,20.300074,19.789759,20.018314,19.991755,20.011988,20.037256,20.113031,19.941248,19.966516,20.062494,20.133265,,,,,,,19.986719,20.300074,19.789759,19.976618,19.910944,20.011988,20.047358,20.011988,0,0,0,0,0,0
255244,97.799545,3.494100,3.491400,3.492841,0.002700,3.492750,3.493350,3.492900,3.492900,3.492750,3.493050,3.493950,3.491550,3.492600,3.492750,3.493650,3.491400,3.493350,3.493050,3.493200,3.492450,3.493200,3.492900,3.493500,3.492450,3.491850,3.492750,3.492900,3.493050,3.492450,3.492750,3.494100,3.492000,20.300074,19.794794,20.018314,19.991755,20.011988,20.037256,20.107996,19.941248,19.966516,20.062494,20.133265,,,,,,,19.986719,20.300074,19.794794,19.976618,19.910944,20.011988,20.047358,20.011988,0,0,0,0,0,0
255745,97.799698,3.494100,3.491550,3.492846,0.002550,3.492750,3.493350,3.492900,3.492900,3.492750,3.493050,3.493950,3.491550,3.492600,3.492600,3.493800,3.491550,3.493350,3.493050,3.493200,3.492450,3.493200,3.492900,3.493500,3.492450,3.491850,3.492750,3.492900,3.493050,3.492450,3.492750,3.494100,3.492000,20.300074,19.789759,20.017996,19.991755,20.017023,20.037256,20.107996,19.941248,19.961451,20.062494,20.133265,,,,,,,19.991755,20.300074,19.789759,19.976618,19.910944,20.011988,20.042292,20.011988,0,0,0,0,0,0
256245,97.799843,3.494100,3.491400,3.492851,0.002700,3.492750,3.493350,3.492900,3.492750,3.492750,3.493050,3.493950,3.491700,3.492600,3.492600,3.493800,3.491400,3.493500,3.493200,3.493200,3.492450,3.493200,3.492900,3.493500,3.492450,3.491850,3.492750,3.493050,3.492900,3.492450,3.492600,3.494100,3.492150,20.300074,19.789759,20.017683,19.991755,20.017023,20.037256,20.107996,19.941248,19.966516,20.057459,20.133265,,,,,,,19.986719,20.300074,19.789759,19.976618,19.910944,20.011988,20.042292,20.011988,0,0,0,0,0,0
256746,97.799385,3.494100,3.491550,3.492835,0.002550,3.492750,3.493350,3.492900,3.492900,3.492750,3.493050,3.493950,3.491550,3.492600,3.492600,3.493650,3.491550,3.493350,3.493200,3.493200,3.492450,3.493200,3.492900,3.493500,3.492450,3.491850,3.492600,3.493050,3.492900,3.492450,3.492600,3.494100,3.492000,20.300074,19.789759,20.018314,19.991755,20.017023,20.037256,20.107996,19.941248,19.961451,20.067560,20.133265,,,,,,,19.986719,20.300074,19.789759,19.976618,19.910944,20.011988,20.047358,20.011988,0,0,0,0,0,0
257248,97.799545,3.494100,3.491550,3.492841,0.002550,3.492750,3.493350,3.493050,3.492900,3.492600,3.493050,3.493950,3.491550,3.492600,3.492600,3.493650,3.491550,3.493350,3.493050,3.493200,3.492450,3.493200,3.492900,3.493500,3.492450,3.491850,3.492600,3.492900,3.493050,3.492600,3.492750,3.494100,3.492000,20.300074,19.794794,20.018629,19.991755,20.017023,20.037256,20.107996,19.946314,19.961451,20.062494,20.133265,,,,,,,19.986719,20.300074,19.794794,19.976618,19.910944,20.011988,20.047358,20.011988,0,0,0,0,0,0
257748,97.799690,3.494100,3.491400,3.492846,0.002700,3.492750,3.493350,3.492900,3.492900,3.492750,3.493050,3.493950,3.491700,3.492600,3.492600,3.493650,3.491400,3.493350,3.493200,3.493200,3.492600,3.493200,3.492900,3.493500,3.492450,3.491700,3.492600,3.493050,3.493050,3.492450,3.492750,3.494100,3.492000,20.300074,19.794794,20.018314,19.991755,20.011988,20.037256,20.107996,19.941248,19.966516,20.062494,20.133265,,,,,,,19.986719,20.300074,19.794794,19.976618,19.910944,20.011988,20.047358,20.011988,0,0,0,0,0,0
258250,97.799248,3.493950,3.491400,3.492830,0.002550,3.492750,3.493350,3.492900,3.492750,3.492600,3.493050,3.493950,3.491550,3.492600,3.492600,3.493650,3.491400,3.493350,3.493200,3.493200,3.492450,3.493200,3.492900,3.493500,3.492450,3.491850,3.492600,3.493050,3.493050,3.492600,3.492750,3.493950,3.492000,20.300074,19.794794,20.018946,19.991755,20.017023,20.037256,20.107996,19.941248,19.966516,20.067560,20.133265,,,,,,,19.986719,20.300074,19.794794,19.976618,19.910944,20.011988,20.047358,20.011988,0,0,0,0,0,0
258751,97.799240,3.494100,3.491400,3.492830,0.002700,3.492750,3.493350,3.492900,3.492900,3.492750,3.493050,3.493950,3.491550,3.492600,3.492600,3.493650,3.491400,3.493350,3.493200,3.493200,3.492450,3.493200,3.492900,3.493500,3.492450,3.491850,3.492600,3.492900,3.493050,3.492450,3.492600,3.494100,3.492000,20.300074,19.789759,20.018631,19.991755,20.017023,20.037256,20.107996,19.941248,19.966516,20.067560,20.133265,,,,,,,19.986719,20.300074,19.789759,19.976618,19.910944,20.011988,20.047358,20.011988,0,0,0,0,0,0
259251,97.798485,3.493950,3.491400,3.492803,0.002550,3.492750,3.493200,3.492900,3.492750,3.492600,3.493050,3.493950,3.491550,3.492600,3.492600,3.493650,3.491400,3.493350,3.493050,3.493200,3.492450,3.493200,3.492900,3.493500,3.492450,3.491850,3.492600,3.492900,3.493050,3.492450,3.492600,3.493950,3.492000,20.300074,19.794794,20.018946,19.991755,20.011988,20.037256,20.107996,19.941248,19.966516,20.067560,20.133265,,,,,,,19.991755,20.300074,19.794794,19.976618,19.910944,20.011988,20.047358,20.011988,0,0,0,0,0,0
259752,97.799240,3.494100,3.491400,3.492830,0.002700,3.492750,3.493350,3.492900,3.492900,3.492750,3.493050,3.493950,3.491550,3.492600,3.492600,3.493650,3.491400,3.493350,3.493050,3.493200,3.492450,3.493200,3.492900,3.493500,3.492450,3.491850,3.492600,3.493050,3.493050,3.492450,3.492600,3.494100,3.492000,20.300074,19.794794,20.018631,19.986719,20.011988,20.037256,20.107996,19.941248,19.966516,20.067560,20.133265,,,,,,,19.991755,20.300074,19.794794,19.976618,19.910944,20.011988,20.047358,20.011988,0,0,0,0,0,0
260253,97.798637,3.494100,3.491400,3.492809,0.002700,3.492750,3.493350,3.492900,3.492750,3.492600,3.493050,3.493950,3.491550,3.492600,3.492600,3.493650,3.491400,3.493350,3.493050,3.493200,3.492450,3.493200,3.492900,3.493500,3.492450,3.491850,3.492600,3.492900,3.492900,3.492450,3.492600,3.494100,3.492000,20.300074,19.794794,20.018946,19.991755,20.017023,20.037256,20.107996,19.941248,19.966516,20.067560,20.133265,,,,,,,19.986719,20.300074,19.794794,19.976618,19.910944,20.011988,20.047358,20.011988,0,0,0,0,0,0
260755,97.798935,3.494100,3.491400,3.492819,0.002700,3.492750,3.493350,3.492900,3.492750,3.492600,3.493050,3.493950,3.491550,3.492600,3.492600,3.493650,3.491400,3.493500,3.493200,3.493200,3.492450,3.493200,3.492900,3.493350,3.492450,3.491850,3.492600,3.492900,3.492900,3.492450,3.492750,3.494100,3.492000,20.300074,19.794794,20.018946,19.991755,20.017023,20.037256,20.107996,19.941248,19.966516,20.067560,20.133265,,,,,,,19.986719,20.300074,19.794794,19.976618,19.910944,20.011988,20.047358,20.011988,0,0,0,0,0,0
261256,97.798790,3.494100,3.491400,3.492814,0.002700,3.492750,3.493350,3.492900,3.492750,3.492600,3.493050,3.493950,3.491550,3.492600,3.492600,3.493650,3.491400,3.493350,3.493050,3.493200,3.492450,3.493200,3.492900,3.493500,3.492450,3.491850,3.492600,3.492900,3.492900,3.492450,3.492750,3.494100,3.492000,20.300074,19.794794,20.019577,19.991755,20.017023,20.037256,20.107996,19.946314,19.966516,20.067560,20.138300,,,,,,,19.986719,20.300074,19.794794,19.976618,19.910944,20.011988,20.047358,20.011988,0,0,0,0,0,0
261757,97.799088,3.494100,3.491550,3.492825,0.002550,3.492750,3.493200,3.492900,3.492900,3.492750,3.493050,3.493950,3.491550,3.492600,3.492600,3.493650,3.491550,3.493350,3.493050,3.493200,3.492450,3.493200,3.492900,3.493500,3.492450,3.491850,3.492600,3.492900,3.492900,3.492450,3.492750,3.494100,3.492000,20.300074,19.794794,20.019260,19.996820,20.017023,20.037256,20.107996,19.941248,19.966516,20.062494,20.133265,,,,,,,19.991755,20.300074,19.794794,19.976618,19.910944,20.011988,20.047358,20.011988,0,0,0,0,0,0
262257,97.798790,3.494100,3.491400,3.492814,0.002700,3.492750,3.493350,3.492900,3.492750,3.492750,3.493050,3.493950,3.491550,3.492600,3.492600,3.493650,3.491400,3.493350,3.493050,3.493200,3.492450,3.493200,3.492900,3.493500,3.492450,3.491850,3.492600,3.492900,3.492900,3.492450,3.492600,3.494100,3.492000,20.300074,19.794794,20.019575,19.991755,20.017023,20.037256,20.107996,19.941248,19.966516,20.067560,20.138300,,,,,,,19.991755,20.300074,19.794794,19.976618,19.910944,20.011988,20.047358,20.011988,0,0,0,0,0,0
262758,97.798782,3.493950,3.491400,3.492814,0.002550,3.492750,3.493350,3.492900,3.492750,3.492750,3.493050,3.493950,3.491550,3.492600,3.492600,3.493650,3.491400,3.493350,3.493200,3.493200,3.492450,3.493200,3.492900,3.493500,3.492450,3.491700,3.492600,3.493050,3.492900,3.492450,3.492600,3.493950,3.492000,20.300074,19.794794,20.018627,19.991755,20.017023,20.037256,20.107996,19.941248,19.961451,20.062494,20.133265,,,,,,,19.991755,20.300074,19.794794,19.976618,19.910944,20.011988,20.047358,20.011988,0,0,0,0,0,0
263260,97.798637,3.494100,3.491400,3.492809,0.002700,3.492750,3.493350,3.492900,3.492750,3.492600,3.493050,3.493950,3.491550,3.492600,3.492600,3.493650,3.491400,3.493350,3.493200,3.493200,3.492450,3.493050,3.492900,3.493500,3.492450,3.491850,3.492600,3.492900,3.492900,3.492450,3.492600,3.494100,3.492000,20.305140,19.794794,20.019894,19.991755,20.017023,20.037256,20.107996,19.946314,19.966516,20.067560,20.133265,,,,,,,19.991755,20.305140,19.794794,19.976618,19.910944,20.011988,20.047358,20.011988,0,0,0,0,0,0
263760,97.798790,3.494100,3.491400,3.492814,0.002700,3.492750,3.493350,3.492900,3.492900,3.492600,3.493050,3.493950,3.491550,3.492600,3.492600,3.493650,3.491400,3.493350,3.493050,3.493200,3.492450,3.493050,3.492900,3.493500,3.492450,3.491850,3.492750,3.492900,3.492900,3.492450,3.492600,3.494100,3.492000,20.305140,19.794794,20.018946,19.991755,20.011988,20.037256,20.107996,19.941248,19.966516,20.062494,20.133265,,,,,,,19.991755,20.305140,19.794794,19.976618,19.910944,20.011988,20.047358,20.011988,0,0,0,0,0,0
264261,97.798485,3.493950,3.491400,3.492803,0.002550,3.492750,3.493350,3.492900,3.492750,3.492600,3.493050,3.493950,3.491550,3.492600,3.492600,3.493650,3.491400,3.493350,3.493050,3.493200,3.492450,3.493200,3.492900,3.493500,3.492450,3.491850,3.492600,3.492900,3.492900,3.492450,3.492600,3.493950,3.492000,20.305140,19.794794,20.019892,19.991755,20.017023,20.037256,20.107996,19.946314,19.961451,20.067560,20.138300,,,,,,,19.991755,20.305140,19.794794,19.976618,19.910944,20.011988,20.047358,20.011988,0,0,0,0,0,0
264763,97.798790,3.494100,3.491400,3.492814,0.002700,3.492750,3.493200,3.492900,3.492900,3.492600,3.493050,3.493950,3.491550,3.492600,3.492600,3.493650,3.491400,3.493350,3.493050,3.493200,3.492450,3.493200,3.492900,3.493500,3.492450,3.491850,3.492600,3.493050,3.492900,3.492450,3.492600,3.494100,3.492000,20.300074,19.794794,20.019575,19.991755,20.017023,20.037256,20.113031,19.946314,19.966516,20.062494,20.133265,,,,,,,19.991755,20.300074,19.794794,19.976618,19.910944,20.011988,20.047358,20.011988,0,0,0,0,0,0
265263,97.798485,3.494100,3.491400,3.492803,0.002700,3.492750,3.493350,3.492900,3.492750,3.492750,3.493050,3.493950,3.491550,3.492600,3.492600,3.493650,3.491400,3.493350,3.493050,3.493200,3.492450,3.493050,3.492900,3.493500,3.492450,3.491700,3.492600,3.492900,3.492900,3.492450,3.492600,3.494100,3.492000,20.305140,19.794794,20.019575,19.991755,20.017023,20.037256,20.107996,19.941248,19.961451,20.067560,20.138300,,,,,,,19.991755,20.305140,19.794794,19.976618,19.910944,20.011988,20.047358,20.011988,0,0,0,0,0,0
265765,97.798637,3.493950,3.491400,3.492809,0.002550,3.492750,3.493200,3.492900,3.492900,3.492750,3.493050,3.493950,3.491550,3.492600,3.492450,3.493650,3.491400,3.493350,3.493050,3.493200,3.492450,3.493200,3.492900,3.493500,3.492450,3.491850,3.492750,3.492900,3.492900,3.492450,3.492600,3.493950,3.492000,20.305140,19.794794,20.019892,19.991755,20.017023,20.037256,20.107996,19.941248,19.966516,20.067560,20.138300,,,,,,,19.991755,20.305140,19.794794,19.976618,19.910944,20.011988,20.047358,20.011988,0,0,0,0,0,0
266266,97.798340,3.494100,3.491400,3.492798,0.002700,3.492750,3.493200,3.492900,3.492750,3.492600,3.493050,3.493950,3.491550,3.492600,3.492600,3.493650,3.491400,3.493350,3.493050,3.493200,3.492450,3.493050,3.492900,3.493500,3.492450,3.491850,3.492600,3.492900,3.492900,3.492450,3.492600,3.494100,3.492000,20.305140,19.794794,20.020208,19.991755,20.017023,20.037256,20.113031,19.946314,19.966516,20.067560,20.133265,,,,,,,19.991755,20.305140,19.794794,19.976618,19.910944,20.011988,20.047358,20.011988,0,0,0,0,0,0
266766,97.798645,3.494100,3.491400,3.492809,0.002700,3.492750,3.493200,3.492900,3.492750,3.492750,3.493050,3.493950,3.491550,3.492600,3.492600,3.493650,3.491400,3.493350,3.493050,3.493200,3.492450,3.493050,3.492900,3.493500,3.492450,3.491850,3.492600,3.493050,3.492900,3.492450,3.492600,3.494100,3.492000,20.305140,19.794794,20.020523,19.991755,20.017023,20.042292,20.113031,19.946314,19.966516,20.067560,20.133265,,,,,,,19.991755,20.305140,19.794794,19.976618,19.910944,20.011988,20.047358,20.011988,0,0,0,0,0,0
267267,97.798477,3.493950,3.491550,3.492803,0.002400,3.492750,3.493200,3.492900,3.492750,3.492600,3.493050,3.493950,3.491550,3.492600,3.492600,3.493650,3.491550,3.493350,3.493200,3.493200,3.492450,3.493200,3.492900,3.493500,3.492450,3.491700,3.492600,3.492900,3.492900,3.492450,3.492600,3.493950,3.492000,20.305140,19.794794,20.020206,19.991755,20.017023,20.037256,20.107996,19.941248,19.966516,20.067560,20.138300,,,,,,,19.991755,20.305140,19.794794,19.976618,19.910944,20.011988,20.052393,20.011988,0,0,0,0,0,0
267769,97.798340,3.494100,3.491400,3.492798,0.002700,3.492750,3.493350,3.492900,3.492750,3.492600,3.493050,3.493950,3.491550,3.492600,3.492600,3.493650,3.491400,3.493350,3.493050,3.493200,3.492450,3.493050,3.492900,3.493500,3.492450,3.491700,3.492600,3.492900,3.492900,3.492450,3.492600,3.494100,3.492000,20.305140,19.794794,20.019577,19.991755,20.017023,20.037256,20.107996,19.941248,19.966516,20.067560,20.133265,,,,,,,19.991755,20.305140,19.794794,19.976618,19.910944,20.011988,20.047358,20.011988,0,0,0,0,0,0
268270,97.798035,3.493950,3.491400,3.492787,0.002550,3.492750,3.493200,3.492900,3.492750,3.492600,3.492900,3.493950,3.491550,3.492600,3.492600,3.493650,3.491400,3.493350,3.493050,3.493200,3.492450,3.493050,3.492900,3.493500,3.492450,3.491850,3.492600,3.492900,3.492900,3.492450,3.492600,3.493950,3.492000,20.305140,19.794794,20.019260,19.991755,20.017023,20.037256,20.107996,19.941248,19.961451,20.067560,20.133265,,,,,,,19.991755,20.305140,19.794794,19.976618,19.910944,20.011988,20.047358,20.011988,0,0,0,0,0,0
268771,97.798187,3.494100,3.491400,3.492792,0.002700,3.492750,3.493200,3.492750,3.492750,3.492750,3.493050,3.493950,3.491550,3.492600,3.492600,3.493650,3.491400,3.493350,3.493050,3.493050,3.492450,3.493200,3.492900,3.493500,3.492450,3.491700,3.492600,3.492900,3.492900,3.492450,3.492600,3.494100,3.492000,20.305140,19.794794,20.020525,19.991755,20.017023,20.037256,20.113031,19.946314,19.966516,20.067560,20.133265,,,,,,,19.996820,20.305140,19.794794,19.976618,19.910944,20.011988,20.047358,20.011988,0,0,0,0,0,0
269272,97.798340,3.494100,3.491400,3.492798,0.002700,3.492750,3.493200,3.492900,3.492750,3.492600,3.493050,3.493950,3.491550,3.492600,3.492600,3.493650,3.491400,3.493350,3.493050,3.493200,3.492450,3.493050,3.492900,3.493500,3.492450,3.491700,3.492600,3.492900,3.493050,3.492450,3.492600,3.494100,3.492000,20.305140,19.794794,20.020840,19.991755,20.017023,20.042292,20.107996,19.946314,19.966516,20.067560,20.138300,,,,,,,19.996820,20.305140,19.794794,19.976618,19.910944,20.011988,20.047358,20.011988,0,0,0,0,0,0
269772,97.798042,3.494100,3.491400,3.492787,0.002700,3.492600,3.493350,3.492900,3.492750,3.492600,3.493050,3.493950,3.491550,3.492600,3.492450,3.493650,3.491400,3.493350,3.493050,3.493050,3.492450,3.493200,3.492900,3.493500,3.492450,3.491850,3.492600,3.492900,3.492900,3.492450,3.492600,3.494100,3.491850,20.305140,19.794794,20.020840,19.991755,20.017023,20.037256,20.113031,19.946314,19.966516,20.067560,20.138300,,,,,,,19.996820,20.305140,19.794794,19.976618,19.910944,20.011988,20.047358,20.011988,0,0,0,0,0,0
270274,97.797737,3.493950,3.491400,3.492776,0.002550,3.492750,3.493200,3.492900,3.492750,3.492600,3.492900,3.493950,3.491550,3.492600,3.492600,3.493500,3.491400,3.493350,3.493050,3.493200,3.492450,3.493050,3.492900,3.493500,3.492450,3.491700,3.492600,3.492900,3.492900,3.492450,3.492600,3.493950,3.492000,20.305140,19.794794,20.021152,19.991755,20.017023,20.042292,20.113031,19.941248,19.966516,20.067560,20.138300,,,,,,,19.996820,20.305140,19.794794,19.976618,19.910944,20.011988,20.052393,20.011988,0,0,0,0,0,0
270775,97.797729,3.493950,3.491400,3.492776,0.002550,3.492750,3.493200,3.492900,3.492750,3.492600,3.493050,3.493950,3.491550,3.492600,3.492600,3.493500,3.491400,3.493200,3.493050,3.493200,3.492450,3.493050,3.492900,3.493500,3.492450,3.491700,3.492600,3.492900,3.492900,3.492450,3.492600,3.493950,3.492000,20.305140,19.794794,20.020208,19.991755,20.017023,20.037256,20.113031,19.941248,19.966516,20.067560,20.133265,,,,,,,19.996820,20.305140,19.794794,19.976618,19.910944,20.011988,20.047358,20.011988,0,0,0,0,0,0
271276,97.797440,3.493950,3.491400,3.492766,0.002550,3.492750,3.493200,3.492750,3.492750,3.492600,3.492900,3.493950,3.491550,3.492450,3.492600,3.493650,3.491400,3.493350,3.493050,3.493050,3.492450,3.493050,3.492900,3.493500,3.492450,3.491700,3.492600,3.492900,3.492900,3.492450,3.492600,3.493950,3.492000,20.305140,19.794794,20.020208,19.991755,20.017023,20.037256,20.113031,19.941248,19.966516,20.067560,20.133265,,,,,,,19.996820,20.305140,19.794794,19.976618,19.910944,20.011988,20.047358,20.011988,0,0,0,0,0,0
271777,97.797729,3.493950,3.491400,3.492776,0.002550,3.492750,3.493350,3.492900,3.492750,3.492600,3.493050,3.493950,3.491550,3.492450,3.492450,3.493650,3.491400,3.493350,3.493050,3.493200,3.492450,3.493050,3.492900,3.493350,3.492450,3.491700,3.492600,3.492900,3.492900,3.492450,3.492600,3.493950,3.492000,20.305140,19.794794,20.020838,19.991755,20.017023,20.042292,20.113031,19.946314,19.966516,20.067560,20.138300,,,,,,,19.991755,20.305140,19.794794,19.976618,19.910944,20.011988,20.047358,20.011988,0,0,0,0,0,0
272278,97.797287,3.493950,3.491400,3.492760,0.002550,3.492750,3.493200,3.492750,3.492750,3.492600,3.493050,3.493950,3.491550,3.492600,3.492600,3.493650,3.491400,3.493200,3.493050,3.493200,3.492450,3.493050,3.492900,3.493350,3.492450,3.491700,3.492600,3.492900,3.492900,3.492300,3.492600,3.493950,3.491850,20.305140,19.799860,20.021156,19.991755,20.017023,20.037256,20.107996,19.946314,19.966516,20.067560,20.138300,,,,,,,19.996820,20.305140,19.799860,19.976618,19.910944,20.011988,20.052393,20.011988,0,0,0,0,0,0
272779,97.797432,3.493950,3.491400,3.492765,0.002550,3.492600,3.493200,3.492750,3.492750,3.492600,3.493050,3.493950,3.491550,3.492600,3.492600,3.493650,3.491400,3.493350,3.493050,3.493050,3.492450,3.493050,3.492900,3.493350,3.492450,3.491700,3.492600,3.492900,3.492900,3.492450,3.492600,3.493950,3.492000,20.305140,19.794794,20.020523,19.991755,20.017023,20.042292,20.107996,19.946314,19.961451,20.067560,20.133265,,,,,,,19.996820,20.305140,19.794794,19.976618,19.910944,20.011988,20.052393,20.011988,0,0,0,0,0,0
273280,97.797432,3.493950,3.491400,3.492765,0.002550,3.492600,3.493350,3.492900,3.492750,3.492600,3.492900,3.493950,3.491550,3.492600,3.492600,3.493650,3.491400,3.493200,3.493050,3.493200,3.492300,3.493050,3.492900,3.493350,3.492450,3.491700,3.492600,3.492900,3.492900,3.492450,3.492600,3.493950,3.492000,20.305140,19.799860,20.021156,19.991755,20.017023,20.037256,20.113031,19.946314,19.966516,20.067560,20.138300,,,,,,,19.996820,20.305140,19.799860,19.976618,19.910944,20.011988,20.047358,20.011988,0,0,0,0,0,0
273781,97.796989,3.494100,3.491400,3.492750,0.002700,3.492600,3.493200,3.492750,3.492750,3.492600,3.492900,3.493800,3.491550,3.492600,3.492600,3.493500,3.491400,3.493200,3.493050,3.493200,3.492450,3.493050,3.492900,3.493350,3.492300,3.491700,3.492600,3.492900,3.492900,3.492450,3.492600,3.494100,3.492000,20.305140,19.794794,20.020208,19.991755,20.017023,20.037256,20.107996,19.941248,19.966516,20.067560,20.133265,,,,,,,19.996820,20.305140,19.794794,19.976618,19.910944,20.011988,20.052393,20.011988,0,0,0,0,0,0
274282,97.797729,3.493950,3.491400,3.492776,0.002550,3.492750,3.493200,3.492900,3.492750,3.492600,3.493050,3.493950,3.491550,3.492600,3.492600,3.493650,3.491400,3.493200,3.493050,3.493050,3.492450,3.493050,3.492900,3.493500,3.492450,3.491700,3.492600,3.492900,3.492900,3.492450,3.492600,3.493950,3.492000,20.305140,19.794794,20.021154,19.991755,20.017023,20.037256,20.113031,19.946314,19.966516,20.067560,20.138300,,,,,,,19.996820,20.305140,19.794794,19.976618,19.910944,20.011988,20.052393,20.011988,0,0,0,0,0,0
274783,97.796837,3.493950,3.491400,3.492744,0.002550,3.492600,3.493200,3.492750,3.492750,3.492600,3.492900,3.493950,3.491550,3.492450,3.492600,3.493650,3.491400,3.493200,3.493050,3.493050,3.492450,3.493050,3.492900,3.493350,3.492450,3.491700,3.492600,3.492900,3.492900,3.492300,3.492600,3.493950,3.492000,20.310205,19.799860,20.022106,19.996820,20.017023,20.037256,20.107996,19.946314,19.966516,20.067560,20.138300,,,,,,,19.996820,20.310205,19.799860,19.976618,19.916010,20.011988,20.052393,20.011988,0,0,0,0,0,0
275283,97.796982,3.493950,3.491400,3.492749,0.002550,3.492600,3.493200,3.492900,3.492750,3.492600,3.492900,3.493800,3.491550,3.492450,3.492450,3.493650,3.491400,3.493200,3.493050,3.493200,3.492450,3.493050,3.492900,3.493350,3.492450,3.491700,3.492600,3.492900,3.492900,3.492450,3.492600,3.493950,3.492000,20.305140,19.799860,20.021156,19.991755,20.017023,20.037256,20.107996,19.946314,19.966516,20.067560,20.138300,,,,,,,19.996820,20.305140,19.799860,19.976618,19.910944,20.011988,20.052393,20.011988,0,0,0,0,0,0
275785,97.797729,3.493950,3.491400,3.492776,0.002550,3.492750,3.493350,3.492900,3.492750,3.492600,3.492900,3.493800,3.491550,3.492600,3.492600,3.493650,3.491400,3.493350,3.493050,3.493200,3.492450,3.493050,3.492900,3.493350,3.492450,3.491700,3.492600,3.492900,3.492900,3.492450,3.492600,3.493950,3.492000,20.310205,19.799860,20.021473,19.991755,20.017023,20.037256,20.113031,19.946314,19.966516,20.067560,20.133265,,,,,,,19.996820,20.310205,19.799860,19.976618,19.910944,20.011988,20.052393,20.011988,0,0,0,0,0,0
276286,97.796997,3.493950,3.491400,3.492750,0.002550,3.492750,3.493200,3.492900,3.492750,3.492600,3.492900,3.493800,3.491550,3.492600,3.492600,3.493500,3.491400,3.493200,3.493050,3.493050,3.492450,3.493050,3.492900,3.493500,3.492450,3.491700,3.492600,3.492900,3.492900,3.492300,3.492600,3.493950,3.491850,20.310205,19.799860,20.021471,19.991755,20.017023,20.037256,20.113031,19.941248,19.966516,20.067560,20.138300,,,,,,,19.996820,20.310205,19.799860,19.976618,19.910944,20.011988,20.052393,20.011988,0,0,0,0,0,0
276787,97.797585,3.493950,3.491400,3.492771,0.002550,3.492750,3.493200,3.492900,3.492750,3.492600,3.492900,3.493950,3.491550,3.492600,3.492600,3.493650,3.491400,3.493350,3.493050,3.493050,3.492450,3.493050,3.492900,3.493350,3.492450,3.491700,3.492600,3.492900,3.492900,3.492450,3.492600,3.493950,3.492000,20.305140,19.799860,20.021156,19.991755,20.017023,20.037256,20.107996,19.946314,19.966516,20.067560,20.138300,,,,,,,19.996820,20.305140,19.799860,19.976618,19.910944,20.011988,20.052393,20.011988,0,0,0,0,0,0
277288,97.797142,3.493950,3.491400,3.492755,0.002550,3.492600,3.493350,3.492900,3.492750,3.492600,3.492900,3.493950,3.491550,3.492600,3.492450,3.493500,3.491400,3.493350,3.493050,3.493050,3.492450,3.493050,3.492900,3.493350,3.492450,3.491700,3.492600,3.492900,3.492900,3.492300,3.492600,3.493950,3.492000,20.305140,19.799860,20.021471,19.991755,20.017023,20.037256,20.113031,19.946314,19.966516,20.067560,20.138300,,,,,,,19.996820,20.305140,19.799860,19.976618,19.910944,20.011988,20.052393,20.011988,0,0,0,0,0,0
277789,97.796837,3.493950,3.491400,3.492744,0.002550,3.492750,3.493200,3.492750,3.492750,3.492600,3.493050,3.493800,3.491550,3.492450,3.492450,3.493500,3.491400,3.493200,3.493050,3.493200,3.492450,3.493050,3.492900,3.493350,3.492450,3.491700,3.492600,3.492900,3.492900,3.492450,3.492600,3.493950,3.491850,20.305140,19.799860,20.021788,19.991755,20.017023,20.037256,20.113031,19.946314,19.966516,20.067560,20.138300,,,,,,,20.001886,20.305140,19.799860,19.976618,19.910944,20.011988,20.052393,20.011988,0,0,0,0,0,0
278290,97.797287,3.493950,3.491400,3.492760,0.002550,3.492750,3.493200,3.492750,3.492750,3.492600,3.492900,3.493950,3.491550,3.492450,3.492600,3.493650,3.491400,3.493350,3.493050,3.493050,3.492450,3.493050,3.492750,3.493500,3.492450,3.491700,3.492600,3.492900,3.492900,3.492450,3.492600,3.493950,3.492000,20.310205,19.794794,20.022104,19.991755,20.017023,20.037256,20.113031,19.946314,19.966516,20.067560,20.138300,,,,,,,20.001886,20.310205,19.794794,19.976618,19.916010,20.011988,20.052393,20.011988,0,0,0,0,0,0
278791,97.797134,3.494100,3.491400,3.492755,0.002700,3.492600,3.493200,3.492900,3.492750,3.492600,3.493050,3.493950,3.491550,3.492600,3.492600,3.493650,3.491400,3.493200,3.493050,3.493050,3.492450,3.493050,3.492750,3.493350,3.492450,3.491700,3.492450,3.492900,3.492900,3.492450,3.492600,3.494100,3.491850,20.305140,19.799860,20.021471,19.991755,20.017023,20.037256,20.113031,19.946314,19.966516,20.067560,20.138300,,,,,,,19.996820,20.305140,19.799860,19.976618,19.910944,20.011988,20.052393,20.011988,0,0,0,0,0,0
279292,97.796524,3.493950,3.491250,3.492733,0.002700,3.492750,3.493200,3.492750,3.492750,3.492600,3.492900,3.493800,3.491550,3.492600,3.492450,3.493500,3.491250,3.493200,3.493050,3.493050,3.492450,3.493050,3.492900,3.493350,3.492450,3.491700,3.492600,3.492900,3.492900,3.492450,3.492450,3.493950,3.492000,20.310205,19.799860,20.022421,19.996820,20.022089,20.037256,20.113031,19.946314,19.966516,20.067560,20.138300,,,,,,,19.996820,20.310205,19.799860,19.976618,19.910944,20.011988,20.052393,20.011988,0,0,0,0,0,0
279793,97.796852,3.493950,3.491400,3.492745,0.002550,3.492750,3.493200,3.492900,3.492750,3.492600,3.492900,3.493950,3.491550,3.492600,3.492600,3.493650,3.491400,3.493350,3.493050,3.493050,3.492450,3.493050,3.492900,3.493350,3.492300,3.491700,3.492600,3.492900,3.492750,3.492300,3.492450,3.493950,3.491850,20.310205,19.799860,20.022421,19.996820,20.017023,20.037256,20.113031,19.946314,19.966516,20.072626,20.138300,,,,,,,19.996820,20.310205,19.799860,19.976618,19.910944,20.011988,20.052393,20.011988,0,0,0,0,0,0
280294,97.796379,3.493950,3.491250,3.492728,0.002700,3.492600,3.493200,3.492750,3.492750,3.492600,3.492900,3.493800,3.491550,3.492600,3.492450,3.493500,3.491250,3.493200,3.493050,3.493050,3.492450,3.493050,3.492900,3.493350,3.492450,3.491700,3.492600,3.492900,3.492900,3.492300,3.492600,3.493950,3.492000,20.310205,19.799860,20.022104,19.991755,20.022089,20.037256,20.113031,19.941248,19.966516,20.067560,20.138300,,,,,,,20.001886,20.310205,19.799860,19.976618,19.910944,20.011988,20.052393,20.011988,0,0,0,0,0,0
280795,97.796242,3.493950,3.491400,3.492723,0.002550,3.492750,3.493200,3.492750,3.492750,3.492600,3.492900,3.493800,3.491400,3.492450,3.492450,3.493500,3.491400,3.493200,3.493050,3.493200,3.492300,3.493050,3.492900,3.493350,3.492450,3.491700,3.492600,3.492900,3.492900,3.492300,3.492600,3.493950,3.491850,20.310205,19.799860,20.022104,19.996820,20.017023,20.037256,20.113031,19.946314,19.961451,20.067560,20.138300,,,,,,,20.001886,20.310205,19.799860,19.976618,19.910944,20.011988,20.052393,20.011988,0,0,0,0,0,0
281296,97.796089,3.493950,3.491400,3.492718,0.002550,3.492600,3.493200,3.492750,3.492750,3.492600,3.492900,3.493800,3.491550,3.492450,3.492450,3.493650,3.491400,3.493350,3.493050,3.493050,3.492300,3.493050,3.492750,3.493350,3.492300,3.491700,3.492450,3.492900,3.492900,3.492300,3.492600,3.493950,3.492000,20.310205,19.799860,20.021791,19.991755,20.017023,20.037256,20.107996,19.946314,19.966516,20.072626,20.133265,,,,,,,20.001886,20.310205,19.799860,19.976618,19.910944,20.011988,20.052393,20.011988,0,0,0,0,0,0
281797,97.796394,3.493950,3.491250,3.492728,0.002700,3.492600,3.493200,3.492900,3.492750,3.492600,3.492900,3.493950,3.491550,3.492600,3.492450,3.493500,3.491250,3.493200,3.493050,3.493200,3.492450,3.493050,3.492750,3.493350,3.492300,3.491700,3.492600,3.492900,3.492900,3.492300,3.492600,3.493950,3.491850,20.310205,19.799860,20.022419,19.991755,20.017023,20.037256,20.113031,19.946314,19.966516,20.067560,20.138300,,,,,,,20.001886,20.310205,19.799860,19.976618,19.910944,20.017023,20.052393,20.011988,0,0,0,0,0,0
282298,97.796104,3.493950,3.491400,3.492718,0.002550,3.492600,3.493200,3.492900,3.492750,3.492600,3.492900,3.493950,3.491550,3.492450,3.492450,3.493500,3.491400,3.493200,3.493050,3.493050,3.492450,3.493050,3.492750,3.493350,3.492300,3.491700,3.492600,3.492750,3.492900,3.492300,3.492600,3.493950,3.491850,20.310205,19.799860,20.022421,19.996820,20.017023,20.037256,20.113031,19.946314,19.966516,20.067560,20.138300,,,,,,,20.001886,20.310205,19.799860,19.976618,19.910944,20.011988,20.052393,20.011988,0,0,0,0,0,0
282798,97.796234,3.493950,3.491250,3.492723,0.002700,3.492600,3.493200,3.492750,3.492750,3.492600,3.492900,3.493950,3.491550,3.492600,3.492450,3.493500,3.491250,3.493200,3.493050,3.493050,3.492300,3.493050,3.492900,3.493350,3.492450,3.491700,3.492450,3.492900,3.492900,3.492300,3.492600,3.493950,3.492000,20.310205,19.799860,20.022421,19.991755,20.017023,20.037256,20.113031,19.946314,19.966516,20.072626,20.138300,,,,,,,20.001886,20.310205,19.799860,19.976618,19.910944,20.011988,20.052393,20.011988,0,0,0,0,0,0
283300,97.796097,3.493950,3.491400,3.492718,0.002550,3.492750,3.493200,3.492750,3.492750,3.492600,3.492900,3.493800,3.491550,3.492450,3.492450,3.493650,3.491400,3.493200,3.493050,3.493050,3.492300,3.493050,3.492750,3.493350,3.492300,3.491700,3.492600,3.492750,3.492900,3.492450,3.492600,3.493950,3.491850,20.310205,19.799860,20.022104,19.991755,20.017023,20.037256,20.113031,19.946314,19.966516,20.072626,20.138300,,,,,,,19.996820,20.310205,19.799860,19.976618,19.910944,20.011988,20.052393,20.011988,0,0,0,0,0,0
283801,97.796394,3.493950,3.491400,3.492728,0.002550,3.492600,3.493200,3.492750,3.492750,3.492600,3.492900,3.493800,3.491550,3.492450,3.492450,3.493650,3.491400,3.493350,3.493050,3.493200,3.492450,3.493050,3.492750,3.493350,3.492300,3.491700,3.492600,3.492900,3.492900,3.492300,3.492600,3.493950,3.491850,20.310205,19.799860,20.022738,19.996820,20.022089,20.037256,20.113031,19.946314,19.966516,20.072626,20.138300,,,,,,,19.996820,20.310205,19.799860,19.976618,19.910944,20.011988,20.052393,20.011988,0,0,0,0,0,0
284302,97.795799,3.493950,3.491400,3.492707,0.002550,3.492600,3.493200,3.492750,3.492750,3.492600,3.492900,3.493800,3.491550,3.492450,3.492600,3.493650,3.491400,3.493200,3.493050,3.493050,3.492450,3.492900,3.492750,3.493350,3.492300,3.491700,3.492450,3.492750,3.492900,3.492300,3.492600,3.493950,3.491850,20.310205,19.799860,20.022738,19.991755,20.022089,20.037256,20.107996,19.946314,19.966516,20.072626,20.138300,,,,,,,20.001886,20.310205,19.799860,19.976618,19.910944,20.011988,20.052393,20.017023,0,0,0,0,0,0
284803,97.795952,3.493950,3.491400,3.492712,0.002550,3.492600,3.493200,3.492750,3.492750,3.492600,3.492900,3.493800,3.491550,3.492600,3.492450,3.493650,3.491400,3.493200,3.493050,3.493050,3.492450,3.493050,3.492900,3.493350,3.492300,3.491700,3.492600,3.492750,3.492750,3.492300,3.492450,3.493950,3.491850,20.310205,19.799860,20.022738,19.996820,20.017023,20.037256,20.113031,19.946314,19.966516,20.072626,20.138300,,,,,,,20.001886,20.310205,19.799860,19.976618,19.910944,20.011988,20.052393,20.011988,0,0,0,0,0,0
285304,97.795479,3.493950,3.491250,3.492696,0.002700,3.492600,3.493200,3.492750,3.492750,3.492450,3.492900,3.493800,3.491400,3.492450,3.492450,3.493500,3.491250,3.493350,3.493050,3.493050,3.492300,3.493050,3.492750,3.493350,3.492300,3.491700,3.492450,3.492900,3.492900,3.492450,3.492450,3.493950,3.492000,20.310205,19.799860,20.022738,19.996820,20.017023,20.037256,20.113031,19.946314,19.966516,20.072626,20.138300,,,,,,,20.001886,20.310205,19.799860,19.976618,19.910944,20.011988,20.052393,20.011988,0,0,0,0,0,0
285805,97.795937,3.493950,3.491400,3.492712,0.002550,3.492600,3.493200,3.492750,3.492750,3.492600,3.492900,3.493800,3.491550,3.492600,3.492450,3.493650,3.491400,3.493200,3.493050,3.493050,3.492300,3.493050,3.492750,3.493350,3.492450,3.491700,3.492450,3.492750,3.492900,3.492300,3.492600,3.493950,3.491850,20.310205,19.799860,20.022736,19.991755,20.017023,20.042292,20.113031,19.946314,19.966516,20.072626,20.138300,,,,,,,20.001886,20.310205,19.799860,19.976618,19.910944,20.011988,20.052393,20.011988,0,0,0,0,0,0
286306,97.795799,3.493950,3.491400,3.492707,0.002550,3.492600,3.493200,3.492900,3.492750,3.492600,3.492900,3.493950,3.491550,3.492450,3.492450,3.493500,3.491400,3.493200,3.492900,3.493050,3.492300,3.493050,3.492750,3.493350,3.492300,3.491700,3.492600,3.492900,3.492900,3.492300,3.492450,3.493950,3.491850,20.310205,19.799860,20.023052,19.991755,20.022089,20.042292,20.113031,19.946314,19.966516,20.072626,20.138300,,,,,,,20.001886,20.310205,19.799860,19.976618,19.910944,20.011988,20.052393,20.011988,0,0,0,0,0,0
286807,97.794899,3.493950,3.491250,3.492675,0.002700,3.492600,3.493200,3.492750,3.492750,3.492600,3.492900,3.493800,3.491400,3.492450,3.492450,3.493500,3.491250,3.493200,3.493050,3.493050,3.492300,3.493050,3.492750,3.493350,3.492300,3.491700,3.492450,3.492750,3.492750,3.492300,3.492450,3.493950,3.491850,20.310205,19.799860,20.023052,19.991755,20.022089,20.037256,20.113031,19.946314,19.966516,20.072626,20.138300,,,,,,,20.001886,20.310205,19.799860,19.976618,19.910944,20.011988,20.052393,20.017023,0,0,0,0,0,0
287308,97.794899,3.493950,3.491400,3.492675,0.002550,3.492600,3.493200,3.492750,3.492600,3.492600,3.492900,3.493800,3.491400,3.492450,3.492450,3.493500,3.491400,3.493200,3.493050,3.493050,3.492300,3.493050,3.492750,3.493350,3.492300,3.491550,3.492450,3.492750,3.492750,3.492300,3.492600,3.493950,3.491850,20.310205,19.799860,20.022421,19.991755,20.017023,20.037256,20.113031,19.946314,19.966516,20.072626,20.138300,,,,,,,20.001886,20.310205,19.799860,19.976618,19.910944,20.011988,20.052393,20.011988,0,0,0,0,0,0
287809,97.795341,3.493950,3.491400,3.492691,0.002550,3.492600,3.493200,3.492750,3.492750,3.492600,3.492900,3.493800,3.491550,3.492450,3.492450,3.493500,3.491400,3.493200,3.493050,3.493050,3.492300,3.493050,3.492750,3.493350,3.492300,3.491550,3.492450,3.492750,3.492900,3.492300,3.492600,3.493950,3.491850,20.310205,19.799860,20.023052,19.996820,20.017023,20.037256,20.113031,19.946314,19.966516,20.072626,20.138300,,,,,,,20.001886,20.310205,19.799860,19.976618,19.910944,20.017023,20.052393,20.011988,0,0,0,0,0,0
288310,97.795189,3.493950,3.491250,3.492685,0.002700,3.492600,3.493200,3.492750,3.492750,3.492600,3.492900,3.493800,3.491550,3.492450,3.492450,3.493500,3.491250,3.493200,3.492900,3.493050,3.492450,3.493050,3.492750,3.493350,3.492300,3.491550,3.492600,3.492750,3.492900,3.492300,3.492450,3.493950,3.491850,20.310205,19.799860,20.023054,19.996820,20.022089,20.037256,20.113031,19.946314,19.966516,20.072626,20.138300,,,,,,,20.001886,20.310205,19.799860,19.976618,19.910944,20.011988,20.052393,20.011988,0,0,0,0,0,0
288811,97.795197,3.493950,3.491250,3.492686,0.002700,3.492600,3.493200,3.492750,3.492750,3.492600,3.492900,3.493800,3.491550,3.492450,3.492450,3.493500,3.491250,3.493200,3.492900,3.493050,3.492300,3.492900,3.492750,3.493350,3.492300,3.491700,3.492600,3.492900,3.492750,3.492300,3.492600,3.493950,3.491850,20.310205,19.799860,20.022738,19.996820,20.022089,20.037256,20.113031,19.941248,19.966516,20.072626,20.138300,,,,,,,20.001886,20.310205,19.799860,19.976618,19.910944,20.011988,20.052393,20.011988,0,0,0,0,0,0
289312,97.795792,3.493950,3.491250,3.492707,0.002700,3.492600,3.493200,3.492750,3.492750,3.492600,3.493050,3.493800,3.491550,3.492450,3.492450,3.493500,3.491250,3.493200,3.493050,3.493050,3.492300,3.493050,3.492900,3.493350,3.492300,3.491700,3.492450,3.492750,3.492750,3.492450,3.492600,3.493950,3.492000,20.310205,19.799860,20.023054,19.996820,20.022089,20.037256,20.113031,19.946314,19.966516,20.072626,20.138300,,,,,,,20.001886,20.310205,19.799860,19.976618,19.910944,20.011988,20.052393,20.011988,0,0,0,0,0,0
289813,97.794891,3.493950,3.491250,3.492675,0.002700,3.492600,3.493200,3.492900,3.492600,3.492600,3.492900,3.493800,3.491550,3.492450,3.492450,3.493500,3.491250,3.493200,3.492900,3.493050,3.492300,3.492900,3.492750,3.493350,3.492300,3.491700,3.492450,3.492750,3.492900,3.492300,3.492450,3.493950,3.491850,20.310205,19.799860,20.023682,19.991755,20.022089,20.042292,20.113031,19.946314,19.966516,20.072626,20.138300,,,,,,,20.006922,20.310205,19.799860,19.976618,19.910944,20.017023,20.052393,20.011988,0,0,0,0,0,0
290314,97.795341,3.493950,3.491400,3.492691,0.002550,3.492600,3.493200,3.492750,3.492750,3.492600,3.492900,3.493950,3.491550,3.492450,3.492450,3.493500,3.491400,3.493200,3.492900,3.493050,3.492300,3.492900,3.492750,3.493350,3.492450,3.491700,3.492450,3.492750,3.492900,3.492300,3.492450,3.493950,3.491850,20.310205,19.799860,20.023685,19.996820,20.022089,20.037256,20.113031,19.946314,19.966516,20.072626,20.138300,,,,,,,20.006922,20.310205,19.799860,19.976618,19.916010,20.011988,20.052393,20.011988,0,0,0,0,0,0
290815,97.795639,3.493950,3.491250,3.492701,0.002700,3.492600,3.493200,3.492750,3.492750,3.492600,3.492900,3.493800,3.491550,3.492450,3.492450,3.493500,3.491250,3.493200,3.492900,3.493050,3.492300,3.493050,3.492900,3.493350,3.492450,3.491700,3.492600,3.492900,3.492900,3.492300,3.492450,3.493950,3.491850,20.310205,19.799860,20.023369,19.996820,20.022089,20.037256,20.113031,19.946314,19.966516,20.072626,20.138300,,,,,,,20.006922,20.310205,19.799860,19.976618,19.910944,20.011988,20.052393,20.011988,0,0,0,0,0,0
291316,97.794754,3.493950,3.491250,3.492670,0.002700,3.492600,3.493200,3.492750,3.492600,3.492600,3.492900,3.493800,3.491400,3.492450,3.492450,3.493500,3.491250,3.493350,3.492900,3.493050,3.492300,3.493050,3.492750,3.493350,3.492300,3.491700,3.492450,3.492750,3.492750,3.492300,3.492450,3.493950,3.491850,20.315241,19.799860,20.023684,19.996820,20.022089,20.037256,20.113031,19.946314,19.966516,20.072626,20.138300,,,,,,,20.006922,20.315241,19.799860,19.976618,19.910944,20.011988,20.052393,20.011988,0,0,0,0,0,0
291817,97.794754,3.493950,3.491250,3.492670,0.002700,3.492600,3.493200,3.492750,3.492600,3.492600,3.492900,3.493800,3.491400,3.492450,3.492450,3.493500,3.491250,3.493200,3.492900,3.493050,3.492300,3.493050,3.492750,3.493350,3.492300,3.491700,3.492450,3.492750,3.492750,3.492300,3.492600,3.493950,3.491850,20.310205,19.799860,20.023685,19.996820,20.022089,20.037256,20.113031,19.946314,19.966516,20.072626,20.138300,,,,,,,20.006922,20.310205,19.799860,19.976618,19.916010,20.011988,20.052393,20.011988,0,0,0,0,0,0
292318,97.794746,3.493950,3.491250,3.492670,0.002700,3.492600,3.493200,3.492750,3.492750,3.492600,3.493050,3.493800,3.491400,3.492450,3.492450,3.493500,3.491250,3.493200,3.492900,3.493050,3.492300,3.493050,3.492750,3.493200,3.492300,3.491550,3.492450,3.492750,3.492750,3.492300,3.492600,3.493950,3.491850,20.315241,19.804895,20.023996,19.991755,20.022089,20.037256,20.113031,19.946314,19.966516,20.072626,20.138300,,,,,,,20.006922,20.315241,19.804895,19.976618,19.910944,20.011988,20.052393,20.017023,0,0,0,0,0,0
292819,97.794441,3.493800,3.491250,3.492659,0.002550,3.492600,3.493200,3.492750,3.492600,3.492450,3.492900,3.493800,3.491400,3.492450,3.492450,3.493650,3.491250,3.493200,3.492900,3.493050,3.492300,3.492900,3.492750,3.493350,3.492300,3.491550,3.492600,3.492750,3.492900,3.492300,3.492450,3.493800,3.491850,20.315241,19.804895,20.024315,19.996820,20.022089,20.037256,20.113031,19.941248,19.966516,20.072626,20.138300,,,,,,,20.006922,20.315241,19.804895,19.976618,19.916010,20.011988,20.057459,20.011988,0,0,0,0,0,0
293320,97.794586,3.493950,3.491250,3.492664,0.002700,3.492600,3.493200,3.492750,3.492750,3.492600,3.492900,3.493800,3.491400,3.492450,3.492450,3.493500,3.491250,3.493200,3.492900,3.493050,3.492300,3.493050,3.492750,3.493200,3.492300,3.491550,3.492450,3.492750,3.492900,3.492300,3.492450,3.493950,3.491850,20.315241,19.799860,20.023684,19.991755,20.022089,20.037256,20.113031,19.946314,19.966516,20.072626,20.138300,,,,,,,20.006922,20.315241,19.799860,19.976618,19.916010,20.011988,20.052393,20.011988,0,0,0,0,0,0
293821,97.794144,3.493800,3.491250,3.492648,0.002550,3.492600,3.493200,3.492750,3.492750,3.492600,3.492900,3.493800,3.491400,3.492450,3.492450,3.493500,3.491250,3.493200,3.492900,3.493050,3.492300,3.492900,3.492750,3.493200,3.492300,3.491550,3.492450,3.492750,3.492750,3.492300,3.492450,3.493800,3.491850,20.315241,19.804895,20.024942,19.991755,20.022089,20.042292,20.113031,19.946314,19.966516,20.077662,20.138300,,,,,,,20.006922,20.315241,19.804895,19.976618,19.916010,20.011988,20.052393,20.017023,0,0,0,0,0,0
294322,97.794594,3.493950,3.491250,3.492664,0.002700,3.492600,3.493200,3.492750,3.492750,3.492600,3.492900,3.493800,3.491550,3.492450,3.492450,3.493500,3.491250,3.493200,3.492900,3.492900,3.492300,3.493050,3.492750,3.493350,3.492300,3.491550,3.492450,3.492750,3.492750,3.492300,3.492450,3.493950,3.491850,20.315241,19.804895,20.025261,19.996820,20.022089,20.037256,20.113031,19.946314,19.966516,20.077662,20.138300,,,,,,,20.006922,20.315241,19.804895,19.981653,19.916010,20.011988,20.057459,20.011988,0,0,0,0,0,0
294823,97.794296,3.493800,3.491250,3.492653,0.002550,3.492600,3.493200,3.492750,3.492600,3.492600,3.492900,3.493800,3.491400,3.492450,3.492450,3.493500,3.491250,3.493200,3.492900,3.493050,3.492300,3.492900,3.492750,3.493350,3.492300,3.491700,3.492450,3.492750,3.492750,3.492300,3.492450,3.493800,3.491850,20.315241,19.804895,20.024944,19.996820,20.022089,20.037256,20.113031,19.941248,19.966516,20.077662,20.138300,,,,,,,20.006922,20.315241,19.804895,19.976618,19.916010,20.011988,20.057459,20.017023,0,0,0,0,0,0
295324,97.794601,3.493800,3.491250,3.492664,0.002550,3.492600,3.493200,3.492750,3.492750,3.492600,3.492750,3.493800,3.491400,3.492450,3.492450,3.493500,3.491250,3.493200,3.492900,3.493050,3.492300,3.493050,3.492750,3.493350,3.492300,3.491700,3.492600,3.492750,3.492750,3.492300,3.492450,3.493800,3.491850,20.315241,19.804895,20.023996,19.996820,20.022089,20.037256,20.113031,19.941248,19.966516,20.077662,20.138300,,,,,,,20.006922,20.315241,19.804895,19.976618,19.910944,20.011988,20.052393,20.011988,0,0,0,0,0,0
295825,97.794144,3.493800,3.491250,3.492648,0.002550,3.492600,3.493050,3.492750,3.492750,3.492600,3.492900,3.493800,3.491400,3.492450,3.492450,3.493500,3.491250,3.493200,3.493050,3.493050,3.492300,3.492900,3.492750,3.493200,3.492300,3.491550,3.492450,3.492750,3.492750,3.492300,3.492450,3.493800,3.491850,20.315241,19.804895,20.024946,19.996820,20.022089,20.037256,20.113031,19.946314,19.966516,20.077662,20.138300,,,,,,,20.006922,20.315241,19.804895,19.976618,19.916010,20.011988,20.057459,20.011988,0,0,0,0,0,0
296325,97.794289,3.493800,3.491250,3.492653,0.002550,3.492600,3.493200,3.492750,3.492750,3.492600,3.492900,3.493800,3.491400,3.492450,3.492450,3.493500,3.491250,3.493200,3.492900,3.493050,3.492300,3.492900,3.492750,3.493350,3.492300,3.491550,3.492450,3.492750,3.492750,3.492300,3.492450,3.493800,3.491850,20.315241,19.804895,20.024942,19.991755,20.022089,20.037256,20.113031,19.946314,19.966516,20.077662,20.138300,,,,,,,20.006922,20.315241,19.804895,19.976618,19.910944,20.017023,20.057459,20.017023,0,0,0,0,0,0
296827,97.794136,3.493800,3.491250,3.492648,0.002550,3.492600,3.493200,3.492750,3.492600,3.492600,3.492900,3.493800,3.491400,3.492300,3.492450,3.493500,3.491250,3.493200,3.492900,3.493050,3.492300,3.492900,3.492750,3.493350,3.492300,3.491550,3.492450,3.492900,3.492750,3.492300,3.492450,3.493800,3.491850,20.315241,19.804895,20.025259,19.996820,20.017023,20.037256,20.113031,19.946314,19.966516,20.077662,20.138300,,,,,,,20.006922,20.315241,19.804895,19.981653,19.916010,20.017023,20.057459,20.011988,0,0,0,0,0,0
297327,97.794449,3.493950,3.491250,3.492659,0.002700,3.492600,3.493200,3.492750,3.492600,3.492450,3.492900,3.493800,3.491400,3.492450,3.492300,3.493500,3.491250,3.493200,3.492900,3.493050,3.492300,3.493050,3.492750,3.493350,3.492300,3.491700,3.492450,3.492750,3.492900,3.492300,3.492450,3.493950,3.491850,20.315241,19.804895,20.023996,19.991755,20.022089,20.037256,20.113031,19.941248,19.966516,20.077662,20.138300,,,,,,,20.006922,20.315241,19.804895,19.976618,19.916010,20.011988,20.052393,20.011988,0,0,0,0,0,0
297828,97.794151,3.493950,3.491250,3.492648,0.002700,3.492600,3.493050,3.492750,3.492600,3.492450,3.492900,3.493800,3.491400,3.492450,3.492450,3.493500,3.491250,3.493200,3.492900,3.493050,3.492300,3.493050,3.492750,3.493350,3.492300,3.491550,3.492450,3.492750,3.492750,3.492300,3.492450,3.493950,3.491850,20.315241,19.804895,20.025259,19.996820,20.022089,20.037256,20.113031,19.946314,19.966516,20.077662,20.138300,,,,,,,20.006922,20.315241,19.804895,19.976618,19.916010,20.017023,20.052393,20.017023,0,0,0,0,0,0
298329,97.793999,3.493950,3.491250,3.492643,0.002700,3.492600,3.493050,3.492750,3.492600,3.492600,3.492900,3.493800,3.491400,3.492450,3.492450,3.493500,3.491250,3.493200,3.492900,3.493050,3.492300,3.492900,3.492750,3.493200,3.492300,3.491550,3.492450,3.492750,3.492750,3.492300,3.492450,3.493950,3.491850,20.315241,19.804895,20.024942,19.991755,20.022089,20.037256,20.113031,19.946314,19.966516,20.077662,20.138300,,,,,,,20.006922,20.315241,19.804895,19.976618,19.910944,20.017023,20.057459,20.017023,0,0,0,0,0,0
298830,97.793991,3.493800,3.491250,3.492643,0.002550,3.492600,3.493050,3.492750,3.492600,3.492600,3.492900,3.493800,3.491400,3.492450,3.492450,3.493500,3.491250,3.493200,3.492900,3.493050,3.492300,3.493050,3.492750,3.493350,3.492150,3.491550,3.492450,3.492750,3.492750,3.492300,3.492450,3.493800,3.491850,20.320307,19.804895,20.025578,19.996820,20.022089,20.037256,20.113031,19.946314,19.966516,20.077662,20.138300,,,,,,,20.006922,20.320307,19.804895,19.976618,19.916010,20.017023,20.057459,20.011988,0,0,0,0,0,0
299331,97.794144,3.493800,3.491250,3.492648,0.002550,3.492600,3.493200,3.492750,3.492750,3.492600,3.492900,3.493800,3.491400,3.492450,3.492300,3.493500,3.491250,3.493200,3.492900,3.492900,3.492300,3.492900,3.492750,3.493200,3.492300,3.491700,3.492450,3.492750,3.492900,3.492300,3.492450,3.493800,3.491850,20.315241,19.804895,20.024944,19.996820,20.022089,20.037256,20.113031,19.946314,19.966516,20.077662,20.138300,,,,,,,20.006922,20.315241,19.804895,19.976618,19.910944,20.011988,20.057459,20.017023,0,0,0,0,0,0
299833,97.794289,3.493800,3.491250,3.492653,0.002550,3.492600,3.493050,3.492750,3.492750,3.492600,3.492900,3.493800,3.491400,3.492450,3.492450,3.493500,3.491250,3.493200,3.493050,3.493050,3.492300,3.493050,3.492750,3.493200,3.492150,3.491700,3.492450,3.492750,3.492750,3.492300,3.492450,3.493800,3.491850,20.320307,19.804895,20.026524,19.996820,20.022089,20.037256,20.113031,19.946314,19.966516,20.077662,20.138300,,,,,,,20.011988,20.320307,19.804895,19.981653,19.916010,20.017023,20.057459,20.017023,0,0,0,0,0,0
300333,97.793694,3.493800,3.491250,3.492632,0.002550,3.492600,3.493050,3.492750,3.492600,3.492450,3.492900,3.493800,3.491400,3.492450,3.492450,3.493500,3.491250,3.493200,3.492900,3.493050,3.492300,3.492900,3.492750,3.493350,3.492300,3.491550,3.492450,3.492750,3.492750,3.492150,3.492450,3.493800,3.491850,20.320307,19.809961,20.026207,19.996820,20.022089,20.042292,20.113031,19.941248,19.966516,20.082727,20.138300,,,,,,,20.006922,20.320307,19.809961,19.976618,19.916010,20.017023,20.052393,20.017023,0,0,0,0,0,0
300834,97.793839,3.493800,3.491250,3.492637,0.002550,3.492600,3.493200,3.492600,3.492600,3.492600,3.492900,3.493800,3.491400,3.492450,3.492450,3.493500,3.491250,3.493200,3.492900,3.492900,3.492300,3.492900,3.492750,3.493350,3.492300,3.491550,3.492450,3.492750,3.492750,3.492300,3.492450,3.493800,3.491850,20.315241,19.804895,20.025576,19.996820,20.022089,20.037256,20.113031,19.946314,19.966516,20.077662,20.138300,,,,,,,20.006922,20.315241,19.804895,19.981653,19.916010,20.017023,20.057459,20.011988,0,0,0,0,0,0
301336,97.793839,3.493800,3.491250,3.492637,0.002550,3.492600,3.493050,3.492750,3.492750,3.492600,3.492900,3.493800,3.491400,3.492450,3.492300,3.493350,3.491250,3.493200,3.492900,3.493050,3.492300,3.492900,3.492750,3.493350,3.492300,3.491550,3.492450,3.492750,3.492750,3.492300,3.492450,3.493800,3.491850,20.320307,19.804895,20.025578,19.996820,20.022089,20.037256,20.113031,19.946314,19.966516,20.077662,20.138300,,,,,,,20.006922,20.320307,19.804895,19.976618,19.916010,20.011988,20.057459,20.017023,0,0,0,0,0,0
301836,97.793541,3.493800,3.491250,3.492626,0.002550,3.492600,3.493050,3.492750,3.492750,3.492600,3.492900,3.493800,3.491400,3.492450,3.492450,3.493500,3.491250,3.493200,3.492900,3.492900,3.492300,3.492900,3.492750,3.493200,3.492150,3.491550,3.492450,3.492750,3.492750,3.492300,3.492450,3.493800,3.491700,20.315241,19.804895,20.025263,19.996820,20.022089,20.037256,20.113031,19.946314,19.966516,20.082727,20.138300,,,,,,,20.006922,20.315241,19.804895,19.976618,19.916010,20.011988,20.057459,20.011988,0,0,0,0,0,0
302337,97.793686,3.493800,3.491250,3.492632,0.002550,3.492600,3.493200,3.492600,3.492600,3.492600,3.492900,3.493800,3.491400,3.492450,3.492300,3.493500,3.491250,3.493200,3.492900,3.493050,3.492300,3.492900,3.492750,3.493350,3.492300,3.491550,3.492450,3.492750,3.492750,3.492150,3.492450,3.493800,3.491850,20.315241,19.804895,20.026524,19.996820,20.022089,20.042292,20.113031,19.946314,19.966516,20.082727,20.138300,,,,,,,20.011988,20.315241,19.804895,19.976618,19.916010,20.017023,20.057459,20.017023,0,0,0,0,0,0
302838,97.793396,3.493800,3.491100,3.492621,0.002700,3.492600,3.493050,3.492750,3.492600,3.492600,3.492900,3.493800,3.491400,3.492300,3.492300,3.493500,3.491100,3.493200,3.492900,3.493050,3.492300,3.492900,3.492750,3.493200,3.492300,3.491550,3.492450,3.492750,3.492750,3.492300,3.492450,3.493800,3.491850,20.315241,19.804895,20.025578,19.996820,20.022089,20.037256,20.113031,19.946314,19.966516,20.077662,20.138300,,,,,,,20.011988,20.315241,19.804895,19.976618,19.916010,20.011988,20.057459,20.017023,0,0,0,0,0,0
303339,97.793541,3.493950,3.491250,3.492626,0.002700,3.492600,3.493050,3.492750,3.492600,3.492450,3.492900,3.493800,3.491400,3.492450,3.492300,3.493500,3.491250,3.493200,3.492900,3.493050,3.492300,3.492900,3.492750,3.493350,3.492150,3.491550,3.492450,3.492750,3.492750,3.492300,3.492450,3.493950,3.491700,20.315241,19.804895,20.025578,19.996820,20.022089,20.037256,20.113031,19.946314,19.966516,20.077662,20.138300,,,,,,,20.011988,20.315241,19.804895,19.976618,19.916010,20.017023,20.057459,20.011988,0,0,0,0,0,0
303840,97.793396,3.493800,3.491250,3.492621,0.002550,3.492600,3.493050,3.492750,3.492600,3.492450,3.492900,3.493800,3.491400,3.492300,3.492450,3.493500,3.491250,3.493200,3.492900,3.492900,3.492300,3.492900,3.492750,3.493200,3.492300,3.491550,3.492450,3.492750,3.492750,3.492300,3.492450,3.493800,3.491850,20.315241,19.804895,20.026209,19.996820,20.022089,20.037256,20.113031,19.946314,19.966516,20.082727,20.138300,,,,,,,20.011988,20.315241,19.804895,19.981653,19.916010,20.011988,20.057459,20.017023,0,0,0,0,0,0
304341,97.793091,3.493800,3.491250,3.492610,0.002550,3.492600,3.493050,3.492750,3.492600,3.492450,3.492900,3.493800,3.491400,3.492450,3.492300,3.493500,3.491250,3.493200,3.492900,3.493050,3.492300,3.492900,3.492750,3.493200,3.492150,3.491550,3.492450,3.492750,3.492750,3.492150,3.492450,3.493800,3.491700,20.315241,19.804895,20.025892,19.996820,20.017023,20.037256,20.113031,19.946314,19.966516,20.082727,20.138300,,,,,,,20.011988,20.315241,19.804895,19.981653,19.916010,20.011988,20.057459,20.017023,0,0,0,0,0,0
304843,97.793549,3.493800,3.491250,3.492627,0.002550,3.492600,3.493050,3.492750,3.492600,3.492450,3.492900,3.493650,3.491400,3.492450,3.492450,3.493500,3.491250,3.493200,3.492900,3.493050,3.492150,3.492900,3.492750,3.493350,3.492300,3.491550,3.492450,3.492750,3.492750,3.492300,3.492450,3.493800,3.491850,20.315241,19.804895,20.026209,19.996820,20.022089,20.042292,20.113031,19.946314,19.966516,20.082727,20.138300,,,,,,,20.011988,20.315241,19.804895,19.976618,19.916010,20.011988,20.057459,20.017023,0,0,0,0,0,0
305343,97.793251,3.493800,3.491250,3.492616,0.002550,3.492600,3.493050,3.492600,3.492600,3.492450,3.492900,3.493650,3.491400,3.492450,3.492450,3.493350,3.491250,3.493200,3.492900,3.493050,3.492300,3.492900,3.492750,3.493200,3.492300,3.491550,3.492450,3.492750,3.492750,3.492300,3.492450,3.493800,3.491850,20.315241,19.804895,20.025261,19.996820,20.022089,20.042292,20.113031,19.941248,19.966516,20.082727,20.138300,,,,,,,20.011988,20.315241,19.804895,19.976618,19.910944,20.011988,20.057459,20.011988,0,0,0,0,0,0
305845,97.793091,3.493800,3.491250,3.492610,0.002550,3.492600,3.493050,3.492750,3.492600,3.492450,3.492750,3.493800,3.491400,3.492300,3.492450,3.493350,3.491250,3.493200,3.492900,3.492900,3.492300,3.492900,3.492750,3.493350,3.492300,3.491550,3.492450,3.492750,3.492750,3.492300,3.492450,3.493800,3.491700,20.315241,19.809961,20.026525,19.996820,20.022089,20.037256,20.113031,19.946314,19.966516,20.082727,20.138300,,,,,,,20.011988,20.315241,19.809961,19.976618,19.916010,20.017023,20.057459,20.017023,0,0,0,0,0,0
306345,97.793243,3.493800,3.491250,3.492616,0.002550,3.492600,3.493050,3.492750,3.492600,3.492450,3.492750,3.493800,3.491400,3.492450,3.492450,3.493500,3.491250,3.493050,3.492900,3.493050,3.492300,3.492900,3.492750,3.493200,3.492300,3.491550,3.492450,3.492750,3.492750,3.492300,3.492450,3.493800,3.491700,20.320307,19.804895,20.026840,19.996820,20.022089,20.037256,20.113031,19.946314,19.966516,20.082727,20.138300,,,,,,,20.011988,20.320307,19.804895,19.981653,19.916010,20.017023,20.057459,20.017023,0,0,0,0,0,0
306846,97.793106,3.493800,3.491250,3.492611,0.002550,3.492600,3.493050,3.492750,3.492600,3.492450,3.492900,3.493650,3.491400,3.492450,3.492300,3.493500,3.491250,3.493050,3.492900,3.492900,3.492300,3.492900,3.492750,3.493200,3.492300,3.491550,3.492450,3.492750,3.492750,3.492300,3.492450,3.493800,3.491850,20.320307,19.804895,20.026211,19.996820,20.022089,20.037256,20.113031,19.946314,19.966516,20.082727,20.138300,,,,,,,20.011988,20.320307,19.804895,19.976618,19.916010,20.011988,20.057459,20.017023,0,0,0,0,0,0
307347,97.793098,3.493800,3.491250,3.492611,0.002550,3.492600,3.493050,3.492750,3.492600,3.492450,3.492750,3.493800,3.491400,3.492300,3.492300,3.493500,3.491250,3.493050,3.492900,3.492900,3.492300,3.492900,3.492750,3.493350,3.492300,3.491550,3.492450,3.492750,3.492750,3.492300,3.492450,3.493800,3.491850,20.315241,19.809961,20.026527,19.996820,20.022089,20.037256,20.113031,19.946314,19.966516,20.082727,20.143366,,,,,,,20.011988,20.315241,19.809961,19.976618,19.916010,20.011988,20.057459,20.017023,0,0,0,0,0,0
307848,97.792946,3.493800,3.491250,3.492605,0.002550,3.492450,3.493050,3.492750,3.492600,3.492450,3.492750,3.493800,3.491400,3.492450,3.492450,3.493350,3.491250,3.493200,3.492900,3.492900,3.492150,3.492900,3.492750,3.493350,3.492300,3.491550,3.492450,3.492750,3.492750,3.492150,3.492450,3.493800,3.491850,20.315241,19.804895,20.026524,19.996820,20.022089,20.042292,20.113031,19.946314,19.966516,20.082727,20.138300,,,,,,,20.011988,20.315241,19.804895,19.976618,19.916010,20.017023,20.057459,20.017023,0,0,0,0,0,0
308350,97.793243,3.493800,3.491250,3.492616,0.002550,3.492600,3.493050,3.492750,3.492600,3.492450,3.492900,3.493800,3.491400,3.492450,3.492300,3.493500,3.491250,3.493200,3.492900,3.492900,3.492300,3.492900,3.492600,3.493200,3.492300,3.491550,3.492450,3.492750,3.492750,3.492300,3.492450,3.493800,3.491850,20.315241,19.804895,20.026209,19.996820,20.022089,20.037256,20.113031,19.946314,19.966516,20.082727,20.138300,,,,,,,20.011988,20.315241,19.804895,19.976618,19.916010,20.017023,20.057459,20.017023,0,0,0,0,0,0
308851,97.793091,3.493800,3.491250,3.492610,0.002550,3.492450,3.493050,3.492750,3.492600,3.492450,3.492900,3.493800,3.491550,3.492450,3.492450,3.493500,3.491250,3.493050,3.492900,3.492900,3.492300,3.492900,3.492750,3.493200,3.492300,3.491550,3.492450,3.492750,3.492750,3.492150,3.492450,3.493800,3.491700,20.315241,19.809961,20.026525,19.996820,20.022089,20.037256,20.113031,19.946314,19.966516,20.082727,20.138300,,,,,,,20.017023,20.315241,19.809961,19.976618,19.916010,20.011988,20.057459,20.017023,0,0,0,0,0,0
309351,97.793098,3.493800,3.491250,3.492611,0.002550,3.492600,3.493050,3.492600,3.492600,3.492450,3.492900,3.493650,3.491400,3.492450,3.492450,3.493500,3.491250,3.493050,3.492900,3.492900,3.492300,3.492900,3.492750,3.493200,3.492300,3.491700,3.492450,3.492750,3.492750,3.492150,3.492450,3.493800,3.491850,20.320307,19.809961,20.026842,19.996820,20.022089,20.037256,20.113031,19.946314,19.966516,20.082727,20.138300,,,,,,,20.017023,20.320307,19.809961,19.976618,19.916010,20.011988,20.057459,20.017023,0,0,0,0,0,0
309852,97.792946,3.493800,3.491250,3.492605,0.002550,3.492450,3.493200,3.492750,3.492600,3.492450,3.492900,3.493800,3.491400,3.492300,3.492450,3.493500,3.491250,3.493200,3.492900,3.492900,3.492300,3.492900,3.492600,3.493200,3.492150,3.491550,3.492450,3.492750,3.492750,3.492300,3.492300,3.493800,3.491850,20.315241,19.804895,20.026524,19.996820,20.022089,20.042292,20.113031,19.946314,19.966516,20.087763,20.138300,,,,,,,20.011988,20.315241,19.804895,19.976618,19.916010,20.011988,20.057459,20.017023,0,0,0,0,0,0
310354,97.792351,3.493800,3.491250,3.492584,0.002550,3.492600,3.493050,3.492600,3.492600,3.492450,3.492900,3.493650,3.491400,3.492300,3.492450,3.493350,3.491250,3.493050,3.492900,3.492900,3.492300,3.492900,3.492600,3.493200,3.492300,3.491550,3.492450,3.492750,3.492750,3.492150,3.492300,3.493800,3.491850,20.315241,19.804895,20.026838,19.996820,20.022089,20.037256,20.113031,19.946314,19.966516,20.087763,20.138300,,,,,,,20.011988,20.315241,19.804895,19.981653,19.916010,20.017023,20.057459,20.017023,0,0,0,0,0,0
310855,97.792641,3.493800,3.491250,3.492594,0.002550,3.492450,3.493050,3.492750,3.492600,3.492450,3.492900,3.493800,3.491400,3.492450,3.492450,3.493500,3.491250,3.493050,3.492900,3.492900,3.492150,3.492900,3.492600,3.493200,3.492150,3.491550,3.492450,3.492750,3.492750,3.492150,3.492450,3.493800,3.491850,20.315241,19.809961,20.027470,19.996820,20.022089,20.042292,20.113031,19.946314,19.966516,20.087763,20.138300,,,,,,,20.011988,20.315241,19.809961,19.981653,19.916010,20.017023,20.057459,20.017023,0,0,0,0,0,0
311355,97.791893,3.493800,3.491100,3.492568,0.002700,3.492450,3.493200,3.492600,3.492600,3.492450,3.492750,3.493650,3.491400,3.492300,3.492300,3.493350,3.491100,3.493050,3.492900,3.492900,3.492300,3.492900,3.492600,3.493200,3.492150,3.491550,3.492450,3.492750,3.492750,3.492300,3.492450,3.493800,3.491700,20.315241,19.809961,20.027472,19.996820,20.022089,20.037256,20.113031,19.946314,19.966516,20.087763,20.143366,,,,,,,20.017023,20.315241,19.809961,19.976618,19.916010,20.017023,20.057459,20.017023,0,0,0,0,0,0
311856,97.792648,3.493800,3.491250,3.492594,0.002550,3.492450,3.493050,3.492750,3.492600,3.492450,3.492750,3.493800,3.491400,3.492300,3.492450,3.493350,3.491250,3.493200,3.492900,3.492900,3.492150,3.492900,3.492600,3.493200,3.492300,3.491550,3.492450,3.492750,3.492750,3.492300,3.492450,3.493800,3.491850,20.315241,19.804895,20.026838,19.996820,20.022089,20.037256,20.113031,19.946314,19.966516,20.087763,20.138300,,,,,,,20.017023,20.315241,19.804895,19.981653,19.916010,20.017023,20.057459,20.011988,0,0,0,0,0,0
312358,97.792336,3.493800,3.491100,3.492584,0.002700,3.492450,3.493050,3.492750,3.492600,3.492450,3.492900,3.493800,3.491400,3.492450,3.492300,3.493500,3.491100,3.493050,3.492750,3.492900,3.492300,3.492900,3.492600,3.493200,3.492300,3.491550,3.492450,3.492750,3.492750,3.492150,3.492450,3.493800,3.491700,20.320307,19.804895,20.027470,19.996820,20.022089,20.042292,20.113031,19.946314,19.966516,20.087763,20.138300,,,,,,,20.017023,20.320307,19.804895,19.976618,19.916010,20.017023,20.057459,20.017023,0,0,0,0,0,0
312858,97.792046,3.493800,3.491250,3.492573,0.002550,3.492450,3.493050,3.492600,3.492600,3.492300,3.492750,3.493650,3.491400,3.492300,3.492300,3.493500,3.491250,3.493050,3.492900,3.492900,3.492150,3.492900,3.492600,3.493200,3.492300,3.491550,3.492450,3.492750,3.492750,3.492300,3.492450,3.493800,3.491850,20.315241,19.809961,20.026840,19.996820,20.022089,20.042292,20.113031,19.946314,19.966516,20.087763,20.138300,,,,,,,20.011988,20.315241,19.809961,19.976618,19.916010,20.011988,20.057459,20.017023,0,0,0,0,0,0
313359,97.792351,3.493800,3.491100,3.492584,0.002700,3.492600,3.493050,3.492600,3.492600,3.492450,3.492900,3.493800,3.491400,3.492300,3.492300,3.493350,3.491100,3.493200,3.492900,3.492900,3.492150,3.492900,3.492600,3.493350,3.492150,3.491550,3.492450,3.492750,3.492750,3.492300,3.492300,3.493800,3.491850,20.320307,19.804895,20.027155,19.996820,20.022089,20.042292,20.113031,19.946314,19.966516,20.087763,20.138300,,,,,,,20.017023,20.320307,19.804895,19.976618,19.916010,20.011988,20.057459,20.017023,0,0,0,0,0,0
313860,97.792198,3.493800,3.491250,3.492579,0.002550,3.492600,3.493050,3.492750,3.492600,3.492450,3.492750,3.493650,3.491250,3.492300,3.492450,3.493350,3.491250,3.493200,3.492900,3.492900,3.492300,3.492900,3.492600,3.493200,3.492150,3.491400,3.492450,3.492750,3.492750,3.492150,3.492450,3.493800,3.491850,20.320307,19.809961,20.027472,19.996820,20.022089,20.037256,20.113031,19.946314,19.966516,20.087763,20.138300,,,,,,,20.017023,20.320307,19.809961,19.976618,19.916010,20.017023,20.057459,20.017023,0,0,0,0,0,0
314361,97.792191,3.493800,3.491250,3.492578,0.002550,3.492450,3.493050,3.492600,3.492600,3.492450,3.492900,3.493650,3.491400,3.492450,3.492300,3.493350,3.491250,3.493200,3.492900,3.492900,3.492150,3.492900,3.492600,3.493200,3.492300,3.491550,3.492450,3.492750,3.492750,3.492150,3.492450,3.493800,3.491700,20.315241,19.804895,20.026840,19.996820,20.022089,20.037256,20.113031,19.946314,19.966516,20.087763,20.143366,,,,,,,20.017023,20.315241,19.804895,19.981653,19.916010,20.011988,20.057459,20.011988,0,0,0,0,0,0
314862,97.791740,3.493800,3.491100,3.492562,0.002700,3.492450,3.493050,3.492600,3.492600,3.492450,3.492900,3.493650,3.491400,3.492300,3.492300,3.493350,3.491100,3.493050,3.492900,3.492900,3.492300,3.492900,3.492600,3.493200,3.492150,3.491550,3.492450,3.492750,3.492750,3.492150,3.492450,3.493800,3.491700,20.320307,19.809961,20.027788,19.996820,20.022089,20.037256,20.113031,19.946314,19.966516,20.087763,20.138300,,,,,,,20.022089,20.320307,19.809961,19.976618,19.916010,20.017023,20.057459,20.017023,0,0,0,0,0,0
315364,97.791748,3.493800,3.491100,3.492563,0.002700,3.492450,3.493050,3.492600,3.492600,3.492450,3.492750,3.493800,3.491400,3.492300,3.492300,3.493350,3.491100,3.493050,3.492900,3.492900,3.492150,3.492900,3.492750,3.493200,3.492150,3.491550,3.492450,3.492600,3.492750,3.492300,3.492300,3.493800,3.491850,20.320307,19.809961,20.028101,19.996820,20.022089,20.037256,20.113031,19.946314,19.966516,20.087763,20.138300,,,,,,,20.017023,20.320307,19.809961,19.981653,19.916010,20.017023,20.062494,20.017023,0,0,0,0,0,0
315864,97.792343,3.493800,3.491100,3.492584,0.002700,3.492600,3.493050,3.492750,3.492600,3.492450,3.492900,3.493650,3.491400,3.492300,3.492300,3.493350,3.491100,3.493200,3.492900,3.492900,3.492150,3.492900,3.492750,3.493200,3.492300,3.491550,3.492450,3.492600,3.492750,3.492300,3.492450,3.493800,3.491700,20.315241,19.809961,20.027472,19.996820,20.022089,20.037256,20.113031,19.946314,19.966516,20.087763,20.143366,,,,,,,20.017023,20.315241,19.809961,19.976618,19.916010,20.011988,20.062494,20.017023,0,0,0,0,0,0
316365,97.791740,3.493800,3.491100,3.492562,0.002700,3.492450,3.493050,3.492600,3.492600,3.492450,3.492750,3.493650,3.491400,3.492450,3.492300,3.493350,3.491100,3.493200,3.492900,3.492900,3.492150,3.492900,3.492600,3.493200,3.492150,3.491550,3.492450,3.492600,3.492750,3.492150,3.492450,3.493800,3.491850,20.315241,19.809961,20.028101,19.996820,20.022089,20.042292,20.113031,19.946314,19.966516,20.087763,20.143366,,,,,,,20.017023,20.315241,19.809961,19.981653,19.916010,20.017023,20.057459,20.017023,0,0,0,0,0,0
316866,97.791603,3.493800,3.491250,3.492557,0.002550,3.492450,3.493050,3.492600,3.492600,3.492450,3.492750,3.493650,3.491400,3.492300,3.492300,3.493350,3.491250,3.493050,3.492900,3.492900,3.492150,3.492900,3.492600,3.493200,3.492150,3.491550,3.492300,3.492750,3.492750,3.492300,3.492450,3.493800,3.491700,20.320307,19.809961,20.028418,19.996820,20.022089,20.042292,20.113031,19.946314,19.966516,20.092829,20.138300,,,,,,,20.017023,20.320307,19.809961,19.981653,19.916010,20.017023,20.057459,20.017023,0,0,0,0,0,0
317367,97.791748,3.493800,3.491100,3.492563,0.002700,3.492450,3.493050,3.492600,3.492600,3.492450,3.492750,3.493800,3.491400,3.492450,3.492300,3.493350,3.491100,3.493050,3.492900,3.492900,3.492150,3.492900,3.492750,3.493200,3.492150,3.491550,3.492300,3.492750,3.492750,3.492150,3.492450,3.493800,3.491700,20.320307,19.809961,20.028418,19.996820,20.022089,20.042292,20.113031,19.946314,19.966516,20.092829,20.138300,,,,,,,20.017023,20.320307,19.809961,19.981653,19.916010,20.017023,20.057459,20.017023,0,0,0,0,0,0
317868,97.791901,3.493800,3.491250,3.492568,0.002550,3.492600,3.493050,3.492750,3.492600,3.492450,3.492750,3.493650,3.491250,3.492300,3.492300,3.493350,3.491250,3.493050,3.492900,3.492900,3.492150,3.492900,3.492600,3.493200,3.492150,3.491550,3.492450,3.492750,3.492750,3.492300,3.492300,3.493800,3.491850,20.320307,19.809961,20.028732,19.996820,20.022089,20.042292,20.113031,19.946314,19.966516,20.092829,20.138300,,,,,,,20.017023,20.320307,19.809961,19.981653,19.916010,20.017023,20.062494,20.017023,0,0,0,0,0,0
318369,97.791740,3.493800,3.491250,3.492562,0.002550,3.492450,3.493050,3.492600,3.492600,3.492450,3.492750,3.493650,3.491250,3.492300,3.492450,3.493350,3.491250,3.493200,3.492900,3.492900,3.492150,3.492900,3.492750,3.493200,3.492150,3.491550,3.492450,3.492750,3.492750,3.492150,3.492300,3.493800,3.491700,20.320307,19.809961,20.028103,19.996820,20.022089,20.042292,20.113031,19.946314,19.966516,20.092829,20.138300,,,,,,,20.017023,20.320307,19.809961,19.976618,19.916010,20.017023,20.057459,20.017023,0,0,0,0,0,0
318870,97.791740,3.493800,3.491250,3.492562,0.002550,3.492450,3.493050,3.492600,3.492600,3.492450,3.492750,3.493650,3.491400,3.492300,3.492450,3.493500,3.491250,3.493050,3.492750,3.492900,3.492300,3.492750,3.492600,3.493200,3.492150,3.491550,3.492300,3.492750,3.492750,3.492150,3.492450,3.493800,3.491850,20.320307,19.809961,20.028418,19.996820,20.022089,20.042292,20.113031,19.946314,19.966516,20.092829,20.138300,,,,,,,20.017023,20.320307,19.809961,19.981653,19.916010,20.011988,20.062494,20.017023,0,0,0,0,0,0
319371,97.791756,3.493800,3.491100,3.492563,0.002700,3.492450,3.493050,3.492750,3.492600,3.492450,3.492900,3.493650,3.491250,3.492450,3.492300,3.493350,3.491100,3.493050,3.492900,3.492900,3.492150,3.492900,3.492750,3.493200,3.492300,3.491550,3.492300,3.492750,3.492600,3.492150,3.492300,3.493800,3.491850,20.315241,19.809961,20.027786,19.996820,20.022089,20.037256,20.113031,19.946314,19.966516,20.092829,20.138300,,,,,,,20.017023,20.315241,19.809961,19.976618,19.916010,20.017023,20.062494,20.017023,0,0,0,0,0,0
319872,97.791290,3.493800,3.491250,3.492546,0.002550,3.492450,3.493050,3.492600,3.492600,3.492300,3.492750,3.493650,3.491400,3.492300,3.492300,3.493350,3.491250,3.493050,3.492900,3.492900,3.492150,3.492900,3.492600,3.493200,3.492150,3.491550,3.492450,3.492600,3.492750,3.492150,3.492450,3.493800,3.491700,20.315241,19.809961,20.028103,19.996820,20.022089,20.037256,20.113031,19.946314,19.966516,20.092829,20.138300,,,,,,,20.022089,20.315241,19.809961,19.981653,19.916010,20.011988,20.062494,20.017023,0,0,0,0,0,0
320374,97.791298,3.493800,3.491250,3.492546,0.002550,3.492450,3.493050,3.492600,3.492600,3.492450,3.492750,3.493650,3.491400,3.492300,3.492300,3.493350,3.491250,3.493200,3.492900,3.492900,3.492150,3.492900,3.492600,3.493200,3.492150,3.491550,3.492300,3.492600,3.492750,3.492150,3.492300,3.493800,3.491700,20.315241,19.809961,20.029049,19.996820,20.027124,20.037256,20.113031,19.946314,19.966516,20.092829,20.143366,,,,,,,20.022089,20.315241,19.809961,19.981653,19.916010,20.017023,20.062494,20.017023,0,0,0,0,0,0
320874,97.790848,3.493800,3.491100,3.492530,0.002700,3.492450,3.493050,3.492600,3.492600,3.492450,3.492750,3.493650,3.491400,3.492300,3.492300,3.493350,3.491100,3.493050,3.492750,3.492900,3.492150,3.492900,3.492600,3.493200,3.492150,3.491400,3.492450,3.492600,3.492750,3.492150,3.492300,3.493800,3.491700,20.315241,19.809961,20.028732,19.996820,20.022089,20.042292,20.113031,19.946314,19.966516,20.097864,20.138300,,,,,,,20.022089,20.315241,19.809961,19.976618,19.916010,20.017023,20.062494,20.017023,0,0,0,0,0,0
321376,97.791000,3.493800,3.491250,3.492536,0.002550,3.492450,3.493050,3.492600,3.492600,3.492450,3.492750,3.493650,3.491400,3.492300,3.492300,3.493350,3.491250,3.493050,3.492750,3.492900,3.492150,3.492900,3.492600,3.493200,3.492150,3.491550,3.492300,3.492600,3.492750,3.492150,3.492300,3.493800,3.491700,20.320307,19.809961,20.029051,19.996820,20.022089,20.042292,20.113031,19.946314,19.966516,20.092829,20.143366,,,,,,,20.022089,20.320307,19.809961,19.976618,19.916010,20.017023,20.062494,20.017023,0,0,0,0,0,0
321876,97.791451,3.493800,3.491250,3.492552,0.002550,3.492450,3.493050,3.492600,3.492600,3.492450,3.492750,3.493800,3.491400,3.492450,3.492300,3.493350,3.491250,3.493050,3.492750,3.492900,3.492150,3.492900,3.492600,3.493200,3.492150,3.491400,3.492300,3.492750,3.492750,3.492150,3.492450,3.493800,3.491700,20.315241,19.809961,20.029049,19.996820,20.022089,20.042292,20.113031,19.946314,19.966516,20.092829,20.143366,,,,,,,20.022089,20.315241,19.809961,19.981653,19.916010,20.017023,20.062494,20.017023,0,0,0,0,0,0
322377,97.790985,3.493800,3.491100,3.492535,0.002700,3.492450,3.493050,3.492600,3.492600,3.492450,3.492750,3.493800,3.491400,3.492300,3.492300,3.493350,3.491100,3.493050,3.492750,3.492900,3.492150,3.492900,3.492600,3.493200,3.492150,3.491550,3.492450,3.492600,3.492600,3.492150,3.492300,3.493800,3.491700,20.320307,19.809961,20.029049,19.996820,20.022089,20.042292,20.113031,19.946314,19.966516,20.097864,20.138300,,,,,,,20.022089,20.320307,19.809961,19.981653,19.916010,20.017023,20.057459,20.017023,0,0,0,0,0,0
322878,97.791595,3.493800,3.491250,3.492557,0.002550,3.492450,3.493050,3.492600,3.492600,3.492450,3.492750,3.493650,3.491400,3.492300,3.492300,3.493350,3.491250,3.493050,3.492900,3.492900,3.492150,3.492900,3.492600,3.493200,3.492150,3.491550,3.492450,3.492750,3.492750,3.492150,3.492450,3.493800,3.491700,20.320307,19.809961,20.029366,19.996820,20.022089,20.042292,20.113031,19.946314,19.966516,20.092829,20.143366,,,,,,,20.022089,20.320307,19.809961,19.981653,19.916010,20.017023,20.062494,20.017023,0,0,0,0,0,0
323379,97.790688,3.493800,3.491100,3.492525,0.002700,3.492450,3.493050,3.492600,3.492600,3.492300,3.492750,3.493650,3.491250,3.492300,3.492300,3.493350,3.491100,3.493050,3.492900,3.492900,3.492150,3.492750,3.492600,3.493050,3.492150,3.491550,3.492450,3.492600,3.492750,3.492150,3.492450,3.493800,3.491700,20.320307,19.809961,20.029366,19.996820,20.027124,20.042292,20.113031,19.946314,19.966516,20.097864,20.143366,,,,,,,20.022089,20.320307,19.809961,19.976618,19.916010,20.017023,20.057459,20.017023,0,0,0,0,0,0
323880,97.791138,3.493800,3.491100,3.492541,0.002700,3.492450,3.492900,3.492600,3.492600,3.492450,3.492900,3.493650,3.491400,3.492450,3.492300,3.493350,3.491100,3.493050,3.492750,3.492900,3.492150,3.492900,3.492600,3.493200,3.492150,3.491550,3.492300,3.492750,3.492600,3.492150,3.492450,3.493800,3.491700,20.320307,19.809961,20.029366,19.996820,20.022089,20.042292,20.113031,19.946314,19.966516,20.097864,20.143366,,,,,,,20.022089,20.320307,19.809961,19.976618,19.916010,20.017023,20.062494,20.017023,0,0,0,0,0,0
324381,97.791000,3.493800,3.491100,3.492536,0.002700,3.492450,3.493050,3.492600,3.492450,3.492450,3.492750,3.493650,3.491400,3.492300,3.492300,3.493350,3.491100,3.493050,3.492900,3.492900,3.492150,3.492900,3.492600,3.493200,3.492150,3.491550,3.492300,3.492750,3.492750,3.492150,3.492300,3.493800,3.491700,20.315241,19.809961,20.028730,19.996820,20.022089,20.042292,20.113031,19.946314,19.966516,20.097864,20.138300,,,,,,,20.017023,20.315241,19.809961,19.976618,19.921045,20.017023,20.062494,20.017023,0,0,0,0,0,0
324882,97.790100,3.493800,3.491100,3.492504,0.002700,3.492450,3.492900,3.492600,3.492600,3.492450,3.492750,3.493650,3.491250,3.492300,3.492300,3.493350,3.491100,3.493050,3.492750,3.492900,3.492150,3.492750,3.492600,3.493200,3.492150,3.491400,3.492300,3.492600,3.492600,3.492150,3.492300,3.493800,3.491700,20.320307,19.809961,20.029051,19.996820,20.022089,20.037256,20.113031,19.946314,19.966516,20.097864,20.143366,,,,,,,20.022089,20.320307,19.809961,19.981653,19.916010,20.011988,20.062494,20.017023,0,0,0,0,0,0
325383,97.790253,3.493800,3.491100,3.492509,0.002700,3.492450,3.493050,3.492600,3.492600,3.492450,3.492750,3.493650,3.491250,3.492300,3.492300,3.493350,3.491100,3.493050,3.492750,3.492900,3.492150,3.492900,3.492600,3.493050,3.492150,3.491400,3.492300,3.492600,3.492600,3.492150,3.492300,3.493800,3.491700,20.320307,19.814997,20.029049,19.996820,20.022089,20.042292,20.113031,19.946314,19.966516,20.097864,20.143366,,,,,,,20.017023,20.320307,19.814997,19.981653,19.916010,20.011988,20.062494,20.011988,0,0,0,0,0,0
325884,97.790848,3.493800,3.491250,3.492530,0.002550,3.492450,3.493050,3.492600,3.492600,3.492450,3.492750,3.493650,3.491400,3.492300,3.492300,3.493350,3.491250,3.493050,3.492750,3.492900,3.492150,3.492750,3.492600,3.493200,3.492150,3.491550,3.492300,3.492750,3.492600,3.492150,3.492300,3.493800,3.491700,20.315241,19.809961,20.029364,19.996820,20.022089,20.042292,20.113031,19.946314,19.966516,20.097864,20.143366,,,,,,,20.022089,20.315241,19.809961,19.981653,19.916010,20.017023,20.062494,20.017023,0,0,0,0,0,0
326385,97.790695,3.493800,3.491100,3.492525,0.002700,3.492450,3.493050,3.492600,3.492450,3.492300,3.492750,3.493650,3.491400,3.492300,3.492300,3.493350,3.491100,3.493050,3.492750,3.492750,3.492150,3.492900,3.492750,3.493200,3.492150,3.491400,3.492300,3.492750,3.492750,3.492150,3.492450,3.493800,3.491700,20.315241,19.809961,20.029049,19.996820,20.022089,20.042292,20.113031,19.946314,19.966516,20.097864,20.143366,,,,,,,20.022089,20.315241,19.809961,19.976618,19.916010,20.017023,20.062494,20.017023,0,0,0,0,0,0
326886,97.790398,3.493800,3.491100,3.492514,0.002700,3.492450,3.492900,3.492600,3.492450,3.492450,3.492750,3.493650,3.491400,3.492300,3.492300,3.493350,3.491100,3.493050,3.492900,3.492900,3.492150,3.492750,3.492600,3.493050,3.492150,3.491550,3.492300,3.492600,3.492750,3.492150,3.492300,3.493800,3.491700,20.320307,19.809961,20.029366,19.996820,20.022089,20.037256,20.113031,19.946314,19.966516,20.097864,20.143366,,,,,,,20.022089,20.320307,19.809961,19.981653,19.916010,20.017023,20.062494,20.017023,0,0,0,0,0,0
327387,97.790848,3.493800,3.491250,3.492530,0.002550,3.492450,3.493050,3.492600,3.492600,3.492450,3.492750,3.493650,3.491400,3.492300,3.492300,3.493350,3.491250,3.493050,3.492750,3.492900,3.492150,3.492900,3.492600,3.493050,3.492150,3.491550,3.492300,3.492750,3.492600,3.492150,3.492300,3.493800,3.491700,20.315241,19.809961,20.028732,19.996820,20.027124,20.037256,20.113031,19.946314,19.966516,20.097864,20.138300,,,,,,,20.022089,20.315241,19.809961,19.976618,19.916010,20.017023,20.062494,20.017023,0,0,0,0,0,0
327889,97.790695,3.493800,3.491100,3.492525,0.002700,3.492450,3.493050,3.492600,3.492600,3.492450,3.492750,3.493650,3.491250,3.492300,3.492300,3.493350,3.491100,3.493050,3.492750,3.492900,3.492150,3.492750,3.492600,3.493200,3.492150,3.491550,3.492300,3.492750,3.492750,3.492150,3.492300,3.493800,3.491700,20.320307,19.809961,20.029366,19.996820,20.022089,20.037256,20.113031,19.946314,19.966516,20.097864,20.143366,,,,,,,20.022089,20.320307,19.809961,19.981653,19.916010,20.017023,20.062494,20.017023,0,0,0,0,0,0
328389,97.790550,3.493800,3.491100,3.492520,0.002700,3.492450,3.493050,3.492600,3.492600,3.492450,3.492750,3.493650,3.491250,3.492450,3.492300,3.493350,3.491100,3.493050,3.492750,3.492900,3.492150,3.492750,3.492750,3.493200,3.492150,3.491400,3.492300,3.492600,3.492600,3.492150,3.492300,3.493800,3.491700,20.320307,19.809961,20.029364,19.996820,20.027124,20.037256,20.113031,19.946314,19.966516,20.097864,20.138300,,,,,,,20.022089,20.320307,19.809961,19.981653,19.916010,20.017023,20.062494,20.017023,0,0,0,0,0,0
328890,97.790100,3.493800,3.491100,3.492504,0.002700,3.492450,3.493050,3.492600,3.492450,3.492300,3.492750,3.493650,3.491250,3.492300,3.492300,3.493350,3.491100,3.493050,3.492750,3.492900,3.492150,3.492900,3.492600,3.493200,3.492150,3.491400,3.492300,3.492600,3.492600,3.492150,3.492300,3.493800,3.491700,20.320307,19.814997,20.030624,19.996820,20.027124,20.042292,20.113031,19.946314,19.966516,20.097864,20.143366,,,,,,,20.022089,20.320307,19.814997,19.981653,19.921045,20.017023,20.062494,20.017023,0,0,0,0,0,0
329391,97.790100,3.493800,3.491100,3.492504,0.002700,3.492450,3.493050,3.492600,3.492450,3.492450,3.492750,3.493650,3.491250,3.492300,3.492300,3.493350,3.491100,3.493050,3.492750,3.492900,3.492150,3.492750,3.492600,3.493050,3.492150,3.491400,3.492300,3.492750,3.492600,3.492150,3.492300,3.493800,3.491700,20.320307,19.809961,20.029051,19.996820,20.022089,20.037256,20.113031,19.946314,19.966516,20.097864,20.143366,,,,,,,20.022089,20.320307,19.809961,19.976618,19.916010,20.017023,20.062494,20.017023,0,0,0,0,0,0
329892,97.790398,3.493800,3.491100,3.492514,0.002700,3.492450,3.493050,3.492600,3.492600,3.492450,3.492750,3.493650,3.491250,3.492300,3.492150,3.493350,3.491100,3.493050,3.492750,3.492750,3.492150,3.492900,3.492600,3.493200,3.492150,3.491400,3.492300,3.492600,3.492750,3.492150,3.492450,3.493800,3.491700,20.320307,19.814997,20.030626,19.996820,20.027124,20.042292,20.118097,19.946314,19.966516,20.097864,20.143366,,,,,,,20.022089,20.320307,19.814997,19.981653,19.916010,20.017023,20.062494,20.017023,0,0,0,0,0,0
330393,97.790100,3.493800,3.491100,3.492504,0.002700,3.492450,3.493050,3.492600,3.492600,3.492450,3.492750,3.493650,3.491250,3.492300,3.492150,3.493350,3.491100,3.493050,3.492750,3.492900,3.492150,3.492750,3.492600,3.493200,3.492150,3.491400,3.492300,3.492600,3.492600,3.492150,3.492300,3.493800,3.491700,20.320307,19.809961,20.029680,19.996820,20.027124,20.042292,20.113031,19.946314,19.966516,20.097864,20.143366,,,,,,,20.022089,20.320307,19.809961,19.976618,19.921045,20.011988,20.062494,20.017023,0,0,0,0,0,0
330894,97.790253,3.493800,3.491100,3.492509,0.002700,3.492450,3.493050,3.492600,3.492600,3.492450,3.492750,3.493650,3.491400,3.492300,3.492300,3.493350,3.491100,3.493050,3.492750,3.492750,3.492150,3.492900,3.492600,3.493050,3.492150,3.491400,3.492300,3.492600,3.492600,3.492150,3.492300,3.493800,3.491700,20.320307,19.814997,20.030626,19.996820,20.027124,20.042292,20.113031,19.946314,19.966516,20.097864,20.143366,,,,,,,20.022089,20.320307,19.814997,19.981653,19.916010,20.017023,20.067560,20.017023,0,0,0,0,0,0
331395,97.790398,3.493650,3.491100,3.492514,0.002550,3.492450,3.493050,3.492600,3.492450,3.492450,3.492750,3.493650,3.491400,3.492300,3.492300,3.493350,3.491100,3.493050,3.492750,3.492750,3.492150,3.492750,3.492600,3.493200,3.492150,3.491550,3.492300,3.492750,3.492750,3.492150,3.492300,3.493650,3.491700,20.320307,19.814997,20.030628,20.001886,20.027124,20.042292,20.113031,19.946314,19.966516,20.102930,20.143366,,,,,,,20.022089,20.320307,19.814997,19.976618,19.916010,20.017023,20.062494,20.017023,0,0,0,0,0,0
331896,97.789650,3.493650,3.491100,3.492487,0.002550,3.492450,3.492900,3.492600,3.492450,3.492450,3.492750,3.493650,3.491250,3.492300,3.492300,3.493350,3.491100,3.493050,3.492750,3.492900,3.492150,3.492750,3.492600,3.493050,3.492150,3.491400,3.492300,3.492600,3.492600,3.492150,3.492300,3.493650,3.491700,20.320307,19.814997,20.030626,19.996820,20.027124,20.037256,20.113031,19.946314,19.966516,20.102930,20.143366,,,,,,,20.027124,20.320307,19.814997,19.981653,19.916010,20.017023,20.062494,20.017023,0,0,0,0,0,0
332397,97.789795,3.493800,3.491100,3.492493,0.002700,3.492450,3.492900,3.492600,3.492600,3.492450,3.492750,3.493650,3.491250,3.492300,3.492300,3.493350,3.491100,3.493050,3.492750,3.492750,3.492150,3.492750,3.492600,3.493050,3.492150,3.491400,3.492300,3.492600,3.492600,3.492150,3.492300,3.493800,3.491700,20.320307,19.814997,20.029997,19.996820,20.022089,20.037256,20.118097,19.946314,19.966516,20.102930,20.138300,,,,,,,20.022089,20.320307,19.814997,19.981653,19.916010,20.017023,20.062494,20.017023,0,0,0,0,0,0
332898,97.789948,3.493800,3.491100,3.492498,0.002700,3.492450,3.493050,3.492600,3.492450,3.492300,3.492750,3.493650,3.491250,3.492300,3.492300,3.493350,3.491100,3.493050,3.492750,3.492750,3.492150,3.492750,3.492600,3.493200,3.492150,3.491400,3.492300,3.492600,3.492750,3.492150,3.492300,3.493800,3.491700,20.320307,19.814997,20.030941,19.996820,20.027124,20.042292,20.113031,19.946314,19.966516,20.102930,20.143366,,,,,,,20.027124,20.320307,19.814997,19.981653,19.916010,20.017023,20.062494,20.017023,0,0,0,0,0,0
333399,97.790085,3.493800,3.491250,3.492503,0.002550,3.492450,3.492900,3.492600,3.492450,3.492450,3.492750,3.493650,3.491400,3.492300,3.492300,3.493350,3.491250,3.493050,3.492750,3.492750,3.492150,3.492900,3.492600,3.493050,3.492150,3.491550,3.492300,3.492600,3.492600,3.492150,3.492150,3.493800,3.491700,20.320307,19.814997,20.030312,19.996820,20.022089,20.037256,20.113031,19.946314,19.966516,20.102930,20.143366,,,,,,,20.027124,20.320307,19.814997,19.981653,19.916010,20.017023,20.062494,20.017023,0,0,0,0,0,0
333900,97.789345,3.493800,3.490950,3.492477,0.002850,3.492450,3.493050,3.492600,3.492450,3.492300,3.492750,3.493650,3.491250,3.492300,3.492150,3.493350,3.490950,3.493050,3.492750,3.492750,3.492150,3.492750,3.492600,3.493050,3.492000,3.491400,3.492300,3.492600,3.492600,3.492300,3.492300,3.493800,3.491700,20.320307,19.814997,20.030626,19.996820,20.027124,20.037256,20.113031,19.946314,19.966516,20.102930,20.143366,,,,,,,20.027124,20.320307,19.814997,19.981653,19.916010,20.017023,20.062494,20.017023,0,0,0,0,0,0
334401,97.789803,3.493800,3.491100,3.492493,0.002700,3.492450,3.492900,3.492600,3.492450,3.492300,3.492750,3.493650,3.491400,3.492300,3.492300,3.493350,3.491100,3.493050,3.492750,3.492900,3.492150,3.492750,3.492600,3.493050,3.492150,3.491400,3.492300,3.492600,3.492600,3.492150,3.492300,3.493800,3.491700,20.320307,19.814997,20.030941,19.996820,20.027124,20.042292,20.113031,19.946314,19.966516,20.102930,20.143366,,,,,,,20.027124,20.320307,19.814997,19.981653,19.916010,20.017023,20.062494,20.017023,0,0,0,0,0,0
334902,97.789650,3.493800,3.491100,3.492487,0.002700,3.492450,3.492900,3.492600,3.492450,3.492300,3.492750,3.493650,3.491400,3.492300,3.492300,3.493350,3.491100,3.493050,3.492750,3.492750,3.492150,3.492750,3.492600,3.493050,3.492150,3.491400,3.492300,3.492600,3.492600,3.492150,3.492300,3.493800,3.491700,20.320307,19.814997,20.031256,19.996820,20.027124,20.042292,20.113031,19.946314,19.966516,20.102930,20.143366,,,,,,,20.027124,20.320307,19.814997,19.981653,19.921045,20.017023,20.062494,20.017023,0,0,0,0,0,0
335403,97.788589,3.493650,3.491100,3.492450,0.002550,3.492450,3.492900,3.492600,3.492450,3.492300,3.492600,3.493500,3.491250,3.492300,3.492150,3.493350,3.491100,3.492900,3.492750,3.492750,3.492150,3.492750,3.492600,3.493050,3.492000,3.491550,3.492300,3.492600,3.492600,3.492000,3.492300,3.493650,3.491700,20.320307,19.814997,20.030628,19.996820,20.022089,20.037256,20.118097,19.946314,19.966516,20.102930,20.143366,,,,,,,20.027124,20.320307,19.814997,19.976618,19.921045,20.017023,20.062494,20.017023,0,0,0,0,0,0
335904,97.789795,3.493800,3.491100,3.492493,0.002700,3.492450,3.493050,3.492600,3.492600,3.492450,3.492750,3.493500,3.491400,3.492300,3.492300,3.493350,3.491100,3.492900,3.492750,3.492750,3.492150,3.492750,3.492600,3.493050,3.492150,3.491400,3.492300,3.492600,3.492600,3.492150,3.492300,3.493800,3.491700,20.320307,19.814997,20.031572,19.996820,20.027124,20.042292,20.118097,19.946314,19.966516,20.102930,20.143366,,,,,,,20.027124,20.320307,19.814997,19.981653,19.921045,20.017023,20.062494,20.017023,0,0,0,0,0,0
336405,97.789200,3.493650,3.491100,3.492471,0.002550,3.492450,3.492900,3.492600,3.492450,3.492300,3.492750,3.493650,3.491250,3.492300,3.492300,3.493350,3.491100,3.493050,3.492750,3.492750,3.492150,3.492750,3.492600,3.493050,3.492150,3.491400,3.492150,3.492600,3.492600,3.492150,3.492300,3.493650,3.491700,20.320307,19.814997,20.030941,19.996820,20.027124,20.042292,20.113031,19.946314,19.966516,20.102930,20.143366,,,,,,,20.027124,20.320307,19.814997,19.981653,19.916010,20.017023,20.062494,20.017023,0,0,0,0,0,0
336906,97.789345,3.493800,3.491100,3.492477,0.002700,3.492450,3.493050,3.492600,3.492450,3.492300,3.492750,3.493650,3.491250,3.492300,3.492150,3.493350,3.491100,3.492900,3.492750,3.492900,3.492150,3.492750,3.492600,3.493050,3.492000,3.491400,3.492300,3.492600,3.492600,3.492150,3.492300,3.493800,3.491700,20.320307,19.814997,20.031258,19.996820,20.027124,20.037256,20.118097,19.946314,19.966516,20.102930,20.143366,,,,,,,20.027124,20.320307,19.814997,19.981653,19.921045,20.017023,20.062494,20.017023,0,0,0,0,0,0
337407,97.789047,3.493650,3.491100,3.492466,0.002550,3.492450,3.492900,3.492600,3.492450,3.492300,3.492750,3.493650,3.491250,3.492300,3.492300,3.493350,3.491100,3.493050,3.492750,3.492750,3.492150,3.492750,3.492450,3.493050,3.492000,3.491400,3.492300,3.492600,3.492600,3.492150,3.492300,3.493650,3.491700,20.320307,19.814997,20.031256,19.996820,20.027124,20.042292,20.113031,19.946314,19.966516,20.102930,20.143366,,,,,,,20.027124,20.320307,19.814997,19.981653,19.921045,20.017023,20.062494,20.017023,0,0,0,0,0,0
337908,97.789497,3.493650,3.491100,3.492482,0.002550,3.492450,3.492900,3.492600,3.492450,3.492300,3.492750,3.493650,3.491250,3.492300,3.492300,3.493350,3.491100,3.493050,3.492750,3.492750,3.492150,3.492750,3.492600,3.493050,3.492150,3.491550,3.492300,3.492600,3.492600,3.492150,3.492300,3.493650,3.491700,20.320307,19.814997,20.031258,19.996820,20.027124,20.042292,20.118097,19.946314,19.966516,20.102930,20.143366,,,,,,,20.027124,20.320307,19.814997,19.981653,19.916010,20.017023,20.062494,20.017023,0,0,0,0,0,0
338409,97.789207,3.493650,3.490950,3.492472,0.002700,3.492450,3.492900,3.492600,3.492450,3.492300,3.492750,3.493650,3.491250,3.492300,3.492150,3.493350,3.490950,3.493050,3.492750,3.492750,3.492150,3.492750,3.492600,3.493050,3.492150,3.491400,3.492300,3.492750,3.492600,3.492150,3.492300,3.493650,3.491700,20.325373,19.814997,20.032522,20.001886,20.027124,20.042292,20.113031,19.946314,19.971552,20.107996,20.143366,,,,,,,20.027124,20.325373,19.814997,19.976618,19.921045,20.017023,20.067560,20.017023,0,0,0,0,0,0
338911,97.789650,3.493800,3.491100,3.492487,0.002700,3.492450,3.492900,3.492600,3.492600,3.492300,3.492750,3.493650,3.491250,3.492150,3.492300,3.493350,3.491100,3.493050,3.492750,3.492900,3.492150,3.492750,3.492600,3.493050,3.492150,3.491400,3.492300,3.492600,3.492600,3.492150,3.492300,3.493800,3.491700,20.320307,19.814997,20.031574,19.996820,20.027124,20.042292,20.118097,19.946314,19.966516,20.107996,20.143366,,,,,,,20.027124,20.320307,19.814997,19.976618,19.921045,20.017023,20.062494,20.017023,0,0,0,0,0,0
339411,97.789352,3.493650,3.491100,3.492477,0.002550,3.492450,3.492900,3.492600,3.492600,3.492300,3.492600,3.493650,3.491250,3.492300,3.492150,3.493200,3.491100,3.492900,3.492750,3.492900,3.492150,3.492750,3.492600,3.493200,3.492150,3.491400,3.492300,3.492750,3.492600,3.492150,3.492300,3.493650,3.491700,20.325373,19.814997,20.032206,19.996820,20.027124,20.042292,20.118097,19.946314,19.966516,20.107996,20.143366,,,,,,,20.027124,20.325373,19.814997,19.981653,19.921045,20.017023,20.062494,20.017023,0,0,0,0,0,0
339913,97.788445,3.493650,3.491100,3.492445,0.002550,3.492450,3.492900,3.492600,3.492450,3.492300,3.492750,3.493500,3.491250,3.492150,3.492150,3.493200,3.491100,3.493050,3.492750,3.492750,3.492000,3.492750,3.492450,3.493050,3.492000,3.491550,3.492300,3.492600,3.492600,3.492150,3.492300,3.493650,3.491700,20.320307,19.814997,20.032206,19.996820,20.027124,20.042292,20.118097,19.946314,19.966516,20.107996,20.143366,,,,,,,20.027124,20.320307,19.814997,19.981653,19.921045,20.017023,20.067560,20.017023,0,0,0,0,0,0
340413,97.789207,3.493650,3.491100,3.492472,0.002550,3.492450,3.492900,3.492600,3.492450,3.492300,3.492750,3.493500,3.491250,3.492300,3.492300,3.493350,3.491100,3.492900,3.492750,3.492900,3.492150,3.492750,3.492600,3.493050,3.492150,3.491400,3.492300,3.492600,3.492600,3.492150,3.492300,3.493650,3.491700,20.325373,19.814997,20.031261,19.996820,20.027124,20.037256,20.113031,19.946314,19.966516,20.107996,20.143366,,,,,,,20.027124,20.325373,19.814997,19.976618,19.916010,20.017023,20.067560,20.017023,0,0,0,0,0,0
340915,97.789047,3.493650,3.491100,3.492466,0.002550,3.492450,3.492900,3.492600,3.492600,3.492300,3.492750,3.493650,3.491250,3.492300,3.492150,3.493350,3.491100,3.493050,3.492750,3.492750,3.492150,3.492750,3.492600,3.493050,3.492150,3.491400,3.492300,3.492600,3.492600,3.492000,3.492300,3.493650,3.491550,20.325373,19.814997,20.032522,20.001886,20.027124,20.042292,20.118097,19.946314,19.966516,20.107996,20.143366,,,,,,,20.027124,20.325373,19.814997,19.981653,19.921045,20.017023,20.062494,20.017023,0,0,0,0,0,0
341416,97.788895,3.493800,3.491100,3.492460,0.002700,3.492450,3.492900,3.492450,3.492450,3.492300,3.492750,3.493650,3.491250,3.492150,3.492300,3.493200,3.491100,3.492900,3.492750,3.492750,3.492150,3.492750,3.492600,3.493050,3.492150,3.491400,3.492300,3.492600,3.492600,3.492150,3.492300,3.493800,3.491700,20.320307,19.814997,20.031891,20.001886,20.027124,20.042292,20.118097,19.946314,19.966516,20.107996,20.143366,,,,,,,20.027124,20.320307,19.814997,19.981653,19.916010,20.017023,20.062494,20.017023,0,0,0,0,0,0
341916,97.788895,3.493650,3.491100,3.492460,0.002550,3.492450,3.492900,3.492600,3.492450,3.492300,3.492750,3.493650,3.491250,3.492150,3.492150,3.493350,3.491100,3.493050,3.492750,3.492750,3.492150,3.492750,3.492600,3.493050,3.492150,3.491400,3.492300,3.492600,3.492600,3.492000,3.492300,3.493650,3.491700,20.325373,19.814997,20.032837,19.996820,20.027124,20.042292,20.118097,19.951349,19.966516,20.107996,20.143366,,,,,,,20.032190,20.325373,19.814997,19.981653,19.921045,20.017023,20.062494,20.017023,0,0,0,0,0,0
342418,97.788895,3.493800,3.491100,3.492460,0.002700,3.492450,3.492900,3.492600,3.492450,3.492300,3.492750,3.493500,3.491250,3.492150,3.492300,3.493200,3.491100,3.493050,3.492750,3.492750,3.492150,3.492750,3.492600,3.493050,3.492000,3.491400,3.492300,3.492600,3.492600,3.492150,3.492300,3.493800,3.491700,20.325373,19.814997,20.032522,19.996820,20.027124,20.042292,20.118097,19.946314,19.966516,20.107996,20.143366,,,,,,,20.027124,20.325373,19.814997,19.981653,19.921045,20.017023,20.067560,20.017023,0,0,0,0,0,0
342919,97.788300,3.493650,3.490950,3.492439,0.002700,3.492300,3.492900,3.492600,3.492450,3.492450,3.492750,3.493500,3.491250,3.492300,3.492150,3.493200,3.490950,3.492900,3.492750,3.492750,3.492150,3.492750,3.492600,3.493050,3.492000,3.491400,3.492300,3.492600,3.492450,3.492150,3.492300,3.493650,3.491700,20.325373,19.814997,20.033154,20.001886,20.027124,20.042292,20.118097,19.946314,19.971552,20.107996,20.143366,,,,,,,20.027124,20.325373,19.814997,19.981653,19.921045,20.017023,20.067560,20.017023,0,0,0,0,0,0
343420,97.788750,3.493650,3.491100,3.492455,0.002550,3.492300,3.492900,3.492600,3.492450,3.492300,3.492750,3.493500,3.491250,3.492300,3.492300,3.493350,3.491100,3.492900,3.492750,3.492750,3.492150,3.492750,3.492600,3.493050,3.492000,3.491400,3.492300,3.492600,3.492600,3.492150,3.492300,3.493650,3.491700,20.325373,19.814997,20.033152,19.996820,20.027124,20.042292,20.118097,19.946314,19.971552,20.113031,20.143366,,,,,,,20.027124,20.325373,19.814997,19.981653,19.921045,20.017023,20.067560,20.017023,0,0,0,0,0,0
343920,97.788445,3.493650,3.491100,3.492445,0.002550,3.492450,3.492900,3.492600,3.492450,3.492300,3.492750,3.493500,3.491250,3.492150,3.492150,3.493200,3.491100,3.492900,3.492750,3.492750,3.492150,3.492750,3.492600,3.493050,3.492150,3.491400,3.492300,3.492600,3.492600,3.492150,3.492300,3.493650,3.491550,20.325373,19.814997,20.032837,19.996820,20.027124,20.042292,20.118097,19.946314,19.966516,20.113031,20.143366,,,,,,,20.032190,20.325373,19.814997,19.981653,19.921045,20.017023,20.062494,20.017023,0,0,0,0,0,0
344422,97.788300,3.493650,3.491100,3.492439,0.002550,3.492450,3.492900,3.492600,3.492450,3.492300,3.492750,3.493650,3.491250,3.492150,3.492150,3.493200,3.491100,3.492900,3.492600,3.492750,3.492150,3.492750,3.492450,3.493050,3.492150,3.491400,3.492150,3.492600,3.492600,3.492150,3.492300,3.493650,3.491700,20.325373,19.814997,20.033154,19.996820,20.027124,20.042292,20.118097,19.946314,19.966516,20.113031,20.143366,,,,,,,20.032190,20.325373,19.814997,19.981653,19.921045,20.017023,20.067560,20.017023,0,0,0,0,0,0
344923,97.788445,3.493650,3.491100,3.492445,0.002550,3.492450,3.492900,3.492450,3.492450,3.492300,3.492750,3.493650,3.491250,3.492300,3.492150,3.493200,3.491100,3.493050,3.492600,3.492750,3.492150,3.492750,3.492600,3.493050,3.492000,3.491400,3.492300,3.492600,3.492600,3.492150,3.492300,3.493650,3.491550,20.325373,19.820032,20.033785,20.001886,20.027124,20.037256,20.118097,19.951349,19.966516,20.113031,20.143366,,,,,,,20.032190,20.325373,19.820032,19.981653,19.921045,20.017023,20.067560,20.017023,0,0,0,0,0,0
345424,97.788452,3.493650,3.491100,3.492445,0.002550,3.492450,3.492900,3.492450,3.492450,3.492300,3.492750,3.493650,3.491250,3.492150,3.492150,3.493200,3.491100,3.492900,3.492750,3.492750,3.492000,3.492750,3.492600,3.493050,3.492150,3.491400,3.492300,3.492600,3.492600,3.492150,3.492300,3.493650,3.491700,20.325373,19.820032,20.033785,20.001886,20.027124,20.042292,20.118097,19.946314,19.966516,20.113031,20.143366,,,,,,,20.032190,20.325373,19.820032,19.981653,19.921045,20.017023,20.067560,20.017023,0,0,0,0,0,0
345924,97.788445,3.493650,3.491100,3.492445,0.002550,3.492450,3.492900,3.492450,3.492450,3.492300,3.492750,3.493500,3.491250,3.492150,3.492150,3.493200,3.491100,3.493050,3.492750,3.492750,3.492150,3.492750,3.492600,3.493050,3.492150,3.491400,3.492300,3.492600,3.492600,3.492000,3.492300,3.493650,3.491700,20.325373,19.820032,20.033468,19.996820,20.027124,20.042292,20.118097,19.946314,19.966516,20.113031,20.143366,,,,,,,20.032190,20.325373,19.820032,19.981653,19.921045,20.017023,20.067560,20.017023,0,0,0,0,0,0
346426,97.787544,3.493650,3.490950,3.492412,0.002700,3.492300,3.492900,3.492600,3.492450,3.492300,3.492600,3.493500,3.491100,3.492150,3.492150,3.493200,3.490950,3.492900,3.492750,3.492750,3.492150,3.492750,3.492600,3.493050,3.492000,3.491400,3.492300,3.492600,3.492600,3.492000,3.492300,3.493650,3.491550,20.325373,19.820032,20.033783,19.996820,20.027124,20.042292,20.118097,19.946314,19.971552,20.113031,20.143366,,,,,,,20.032190,20.325373,19.820032,19.981653,19.921045,20.017023,20.067560,20.017023,0,0,0,0,0,0
346926,97.788292,3.493650,3.491100,3.492439,0.002550,3.492450,3.492900,3.492600,3.492450,3.492300,3.492750,3.493500,3.491250,3.492300,3.492150,3.493200,3.491100,3.492900,3.492750,3.492750,3.492150,3.492750,3.492600,3.493050,3.492000,3.491400,3.492300,3.492600,3.492450,3.492150,3.492300,3.493650,3.491550,20.325373,19.820032,20.034416,20.001886,20.027124,20.042292,20.118097,19.946314,19.971552,20.118097,20.143366,,,,,,,20.032190,20.325373,19.820032,19.981653,19.921045,20.017023,20.067560,20.017023,0,0,0,0,0,0
347428,97.787842,3.493650,3.490950,3.492423,0.002700,3.492450,3.492900,3.492450,3.492450,3.492300,3.492750,3.493500,3.491250,3.492150,3.492150,3.493200,3.490950,3.492900,3.492750,3.492750,3.492150,3.492750,3.492600,3.493050,3.492000,3.491400,3.492150,3.492600,3.492600,3.492000,3.492300,3.493650,3.491700,20.325373,19.820032,20.034414,19.996820,20.027124,20.042292,20.118097,19.951349,19.971552,20.118097,20.143366,,,,,,,20.032190,20.325373,19.820032,19.981653,19.921045,20.017023,20.067560,20.017023,0,0,0,0,0,0
347928,97.788292,3.493800,3.490950,3.492439,0.002850,3.492300,3.492900,3.492450,3.492450,3.492300,3.492600,3.493650,3.491250,3.492150,3.492150,3.493200,3.490950,3.493050,3.492750,3.492750,3.492150,3.492750,3.492600,3.493050,3.492150,3.491400,3.492300,3.492600,3.492600,3.492150,3.492150,3.493800,3.491700,20.325373,19.820032,20.033785,20.001886,20.027124,20.042292,20.113031,19.946314,19.966516,20.118097,20.143366,,,,,,,20.032190,20.325373,19.820032,19.981653,19.921045,20.017023,20.067560,20.017023,0,0,0,0,0,0
348430,97.788147,3.493650,3.491100,3.492434,0.002550,3.492300,3.492900,3.492450,3.492450,3.492300,3.492750,3.493500,3.491250,3.492150,3.492150,3.493200,3.491100,3.493050,3.492750,3.492750,3.492000,3.492750,3.492600,3.493050,3.492000,3.491400,3.492300,3.492600,3.492600,3.492150,3.492300,3.493650,3.491700,20.325373,19.820032,20.034416,20.001886,20.027124,20.042292,20.118097,19.946314,19.971552,20.118097,20.143366,,,,,,,20.032190,20.325373,19.820032,19.981653,19.921045,20.017023,20.067560,20.017023,0,0,0,0,0,0
348930,97.787994,3.493650,3.491100,3.492428,0.002550,3.492300,3.492900,3.492600,3.492450,3.492300,3.492750,3.493650,3.491250,3.492300,3.492150,3.493200,3.491100,3.492900,3.492750,3.492750,3.492000,3.492750,3.492450,3.493050,3.492000,3.491400,3.492150,3.492600,3.492600,3.492000,3.492300,3.493650,3.491700,20.325373,19.820032,20.034101,20.001886,20.027124,20.042292,20.118097,19.946314,19.966516,20.118097,20.143366,,,,,,,20.032190,20.325373,19.820032,19.981653,19.921045,20.017023,20.067560,20.017023,0,0,0,0,0,0
349432,97.787537,3.493650,3.491100,3.492412,0.002550,3.492300,3.492900,3.492450,3.492450,3.492300,3.492600,3.493500,3.491250,3.492150,3.492150,3.493200,3.491100,3.492900,3.492750,3.492750,3.492000,3.492750,3.492600,3.493050,3.492000,3.491400,3.492150,3.492600,3.492600,3.492150,3.492300,3.493650,3.491550,20.325373,19.814997,20.033470,19.996820,20.027124,20.042292,20.118097,19.946314,19.966516,20.118097,20.143366,,,,,,,20.032190,20.325373,19.814997,19.981653,19.921045,20.017023,20.067560,20.017023,0,0,0,0,0,0
349933,97.787544,3.493650,3.490950,3.492412,0.002700,3.492300,3.492900,3.492600,3.492450,3.492300,3.492750,3.493500,3.491250,3.492150,3.492150,3.493200,3.490950,3.492900,3.492750,3.492750,3.492000,3.492750,3.492450,3.493050,3.492000,3.491400,3.492300,3.492600,3.492600,3.492000,3.492300,3.493650,3.491550,20.325373,19.814997,20.033787,20.001886,20.027124,20.042292,20.118097,19.946314,19.966516,20.118097,20.143366,,,,,,,20.032190,20.325373,19.814997,19.981653,19.921045,20.017023,20.067560,20.017023,0,0,0,0,0,0
350433,97.787689,3.493650,3.491100,3.492418,0.002550,3.492300,3.492900,3.492450,3.492450,3.492300,3.492750,3.493500,3.491250,3.492150,3.492150,3.493350,3.491100,3.492900,3.492750,3.492750,3.492150,3.492750,3.492450,3.493050,3.492000,3.491400,3.492150,3.492600,3.492600,3.492000,3.492300,3.493650,3.491550,20.325373,19.820032,20.034418,20.001886,20.027124,20.042292,20.118097,19.946314,19.966516,20.118097,20.143366,,,,,,,20.037256,20.325373,19.820032,19.981653,19.921045,20.017023,20.067560,20.017023,0,0,0,0,0,0
350935,97.787994,3.493650,3.491100,3.492428,0.002550,3.492300,3.492900,3.492600,3.492450,3.492300,3.492750,3.493650,3.491250,3.492300,3.492150,3.493200,3.491100,3.492900,3.492750,3.492750,3.492000,3.492750,3.492600,3.493050,3.492000,3.491400,3.492150,3.492600,3.492600,3.492000,3.492300,3.493650,3.491550,20.325373,19.814997,20.034418,20.001886,20.027124,20.042292,20.118097,19.951349,19.966516,20.118097,20.143366,,,,,,,20.037256,20.325373,19.814997,19.981653,19.921045,20.017023,20.067560,20.017023,0,0,0,0,0,0
351435,97.787697,3.493650,3.490950,3.492418,0.002700,3.492450,3.492900,3.492600,3.492450,3.492300,3.492750,3.493500,3.491250,3.492150,3.492150,3.493200,3.490950,3.492900,3.492750,3.492750,3.492000,3.492750,3.492450,3.493050,3.492000,3.491400,3.492300,3.492600,3.492600,3.492150,3.492150,3.493650,3.491550,20.325373,19.820032,20.034733,20.001886,20.027124,20.042292,20.118097,19.946314,19.971552,20.118097,20.143366,,,,,,,20.037256,20.325373,19.820032,19.981653,19.921045,20.017023,20.067560,20.017023,0,0,0,0,0,0
351936,97.787544,3.493650,3.490950,3.492412,0.002700,3.492450,3.492900,3.492600,3.492300,3.492300,3.492600,3.493650,3.491250,3.492300,3.492150,3.493200,3.490950,3.492900,3.492600,3.492750,3.492000,3.492750,3.492450,3.493050,3.492000,3.491400,3.492150,3.492600,3.492600,3.492150,3.492300,3.493650,3.491550,20.325373,19.820032,20.035364,20.001886,20.032190,20.042292,20.118097,19.951349,19.971552,20.118097,20.143366,,,,,,,20.037256,20.325373,19.820032,19.981653,19.921045,20.017023,20.067560,20.017023,0,0,0,0,0,0
352438,97.787994,3.493650,3.491100,3.492428,0.002550,3.492450,3.492900,3.492450,3.492450,3.492300,3.492600,3.493650,3.491250,3.492150,3.492300,3.493350,3.491100,3.492900,3.492750,3.492750,3.492000,3.492750,3.492450,3.493050,3.492000,3.491400,3.492300,3.492600,3.492600,3.492150,3.492150,3.493650,3.491550,20.325373,19.820032,20.034733,20.001886,20.027124,20.042292,20.118097,19.946314,19.971552,20.118097,20.143366,,,,,,,20.037256,20.325373,19.820032,19.981653,19.921045,20.017023,20.067560,20.017023,0,0,0,0,0,0
352938,97.787392,3.493650,3.491100,3.492407,0.002550,3.492300,3.492900,3.492450,3.492450,3.492300,3.492600,3.493650,3.491250,3.492300,3.492300,3.493200,3.491100,3.492900,3.492750,3.492750,3.492000,3.492600,3.492450,3.493050,3.492150,3.491400,3.492150,3.492600,3.492450,3.492000,3.492150,3.493650,3.491550,20.325373,19.820032,20.034733,20.001886,20.027124,20.042292,20.118097,19.946314,19.966516,20.123133,20.143366,,,,,,,20.037256,20.325373,19.820032,19.981653,19.921045,20.017023,20.067560,20.017023,0,0,0,0,0,0
353439,97.787086,3.493650,3.491100,3.492396,0.002550,3.492300,3.492900,3.492600,3.492450,3.492300,3.492600,3.493500,3.491250,3.492150,3.492150,3.493200,3.491100,3.492900,3.492750,3.492750,3.492000,3.492600,3.492450,3.493050,3.492000,3.491400,3.492300,3.492600,3.492450,3.492000,3.492150,3.493650,3.491550,20.325373,19.820032,20.034418,20.001886,20.027124,20.042292,20.118097,19.946314,19.966516,20.118097,20.143366,,,,,,,20.037256,20.325373,19.820032,19.981653,19.921045,20.017023,20.067560,20.017023,0,0,0,0,0,0
353940,97.787086,3.493650,3.490950,3.492396,0.002700,3.492300,3.492900,3.492450,3.492450,3.492300,3.492750,3.493500,3.491250,3.492150,3.492150,3.493200,3.490950,3.492900,3.492750,3.492750,3.492000,3.492750,3.492450,3.493050,3.492000,3.491250,3.492150,3.492600,3.492600,3.492000,3.492300,3.493650,3.491550,20.325373,19.820032,20.035048,20.001886,20.027124,20.042292,20.118097,19.951349,19.966516,20.123133,20.143366,,,,,,,20.037256,20.325373,19.820032,19.981653,19.921045,20.017023,20.067560,20.017023,0,0,0,0,0,0
354441,97.786934,3.493650,3.490950,3.492390,0.002700,3.492300,3.492900,3.492450,3.492450,3.492300,3.492600,3.493500,3.491250,3.492150,3.492150,3.493200,3.490950,3.492900,3.492750,3.492750,3.492000,3.492750,3.492450,3.493050,3.492000,3.491250,3.492150,3.492600,3.492600,3.492000,3.492150,3.493650,3.491700,20.325373,19.820032,20.035366,20.001886,20.032190,20.042292,20.118097,19.946314,19.966516,20.123133,20.143366,,,,,,,20.037256,20.325373,19.820032,19.981653,19.921045,20.017023,20.067560,20.022089,0,0,0,0,0,0
354942,97.787247,3.493650,3.490950,3.492402,0.002700,3.492300,3.492900,3.492450,3.492450,3.492300,3.492600,3.493500,3.491250,3.492150,3.492150,3.493200,3.490950,3.492900,3.492600,3.492750,3.492000,3.492750,3.492450,3.493050,3.492000,3.491400,3.492300,3.492600,3.492600,3.492150,3.492300,3.493650,3.491550,20.325373,19.820032,20.034733,20.001886,20.027124,20.042292,20.118097,19.946314,19.966516,20.123133,20.143366,,,,,,,20.037256,20.325373,19.820032,19.981653,19.921045,20.017023,20.067560,20.017023,0,0,0,0,0,0
355443,97.786331,3.493650,3.490950,3.492369,0.002700,3.492300,3.492900,3.492450,3.492450,3.492300,3.492600,3.493500,3.491250,3.492150,3.492150,3.493200,3.490950,3.492900,3.492600,3.492750,3.492000,3.492750,3.492450,3.493050,3.492000,3.491250,3.492150,3.492450,3.492450,3.492000,3.492150,3.493650,3.491550,20.325373,19.820032,20.034416,19.996820,20.027124,20.042292,20.118097,19.946314,19.966516,20.123133,20.143366,,,,,,,20.037256,20.325373,19.820032,19.981653,19.921045,20.017023,20.067560,20.017023,0,0,0,0,0,0
355945,97.786781,3.493650,3.491100,3.492385,0.002550,3.492300,3.492900,3.492450,3.492450,3.492300,3.492600,3.493500,3.491100,3.492150,3.492150,3.493200,3.491100,3.492900,3.492750,3.492750,3.492000,3.492750,3.492450,3.492900,3.492000,3.491400,3.492150,3.492450,3.492600,3.492000,3.492150,3.493650,3.491700,20.325373,19.820032,20.035048,20.001886,20.027124,20.042292,20.118097,19.946314,19.966516,20.123133,20.148401,,,,,,,20.037256,20.325373,19.820032,19.981653,19.921045,20.017023,20.067560,20.017023,0,0,0,0,0,0
356445,97.787239,3.493650,3.490950,3.492401,0.002700,3.492450,3.492900,3.492450,3.492450,3.492300,3.492750,3.493650,3.491250,3.492300,3.492300,3.493200,3.490950,3.492900,3.492600,3.492600,3.492000,3.492750,3.492450,3.493050,3.492000,3.491400,3.492150,3.492600,3.492450,3.492000,3.492150,3.493650,3.491550,20.325373,19.820032,20.035679,20.001886,20.032190,20.042292,20.118097,19.946314,19.971552,20.123133,20.148401,,,,,,,20.037256,20.325373,19.820032,19.981653,19.921045,20.017023,20.067560,20.017023,0,0,0,0,0,0
356946,97.786339,3.493650,3.490950,3.492369,0.002700,3.492300,3.492900,3.492450,3.492450,3.492300,3.492600,3.493500,3.491100,3.492150,3.492150,3.493050,3.490950,3.492900,3.492600,3.492750,3.492000,3.492750,3.492450,3.493050,3.492000,3.491250,3.492150,3.492600,3.492600,3.492000,3.492150,3.493650,3.491550,20.325373,19.820032,20.035046,19.996820,20.027124,20.042292,20.118097,19.951349,19.966516,20.123133,20.148401,,,,,,,20.037256,20.325373,19.820032,19.981653,19.921045,20.017023,20.067560,20.017023,0,0,0,0,0,0
357448,97.787247,3.493650,3.490950,3.492402,0.002700,3.492300,3.492900,3.492450,3.492450,3.492300,3.492600,3.493500,3.491250,3.492150,3.492150,3.493200,3.490950,3.492900,3.492750,3.492600,3.492000,3.492750,3.492450,3.493050,3.492000,3.491400,3.492150,3.492600,3.492600,3.492150,3.492300,3.493650,3.491700,20.325373,19.820032,20.035994,20.001886,20.027124,20.042292,20.118097,19.951349,19.971552,20.123133,20.148401,,,,,,,20.037256,20.325373,19.820032,19.981653,19.921045,20.017023,20.072626,20.017023,0,0,0,0,0,0
357948,97.787086,3.493650,3.490950,3.492396,0.002700,3.492300,3.492900,3.492450,3.492450,3.492300,3.492600,3.493500,3.491250,3.492150,3.492150,3.493200,3.490950,3.493050,3.492750,3.492750,3.492000,3.492750,3.492450,3.493050,3.492000,3.491400,3.492300,3.492450,3.492600,3.492000,3.492150,3.493650,3.491550,20.325373,19.820032,20.035364,20.001886,20.027124,20.042292,20.118097,19.946314,19.971552,20.123133,20.143366,,,,,,,20.037256,20.325373,19.820032,19.981653,19.921045,20.017023,20.067560,20.022089,0,0,0,0,0,0
358449,97.786346,3.493650,3.490950,3.492369,0.002700,3.492300,3.492750,3.492450,3.492300,3.492150,3.492600,3.493500,3.491100,3.492150,3.492150,3.493200,3.490950,3.492900,3.492600,3.492750,3.492000,3.492750,3.492450,3.493050,3.492000,3.491400,3.492300,3.492600,3.492600,3.492000,3.492150,3.493650,3.491550,20.325373,19.820032,20.035364,20.001886,20.027124,20.042292,20.118097,19.946314,19.966516,20.123133,20.148401,,,,,,,20.037256,20.325373,19.820032,19.981653,19.921045,20.017023,20.072626,20.017023,0,0,0,0,0,0
358951,97.786484,3.493650,3.490950,3.492374,0.002700,3.492300,3.492900,3.492450,3.492450,3.492300,3.492600,3.493500,3.491250,3.492150,3.492150,3.493200,3.490950,3.492900,3.492600,3.492750,3.492000,3.492600,3.492450,3.493050,3.492000,3.491400,3.492150,3.492600,3.492450,3.492000,3.492150,3.493650,3.491550,20.325373,19.820032,20.035048,20.001886,20.027124,20.042292,20.118097,19.946314,19.966516,20.123133,20.148401,,,,,,,20.037256,20.325373,19.820032,19.981653,19.921045,20.017023,20.067560,20.017023,0,0,0,0,0,0
359451,97.786789,3.493650,3.490950,3.492385,0.002700,3.492300,3.492900,3.492450,3.492450,3.492300,3.492750,3.493500,3.491100,3.492150,3.492150,3.493200,3.490950,3.492900,3.492750,3.492750,3.492000,3.492600,3.492450,3.493050,3.492000,3.491400,3.492150,3.492600,3.492600,3.492000,3.492150,3.493650,3.491550,20.325373,19.820032,20.035049,20.001886,20.032190,20.042292,20.118097,19.946314,19.966516,20.123133,20.143366,,,,,,,20.037256,20.325373,19.820032,19.981653,19.921045,20.017023,20.067560,20.017023,0,0,0,0,0,0
359952,97.786331,3.493650,3.490950,3.492369,0.002700,3.492300,3.492900,3.492450,3.492450,3.492300,3.492600,3.493500,3.491250,3.492150,3.492150,3.493200,3.490950,3.492900,3.492750,3.492750,3.492000,3.492600,3.492450,3.492900,3.492000,3.491400,3.492150,3.492450,3.492450,3.492000,3.492150,3.493650,3.491550,20.325373,19.820032,20.035683,20.001886,20.027124,20.042292,20.118097,19.946314,19.966516,20.128199,20.143366,,,,,,,20.037256,20.325373,19.820032,19.981653,19.921045,20.017023,20.072626,20.022089,0,0,0,0,0,0
360454,97.786484,3.493650,3.490950,3.492374,0.002700,3.492300,3.492900,3.492450,3.492450,3.492300,3.492600,3.493500,3.491100,3.492150,3.492150,3.493200,3.490950,3.492900,3.492600,3.492750,3.492000,3.492750,3.492450,3.493050,3.492000,3.491250,3.492150,3.492600,3.492600,3.492000,3.492150,3.493650,3.491550,20.330408,19.820032,20.036314,20.001886,20.032190,20.042292,20.118097,19.946314,19.966516,20.128199,20.143366,,,,,,,20.037256,20.330408,19.820032,19.981653,19.921045,20.017023,20.072626,20.022089,0,0,0,0,0,0
360954,97.786339,3.493650,3.490950,3.492369,0.002700,3.492300,3.492900,3.492450,3.492450,3.492150,3.492600,3.493500,3.491100,3.492150,3.492150,3.493200,3.490950,3.492900,3.492600,3.492750,3.492000,3.492750,3.492450,3.493050,3.492000,3.491400,3.492300,3.492450,3.492450,3.492000,3.492150,3.493650,3.491550,20.325373,19.820032,20.035997,20.001886,20.032190,20.042292,20.118097,19.946314,19.971552,20.128199,20.143366,,,,,,,20.037256,20.325373,19.820032,19.981653,19.921045,20.017023,20.072626,20.017023,0,0,0,0,0,0
361455,97.786034,3.493650,3.490950,3.492358,0.002700,3.492300,3.492900,3.492450,3.492450,3.492150,3.492600,3.493500,3.491250,3.492150,3.492150,3.493200,3.490950,3.492900,3.492600,3.492600,3.492000,3.492600,3.492450,3.492900,3.492000,3.491400,3.492150,3.492600,3.492450,3.492000,3.492150,3.493650,3.491550,20.325373,19.825098,20.036312,20.001886,20.027124,20.042292,20.118097,19.946314,19.971552,20.128199,20.143366,,,,,,,20.042292,20.325373,19.825098,19.981653,19.921045,20.017023,20.072626,20.017023,0,0,0,0,0,0
361957,97.786179,3.493650,3.490950,3.492363,0.002700,3.492300,3.492750,3.492450,3.492450,3.492300,3.492600,3.493500,3.491100,3.492150,3.492150,3.493200,3.490950,3.492900,3.492750,3.492750,3.492000,3.492750,3.492450,3.493050,3.492000,3.491250,3.492150,3.492450,3.492450,3.492000,3.492150,3.493650,3.491550,20.330408,19.820032,20.036627,20.001886,20.032190,20.042292,20.118097,19.946314,19.971552,20.128199,20.143366,,,,,,,20.042292,20.330408,19.820032,19.981653,19.921045,20.017023,20.072626,20.017023,0,0,0,0,0,0
362457,97.786034,3.493650,3.490950,3.492358,0.002700,3.492300,3.492750,3.492450,3.492450,3.492300,3.492600,3.493500,3.491250,3.492150,3.492150,3.493200,3.490950,3.492900,3.492600,3.492750,3.492000,3.492600,3.492450,3.493050,3.492000,3.491250,3.492150,3.492450,3.492450,3.492000,3.492150,3.493650,3.491550,20.325373,19.820032,20.036310,20.001886,20.027124,20.042292,20.118097,19.951349,19.966516,20.128199,20.148401,,,,,,,20.042292,20.325373,19.820032,19.981653,19.921045,20.017023,20.072626,20.017023,0,0,0,0,0,0
362958,97.785881,3.493650,3.490950,3.492353,0.002700,3.492300,3.492900,3.492450,3.492450,3.492300,3.492600,3.493500,3.491100,3.492150,3.492150,3.493200,3.490950,3.492900,3.492600,3.492600,3.492000,3.492600,3.492450,3.493050,3.492000,3.491250,3.492150,3.492450,3.492450,3.492000,3.492150,3.493650,3.491550,20.325373,19.820032,20.036942,20.001886,20.032190,20.042292,20.118097,19.951349,19.971552,20.128199,20.148401,,,,,,,20.042292,20.325373,19.820032,19.981653,19.921045,20.017023,20.067560,20.022089,0,0,0,0,0,0
363459,97.786331,3.493650,3.490950,3.492369,0.002700,3.492300,3.492900,3.492450,3.492450,3.492300,3.492600,3.493500,3.491250,3.492150,3.492150,3.493200,3.490950,3.492900,3.492600,3.492600,3.492000,3.492750,3.492450,3.493050,3.492000,3.491400,3.492150,3.492450,3.492450,3.492000,3.492150,3.493650,3.491550,20.325373,19.825098,20.036627,20.001886,20.027124,20.042292,20.118097,19.951349,19.971552,20.128199,20.143366,,,,,,,20.042292,20.325373,19.825098,19.981653,19.921045,20.017023,20.072626,20.017023,0,0,0,0,0,0
363960,97.786331,3.493650,3.490950,3.492369,0.002700,3.492300,3.492900,3.492450,3.492450,3.492300,3.492750,3.493500,3.491250,3.492150,3.492150,3.493200,3.490950,3.492900,3.492600,3.492750,3.492000,3.492600,3.492450,3.492900,3.492000,3.491250,3.492150,3.492450,3.492600,3.492000,3.492150,3.493650,3.491550,20.330408,19.825098,20.036943,20.001886,20.032190,20.042292,20.118097,19.946314,19.971552,20.128199,20.143366,,,,,,,20.042292,20.330408,19.825098,19.981653,19.921045,20.017023,20.072626,20.017023,0,0,0,0,0,0
364461,97.785889,3.493650,3.490950,3.492353,0.002700,3.492300,3.492900,3.492450,3.492300,3.492300,3.492600,3.493500,3.491100,3.492150,3.492150,3.493200,3.490950,3.492900,3.492600,3.492600,3.492000,3.492600,3.492450,3.493050,3.492000,3.491400,3.492150,3.492450,3.492450,3.492000,3.492150,3.493650,3.491550,20.325373,19.820032,20.036625,20.001886,20.027124,20.042292,20.118097,19.951349,19.971552,20.128199,20.148401,,,,,,,20.042292,20.325373,19.820032,19.981653,19.921045,20.017023,20.072626,20.017023,0,0,0,0,0,0
364962,97.785881,3.493650,3.490950,3.492353,0.002700,3.492300,3.492750,3.492450,3.492450,3.492300,3.492600,3.493500,3.491100,3.492150,3.492150,3.493200,3.490950,3.492900,3.492750,3.492600,3.492000,3.492600,3.492450,3.493050,3.492000,3.491250,3.492150,3.492450,3.492450,3.492000,3.492150,3.493650,3.491550,20.325373,19.825098,20.037577,20.001886,20.032190,20.042292,20.118097,19.951349,19.971552,20.133265,20.143366,,,,,,,20.042292,20.325373,19.825098,19.981653,19.926111,20.017023,20.072626,20.017023,0,0,0,0,0,0
365464,97.785873,3.493650,3.490950,3.492353,0.002700,3.492300,3.492900,3.492450,3.492450,3.492300,3.492600,3.493500,3.491250,3.492150,3.492150,3.493200,3.490950,3.492750,3.492600,3.492750,3.492000,3.492600,3.492450,3.492900,3.492000,3.491250,3.492150,3.492450,3.492450,3.492000,3.492150,3.493650,3.491550,20.325373,19.820032,20.036627,20.001886,20.027124,20.042292,20.118097,19.951349,19.966516,20.133265,20.148401,,,,,,,20.042292,20.325373,19.820032,19.981653,19.921045,20.017023,20.072626,20.017023,0,0,0,0,0,0
365964,97.786331,3.493650,3.490950,3.492369,0.002700,3.492300,3.492900,3.492450,3.492450,3.492300,3.492600,3.493500,3.491250,3.492150,3.492150,3.493200,3.490950,3.492900,3.492600,3.492750,3.492000,3.492600,3.492450,3.493050,3.492000,3.491250,3.492150,3.492600,3.492450,3.492000,3.492150,3.493650,3.491550,20.330408,19.825098,20.037258,20.001886,20.027124,20.042292,20.118097,19.946314,19.971552,20.133265,20.148401,,,,,,,20.042292,20.330408,19.825098,19.981653,19.921045,20.017023,20.072626,20.017023,0,0,0,0,0,0
366465,97.785591,3.493650,3.490950,3.492342,0.002700,3.492300,3.492900,3.492450,3.492300,3.492150,3.492450,3.493500,3.491100,3.492150,3.492150,3.493200,3.490950,3.492900,3.492600,3.492600,3.492000,3.492600,3.492450,3.493050,3.492000,3.491250,3.492150,3.492600,3.492450,3.492000,3.492150,3.493650,3.491550,20.330408,19.825098,20.037889,20.001886,20.027124,20.042292,20.118097,19.951349,19.971552,20.133265,20.148401,,,,,,,20.042292,20.330408,19.825098,19.981653,19.926111,20.017023,20.072626,20.017023,0,0,0,0,0,0
366967,97.785431,3.493650,3.490950,3.492337,0.002700,3.492300,3.492750,3.492450,3.492300,3.492150,3.492600,3.493500,3.491100,3.492150,3.492000,3.493200,3.490950,3.492900,3.492600,3.492750,3.492000,3.492600,3.492450,3.492900,3.492000,3.491250,3.492150,3.492600,3.492450,3.492000,3.492150,3.493650,3.491550,20.330408,19.820032,20.036629,20.001886,20.032190,20.042292,20.118097,19.946314,19.966516,20.133265,20.143366,,,,,,,20.042292,20.330408,19.820032,19.981653,19.921045,20.017023,20.072626,20.017023,0,0,0,0,0,0
367467,97.785431,3.493500,3.490950,3.492337,0.002550,3.492300,3.492750,3.492450,3.492450,3.492300,3.492600,3.493500,3.491250,3.492150,3.492150,3.493050,3.490950,3.492900,3.492600,3.492750,3.492000,3.492600,3.492450,3.492900,3.491850,3.491250,3.492150,3.492450,3.492450,3.492000,3.492150,3.493500,3.491550,20.325373,19.825098,20.037577,20.001886,20.027124,20.042292,20.118097,19.946314,19.971552,20.133265,20.148401,,,,,,,20.042292,20.325373,19.825098,19.981653,19.926111,20.017023,20.072626,20.022089,0,0,0,0,0,0
367969,97.785278,3.493650,3.490950,3.492331,0.002700,3.492300,3.492750,3.492450,3.492300,3.492150,3.492600,3.493500,3.491100,3.492150,3.492000,3.493200,3.490950,3.492900,3.492600,3.492750,3.492000,3.492600,3.492450,3.492900,3.492000,3.491250,3.492150,3.492450,3.492450,3.492000,3.492150,3.493650,3.491550,20.330408,19.825098,20.038206,20.001886,20.032190,20.042292,20.118097,19.951349,19.971552,20.133265,20.148401,,,,,,,20.042292,20.330408,19.825098,19.981653,19.926111,20.017023,20.072626,20.017023,0,0,0,0,0,0
368470,97.785294,3.493650,3.490950,3.492332,0.002700,3.492300,3.492900,3.492450,3.492300,3.492150,3.492600,3.493500,3.491100,3.492150,3.492150,3.493050,3.490950,3.492900,3.492600,3.492600,3.492000,3.492600,3.492450,3.493050,3.492000,3.491250,3.492150,3.492450,3.492450,3.492000,3.492150,3.493650,3.491400,20.325373,19.825098,20.037575,20.001886,20.032190,20.042292,20.118097,19.951349,19.971552,20.133265,20.148401,,,,,,,20.042292,20.325373,19.825098,19.981653,19.921045,20.017023,20.072626,20.017023,0,0,0,0,0,0
368970,97.785278,3.493500,3.490950,3.492331,0.002550,3.492300,3.492750,3.492450,3.492450,3.492150,3.492600,3.493500,3.491100,3.492150,3.492150,3.493200,3.490950,3.492750,3.492600,3.492600,3.492000,3.492600,3.492450,3.493050,3.492000,3.491250,3.492150,3.492450,3.492450,3.492000,3.492150,3.493500,3.491550,20.330408,19.825098,20.037889,20.001886,20.032190,20.042292,20.118097,19.946314,19.971552,20.138300,20.148401,,,,,,,20.042292,20.330408,19.825098,19.981653,19.921045,20.017023,20.072626,20.017023,0,0,0,0,0,0
369472,97.785728,3.493650,3.490950,3.492347,0.002700,3.492300,3.492750,3.492450,3.492450,3.492150,3.492600,3.493500,3.491250,3.492150,3.492150,3.493200,3.490950,3.492900,3.492600,3.492750,3.492000,3.492600,3.492450,3.492900,3.492000,3.491250,3.492150,3.492450,3.492450,3.492000,3.492150,3.493650,3.491550,20.325373,19.825098,20.037262,20.001886,20.032190,20.042292,20.118097,19.946314,19.971552,20.133265,20.143366,,,,,,,20.047358,20.325373,19.825098,19.981653,19.921045,20.017023,20.072626,20.017023,0,0,0,0,0,0
369973,97.785133,3.493500,3.490950,3.492326,0.002550,3.492300,3.492750,3.492450,3.492300,3.492150,3.492600,3.493500,3.491100,3.492150,3.492150,3.493200,3.490950,3.492900,3.492600,3.492600,3.492000,3.492600,3.492450,3.492900,3.492000,3.491250,3.492150,3.492450,3.492450,3.492000,3.492150,3.493500,3.491550,20.325373,19.825098,20.037577,20.001886,20.027124,20.042292,20.118097,19.946314,19.971552,20.138300,20.143366,,,,,,,20.047358,20.325373,19.825098,19.981653,19.926111,20.017023,20.072626,20.017023,0,0,0,0,0,0
370474,97.785439,3.493650,3.490950,3.492337,0.002700,3.492300,3.492750,3.492450,3.492300,3.492300,3.492600,3.493350,3.491100,3.492150,3.492150,3.493200,3.490950,3.492900,3.492600,3.492600,3.492000,3.492600,3.492450,3.492900,3.492000,3.491250,3.492150,3.492450,3.492600,3.492000,3.492150,3.493650,3.491550,20.325373,19.825098,20.038206,20.001886,20.027124,20.042292,20.118097,19.951349,19.971552,20.138300,20.148401,,,,,,,20.047358,20.325373,19.825098,19.981653,19.921045,20.017023,20.072626,20.022089,0,0,0,0,0,0
370975,97.784828,3.493500,3.490950,3.492315,0.002550,3.492300,3.492750,3.492450,3.492300,3.492150,3.492600,3.493500,3.491250,3.492150,3.492000,3.493050,3.490950,3.492750,3.492600,3.492600,3.492000,3.492600,3.492450,3.492900,3.492000,3.491250,3.492150,3.492450,3.492450,3.492000,3.492150,3.493500,3.491550,20.330408,19.825098,20.038521,20.001886,20.032190,20.042292,20.118097,19.951349,19.971552,20.138300,20.148401,,,,,,,20.047358,20.330408,19.825098,19.981653,19.921045,20.017023,20.072626,20.017023,0,0,0,0,0,0
371476,97.784996,3.493650,3.490950,3.492321,0.002700,3.492300,3.492750,3.492450,3.492300,3.492150,3.492600,3.493500,3.491100,3.492150,3.492150,3.493200,3.490950,3.492750,3.492600,3.492600,3.492000,3.492600,3.492450,3.493050,3.491850,3.491250,3.492150,3.492450,3.492450,3.492000,3.492150,3.493650,3.491400,20.325373,19.825098,20.038206,20.001886,20.032190,20.042292,20.118097,19.951349,19.971552,20.138300,20.148401,,,,,,,20.047358,20.325373,19.825098,19.981653,19.921045,20.017023,20.072626,20.017023,0,0,0,0,0,0
371977,97.784683,3.493500,3.490950,3.492310,0.002550,3.492300,3.492750,3.492450,3.492300,3.492150,3.492600,3.493500,3.491100,3.492150,3.492150,3.493050,3.490950,3.492750,3.492600,3.492600,3.492000,3.492600,3.492450,3.492900,3.491850,3.491250,3.492150,3.492450,3.492450,3.492000,3.492150,3.493500,3.491550,20.330408,19.825098,20.037893,20.001886,20.032190,20.042292,20.118097,19.951349,19.966516,20.133265,20.143366,,,,,,,20.047358,20.330408,19.825098,19.981653,19.926111,20.017023,20.072626,20.017023,0,0,0,0,0,0
372478,97.785736,3.493650,3.490950,3.492348,0.002700,3.492300,3.492900,3.492450,3.492300,3.492300,3.492600,3.493500,3.491250,3.492150,3.492000,3.493200,3.490950,3.492750,3.492600,3.492600,3.492000,3.492600,3.492450,3.493050,3.492000,3.491250,3.492150,3.492450,3.492600,3.492000,3.492150,3.493650,3.491550,20.330408,19.825098,20.038837,20.001886,20.032190,20.042292,20.118097,19.951349,19.971552,20.138300,20.148401,,,,,,,20.047358,20.330408,19.825098,19.981653,19.926111,20.017023,20.072626,20.017023,0,0,0,0,0,0
372979,97.784386,3.493500,3.490950,3.492300,0.002550,3.492300,3.492750,3.492450,3.492300,3.492300,3.492600,3.493350,3.491100,3.492150,3.492000,3.493050,3.490950,3.492750,3.492600,3.492600,3.492000,3.492600,3.492300,3.492900,3.491850,3.491250,3.492150,3.492450,3.492450,3.492000,3.492150,3.493500,3.491550,20.330408,19.825098,20.038523,20.001886,20.032190,20.042292,20.118097,19.946314,19.971552,20.138300,20.148401,,,,,,,20.047358,20.330408,19.825098,19.981653,19.921045,20.017023,20.072626,20.022089,0,0,0,0,0,0
373480,97.784523,3.493500,3.490800,3.492304,0.002700,3.492300,3.492750,3.492450,3.492300,3.492150,3.492600,3.493350,3.491100,3.492150,3.492000,3.493200,3.490800,3.492900,3.492600,3.492600,3.492000,3.492600,3.492300,3.492900,3.492000,3.491250,3.492150,3.492450,3.492450,3.492000,3.492150,3.493500,3.491550,20.330408,19.825098,20.038523,20.001886,20.032190,20.042292,20.118097,19.946314,19.971552,20.138300,20.148401,,,,,,,20.047358,20.330408,19.825098,19.981653,19.926111,20.017023,20.072626,20.017023,0,0,0,0,0,0
373981,97.784828,3.493500,3.490950,3.492315,0.002550,3.492300,3.492750,3.492450,3.492300,3.492150,3.492600,3.493350,3.491100,3.492150,3.492150,3.493050,3.490950,3.492900,3.492600,3.492600,3.492000,3.492600,3.492450,3.492900,3.492000,3.491250,3.492150,3.492450,3.492450,3.492000,3.492150,3.493500,3.491550,20.330408,19.825098,20.038837,20.001886,20.032190,20.042292,20.118097,19.951349,19.971552,20.138300,20.148401,,,,,,,20.047358,20.330408,19.825098,19.981653,19.926111,20.017023,20.072626,20.017023,0,0,0,0,0,0
374482,97.785133,3.493500,3.490950,3.492326,0.002550,3.492300,3.492750,3.492450,3.492300,3.492150,3.492600,3.493500,3.491100,3.492150,3.492000,3.493200,3.490950,3.492900,3.492600,3.492600,3.492000,3.492600,3.492450,3.492900,3.492000,3.491400,3.492150,3.492450,3.492450,3.492000,3.492150,3.493500,3.491550,20.330408,19.825098,20.038521,20.001886,20.032190,20.042292,20.118097,19.951349,19.971552,20.138300,20.148401,,,,,,,20.047358,20.330408,19.825098,19.981653,19.921045,20.017023,20.072626,20.017023,0,0,0,0,0,0
374983,97.784531,3.493500,3.490950,3.492305,0.002550,3.492300,3.492750,3.492450,3.492300,3.492150,3.492600,3.493500,3.491100,3.492150,3.492150,3.493050,3.490950,3.492750,3.492600,3.492600,3.492000,3.492600,3.492450,3.492900,3.491850,3.491250,3.492000,3.492450,3.492450,3.492000,3.492150,3.493500,3.491550,20.330408,19.825098,20.038839,20.001886,20.032190,20.042292,20.118097,19.946314,19.971552,20.138300,20.148401,,,,,,,20.047358,20.330408,19.825098,19.981653,19.926111,20.022089,20.072626,20.017023,0,0,0,0,0,0
375484,97.784836,3.493500,3.490950,3.492316,0.002550,3.492300,3.492900,3.492450,3.492300,3.492150,3.492600,3.493500,3.491100,3.492000,3.492150,3.493050,3.490950,3.492900,3.492600,3.492600,3.492000,3.492600,3.492450,3.492900,3.491850,3.491250,3.492150,3.492450,3.492450,3.492000,3.492150,3.493500,3.491550,20.330408,19.825098,20.038839,20.001886,20.032190,20.042292,20.118097,19.951349,19.971552,20.138300,20.143366,,,,,,,20.047358,20.330408,19.825098,19.981653,19.926111,20.022089,20.072626,20.017023,0,0,0,0,0,0
375985,97.784683,3.493500,3.490950,3.492310,0.002550,3.492300,3.492750,3.492450,3.492300,3.492150,3.492450,3.493500,3.491100,3.492150,3.492000,3.493200,3.490950,3.492900,3.492600,3.492600,3.492000,3.492600,3.492450,3.492900,3.492000,3.491250,3.492150,3.492450,3.492450,3.492000,3.492150,3.493500,3.491400,20.330408,19.825098,20.039152,20.001886,20.032190,20.042292,20.118097,19.951349,19.971552,20.138300,20.148401,,,,,,,20.052393,20.330408,19.825098,19.981653,19.921045,20.022089,20.072626,20.017023,0,0,0,0,0,0
376486,97.784683,3.493500,3.490950,3.492310,0.002550,3.492300,3.492750,3.492450,3.492300,3.492150,3.492600,3.493350,3.491100,3.492150,3.492150,3.493050,3.490950,3.492900,3.492600,3.492600,3.491850,3.492600,3.492450,3.492900,3.492000,3.491250,3.492150,3.492450,3.492450,3.492000,3.492150,3.493500,3.491550,20.330408,19.825098,20.038837,20.001886,20.032190,20.042292,20.118097,19.951349,19.971552,20.138300,20.148401,,,,,,,20.047358,20.330408,19.825098,19.981653,19.926111,20.017023,20.072626,20.017023,0,0,0,0,0,0
376987,97.784386,3.493500,3.490950,3.492300,0.002550,3.492150,3.492750,3.492450,3.492300,3.492150,3.492600,3.493500,3.491100,3.492150,3.492000,3.493200,3.490950,3.492750,3.492450,3.492600,3.492000,3.492600,3.492450,3.492900,3.491850,3.491250,3.492150,3.492450,3.492450,3.492000,3.492150,3.493500,3.491550,20.330408,19.830133,20.039152,20.001886,20.032190,20.042292,20.118097,19.951349,19.971552,20.138300,20.148401,,,,,,,20.047358,20.330408,19.830133,19.981653,19.926111,20.017023,20.072626,20.017023,0,0,0,0,0,0
377488,97.784233,3.493500,3.490800,3.492294,0.002700,3.492300,3.492750,3.492450,3.492300,3.492150,3.492600,3.493350,3.491100,3.492000,3.492150,3.493050,3.490800,3.492750,3.492600,3.492600,3.492000,3.492600,3.492450,3.492900,3.491850,3.491250,3.492150,3.492450,3.492450,3.492000,3.492150,3.493500,3.491550,20.330408,19.825098,20.039469,20.006922,20.032190,20.042292,20.118097,19.951349,19.971552,20.138300,20.148401,,,,,,,20.047358,20.330408,19.825098,19.981653,19.926111,20.017023,20.072626,20.022089,0,0,0,0,0,0
377989,97.784088,3.493500,3.490950,3.492289,0.002550,3.492300,3.492750,3.492450,3.492300,3.492150,3.492450,3.493500,3.491100,3.492150,3.492000,3.493050,3.490950,3.492750,3.492600,3.492600,3.492000,3.492600,3.492450,3.492900,3.492000,3.491250,3.492150,3.492450,3.492450,3.491850,3.492000,3.493500,3.491400,20.330408,19.825098,20.038837,20.001886,20.032190,20.042292,20.118097,19.951349,19.971552,20.138300,20.148401,,,,,,,20.047358,20.330408,19.825098,19.981653,19.921045,20.017023,20.072626,20.022089,0,0,0,0,0,0
378490,97.784088,3.493500,3.490800,3.492289,0.002700,3.492300,3.492750,3.492450,3.492300,3.492150,3.492600,3.493500,3.491100,3.492000,3.492150,3.493050,3.490800,3.492750,3.492600,3.492600,3.492000,3.492600,3.492300,3.492900,3.491850,3.491250,3.492150,3.492450,3.492450,3.492000,3.492150,3.493500,3.491400,20.330408,19.825098,20.039787,20.001886,20.032190,20.042292,20.118097,19.951349,19.971552,20.143366,20.143366,,,,,,,20.047358,20.330408,19.825098,19.981653,19.926111,20.022089,20.077662,20.022089,0,0,0,0,0,0
378991,97.783791,3.493500,3.490950,3.492278,0.002550,3.492300,3.492750,3.492300,3.492300,3.492150,3.492600,3.493500,3.491100,3.492150,3.492000,3.493050,3.490950,3.492750,3.492600,3.492600,3.492000,3.492450,3.492300,3.492900,3.491850,3.491250,3.492150,3.492300,3.492450,3.492000,3.492150,3.493500,3.491400,20.330408,19.825098,20.040100,20.001886,20.032190,20.042292,20.118097,19.951349,19.971552,20.143366,20.148401,,,,,,,20.052393,20.330408,19.825098,19.981653,19.926111,20.017023,20.077662,20.022089,0,0,0,0,0,0
379491,97.784088,3.493500,3.490950,3.492289,0.002550,3.492300,3.492750,3.492300,3.492300,3.492150,3.492600,3.493500,3.491100,3.492150,3.492000,3.493050,3.490950,3.492900,3.492600,3.492600,3.492000,3.492600,3.492450,3.492900,3.491850,3.491250,3.492000,3.492450,3.492300,3.492000,3.492000,3.493500,3.491550,20.330408,19.830133,20.040731,20.001886,20.032190,20.042292,20.123133,19.951349,19.971552,20.143366,20.148401,,,,,,,20.047358,20.330408,19.830133,19.981653,19.926111,20.022089,20.077662,20.022089,0,0,0,0,0,0
379993,97.783630,3.493500,3.490800,3.492273,0.002700,3.492300,3.492750,3.492450,3.492300,3.492150,3.492600,3.493350,3.491100,3.492000,3.492000,3.493050,3.490800,3.492750,3.492600,3.492600,3.492000,3.492600,3.492300,3.492900,3.491850,3.491250,3.492000,3.492450,3.492300,3.492000,3.492150,3.493500,3.491550,20.330408,19.825098,20.039469,20.006922,20.032190,20.042292,20.118097,19.951349,19.971552,20.138300,20.148401,,,,,,,20.047358,20.330408,19.825098,19.981653,19.926111,20.017023,20.072626,20.022089,0,0,0,0,0,0
380494,97.784248,3.493500,3.490950,3.492295,0.002550,3.492300,3.492750,3.492450,3.492300,3.492150,3.492450,3.493500,3.491100,3.492150,3.492000,3.493050,3.490950,3.492900,3.492600,3.492600,3.492000,3.492600,3.492450,3.492900,3.491850,3.491250,3.492150,3.492450,3.492450,3.491850,3.492150,3.493500,3.491400,20.330408,19.830133,20.040415,20.001886,20.032190,20.042292,20.118097,19.951349,19.971552,20.143366,20.148401,,,,,,,20.052393,20.330408,19.830133,19.981653,19.926111,20.017023,20.077662,20.022089,0,0,0,0,0,0
380995,97.784386,3.493500,3.490950,3.492300,0.002550,3.492300,3.492750,3.492450,3.492300,3.492150,3.492600,3.493500,3.491100,3.492150,3.492000,3.493050,3.490950,3.492900,3.492600,3.492600,3.492000,3.492600,3.492300,3.492900,3.491850,3.491250,3.492150,3.492450,3.492450,3.492000,3.492150,3.493500,3.491400,20.330408,19.830133,20.040413,20.001886,20.032190,20.042292,20.123133,19.951349,19.971552,20.143366,20.148401,,,,,,,20.052393,20.330408,19.830133,19.981653,19.926111,20.017023,20.077662,20.017023,0,0,0,0,0,0
381495,97.783485,3.493500,3.490800,3.492267,0.002700,3.492300,3.492900,3.492450,3.492300,3.492150,3.492450,3.493350,3.491100,3.492000,3.492000,3.493050,3.490800,3.492750,3.492600,3.492600,3.492000,3.492600,3.492300,3.492900,3.491850,3.491250,3.492000,3.492450,3.492450,3.491850,3.492150,3.493500,3.491400,20.330408,19.825098,20.039469,20.001886,20.032190,20.042292,20.118097,19.951349,19.971552,20.143366,20.148401,,,,,,,20.052393,20.330408,19.825098,19.981653,19.926111,20.017023,20.072626,20.017023,0,0,0,0,0,0
381997,97.784081,3.493500,3.490800,3.492289,0.002700,3.492300,3.492750,3.492450,3.492300,3.492150,3.492600,3.493350,3.491100,3.492150,3.492000,3.493200,3.490800,3.492750,3.492600,3.492600,3.492000,3.492600,3.492300,3.492900,3.492000,3.491250,3.492150,3.492450,3.492450,3.491850,3.492150,3.493500,3.491400,20.330408,19.825098,20.040415,20.001886,20.032190,20.042292,20.123133,19.951349,19.971552,20.143366,20.148401,,,,,,,20.052393,20.330408,19.825098,19.981653,19.926111,20.017023,20.077662,20.022089,0,0,0,0,0,0
382497,97.783638,3.493500,3.490800,3.492273,0.002700,3.492300,3.492750,3.492300,3.492300,3.492150,3.492600,3.493500,3.491100,3.492150,3.492000,3.493050,3.490800,3.492750,3.492600,3.492600,3.491850,3.492450,3.492450,3.492900,3.491850,3.491250,3.492150,3.492450,3.492450,3.491850,3.492150,3.493500,3.491400,20.330408,19.825098,20.039783,20.001886,20.032190,20.042292,20.118097,19.951349,19.971552,20.143366,20.148401,,,,,,,20.052393,20.330408,19.825098,19.981653,19.921045,20.022089,20.077662,20.017023,0,0,0,0,0,0
382999,97.783493,3.493500,3.490950,3.492268,0.002550,3.492150,3.492750,3.492450,3.492300,3.492150,3.492600,3.493350,3.491100,3.492000,3.492000,3.493050,3.490950,3.492750,3.492600,3.492600,3.491850,3.492600,3.492450,3.492900,3.492000,3.491250,3.492150,3.492450,3.492300,3.491850,3.492000,3.493500,3.491400,20.330408,19.830133,20.041046,20.001886,20.032190,20.042292,20.118097,19.951349,19.971552,20.148401,20.148401,,,,,,,20.052393,20.330408,19.830133,19.981653,19.926111,20.022089,20.077662,20.022089,0,0,0,0,0,0
383500,97.783791,3.493500,3.490950,3.492278,0.002550,3.492300,3.492750,3.492300,3.492300,3.492150,3.492600,3.493500,3.491100,3.492150,3.492000,3.493200,3.490950,3.492750,3.492600,3.492600,3.492000,3.492600,3.492300,3.492900,3.491850,3.491250,3.492150,3.492450,3.492300,3.491850,3.492000,3.493500,3.491400,20.330408,19.825098,20.041046,20.006922,20.032190,20.042292,20.118097,19.951349,19.971552,20.148401,20.148401,,,,,,,20.052393,20.330408,19.825098,19.981653,19.926111,20.022089,20.077662,20.022089,0,0,0,0,0,0
384001,97.783653,3.493500,3.490950,3.492273,0.002550,3.492300,3.492750,3.492300,3.492300,3.492150,3.492600,3.493350,3.491100,3.492000,3.492000,3.493050,3.490950,3.492900,3.492450,3.492600,3.492000,3.492600,3.492450,3.492900,3.491850,3.491250,3.492150,3.492450,3.492300,3.491850,3.492150,3.493500,3.491400,20.330408,19.830133,20.041044,20.006922,20.032190,20.042292,20.118097,19.951349,19.971552,20.148401,20.148401,,,,,,,20.052393,20.330408,19.830133,19.981653,19.926111,20.017023,20.077662,20.022089,0,0,0,0,0,0
384502,97.783485,3.493500,3.490950,3.492267,0.002550,3.492150,3.492750,3.492300,3.492300,3.492150,3.492600,3.493500,3.491100,3.492000,3.492000,3.493050,3.490950,3.492750,3.492600,3.492600,3.492000,3.492600,3.492300,3.492900,3.491850,3.491250,3.492000,3.492450,3.492450,3.491850,3.492150,3.493500,3.491400,20.330408,19.830133,20.041361,20.006922,20.032190,20.042292,20.123133,19.951349,19.971552,20.148401,20.148401,,,,,,,20.047358,20.330408,19.830133,19.981653,19.926111,20.022089,20.077662,20.022089,0,0,0,0,0,0
385002,97.783646,3.493500,3.490950,3.492273,0.002550,3.492300,3.492750,3.492300,3.492300,3.492150,3.492450,3.493500,3.491100,3.492150,3.492000,3.493050,3.490950,3.492750,3.492600,3.492600,3.491850,3.492600,3.492300,3.492900,3.491850,3.491250,3.492150,3.492450,3.492450,3.491850,3.492150,3.493500,3.491400,20.330408,19.830133,20.041044,20.006922,20.032190,20.042292,20.118097,19.951349,19.971552,20.148401,20.148401,,,,,,,20.052393,20.330408,19.830133,19.981653,19.926111,20.017023,20.077662,20.022089,0,0,0,0,0,0
385504,97.783485,3.493500,3.490800,3.492267,0.002700,3.492300,3.492750,3.492450,3.492300,3.492150,3.492600,3.493350,3.491100,3.492000,3.492000,3.493050,3.490800,3.492750,3.492600,3.492600,3.492000,3.492450,3.492300,3.492900,3.491850,3.491250,3.492150,3.492450,3.492450,3.492000,3.492000,3.493500,3.491400,20.330408,19.830133,20.041046,20.001886,20.032190,20.042292,20.118097,19.951349,19.971552,20.148401,20.148401,,,,,,,20.052393,20.330408,19.830133,19.981653,19.926111,20.022089,20.077662,20.022089,0,0,0,0,0,0
386005,97.783783,3.493500,3.490800,3.492278,0.002700,3.492300,3.492750,3.492450,3.492300,3.492150,3.492600,3.493500,3.491100,3.492150,3.492000,3.493050,3.490800,3.492900,3.492600,3.492600,3.491850,3.492450,3.492300,3.492900,3.491850,3.491250,3.492000,3.492450,3.492450,3.492000,3.492150,3.493500,3.491400,20.330408,19.830133,20.040730,20.001886,20.032190,20.042292,20.123133,19.951349,19.971552,20.148401,20.148401,,,,,,,20.052393,20.330408,19.830133,19.981653,19.926111,20.017023,20.072626,20.022089,0,0,0,0,0,0
386506,97.783783,3.493500,3.490800,3.492278,0.002700,3.492300,3.492750,3.492300,3.492300,3.492150,3.492600,3.493500,3.491100,3.492000,3.492000,3.493050,3.490800,3.492750,3.492450,3.492600,3.492000,3.492450,3.492450,3.492900,3.491850,3.491250,3.492150,3.492450,3.492450,3.492000,3.492150,3.493500,3.491550,20.335474,19.830133,20.041046,20.006922,20.032190,20.042292,20.118097,19.951349,19.971552,20.148401,20.148401,,,,,,,20.052393,20.335474,19.830133,19.981653,19.926111,20.017023,20.072626,20.022089,0,0,0,0,0,0
387006,97.783043,3.493500,3.490800,3.492252,0.002700,3.492300,3.492750,3.492300,3.492300,3.492150,3.492450,3.493350,3.490950,3.492000,3.492000,3.493050,3.490800,3.492750,3.492600,3.492600,3.491850,3.492600,3.492450,3.492900,3.491850,3.491250,3.492000,3.492450,3.492450,3.491850,3.492150,3.493500,3.491400,20.330408,19.830133,20.041677,20.006922,20.032190,20.042292,20.123133,19.946314,19.971552,20.148401,20.148401,,,,,,,20.052393,20.330408,19.830133,19.986719,19.926111,20.022089,20.077662,20.022089,0,0,0,0,0,0
387508,97.783028,3.493500,3.490800,3.492251,0.002700,3.492300,3.492750,3.492300,3.492300,3.492150,3.492450,3.493350,3.491100,3.492000,3.492000,3.493050,3.490800,3.492750,3.492450,3.492600,3.491850,3.492450,3.492300,3.492900,3.491850,3.491250,3.492000,3.492450,3.492450,3.492000,3.492150,3.493500,3.491550,20.330408,19.830133,20.041361,20.006922,20.032190,20.042292,20.118097,19.951349,19.971552,20.148401,20.148401,,,,,,,20.052393,20.330408,19.830133,19.981653,19.926111,20.022089,20.077662,20.022089,0,0,0,0,0,0
388008,97.782593,3.493500,3.490800,3.492235,0.002700,3.492150,3.492750,3.492450,3.492300,3.492150,3.492450,3.493350,3.490950,3.492000,3.492000,3.493050,3.490800,3.492750,3.492450,3.492600,3.492000,3.492450,3.492300,3.492900,3.491850,3.491250,3.492000,3.492300,3.492450,3.491850,3.492150,3.493500,3.491400,20.330408,19.825098,20.041046,20.001886,20.032190,20.042292,20.123133,19.951349,19.971552,20.153467,20.148401,,,,,,,20.052393,20.330408,19.825098,19.981653,19.926111,20.017023,20.077662,20.022089,0,0,0,0,0,0
388510,97.782890,3.493500,3.490800,3.492246,0.002700,3.492150,3.492750,3.492300,3.492300,3.492150,3.492600,3.493350,3.491100,3.492150,3.492000,3.493050,3.490800,3.492750,3.492600,3.492450,3.491850,3.492600,3.492300,3.492900,3.491850,3.491250,3.492000,3.492450,3.492300,3.491850,3.492150,3.493500,3.491400,20.330408,19.830133,20.042625,20.006922,20.032190,20.042292,20.123133,19.951349,19.971552,20.153467,20.148401,,,,,,,20.057459,20.330408,19.830133,19.986719,19.926111,20.022089,20.077662,20.022089,0,0,0,0,0,0
389011,97.782448,3.493500,3.490800,3.492230,0.002700,3.492300,3.492750,3.492300,3.492300,3.492150,3.492450,3.493350,3.491100,3.492000,3.492000,3.493050,3.490800,3.492750,3.492450,3.492600,3.491850,3.492450,3.492300,3.492750,3.491850,3.491250,3.492000,3.492450,3.492300,3.491850,3.492150,3.493500,3.491400,20.330408,19.830133,20.041046,20.001886,20.032190,20.042292,20.118097,19.951349,19.971552,20.148401,20.148401,,,,,,,20.052393,20.330408,19.830133,19.981653,19.926111,20.022089,20.077662,20.022089,0,0,0,0,0,0
389512,97.782593,3.493500,3.490800,3.492235,0.002700,3.492300,3.492750,3.492300,3.492300,3.492150,3.492450,3.493350,3.491100,3.492000,3.492000,3.493050,3.490800,3.492750,3.492600,3.492600,3.491850,3.492450,3.492300,3.492900,3.491850,3.491250,3.492000,3.492450,3.492300,3.491850,3.492000,3.493500,3.491400,20.335474,19.830133,20.042311,20.001886,20.037256,20.042292,20.123133,19.951349,19.971552,20.153467,20.148401,,,,,,,20.052393,20.335474,19.830133,19.981653,19.926111,20.022089,20.077662,20.022089,0,0,0,0,0,0
390013,97.782593,3.493500,3.490800,3.492235,0.002700,3.492150,3.492750,3.492300,3.492300,3.492150,3.492450,3.493350,3.491100,3.492000,3.492000,3.493050,3.490800,3.492750,3.492600,3.492600,3.491850,3.492450,3.492450,3.492900,3.491850,3.491250,3.492000,3.492450,3.492300,3.491850,3.492000,3.493500,3.491400,20.330408,19.830133,20.041679,20.001886,20.037256,20.042292,20.118097,19.951349,19.971552,20.153467,20.148401,,,,,,,20.052393,20.330408,19.830133,19.981653,19.926111,20.022089,20.077662,20.022089,0,0,0,0,0,0
390514,97.782745,3.493500,3.490950,3.492241,0.002550,3.492150,3.492750,3.492300,3.492300,3.492150,3.492450,3.493350,3.491100,3.492000,3.492000,3.493050,3.490950,3.492750,3.492450,3.492600,3.492000,3.492450,3.492300,3.492900,3.491850,3.491250,3.492150,3.492300,3.492300,3.492000,3.492000,3.493500,3.491400,20.335474,19.830133,20.042942,20.006922,20.037256,20.042292,20.123133,19.951349,19.971552,20.153467,20.148401,,,,,,,20.057459,20.335474,19.830133,19.981653,19.926111,20.022089,20.077662,20.022089,0,0,0,0,0,0
391015,97.782295,3.493500,3.490800,3.492225,0.002700,3.492150,3.492750,3.492300,3.492300,3.492150,3.492450,3.493350,3.491100,3.492000,3.492000,3.493050,3.490800,3.492750,3.492450,3.492600,3.491850,3.492450,3.492300,3.492900,3.491850,3.491250,3.492150,3.492300,3.492300,3.491850,3.492000,3.493500,3.491400,20.335474,19.830133,20.042311,20.001886,20.037256,20.042292,20.123133,19.951349,19.971552,20.153467,20.148401,,,,,,,20.052393,20.335474,19.830133,19.981653,19.926111,20.022089,20.077662,20.022089,0,0,0,0,0,0
391516,97.782143,3.493500,3.490800,3.492219,0.002700,3.492150,3.492750,3.492300,3.492300,3.492150,3.492450,3.493350,3.491100,3.492000,3.492000,3.493050,3.490800,3.492750,3.492450,3.492600,3.491850,3.492450,3.492300,3.492750,3.491850,3.491250,3.492000,3.492300,3.492450,3.491850,3.492000,3.493500,3.491400,20.335474,19.830133,20.041992,20.006922,20.032190,20.042292,20.123133,19.951349,19.971552,20.153467,20.148401,,,,,,,20.052393,20.335474,19.830133,19.981653,19.926111,20.022089,20.077662,20.017023,0,0,0,0,0,0
392016,97.782288,3.493350,3.490800,3.492224,0.002550,3.492150,3.492750,3.492300,3.492300,3.492150,3.492450,3.493350,3.491100,3.492000,3.492000,3.493050,3.490800,3.492750,3.492600,3.492600,3.491850,3.492450,3.492300,3.492900,3.491850,3.491250,3.492000,3.492300,3.492450,3.491850,3.492000,3.493350,3.491400,20.335474,19.830133,20.042311,20.001886,20.032190,20.042292,20.123133,19.951349,19.971552,20.153467,20.148401,,,,,,,20.057459,20.335474,19.830133,19.981653,19.926111,20.022089,20.077662,20.022089,0,0,0,0,0,0
392517,97.781982,3.493350,3.490800,3.492214,0.002550,3.492150,3.492750,3.492300,3.492300,3.492150,3.492450,3.493350,3.490950,3.492000,3.492000,3.493050,3.490800,3.492750,3.492450,3.492600,3.491850,3.492450,3.492300,3.492900,3.491850,3.491250,3.492000,3.492450,3.492300,3.491850,3.492000,3.493350,3.491400,20.335474,19.830133,20.042627,20.006922,20.032190,20.042292,20.123133,19.946314,19.971552,20.158533,20.148401,,,,,,,20.057459,20.335474,19.830133,19.981653,19.926111,20.022089,20.077662,20.022089,0,0,0,0,0,0
393018,97.782440,3.493500,3.490950,3.492230,0.002550,3.492150,3.492750,3.492300,3.492150,3.492150,3.492450,3.493350,3.491100,3.492000,3.492000,3.493050,3.490950,3.492750,3.492450,3.492600,3.491850,3.492450,3.492300,3.492900,3.491850,3.491250,3.492000,3.492450,3.492450,3.491850,3.492000,3.493500,3.491400,20.335474,19.830133,20.041992,20.006922,20.032190,20.042292,20.123133,19.951349,19.971552,20.153467,20.148401,,,,,,,20.052393,20.335474,19.830133,19.981653,19.926111,20.017023,20.077662,20.022089,0,0,0,0,0,0
393519,97.782440,3.493500,3.490950,3.492230,0.002550,3.492150,3.492750,3.492450,3.492300,3.492150,3.492450,3.493350,3.491100,3.492000,3.492000,3.493050,3.490950,3.492750,3.492450,3.492600,3.491850,3.492450,3.492300,3.492900,3.491850,3.491100,3.492000,3.492300,3.492450,3.491850,3.492000,3.493500,3.491400,20.335474,19.830133,20.043575,20.006922,20.037256,20.042292,20.123133,19.951349,19.971552,20.158533,20.148401,,,,,,,20.057459,20.335474,19.830133,19.986719,19.926111,20.022089,20.077662,20.022089,0,0,0,0,0,0
394020,97.781990,3.493500,3.490800,3.492214,0.002700,3.492150,3.492600,3.492300,3.492150,3.492150,3.492450,3.493350,3.490950,3.492000,3.492000,3.493050,3.490800,3.492750,3.492450,3.492600,3.491850,3.492450,3.492300,3.492900,3.491850,3.491250,3.492000,3.492300,3.492450,3.491850,3.492150,3.493500,3.491400,20.335474,19.830133,20.042313,20.001886,20.037256,20.042292,20.118097,19.951349,19.971552,20.158533,20.148401,,,,,,,20.057459,20.335474,19.830133,19.981653,19.926111,20.017023,20.077662,20.022089,0,0,0,0,0,0
394521,97.781845,3.493500,3.490800,3.492209,0.002700,3.492300,3.492600,3.492300,3.492150,3.492150,3.492450,3.493350,3.491100,3.492000,3.492000,3.493050,3.490800,3.492750,3.492450,3.492450,3.491850,3.492450,3.492300,3.492900,3.491850,3.491250,3.492000,3.492300,3.492300,3.491850,3.492000,3.493500,3.491400,20.330408,19.830133,20.041994,20.006922,20.032190,20.042292,20.118097,19.951349,19.971552,20.158533,20.148401,,,,,,,20.057459,20.330408,19.830133,19.981653,19.926111,20.017023,20.077662,20.022089,0,0,0,0,0,0
395022,97.782295,3.493500,3.490800,3.492225,0.002700,3.492300,3.492750,3.492300,3.492300,3.492150,3.492450,3.493350,3.491100,3.492000,3.492000,3.493050,3.490800,3.492750,3.492450,3.492600,3.491850,3.492450,3.492300,3.492900,3.491850,3.491250,3.492000,3.492300,3.492300,3.491850,3.492000,3.493500,3.491400,20.335474,19.830133,20.042942,20.006922,20.037256,20.042292,20.123133,19.951349,19.971552,20.158533,20.148401,,,,,,,20.057459,20.335474,19.830133,19.981653,19.926111,20.017023,20.077662,20.022089,0,0,0,0,0,0
395523,97.782593,3.493500,3.490800,3.492235,0.002700,3.492300,3.492750,3.492300,3.492300,3.492150,3.492450,3.493350,3.491100,3.492000,3.492000,3.493050,3.490800,3.492750,3.492450,3.492450,3.491850,3.492450,3.492300,3.492900,3.491850,3.491250,3.492000,3.492450,3.492450,3.491850,3.492150,3.493500,3.491400,20.335474,19.830133,20.042944,20.006922,20.037256,20.042292,20.118097,19.951349,19.971552,20.158533,20.148401,,,,,,,20.057459,20.335474,19.830133,19.981653,19.926111,20.022089,20.077662,20.022089,0,0,0,0,0,0
396024,97.782745,3.493500,3.490800,3.492241,0.002700,3.492150,3.492750,3.492300,3.492300,3.492150,3.492450,3.493350,3.491100,3.492000,3.492000,3.493050,3.490800,3.492750,3.492600,3.492600,3.492000,3.492450,3.492300,3.492900,3.491850,3.491250,3.492000,3.492300,3.492450,3.491850,3.492150,3.493500,3.491400,20.335474,19.830133,20.042625,20.006922,20.037256,20.042292,20.123133,19.951349,19.971552,20.158533,20.148401,,,,,,,20.057459,20.335474,19.830133,19.981653,19.926111,20.017023,20.077662,20.017023,0,0,0,0,0,0
396525,97.782738,3.493500,3.490950,3.492241,0.002550,3.492300,3.492600,3.492300,3.492300,3.492150,3.492600,3.493350,3.491100,3.492000,3.492000,3.493050,3.490950,3.492750,3.492450,3.492600,3.491850,3.492450,3.492300,3.492900,3.491850,3.491250,3.492000,3.492300,3.492450,3.492000,3.492000,3.493500,3.491400,20.335474,19.830133,20.042629,20.001886,20.037256,20.047358,20.118097,19.951349,19.971552,20.158533,20.148401,,,,,,,20.057459,20.335474,19.830133,19.981653,19.926111,20.017023,20.077662,20.022089,0,0,0,0,0,0
397026,97.782143,3.493500,3.490800,3.492219,0.002700,3.492150,3.492750,3.492300,3.492300,3.492150,3.492600,3.493350,3.491100,3.492000,3.492000,3.493050,3.490800,3.492750,3.492450,3.492450,3.491850,3.492450,3.492300,3.492750,3.491850,3.491250,3.492000,3.492450,3.492300,3.491850,3.492000,3.493500,3.491400,20.335474,19.830133,20.042940,20.001886,20.032190,20.042292,20.123133,19.951349,19.971552,20.163568,20.148401,,,,,,,20.057459,20.335474,19.830133,19.981653,19.931147,20.017023,20.077662,20.022089,0,0,0,0,0,0
397527,97.781837,3.493500,3.490800,3.492208,0.002700,3.492150,3.492750,3.492300,3.492300,3.492000,3.492450,3.493350,3.490950,3.492000,3.492000,3.493050,3.490800,3.492750,3.492450,3.492450,3.491850,3.492450,3.492300,3.492900,3.491850,3.491250,3.492000,3.492450,3.492300,3.491850,3.492000,3.493500,3.491400,20.335474,19.830133,20.043257,20.006922,20.032190,20.042292,20.123133,19.951349,19.971552,20.163568,20.148401,,,,,,,20.057459,20.335474,19.830133,19.981653,19.926111,20.022089,20.077662,20.022089,0,0,0,0,0,0
398029,97.781700,3.493500,3.490950,3.492203,0.002550,3.492150,3.492600,3.492300,3.492300,3.492000,3.492450,3.493350,3.490950,3.492000,3.491850,3.493050,3.490950,3.492750,3.492450,3.492600,3.491850,3.492450,3.492300,3.492750,3.491850,3.491250,3.492000,3.492300,3.492450,3.491850,3.492000,3.493500,3.491400,20.335474,19.830133,20.043573,20.006922,20.037256,20.042292,20.118097,19.951349,19.971552,20.163568,20.148401,,,,,,,20.057459,20.335474,19.830133,19.981653,19.931147,20.022089,20.077662,20.022089,0,0,0,0,0,0
398529,97.781700,3.493500,3.490800,3.492203,0.002700,3.492150,3.492750,3.492300,3.492300,3.492150,3.492450,3.493350,3.490950,3.492000,3.492000,3.493050,3.490800,3.492750,3.492450,3.492450,3.491850,3.492450,3.492300,3.492750,3.491850,3.491250,3.492000,3.492300,3.492300,3.491850,3.492000,3.493500,3.491400,20.335474,19.835199,20.044525,20.006922,20.037256,20.047358,20.123133,19.951349,19.971552,20.158533,20.153467,,,,,,,20.057459,20.335474,19.835199,19.986719,19.926111,20.022089,20.077662,20.022089,0,0,0,0,0,0
399031,97.781853,3.493500,3.490800,3.492209,0.002700,3.492150,3.492750,3.492300,3.492300,3.492150,3.492450,3.493350,3.491100,3.492000,3.492000,3.493050,3.490800,3.492750,3.492450,3.492450,3.491850,3.492450,3.492300,3.492750,3.491850,3.491100,3.492000,3.492300,3.492300,3.491850,3.492150,3.493500,3.491400,20.335474,19.830133,20.042942,20.006922,20.032190,20.042292,20.123133,19.951349,19.971552,20.158533,20.148401,,,,,,,20.057459,20.335474,19.830133,19.981653,19.926111,20.022089,20.077662,20.022089,0,0,0,0,0,0
399532,97.781403,3.493500,3.490800,3.492193,0.002700,3.492150,3.492750,3.492300,3.492150,3.492000,3.492450,3.493350,3.491100,3.492000,3.492000,3.493050,3.490800,3.492750,3.492450,3.492450,3.491850,3.492450,3.492150,3.492750,3.491850,3.491250,3.492000,3.492300,3.492300,3.491850,3.492000,3.493500,3.491400,20.335474,19.835199,20.043575,20.001886,20.032190,20.042292,20.123133,19.951349,19.971552,20.163568,20.148401,,,,,,,20.057459,20.335474,19.835199,19.986719,19.926111,20.022089,20.077662,20.022089,0,0,0,0,0,0
400033,97.781700,3.493350,3.490950,3.492203,0.002400,3.492150,3.492750,3.492300,3.492300,3.492000,3.492450,3.493350,3.491100,3.492000,3.492000,3.493050,3.490950,3.492750,3.492450,3.492600,3.491850,3.492450,3.492300,3.492750,3.491850,3.491100,3.492000,3.492300,3.492300,3.491850,3.492000,3.493350,3.491400,20.335474,19.830133,20.043890,20.006922,20.037256,20.042292,20.123133,19.951349,19.971552,20.163568,20.148401,,,,,,,20.057459,20.335474,19.830133,19.981653,19.926111,20.022089,20.082727,20.022089,0,0,0,0,0,0
400533,97.782150,3.493500,3.490800,3.492220,0.002700,3.492150,3.492750,3.492300,3.492300,3.492150,3.492450,3.493350,3.491100,3.492000,3.492000,3.493050,3.490800,3.492750,3.492450,3.492600,3.491850,3.492450,3.492450,3.492750,3.491850,3.491250,3.492000,3.492300,3.492300,3.491850,3.492000,3.493500,3.491400,20.335474,19.835199,20.043890,20.006922,20.032190,20.042292,20.123133,19.951349,19.971552,20.163568,20.148401,,,,,,,20.057459,20.335474,19.835199,19.981653,19.926111,20.022089,20.082727,20.022089,0,0,0,0,0,0
401035,97.782143,3.493500,3.490800,3.492219,0.002700,3.492150,3.492750,3.492300,3.492150,3.492150,3.492450,3.493350,3.491100,3.492000,3.492000,3.493050,3.490800,3.492750,3.492450,3.492600,3.491850,3.492450,3.492300,3.492750,3.491700,3.491250,3.492000,3.492450,3.492450,3.491850,3.492150,3.493500,3.491400,20.335474,19.835199,20.044207,20.006922,20.037256,20.042292,20.123133,19.951349,19.971552,20.163568,20.148401,,,,,,,20.057459,20.335474,19.835199,19.986719,19.926111,20.022089,20.077662,20.022089,0,0,0,0,0,0
401536,97.781250,3.493500,3.490800,3.492188,0.002700,3.492150,3.492750,3.492300,3.492150,3.492150,3.492450,3.493350,3.490950,3.492000,3.492000,3.492900,3.490800,3.492750,3.492450,3.492450,3.491850,3.492450,3.492300,3.492750,3.491850,3.491100,3.492000,3.492300,3.492300,3.491850,3.492000,3.493500,3.491400,20.335474,19.835199,20.044209,20.006922,20.037256,20.042292,20.123133,19.951349,19.971552,20.158533,20.148401,,,,,,,20.057459,20.335474,19.835199,19.986719,19.926111,20.022089,20.082727,20.022089,0,0,0,0,0,0
402037,97.781845,3.493500,3.490800,3.492209,0.002700,3.492150,3.492750,3.492300,3.492300,3.492150,3.492450,3.493350,3.490950,3.492000,3.492000,3.493050,3.490800,3.492750,3.492450,3.492450,3.491850,3.492450,3.492300,3.492750,3.491850,3.491250,3.492000,3.492300,3.492450,3.491850,3.492000,3.493500,3.491400,20.335474,19.835199,20.043892,20.006922,20.032190,20.042292,20.123133,19.951349,19.971552,20.158533,20.148401,,,,,,,20.057459,20.335474,19.835199,19.986719,19.926111,20.022089,20.082727,20.022089,0,0,0,0,0,0
402538,97.781845,3.493350,3.490800,3.492209,0.002550,3.492150,3.492750,3.492300,3.492300,3.492150,3.492450,3.493350,3.491100,3.492000,3.492000,3.493050,3.490800,3.492750,3.492450,3.492450,3.491850,3.492450,3.492300,3.492750,3.491850,3.491250,3.492000,3.492450,3.492300,3.491850,3.492000,3.493350,3.491400,20.335474,19.835199,20.044521,20.006922,20.037256,20.042292,20.123133,19.951349,19.971552,20.163568,20.153467,,,,,,,20.057459,20.335474,19.835199,19.981653,19.931147,20.017023,20.082727,20.022089,0,0,0,0,0,0
403039,97.780792,3.493350,3.490800,3.492171,0.002550,3.492150,3.492600,3.492300,3.492150,3.492150,3.492450,3.493350,3.490950,3.492000,3.491850,3.493050,3.490800,3.492750,3.492450,3.492450,3.491850,3.492450,3.492300,3.492750,3.491700,3.491100,3.492000,3.492300,3.492300,3.491850,3.492000,3.493350,3.491400,20.335474,19.835199,20.044207,20.006922,20.037256,20.042292,20.123133,19.951349,19.971552,20.158533,20.153467,,,,,,,20.057459,20.335474,19.835199,19.981653,19.931147,20.017023,20.082727,20.022089,0,0,0,0,0,0
403540,97.781097,3.493500,3.490800,3.492182,0.002700,3.492150,3.492600,3.492300,3.492150,3.492150,3.492450,3.493350,3.490950,3.492000,3.492000,3.493050,3.490800,3.492600,3.492450,3.492450,3.491850,3.492450,3.492300,3.492750,3.491850,3.491100,3.492000,3.492300,3.492300,3.491850,3.492000,3.493500,3.491400,20.335474,19.835199,20.043892,20.006922,20.037256,20.042292,20.118097,19.951349,19.971552,20.163568,20.148401,,,,,,,20.057459,20.335474,19.835199,19.981653,19.926111,20.022089,20.082727,20.022089,0,0,0,0,0,0
404041,97.781097,3.493350,3.490800,3.492182,0.002550,3.492150,3.492600,3.492300,3.492150,3.492150,3.492450,3.493350,3.491100,3.492000,3.492000,3.493050,3.490800,3.492600,3.492450,3.492600,3.491850,3.492450,3.492300,3.492750,3.491700,3.491100,3.492000,3.492300,3.492300,3.491850,3.492000,3.493350,3.491400,20.335474,19.835199,20.043890,20.006922,20.037256,20.042292,20.123133,19.951349,19.971552,20.163568,20.148401,,,,,,,20.057459,20.335474,19.835199,19.981653,19.926111,20.022089,20.077662,20.022089,0,0,0,0,0,0
404542,97.780945,3.493350,3.490800,3.492177,0.002550,3.492150,3.492750,3.492300,3.492150,3.492150,3.492450,3.493350,3.490950,3.491850,3.492000,3.492900,3.490800,3.492750,3.492450,3.492450,3.491850,3.492450,3.492300,3.492750,3.491850,3.491100,3.492000,3.492300,3.492300,3.491850,3.492000,3.493350,3.491400,20.335474,19.835199,20.043890,20.006922,20.037256,20.042292,20.123133,19.951349,19.971552,20.163568,20.148401,,,,,,,20.057459,20.335474,19.835199,19.981653,19.926111,20.022089,20.077662,20.022089,0,0,0,0,0,0
405043,97.781242,3.493350,3.490800,3.492187,0.002550,3.492150,3.492750,3.492300,3.492300,3.492150,3.492450,3.493350,3.490950,3.492000,3.492000,3.493050,3.490800,3.492750,3.492450,3.492450,3.491850,3.492450,3.492300,3.492750,3.491700,3.491100,3.492000,3.492300,3.492300,3.491850,3.492000,3.493350,3.491400,20.335474,19.835199,20.044523,20.006922,20.037256,20.042292,20.118097,19.951349,19.971552,20.163568,20.153467,,,,,,,20.062494,20.335474,19.835199,19.981653,19.926111,20.022089,20.082727,20.022089,0,0,0,0,0,0
405544,97.781097,3.493350,3.490800,3.492182,0.002550,3.492150,3.492750,3.492300,3.492150,3.492000,3.492450,3.493350,3.490950,3.492000,3.492000,3.493050,3.490800,3.492600,3.492450,3.492600,3.491850,3.492450,3.492300,3.492750,3.491850,3.491100,3.492000,3.492300,3.492300,3.491850,3.492000,3.493350,3.491400,20.335474,19.835199,20.044209,20.001886,20.037256,20.042292,20.123133,19.951349,19.971552,20.163568,20.148401,,,,,,,20.057459,20.335474,19.835199,19.986719,19.926111,20.022089,20.082727,20.022089,0,0,0,0,0,0
406045,97.780945,3.493350,3.490800,3.492177,0.002550,3.492150,3.492750,3.492300,3.492150,3.492000,3.492450,3.493350,3.491100,3.492000,3.492000,3.492900,3.490800,3.492750,3.492450,3.492450,3.491850,3.492450,3.492300,3.492750,3.491700,3.491100,3.492000,3.492300,3.492300,3.491850,3.492000,3.493350,3.491400,20.335474,19.835199,20.044836,20.006922,20.037256,20.042292,20.123133,19.951349,19.971552,20.163568,20.148401,,,,,,,20.062494,20.335474,19.835199,19.981653,19.931147,20.022089,20.082727,20.022089,0,0,0,0,0,0
406546,97.780487,3.493350,3.490800,3.492160,0.002550,3.492150,3.492600,3.492300,3.492150,3.492000,3.492450,3.493350,3.490950,3.492000,3.492000,3.492900,3.490800,3.492600,3.492450,3.492450,3.491850,3.492450,3.492300,3.492750,3.491700,3.491100,3.492000,3.492450,3.492300,3.491850,3.492000,3.493350,3.491250,20.335474,19.835199,20.045469,20.006922,20.037256,20.042292,20.123133,19.951349,19.971552,20.163568,20.153467,,,,,,,20.062494,20.335474,19.835199,19.986719,19.931147,20.022089,20.082727,20.022089,0,0,0,0,0,0
407047,97.780945,3.493350,3.490800,3.492177,0.002550,3.492150,3.492600,3.492300,3.492300,3.492150,3.492450,3.493350,3.490950,3.491850,3.492000,3.493050,3.490800,3.492600,3.492450,3.492450,3.491850,3.492450,3.492300,3.492750,3.491850,3.491100,3.492000,3.492300,3.492300,3.491850,3.492000,3.493350,3.491400,20.335474,19.835199,20.045469,20.006922,20.037256,20.042292,20.123133,19.951349,19.971552,20.163568,20.153467,,,,,,,20.062494,20.335474,19.835199,19.986719,19.931147,20.022089,20.082727,20.022089,0,0,0,0,0,0
407548,97.780502,3.493350,3.490800,3.492161,0.002550,3.492150,3.492600,3.492300,3.492150,3.492000,3.492450,3.493350,3.490950,3.492000,3.491850,3.492900,3.490800,3.492600,3.492450,3.492450,3.491850,3.492450,3.492300,3.492750,3.491850,3.491100,3.492000,3.492300,3.492300,3.491850,3.492000,3.493350,3.491400,20.335474,19.835199,20.045155,20.006922,20.037256,20.042292,20.123133,19.951349,19.971552,20.163568,20.153467,,,,,,,20.062494,20.335474,19.835199,19.986719,19.926111,20.022089,20.082727,20.022089,0,0,0,0,0,0
408049,97.781097,3.493350,3.490800,3.492182,0.002550,3.492150,3.492600,3.492300,3.492150,3.492150,3.492450,3.493350,3.491100,3.492000,3.491850,3.492900,3.490800,3.492600,3.492450,3.492450,3.491850,3.492450,3.492300,3.492750,3.491850,3.491250,3.492000,3.492450,3.492300,3.491850,3.492000,3.493350,3.491400,20.335474,19.835199,20.044838,20.006922,20.037256,20.042292,20.123133,19.951349,19.971552,20.168634,20.148401,,,,,,,20.062494,20.335474,19.835199,19.981653,19.926111,20.022089,20.082727,20.022089,0,0,0,0,0,0
408550,97.780647,3.493350,3.490800,3.492166,0.002550,3.492150,3.492600,3.492300,3.492150,3.492150,3.492450,3.493350,3.490950,3.492000,3.492000,3.492900,3.490800,3.492600,3.492450,3.492450,3.491850,3.492450,3.492300,3.492750,3.491700,3.491100,3.492000,3.492300,3.492300,3.491850,3.492000,3.493350,3.491400,20.335474,19.835199,20.045469,20.006922,20.037256,20.042292,20.123133,19.951349,19.971552,20.168634,20.153467,,,,,,,20.062494,20.335474,19.835199,19.986719,19.931147,20.017023,20.082727,20.022089,0,0,0,0,0,0
409051,97.780800,3.493350,3.490800,3.492172,0.002550,3.492150,3.492750,3.492300,3.492150,3.492000,3.492450,3.493350,3.490950,3.492000,3.492000,3.492900,3.490800,3.492600,3.492450,3.492450,3.491850,3.492450,3.492300,3.492750,3.491850,3.491100,3.492000,3.492300,3.492300,3.491850,3.492000,3.493350,3.491400,20.335474,19.835199,20.045471,20.006922,20.037256,20.042292,20.123133,19.951349,19.971552,20.168634,20.153467,,,,,,,20.062494,20.335474,19.835199,19.986719,19.926111,20.022089,20.082727,20.022089,0,0,0,0,0,0
409552,97.780342,3.493350,3.490800,3.492155,0.002550,3.492150,3.492600,3.492150,3.492150,3.492000,3.492450,3.493350,3.490950,3.492000,3.492000,3.492900,3.490800,3.492600,3.492450,3.492450,3.491850,3.492450,3.492300,3.492750,3.491700,3.491100,3.492000,3.492300,3.492300,3.491850,3.492000,3.493350,3.491400,20.335474,19.835199,20.045153,20.006922,20.037256,20.042292,20.123133,19.951349,19.971552,20.168634,20.148401,,,,,,,20.062494,20.335474,19.835199,19.981653,19.931147,20.022089,20.082727,20.022089,0,0,0,0,0,0
410053,97.780655,3.493500,3.490800,3.492166,0.002700,3.492150,3.492600,3.492150,3.492150,3.492150,3.492450,3.493350,3.490950,3.492000,3.491850,3.493050,3.490800,3.492600,3.492450,3.492450,3.491700,3.492450,3.492300,3.492750,3.491850,3.491100,3.492000,3.492300,3.492300,3.491850,3.492000,3.493500,3.491400,20.335474,19.835199,20.045469,20.006922,20.037256,20.042292,20.123133,19.951349,19.971552,20.168634,20.153467,,,,,,,20.062494,20.335474,19.835199,19.981653,19.931147,20.022089,20.082727,20.022089,0,0,0,0,0,0
410554,97.780800,3.493350,3.490800,3.492172,0.002550,3.492150,3.492750,3.492300,3.492150,3.492000,3.492450,3.493350,3.490950,3.492000,3.491850,3.493050,3.490800,3.492600,3.492450,3.492450,3.491850,3.492450,3.492300,3.492750,3.491850,3.491100,3.492000,3.492300,3.492300,3.491850,3.492000,3.493350,3.491400,20.335474,19.835199,20.045786,20.006922,20.037256,20.042292,20.123133,19.951349,19.971552,20.168634,20.153467,,,,,,,20.062494,20.335474,19.835199,19.986719,19.931147,20.022089,20.082727,20.022089,0,0,0,0,0,0
411055,97.780342,3.493350,3.490800,3.492155,0.002550,3.492150,3.492600,3.492300,3.492150,3.492000,3.492450,3.493350,3.490950,3.491850,3.491850,3.492900,3.490800,3.492600,3.492450,3.492450,3.491850,3.492450,3.492300,3.492750,3.491850,3.491100,3.492000,3.492300,3.492450,3.491850,3.492000,3.493350,3.491250,20.335474,19.835199,20.045469,20.006922,20.037256,20.042292,20.123133,19.951349,19.971552,20.168634,20.148401,,,,,,,20.062494,20.335474,19.835199,19.986719,19.931147,20.022089,20.082727,20.022089,0,0,0,0,0,0
411556,97.780510,3.493350,3.490800,3.492161,0.002550,3.492150,3.492600,3.492300,3.492150,3.492000,3.492450,3.493350,3.490950,3.492000,3.491850,3.492900,3.490800,3.492600,3.492450,3.492450,3.491850,3.492300,3.492300,3.492750,3.491850,3.491100,3.492150,3.492300,3.492300,3.491850,3.492000,3.493350,3.491400,20.335474,19.835199,20.045153,20.006922,20.032190,20.042292,20.123133,19.951349,19.971552,20.168634,20.148401,,,,,,,20.062494,20.335474,19.835199,19.986719,19.931147,20.022089,20.082727,20.022089,0,0,0,0,0,0
412056,97.780495,3.493350,3.490800,3.492161,0.002550,3.492150,3.492600,3.492300,3.492150,3.492000,3.492450,3.493350,3.490950,3.492000,3.492000,3.493050,3.490800,3.492600,3.492450,3.492450,3.491700,3.492450,3.492300,3.492750,3.491700,3.491100,3.492000,3.492300,3.492300,3.491850,3.492000,3.493350,3.491400,20.335474,19.835199,20.045469,20.006922,20.037256,20.042292,20.123133,19.951349,19.971552,20.168634,20.148401,,,,,,,20.062494,20.335474,19.835199,19.986719,19.931147,20.022089,20.082727,20.022089,0,0,0,0,0,0
412557,97.780502,3.493350,3.490800,3.492161,0.002550,3.492150,3.492600,3.492300,3.492150,3.492000,3.492450,3.493350,3.490950,3.492000,3.492000,3.492900,3.490800,3.492750,3.492450,3.492450,3.491850,3.492300,3.492300,3.492750,3.491700,3.491100,3.492000,3.492300,3.492300,3.491850,3.492000,3.493350,3.491400,20.335474,19.835199,20.046419,20.006922,20.037256,20.042292,20.123133,19.951349,19.976618,20.173700,20.153467,,,,,,,20.062494,20.335474,19.835199,19.986719,19.931147,20.022089,20.082727,20.022089,0,0,0,0,0,0
413059,97.780502,3.493350,3.490800,3.492161,0.002550,3.492150,3.492600,3.492300,3.492150,3.492000,3.492450,3.493350,3.490950,3.492000,3.492000,3.493050,3.490800,3.492600,3.492450,3.492450,3.491850,3.492300,3.492300,3.492750,3.491700,3.491100,3.492000,3.492300,3.492300,3.491850,3.492000,3.493350,3.491400,20.335474,19.835199,20.045469,20.006922,20.037256,20.042292,20.123133,19.951349,19.971552,20.168634,20.148401,,,,,,,20.062494,20.335474,19.835199,19.986719,19.931147,20.022089,20.082727,20.022089,0,0,0,0,0,0
413560,97.780052,3.493350,3.490800,3.492145,0.002550,3.492150,3.492600,3.492300,3.492150,3.492000,3.492450,3.493350,3.490950,3.491850,3.491850,3.492900,3.490800,3.492600,3.492450,3.492450,3.491700,3.492450,3.492300,3.492750,3.491850,3.491100,3.492000,3.492300,3.492300,3.491850,3.492000,3.493350,3.491250,20.340540,19.835199,20.046419,20.006922,20.037256,20.042292,20.123133,19.951349,19.971552,20.173700,20.153467,,,,,,,20.062494,20.340540,19.835199,19.986719,19.931147,20.022089,20.082727,20.022089,0,0,0,0,0,0
414061,97.780045,3.493350,3.490650,3.492144,0.002700,3.492150,3.492600,3.492300,3.492150,3.492000,3.492300,3.493350,3.490950,3.492000,3.491850,3.492900,3.490650,3.492600,3.492450,3.492450,3.491850,3.492450,3.492300,3.492750,3.491700,3.491100,3.492000,3.492300,3.492300,3.491850,3.492000,3.493350,3.491400,20.335474,19.835199,20.046103,20.006922,20.037256,20.042292,20.123133,19.951349,19.971552,20.173700,20.153467,,,,,,,20.062494,20.335474,19.835199,19.986719,19.931147,20.022089,20.082727,20.022089,0,0,0,0,0,0
414562,97.780197,3.493350,3.490800,3.492150,0.002550,3.492150,3.492600,3.492300,3.492150,3.492000,3.492300,3.493350,3.490950,3.491850,3.492000,3.492900,3.490800,3.492750,3.492450,3.492450,3.491700,3.492450,3.492300,3.492750,3.491700,3.491100,3.492000,3.492300,3.492300,3.491850,3.492000,3.493350,3.491400,20.335474,19.835199,20.045471,20.006922,20.037256,20.042292,20.118097,19.951349,19.971552,20.173700,20.153467,,,,,,,20.062494,20.335474,19.835199,19.981653,19.931147,20.022089,20.082727,20.022089,0,0,0,0,0,0
415063,97.780190,3.493350,3.490800,3.492150,0.002550,3.492150,3.492600,3.492300,3.492150,3.492000,3.492450,3.493350,3.491100,3.492000,3.491850,3.492900,3.490800,3.492600,3.492450,3.492450,3.491850,3.492450,3.492150,3.492750,3.491700,3.491100,3.492000,3.492300,3.492300,3.491850,3.492000,3.493350,3.491250,20.335474,19.835199,20.045786,20.006922,20.037256,20.042292,20.123133,19.951349,19.971552,20.173700,20.153467,,,,,,,20.062494,20.335474,19.835199,19.981653,19.931147,20.022089,20.082727,20.022089,0,0,0,0,0,0
415563,97.780495,3.493350,3.490800,3.492161,0.002550,3.492150,3.492600,3.492300,3.492150,3.492000,3.492450,3.493350,3.490950,3.491850,3.492000,3.493050,3.490800,3.492600,3.492450,3.492450,3.491850,3.492450,3.492300,3.492750,3.491700,3.491100,3.492000,3.492300,3.492300,3.491850,3.492000,3.493350,3.491400,20.335474,19.835199,20.046419,20.006922,20.037256,20.047358,20.123133,19.951349,19.971552,20.173700,20.148401,,,,,,,20.067560,20.335474,19.835199,19.986719,19.931147,20.022089,20.082727,20.022089,0,0,0,0,0,0
416064,97.780205,3.493350,3.490800,3.492150,0.002550,3.492150,3.492600,3.492300,3.492150,3.492000,3.492450,3.493350,3.490950,3.492000,3.491850,3.492900,3.490800,3.492600,3.492450,3.492450,3.491850,3.492300,3.492300,3.492750,3.491700,3.491100,3.492000,3.492300,3.492300,3.491850,3.492000,3.493350,3.491400,20.335474,19.835199,20.046734,20.006922,20.037256,20.047358,20.123133,19.951349,19.971552,20.173700,20.153467,,,,,,,20.062494,20.335474,19.835199,19.986719,19.931147,20.022089,20.087763,20.022089,0,0,0,0,0,0
416566,97.779602,3.493350,3.490650,3.492129,0.002700,3.492150,3.492600,3.492150,3.492150,3.492000,3.492300,3.493350,3.490950,3.491850,3.491850,3.492900,3.490650,3.492600,3.492450,3.492450,3.491850,3.492300,3.492300,3.492750,3.491700,3.491100,3.492000,3.492300,3.492300,3.491850,3.492000,3.493350,3.491400,20.340540,19.835199,20.046103,20.006922,20.037256,20.047358,20.123133,19.951349,19.971552,20.173700,20.148401,,,,,,,20.062494,20.340540,19.835199,19.981653,19.931147,20.022089,20.082727,20.022089,0,0,0,0,0,0
417067,97.779747,3.493350,3.490800,3.492134,0.002550,3.492000,3.492600,3.492150,3.492150,3.492000,3.492450,3.493200,3.490950,3.491850,3.491850,3.492900,3.490800,3.492600,3.492450,3.492450,3.491850,3.492450,3.492300,3.492750,3.491850,3.491100,3.492000,3.492300,3.492300,3.491850,3.492000,3.493350,3.491250,20.340540,19.835199,20.046103,20.006922,20.037256,20.042292,20.123133,19.951349,19.971552,20.173700,20.148401,,,,,,,20.067560,20.340540,19.835199,19.981653,19.931147,20.022089,20.082727,20.022089,0,0,0,0,0,0
417568,97.779594,3.493350,3.490800,3.492128,0.002550,3.492150,3.492600,3.492150,3.492150,3.492000,3.492450,3.493350,3.490950,3.491850,3.492000,3.492900,3.490800,3.492600,3.492300,3.492450,3.491700,3.492450,3.492300,3.492750,3.491700,3.491100,3.492000,3.492300,3.492150,3.491850,3.492000,3.493350,3.491250,20.340540,19.835199,20.046736,20.006922,20.037256,20.042292,20.123133,19.956415,19.971552,20.173700,20.148401,,,,,,,20.067560,20.340540,19.835199,19.986719,19.931147,20.022089,20.082727,20.022089,0,0,0,0,0,0
418069,97.779755,3.493350,3.490800,3.492134,0.002550,3.492150,3.492600,3.492300,3.492150,3.492000,3.492450,3.493350,3.490950,3.491850,3.492000,3.492900,3.490800,3.492600,3.492450,3.492450,3.491700,3.492450,3.492300,3.492750,3.491700,3.491100,3.491850,3.492300,3.492300,3.491700,3.491850,3.493350,3.491400,20.340540,19.835199,20.046736,20.006922,20.037256,20.042292,20.123133,19.951349,19.971552,20.173700,20.153467,,,,,,,20.067560,20.340540,19.835199,19.986719,19.931147,20.022089,20.082727,20.022089,0,0,0,0,0,0
418570,97.778992,3.493350,3.490650,3.492107,0.002700,3.492000,3.492600,3.492300,3.492150,3.492000,3.492300,3.493200,3.490950,3.491850,3.491850,3.492900,3.490650,3.492600,3.492450,3.492450,3.491700,3.492450,3.492300,3.492750,3.491700,3.491100,3.492000,3.492300,3.492150,3.491700,3.492000,3.493350,3.491250,20.340540,19.840235,20.046732,20.006922,20.037256,20.042292,20.123133,19.951349,19.971552,20.173700,20.148401,,,,,,,20.067560,20.340540,19.840235,19.981653,19.931147,20.022089,20.087763,20.022089,0,0,0,0,0,0
419071,97.779747,3.493350,3.490650,3.492134,0.002700,3.492150,3.492600,3.492150,3.492150,3.492000,3.492300,3.493350,3.490950,3.492000,3.491850,3.492900,3.490650,3.492600,3.492450,3.492450,3.491850,3.492450,3.492150,3.492750,3.491700,3.491100,3.492000,3.492300,3.492300,3.491850,3.492000,3.493350,3.491400,20.340540,19.840235,20.047367,20.006922,20.037256,20.042292,20.123133,19.951349,19.976618,20.173700,20.153467,,,,,,,20.067560,20.340540,19.840235,19.986719,19.931147,20.022089,20.082727,20.022089,0,0,0,0,0,0
419572,97.779152,3.493350,3.490800,3.492113,0.002550,3.492000,3.492600,3.492150,3.492150,3.492000,3.492450,3.493350,3.490950,3.491850,3.492000,3.492900,3.490800,3.492600,3.492300,3.492300,3.491700,3.492300,3.492300,3.492750,3.491700,3.491100,3.492000,3.492300,3.492300,3.491850,3.491850,3.493350,3.491250,20.340540,19.835199,20.046734,20.006922,20.037256,20.042292,20.123133,19.951349,19.971552,20.178736,20.153467,,,,,,,20.067560,20.340540,19.835199,19.981653,19.931147,20.022089,20.082727,20.022089,0,0,0,0,0,0
420073,97.779900,3.493350,3.490800,3.492139,0.002550,3.492150,3.492750,3.492150,3.492150,3.492000,3.492450,3.493200,3.490950,3.492000,3.491850,3.492900,3.490800,3.492600,3.492300,3.492450,3.491700,3.492300,3.492300,3.492750,3.491850,3.491100,3.492000,3.492300,3.492300,3.491850,3.492000,3.493350,3.491400,20.340540,19.840235,20.047680,20.006922,20.037256,20.042292,20.123133,19.951349,19.971552,20.178736,20.153467,,,,,,,20.067560,20.340540,19.840235,19.986719,19.931147,20.022089,20.087763,20.022089,0,0,0,0,0,0
420574,97.779449,3.493350,3.490800,3.492123,0.002550,3.492150,3.492600,3.492300,3.492150,3.492000,3.492450,3.493350,3.490950,3.491850,3.491850,3.492900,3.490800,3.492600,3.492450,3.492450,3.491700,3.492450,3.492150,3.492750,3.491700,3.491100,3.491850,3.492300,3.492150,3.491850,3.492000,3.493350,3.491250,20.340540,19.835199,20.047365,20.006922,20.037256,20.042292,20.123133,19.951349,19.976618,20.178736,20.153467,,,,,,,20.067560,20.340540,19.835199,19.981653,19.931147,20.022089,20.087763,20.022089,0,0,0,0,0,0
421075,97.779732,3.493350,3.490800,3.492133,0.002550,3.492150,3.492600,3.492150,3.492150,3.492000,3.492450,3.493350,3.490950,3.492000,3.492000,3.492900,3.490800,3.492600,3.492300,3.492450,3.491850,3.492450,3.492300,3.492600,3.491700,3.491100,3.492000,3.492150,3.492300,3.491700,3.492000,3.493350,3.491400,20.340540,19.835199,20.047049,20.006922,20.042292,20.042292,20.123133,19.951349,19.971552,20.178736,20.153467,,,,,,,20.067560,20.340540,19.835199,19.981653,19.931147,20.022089,20.082727,20.022089,0,0,0,0,0,0
421576,97.779297,3.493350,3.490800,3.492118,0.002550,3.492150,3.492600,3.492150,3.492150,3.492000,3.492300,3.493350,3.490950,3.491850,3.491850,3.492900,3.490800,3.492600,3.492450,3.492450,3.491700,3.492300,3.492300,3.492750,3.491700,3.491100,3.491850,3.492300,3.492300,3.491850,3.492000,3.493350,3.491250,20.340540,19.840235,20.047680,20.006922,20.037256,20.042292,20.123133,19.951349,19.971552,20.183802,20.153467,,,,,,,20.067560,20.340540,19.840235,19.981653,19.931147,20.022089,20.087763,20.022089,0,0,0,0,0,0
422077,97.779594,3.493350,3.490650,3.492128,0.002700,3.492150,3.492600,3.492150,3.492150,3.492000,3.492450,3.493200,3.490950,3.491850,3.491850,3.493050,3.490650,3.492600,3.492450,3.492450,3.491700,3.492450,3.492150,3.492750,3.491700,3.491100,3.492000,3.492300,3.492300,3.491850,3.492000,3.493350,3.491400,20.340540,19.840235,20.047365,20.006922,20.037256,20.042292,20.123133,19.951349,19.971552,20.178736,20.153467,,,,,,,20.067560,20.340540,19.840235,19.986719,19.931147,20.022089,20.082727,20.022089,0,0,0,0,0,0
422578,97.779449,3.493350,3.490800,3.492123,0.002550,3.492150,3.492600,3.492300,3.492150,3.492150,3.492450,3.493200,3.490950,3.491850,3.491850,3.492900,3.490800,3.492600,3.492450,3.492450,3.491700,3.492300,3.492150,3.492750,3.491700,3.491100,3.491850,3.492150,3.492300,3.491850,3.492000,3.493350,3.491400,20.340540,19.840235,20.047049,20.006922,20.037256,20.042292,20.123133,19.951349,19.971552,20.178736,20.153467,,,,,,,20.067560,20.340540,19.840235,19.981653,19.931147,20.022089,20.082727,20.022089,0,0,0,0,0,0
423079,97.779289,3.493350,3.490800,3.492117,0.002550,3.492150,3.492600,3.492150,3.492150,3.492000,3.492450,3.493200,3.490950,3.491850,3.491850,3.492900,3.490800,3.492600,3.492450,3.492450,3.491700,3.492300,3.492150,3.492750,3.491700,3.491100,3.492000,3.492300,3.492300,3.491850,3.492000,3.493350,3.491250,20.340540,19.840235,20.047997,20.006922,20.037256,20.047358,20.123133,19.951349,19.971552,20.178736,20.153467,,,,,,,20.067560,20.340540,19.840235,19.986719,19.931147,20.022089,20.087763,20.022089,0,0,0,0,0,0
423580,97.779442,3.493350,3.490800,3.492123,0.002550,3.492000,3.492600,3.492150,3.492150,3.492000,3.492450,3.493200,3.490950,3.492000,3.491850,3.492900,3.490800,3.492600,3.492450,3.492450,3.491700,3.492450,3.492150,3.492750,3.491700,3.491100,3.492000,3.492300,3.492300,3.491850,3.492000,3.493350,3.491250,20.340540,19.840235,20.047997,20.006922,20.037256,20.047358,20.123133,19.951349,19.971552,20.178736,20.153467,,,,,,,20.067560,20.340540,19.840235,19.986719,19.931147,20.022089,20.087763,20.022089,0,0,0,0,0,0
424081,97.778702,3.493350,3.490650,3.492096,0.002700,3.492000,3.492600,3.492150,3.492150,3.492000,3.492300,3.493200,3.490950,3.492000,3.491850,3.492900,3.490650,3.492600,3.492300,3.492450,3.491700,3.492300,3.492300,3.492600,3.491850,3.491100,3.491850,3.492300,3.492300,3.491700,3.492000,3.493350,3.491250,20.340540,19.840235,20.047365,20.006922,20.037256,20.042292,20.123133,19.951349,19.971552,20.183802,20.153467,,,,,,,20.067560,20.340540,19.840235,19.981653,19.931147,20.022089,20.082727,20.022089,0,0,0,0,0,0
424581,97.779152,3.493350,3.490800,3.492113,0.002550,3.492000,3.492600,3.492150,3.492150,3.492000,3.492450,3.493200,3.490950,3.491850,3.491850,3.492900,3.490800,3.492600,3.492450,3.492300,3.491850,3.492450,3.492300,3.492750,3.491700,3.491100,3.491850,3.492150,3.492300,3.491700,3.492000,3.493350,3.491400,20.340540,19.840235,20.047680,20.006922,20.037256,20.047358,20.123133,19.951349,19.971552,20.178736,20.153467,,,,,,,20.067560,20.340540,19.840235,19.981653,19.931147,20.022089,20.087763,20.022089,0,0,0,0,0,0
425083,97.778992,3.493350,3.490800,3.492107,0.002550,3.492000,3.492600,3.492300,3.492000,3.492000,3.492300,3.493350,3.490950,3.491850,3.491850,3.492900,3.490800,3.492600,3.492300,3.492450,3.491850,3.492300,3.492150,3.492750,3.491700,3.491100,3.492000,3.492300,3.492300,3.491700,3.492000,3.493350,3.491250,20.340540,19.840235,20.047363,20.006922,20.037256,20.047358,20.123133,19.951349,19.971552,20.178736,20.148401,,,,,,,20.067560,20.340540,19.840235,19.981653,19.931147,20.022089,20.087763,20.022089,0,0,0,0,0,0
425583,97.779289,3.493350,3.490800,3.492117,0.002550,3.492150,3.492600,3.492150,3.492150,3.492000,3.492450,3.493350,3.490950,3.492000,3.492000,3.492900,3.490800,3.492600,3.492450,3.492450,3.491700,3.492300,3.492150,3.492600,3.491700,3.491100,3.491850,3.492150,3.492300,3.491850,3.492000,3.493350,3.491250,20.340540,19.840235,20.048311,20.006922,20.042292,20.047358,20.123133,19.951349,19.971552,20.178736,20.153467,,,,,,,20.067560,20.340540,19.840235,19.986719,19.931147,20.022089,20.087763,20.022089,0,0,0,0,0,0
426085,97.779594,3.493350,3.490800,3.492128,0.002550,3.492150,3.492600,3.492150,3.492150,3.492000,3.492450,3.493350,3.490950,3.491850,3.491850,3.492900,3.490800,3.492600,3.492450,3.492450,3.491700,3.492300,3.492150,3.492750,3.491700,3.491100,3.492000,3.492300,3.492300,3.491850,3.492000,3.493350,3.491400,20.340540,19.840235,20.047680,20.006922,20.037256,20.042292,20.123133,19.951349,19.971552,20.178736,20.153467,,,,,,,20.072626,20.340540,19.840235,19.981653,19.931147,20.022089,20.087763,20.022089,0,0,0,0,0,0
426586,97.778839,3.493350,3.490800,3.492101,0.002550,3.492150,3.492600,3.492150,3.492150,3.492000,3.492300,3.493350,3.490950,3.491850,3.491850,3.492900,3.490800,3.492600,3.492450,3.492450,3.491700,3.492300,3.492150,3.492750,3.491700,3.491100,3.491850,3.492150,3.492300,3.491700,3.492000,3.493350,3.491250,20.340540,19.840235,20.048313,20.006922,20.042292,20.042292,20.123133,19.951349,19.971552,20.183802,20.153467,,,,,,,20.072626,20.340540,19.840235,19.986719,19.931147,20.022089,20.082727,20.022089,0,0,0,0,0,0
427087,97.778397,3.493200,3.490800,3.492086,0.002400,3.492150,3.492600,3.492150,3.492000,3.492000,3.492300,3.493200,3.490950,3.491850,3.491850,3.492900,3.490800,3.492600,3.492450,3.492450,3.491700,3.492300,3.492150,3.492750,3.491700,3.491100,3.492000,3.492150,3.492300,3.491700,3.491850,3.493200,3.491250,20.340540,19.840235,20.048313,20.006922,20.037256,20.047358,20.123133,19.951349,19.971552,20.183802,20.153467,,,,,,,20.067560,20.340540,19.840235,19.986719,19.931147,20.022089,20.087763,20.022089,0,0,0,0,0,0
427587,97.778549,3.493350,3.490650,3.492091,0.002700,3.492000,3.492600,3.492150,3.492150,3.492000,3.492450,3.493350,3.490950,3.492000,3.491850,3.492900,3.490650,3.492600,3.492300,3.492450,3.491700,3.492300,3.492150,3.492750,3.491700,3.491100,3.491850,3.492300,3.492150,3.491700,3.491850,3.493350,3.491250,20.340540,19.840235,20.047997,20.006922,20.037256,20.042292,20.123133,19.951349,19.971552,20.178736,20.153467,,,,,,,20.072626,20.340540,19.840235,19.986719,19.931147,20.022089,20.087763,20.022089,0,0,0,0,0,0
428088,97.779007,3.493350,3.490650,3.492107,0.002700,3.492000,3.492600,3.492150,3.492150,3.492000,3.492300,3.493350,3.490950,3.491850,3.491850,3.492900,3.490650,3.492600,3.492300,3.492450,3.491850,3.492300,3.492150,3.492750,3.491700,3.491100,3.492000,3.492300,3.492300,3.491850,3.492000,3.493200,3.491400,20.340540,19.840235,20.048628,20.006922,20.042292,20.042292,20.123133,19.951349,19.971552,20.183802,20.153467,,,,,,,20.072626,20.340540,19.840235,19.986719,19.931147,20.022089,20.087763,20.022089,0,0,0,0,0,0
428589,97.778999,3.493350,3.490800,3.492107,0.002550,3.492000,3.492600,3.492150,3.492150,3.492000,3.492450,3.493200,3.490950,3.491850,3.491850,3.492900,3.490800,3.492600,3.492450,3.492450,3.491700,3.492300,3.492150,3.492750,3.491700,3.491100,3.491850,3.492300,3.492300,3.491850,3.492000,3.493350,3.491250,20.340540,19.840235,20.048628,20.006922,20.042292,20.042292,20.123133,19.951349,19.971552,20.183802,20.153467,,,,,,,20.072626,20.340540,19.840235,19.986719,19.931147,20.022089,20.087763,20.022089,0,0,0,0,0,0
429090,97.778702,3.493350,3.490650,3.492096,0.002700,3.492000,3.492600,3.492150,3.492150,3.492000,3.492450,3.493200,3.490950,3.491850,3.491850,3.492900,3.490650,3.492600,3.492450,3.492300,3.491700,3.492300,3.492150,3.492750,3.491700,3.491100,3.491850,3.492300,3.492300,3.491850,3.492000,3.493350,3.491250,20.340540,19.840235,20.048313,20.006922,20.037256,20.047358,20.123133,19.951349,19.971552,20.183802,20.153467,,,,,,,20.072626,20.340540,19.840235,19.981653,19.931147,20.022089,20.087763,20.022089,0,0,0,0,0,0
429591,97.778542,3.493350,3.490800,3.492091,0.002550,3.492000,3.492600,3.492300,3.492150,3.492000,3.492300,3.493200,3.490950,3.491850,3.491850,3.492900,3.490800,3.492600,3.492300,3.492450,3.491700,3.492300,3.492150,3.492600,3.491700,3.491100,3.491850,3.492150,3.492300,3.491850,3.492000,3.493350,3.491250,20.340540,19.840235,20.048946,20.006922,20.037256,20.047358,20.123133,19.956415,19.971552,20.183802,20.153467,,,,,,,20.072626,20.340540,19.840235,19.986719,19.931147,20.022089,20.087763,20.022089,0,0,0,0,0,0
430092,97.778839,3.493350,3.490800,3.492101,0.002550,3.492000,3.492600,3.492300,3.492150,3.492000,3.492300,3.493200,3.490950,3.491850,3.491850,3.492900,3.490800,3.492600,3.492300,3.492450,3.491700,3.492300,3.492150,3.492750,3.491700,3.491100,3.492000,3.492300,3.492300,3.491700,3.492000,3.493350,3.491250,20.340540,19.840235,20.048311,20.006922,20.042292,20.042292,20.123133,19.951349,19.971552,20.183802,20.148401,,,,,,,20.072626,20.340540,19.840235,19.986719,19.931147,20.022089,20.087763,20.022089,0,0,0,0,0,0
430594,97.777946,3.493350,3.490650,3.492069,0.002700,3.492000,3.492600,3.492150,3.492150,3.492000,3.492300,3.493200,3.490950,3.492000,3.491850,3.492900,3.490650,3.492450,3.492300,3.492450,3.491700,3.492300,3.492150,3.492600,3.491700,3.491100,3.491850,3.492300,3.492150,3.491700,3.491850,3.493350,3.491250,20.340540,19.840235,20.048628,20.006922,20.042292,20.042292,20.123133,19.951349,19.971552,20.183802,20.153467,,,,,,,20.072626,20.340540,19.840235,19.986719,19.931147,20.022089,20.087763,20.022089,0,0,0,0,0,0
431094,97.777794,3.493350,3.490650,3.492064,0.002700,3.492000,3.492600,3.492150,3.492150,3.492000,3.492300,3.493200,3.490950,3.491850,3.491850,3.492900,3.490650,3.492600,3.492300,3.492450,3.491700,3.492300,3.492150,3.492600,3.491700,3.491100,3.491850,3.492150,3.492150,3.491700,3.491850,3.493350,3.491250,20.345606,19.845301,20.049580,20.006922,20.037256,20.047358,20.123133,19.951349,19.976618,20.183802,20.153467,,,,,,,20.072626,20.345606,19.845301,19.986719,19.931147,20.022089,20.087763,20.022089,0,0,0,0,0,0
431596,97.777809,3.493350,3.490650,3.492065,0.002700,3.492000,3.492600,3.492150,3.492150,3.492000,3.492300,3.493200,3.490950,3.491850,3.491850,3.492900,3.490650,3.492600,3.492300,3.492300,3.491700,3.492450,3.492150,3.492600,3.491700,3.490950,3.491850,3.492150,3.492300,3.491700,3.491850,3.493350,3.491250,20.340540,19.840235,20.048944,20.006922,20.037256,20.047358,20.123133,19.951349,19.971552,20.183802,20.153467,,,,,,,20.072626,20.340540,19.840235,19.986719,19.931147,20.022089,20.087763,20.027124,0,0,0,0,0,0
432097,97.778389,3.493350,3.490800,3.492085,0.002550,3.492150,3.492600,3.492150,3.492150,3.492000,3.492450,3.493350,3.490950,3.491850,3.491850,3.492900,3.490800,3.492600,3.492300,3.492300,3.491700,3.492300,3.492150,3.492600,3.491700,3.491100,3.491850,3.492150,3.492150,3.491700,3.492000,3.493350,3.491250,20.340540,19.840235,20.048313,20.006922,20.037256,20.042292,20.123133,19.951349,19.971552,20.183802,20.153467,,,,,,,20.072626,20.340540,19.840235,19.986719,19.931147,20.022089,20.087763,20.022089,0,0,0,0,0,0
432598,97.778107,3.493350,3.490650,3.492075,0.002700,3.492000,3.492600,3.492150,3.492150,3.492000,3.492300,3.493200,3.490950,3.491850,3.491850,3.492900,3.490650,3.492600,3.492300,3.492450,3.491700,3.492300,3.492150,3.492750,3.491700,3.490950,3.491850,3.492150,3.492300,3.491700,3.491850,3.493350,3.491400,20.340540,19.840235,20.048944,20.006922,20.042292,20.047358,20.123133,19.951349,19.971552,20.183802,20.153467,,,,,,,20.072626,20.340540,19.840235,19.986719,19.931147,20.022089,20.087763,20.022089,0,0,0,0,0,0
433098,97.778252,3.493350,3.490800,3.492080,0.002550,3.492000,3.492600,3.492150,3.492150,3.491850,3.492300,3.493200,3.490950,3.491850,3.491850,3.492900,3.490800,3.492600,3.492450,3.492300,3.491700,3.492300,3.492150,3.492750,3.491700,3.491100,3.491850,3.492300,3.492150,3.491850,3.491850,3.493350,3.491250,20.340540,19.840235,20.049259,20.006922,20.042292,20.047358,20.123133,19.951349,19.971552,20.183802,20.153467,,,,,,,20.072626,20.340540,19.840235,19.986719,19.931147,20.022089,20.087763,20.027124,0,0,0,0,0,0
433600,97.778244,3.493350,3.490650,3.492080,0.002700,3.492000,3.492600,3.492150,3.492150,3.492000,3.492300,3.493350,3.490950,3.491850,3.491850,3.492900,3.490650,3.492600,3.492300,3.492450,3.491700,3.492300,3.492150,3.492600,3.491700,3.491100,3.491850,3.492150,3.492300,3.491700,3.492000,3.493350,3.491250,20.340540,19.845301,20.049894,20.011988,20.037256,20.047358,20.123133,19.951349,19.976618,20.183802,20.153467,,,,,,,20.072626,20.340540,19.845301,19.986719,19.931147,20.022089,20.087763,20.027124,0,0,0,0,0,0
434101,97.777649,3.493200,3.490650,3.492059,0.002550,3.492000,3.492600,3.492150,3.492150,3.492000,3.492300,3.493200,3.490950,3.491850,3.491850,3.492900,3.490650,3.492600,3.492300,3.492300,3.491700,3.492300,3.492150,3.492600,3.491700,3.491100,3.491850,3.492150,3.492150,3.491700,3.492000,3.493200,3.491250,20.340540,19.840235,20.048628,20.006922,20.037256,20.042292,20.123133,19.951349,19.971552,20.183802,20.153467,,,,,,,20.072626,20.340540,19.840235,19.986719,19.931147,20.022089,20.087763,20.027124,0,0,0,0,0,0
434602,97.777946,3.493350,3.490800,3.492069,0.002550,3.492000,3.492600,3.492150,3.492150,3.492000,3.492300,3.493200,3.490950,3.491850,3.491850,3.492900,3.490800,3.492600,3.492300,3.492300,3.491700,3.492300,3.492300,3.492600,3.491700,3.491100,3.491850,3.492150,3.492150,3.491700,3.491850,3.493350,3.491250,20.340540,19.845301,20.049896,20.006922,20.037256,20.047358,20.128199,19.956415,19.971552,20.188868,20.153467,,,,,,,20.072626,20.340540,19.845301,19.986719,19.931147,20.022089,20.087763,20.022089,0,0,0,0,0,0
435103,97.777504,3.493200,3.490800,3.492054,0.002400,3.492000,3.492600,3.492150,3.492150,3.492000,3.492300,3.493200,3.490800,3.491850,3.492000,3.492900,3.490800,3.492600,3.492300,3.492300,3.491700,3.492300,3.492150,3.492600,3.491700,3.490950,3.491850,3.492150,3.492150,3.491700,3.491850,3.493200,3.491250,20.345606,19.840235,20.049892,20.006922,20.042292,20.047358,20.123133,19.951349,19.971552,20.183802,20.158533,,,,,,,20.077662,20.345606,19.840235,19.986719,19.931147,20.022089,20.087763,20.022089,0,0,0,0,0,0
435603,97.777489,3.493350,3.490650,3.492053,0.002700,3.492000,3.492600,3.492150,3.492000,3.492000,3.492300,3.493200,3.490800,3.491850,3.491850,3.492900,3.490650,3.492600,3.492300,3.492300,3.491700,3.492300,3.492150,3.492600,3.491700,3.491100,3.491850,3.492150,3.492150,3.491700,3.492000,3.493350,3.491250,20.345606,19.840235,20.048944,20.006922,20.042292,20.042292,20.123133,19.951349,19.971552,20.183802,20.153467,,,,,,,20.072626,20.345606,19.840235,19.986719,19.931147,20.022089,20.087763,20.022089,0,0,0,0,0,0
436104,97.777649,3.493350,3.490650,3.492059,0.002700,3.492150,3.492600,3.492150,3.492000,3.492000,3.492300,3.493200,3.490800,3.491850,3.491850,3.492900,3.490650,3.492600,3.492300,3.492300,3.491700,3.492300,3.492150,3.492600,3.491700,3.491100,3.491850,3.492300,3.492150,3.491700,3.491850,3.493350,3.491250,20.345606,19.840235,20.050842,20.006922,20.042292,20.047358,20.123133,19.956415,19.976618,20.183802,20.153467,,,,,,,20.077662,20.345606,19.840235,19.986719,19.936213,20.022089,20.092829,20.022089,0,0,0,0,0,0
436605,97.777054,3.493200,3.490650,3.492038,0.002550,3.492000,3.492600,3.492150,3.492000,3.491850,3.492300,3.493200,3.490800,3.491850,3.491850,3.492900,3.490650,3.492600,3.492300,3.492300,3.491700,3.492300,3.492150,3.492600,3.491700,3.491100,3.491850,3.492150,3.492150,3.491700,3.491850,3.493200,3.491250,20.340540,19.845301,20.049574,20.006922,20.042292,20.042292,20.123133,19.951349,19.971552,20.183802,20.153467,,,,,,,20.077662,20.340540,19.845301,19.986719,19.931147,20.022089,20.087763,20.027124,0,0,0,0,0,0
437106,97.777649,3.493350,3.490650,3.492059,0.002700,3.492000,3.492600,3.492150,3.492000,3.492000,3.492300,3.493200,3.490950,3.491850,3.491850,3.492900,3.490650,3.492600,3.492300,3.492300,3.491700,3.492300,3.492150,3.492600,3.491700,3.491100,3.491850,3.492300,3.492150,3.491700,3.491850,3.493350,3.491250,20.340540,19.840235,20.049892,20.006922,20.042292,20.047358,20.123133,19.951349,19.976618,20.188868,20.153467,,,,,,,20.072626,20.340540,19.840235,19.986719,19.931147,20.022089,20.087763,20.027124,0,0,0,0,0,0
437608,97.777496,3.493200,3.490800,3.492054,0.002400,3.492000,3.492600,3.492150,3.492000,3.492000,3.492300,3.493200,3.490800,3.491850,3.491850,3.492900,3.490800,3.492600,3.492300,3.492300,3.491700,3.492300,3.492150,3.492600,3.491550,3.491100,3.491850,3.492150,3.492150,3.491700,3.492000,3.493200,3.491400,20.340540,19.845301,20.049263,20.006922,20.037256,20.042292,20.123133,19.956415,19.971552,20.188868,20.153467,,,,,,,20.072626,20.340540,19.845301,19.986719,19.931147,20.022089,20.087763,20.022089,0,0,0,0,0,0
438109,97.777344,3.493350,3.490650,3.492048,0.002700,3.492000,3.492600,3.492150,3.492000,3.491850,3.492300,3.493200,3.490950,3.491850,3.491850,3.492900,3.490650,3.492600,3.492300,3.492300,3.491700,3.492300,3.492150,3.492600,3.491700,3.491100,3.491850,3.492150,3.492150,3.491700,3.491850,3.493350,3.491250,20.345606,19.840235,20.050524,20.011988,20.042292,20.042292,20.123133,19.956415,19.971552,20.188868,20.153467,,,,,,,20.077662,20.345606,19.840235,19.986719,19.931147,20.022089,20.087763,20.027124,0,0,0,0,0,0
438610,97.777199,3.493200,3.490800,3.492043,0.002400,3.492000,3.492450,3.492150,3.492000,3.492000,3.492300,3.493200,3.490950,3.491850,3.491850,3.492900,3.490800,3.492600,3.492300,3.492300,3.491700,3.492300,3.492150,3.492600,3.491550,3.491100,3.491850,3.492150,3.492150,3.491700,3.491850,3.493200,3.491250,20.345606,19.845301,20.050840,20.006922,20.042292,20.047358,20.123133,19.951349,19.971552,20.188868,20.158533,,,,,,,20.077662,20.345606,19.845301,19.986719,19.931147,20.022089,20.087763,20.027124,0,0,0,0,0,0
439110,97.777504,3.493200,3.490650,3.492054,0.002550,3.492000,3.492600,3.492150,3.492150,3.492000,3.492300,3.493200,3.490950,3.491850,3.491850,3.492900,3.490650,3.492600,3.492300,3.492300,3.491700,3.492300,3.492150,3.492600,3.491700,3.491100,3.491850,3.492150,3.492150,3.491700,3.491850,3.493200,3.491250,20.345606,19.845301,20.050526,20.006922,20.037256,20.047358,20.123133,19.951349,19.976618,20.188868,20.153467,,,,,,,20.077662,20.345606,19.845301,19.986719,19.931147,20.027124,20.087763,20.022089,0,0,0,0,0,0
439611,97.777496,3.493350,3.490650,3.492054,0.002700,3.492000,3.492600,3.492150,3.492000,3.492000,3.492300,3.493200,3.490950,3.491850,3.491850,3.492900,3.490650,3.492600,3.492300,3.492300,3.491700,3.492300,3.492150,3.492600,3.491700,3.491100,3.491850,3.492150,3.492150,3.491700,3.491850,3.493350,3.491250,20.345606,19.845301,20.051790,20.011988,20.042292,20.047358,20.123133,19.951349,19.976618,20.188868,20.153467,,,,,,,20.077662,20.345606,19.845301,19.986719,19.936213,20.022089,20.092829,20.027124,0,0,0,0,0,0
440113,97.777351,3.493350,3.490650,3.492048,0.002700,3.492000,3.492600,3.492150,3.492000,3.492000,3.492300,3.493200,3.490950,3.491850,3.491850,3.492900,3.490650,3.492600,3.492300,3.492300,3.491700,3.492300,3.492150,3.492600,3.491700,3.490950,3.491850,3.492150,3.492150,3.491700,3.491850,3.493350,3.491250,20.345606,19.845301,20.050840,20.006922,20.042292,20.047358,20.123133,19.951349,19.971552,20.188868,20.153467,,,,,,,20.077662,20.345606,19.845301,19.986719,19.936213,20.022089,20.087763,20.027124,0,0,0,0,0,0
440614,97.777359,3.493200,3.490650,3.492049,0.002550,3.492000,3.492600,3.492150,3.492000,3.492000,3.492300,3.493200,3.490950,3.491850,3.491850,3.492900,3.490650,3.492600,3.492300,3.492300,3.491700,3.492300,3.492150,3.492600,3.491700,3.490950,3.491850,3.492300,3.492150,3.491700,3.491850,3.493200,3.491250,20.340540,19.845301,20.049894,20.006922,20.037256,20.042292,20.123133,19.956415,19.971552,20.188868,20.153467,,,,,,,20.077662,20.340540,19.845301,19.986719,19.931147,20.022089,20.092829,20.022089,0,0,0,0,0,0
441115,97.777351,3.493200,3.490650,3.492048,0.002550,3.492000,3.492600,3.492150,3.492150,3.492000,3.492300,3.493200,3.490800,3.491850,3.491850,3.492900,3.490650,3.492600,3.492300,3.492300,3.491700,3.492300,3.492150,3.492600,3.491700,3.491100,3.491850,3.492150,3.492150,3.491700,3.491850,3.493200,3.491250,20.345606,19.845301,20.050840,20.006922,20.042292,20.042292,20.123133,19.956415,19.971552,20.188868,20.153467,,,,,,,20.077662,20.345606,19.845301,19.986719,19.931147,20.027124,20.092829,20.022089,0,0,0,0,0,0
441616,97.776909,3.493200,3.490650,3.492033,0.002550,3.492000,3.492600,3.492150,3.492000,3.492000,3.492300,3.493200,3.490800,3.491850,3.491850,3.492900,3.490650,3.492450,3.492300,3.492300,3.491700,3.492300,3.492150,3.492600,3.491700,3.490950,3.491850,3.492150,3.492150,3.491700,3.491850,3.493200,3.491250,20.345606,19.845301,20.049892,20.006922,20.037256,20.042292,20.123133,19.951349,19.971552,20.188868,20.153467,,,,,,,20.077662,20.345606,19.845301,19.981653,19.931147,20.022089,20.092829,20.027124,0,0,0,0,0,0
442117,97.776459,3.493200,3.490650,3.492016,0.002550,3.492000,3.492450,3.492150,3.492000,3.491850,3.492300,3.493050,3.490950,3.491700,3.491700,3.492900,3.490650,3.492600,3.492300,3.492300,3.491700,3.492300,3.492150,3.492600,3.491700,3.490950,3.491850,3.492150,3.492150,3.491700,3.491850,3.493200,3.491250,20.345606,19.845301,20.051157,20.006922,20.042292,20.047358,20.128199,19.951349,19.971552,20.188868,20.153467,,,,,,,20.077662,20.345606,19.845301,19.986719,19.936213,20.022089,20.087763,20.027124,0,0,0,0,0,0
442618,97.777054,3.493350,3.490650,3.492038,0.002700,3.492000,3.492600,3.492150,3.492000,3.491850,3.492300,3.493200,3.490950,3.491850,3.491850,3.492900,3.490650,3.492450,3.492300,3.492300,3.491700,3.492300,3.492150,3.492600,3.491700,3.490950,3.491850,3.492150,3.492150,3.491700,3.491850,3.493350,3.491250,20.345606,19.845301,20.051474,20.006922,20.042292,20.047358,20.123133,19.951349,19.976618,20.188868,20.158533,,,,,,,20.077662,20.345606,19.845301,19.986719,19.936213,20.022089,20.087763,20.027124,0,0,0,0,0,0
443119,97.777199,3.493350,3.490650,3.492043,0.002700,3.492000,3.492600,3.492150,3.492000,3.492000,3.492300,3.493200,3.490800,3.491850,3.491850,3.492900,3.490650,3.492600,3.492300,3.492300,3.491700,3.492300,3.492150,3.492600,3.491700,3.490950,3.491850,3.492150,3.492150,3.491700,3.491850,3.493350,3.491250,20.345606,19.840235,20.050840,20.006922,20.042292,20.047358,20.123133,19.951349,19.976618,20.188868,20.153467,,,,,,,20.077662,20.345606,19.840235,19.986719,19.931147,20.022089,20.092829,20.027124,0,0,0,0,0,0
443620,97.776756,3.493200,3.490650,3.492027,0.002550,3.492000,3.492600,3.492150,3.492000,3.492000,3.492300,3.493200,3.490800,3.491850,3.491850,3.492900,3.490650,3.492450,3.492300,3.492300,3.491550,3.492300,3.492150,3.492600,3.491700,3.490950,3.491850,3.492150,3.492150,3.491700,3.491850,3.493200,3.491250,20.345606,19.845301,20.051157,20.011988,20.042292,20.047358,20.123133,19.951349,19.976618,20.193903,20.153467,,,,,,,20.077662,20.345606,19.845301,19.986719,19.931147,20.022089,20.087763,20.022089,0,0,0,0,0,0
444120,97.776749,3.493200,3.490650,3.492027,0.002550,3.492000,3.492450,3.492150,3.492000,3.491850,3.492300,3.493200,3.490950,3.491850,3.491850,3.492900,3.490650,3.492450,3.492300,3.492300,3.491700,3.492300,3.492150,3.492600,3.491550,3.491100,3.491850,3.492150,3.492150,3.491700,3.491850,3.493200,3.491250,20.345606,19.845301,20.051788,20.006922,20.042292,20.047358,20.123133,19.951349,19.976618,20.193903,20.153467,,,,,,,20.082727,20.345606,19.845301,19.986719,19.931147,20.022089,20.092829,20.027124,0,0,0,0,0,0
444622,97.776459,3.493200,3.490650,3.492016,0.002550,3.492000,3.492450,3.492150,3.492000,3.491850,3.492300,3.493200,3.490800,3.491850,3.491850,3.492900,3.490650,3.492450,3.492300,3.492300,3.491700,3.492300,3.492150,3.492600,3.491550,3.490950,3.491850,3.492150,3.492150,3.491700,3.491850,3.493200,3.491250,20.345606,19.845301,20.051792,20.006922,20.042292,20.047358,20.123133,19.956415,19.976618,20.188868,20.158533,,,,,,,20.077662,20.345606,19.845301,19.986719,19.936213,20.022089,20.092829,20.022089,0,0,0,0,0,0
445123,97.776764,3.493200,3.490650,3.492027,0.002550,3.492000,3.492600,3.492150,3.492150,3.492000,3.492300,3.493200,3.490800,3.491850,3.491850,3.492900,3.490650,3.492450,3.492300,3.492300,3.491550,3.492150,3.492150,3.492600,3.491700,3.490950,3.491850,3.492150,3.492150,3.491700,3.491850,3.493200,3.491250,20.345606,19.845301,20.051790,20.006922,20.042292,20.042292,20.128199,19.956415,19.976618,20.193903,20.153467,,,,,,,20.077662,20.345606,19.845301,19.986719,19.936213,20.022089,20.092829,20.022089,0,0,0,0,0,0
445624,97.776451,3.493200,3.490650,3.492016,0.002550,3.492000,3.492600,3.492000,3.492000,3.491850,3.492300,3.493200,3.490950,3.491850,3.491700,3.492900,3.490650,3.492600,3.492300,3.492300,3.491550,3.492300,3.492150,3.492600,3.491550,3.490950,3.491850,3.492150,3.492150,3.491700,3.491850,3.493200,3.491250,20.345606,19.845301,20.052738,20.011988,20.042292,20.047358,20.123133,19.951349,19.976618,20.193903,20.158533,,,,,,,20.082727,20.345606,19.845301,19.986719,19.936213,20.022089,20.092829,20.027124,0,0,0,0,0,0
446125,97.776451,3.493200,3.490800,3.492016,0.002400,3.492000,3.492600,3.492150,3.492000,3.491850,3.492300,3.493200,3.490800,3.491850,3.491700,3.492900,3.490800,3.492450,3.492300,3.492300,3.491700,3.492300,3.492150,3.492600,3.491700,3.490950,3.491700,3.492150,3.492150,3.491550,3.491850,3.493200,3.491250,20.345606,19.845301,20.052738,20.011988,20.042292,20.042292,20.128199,19.951349,19.976618,20.193903,20.158533,,,,,,,20.082727,20.345606,19.845301,19.986719,19.936213,20.022089,20.092829,20.027124,0,0,0,0,0,0
446626,97.776596,3.493350,3.490650,3.492021,0.002700,3.492000,3.492450,3.492150,3.492000,3.491850,3.492300,3.493200,3.490800,3.491850,3.491850,3.492900,3.490650,3.492600,3.492300,3.492300,3.491550,3.492300,3.492150,3.492600,3.491700,3.490950,3.491850,3.492150,3.492000,3.491700,3.491850,3.493350,3.491250,20.345606,19.845301,20.051790,20.006922,20.042292,20.047358,20.123133,19.951349,19.976618,20.193903,20.153467,,,,,,,20.082727,20.345606,19.845301,19.986719,19.936213,20.022089,20.092829,20.022089,0,0,0,0,0,0
447127,97.777054,3.493200,3.490650,3.492038,0.002550,3.492000,3.492600,3.492150,3.492000,3.492000,3.492300,3.493200,3.490950,3.491850,3.491850,3.492900,3.490650,3.492450,3.492300,3.492300,3.491700,3.492300,3.492150,3.492600,3.491700,3.490950,3.491850,3.492150,3.492150,3.491700,3.491850,3.493200,3.491250,20.345606,19.850336,20.052734,20.011988,20.042292,20.047358,20.123133,19.956415,19.971552,20.193903,20.153467,,,,,,,20.077662,20.345606,19.850336,19.986719,19.936213,20.027124,20.092829,20.027124,0,0,0,0,0,0
447628,97.776756,3.493200,3.490650,3.492027,0.002550,3.492000,3.492600,3.492150,3.492000,3.491850,3.492300,3.493200,3.490800,3.491850,3.491850,3.492900,3.490650,3.492600,3.492300,3.492300,3.491700,3.492300,3.492150,3.492600,3.491550,3.490950,3.491850,3.492150,3.492150,3.491700,3.491850,3.493200,3.491250,20.345606,19.845301,20.052738,20.011988,20.042292,20.047358,20.128199,19.956415,19.976618,20.193903,20.153467,,,,,,,20.077662,20.345606,19.845301,19.986719,19.936213,20.022089,20.092829,20.027124,0,0,0,0,0,0
448129,97.776306,3.493200,3.490650,3.492011,0.002550,3.492000,3.492600,3.492150,3.492000,3.491850,3.492300,3.493200,3.490800,3.491850,3.491700,3.492900,3.490650,3.492450,3.492300,3.492300,3.491700,3.492300,3.492150,3.492600,3.491550,3.490950,3.491850,3.492150,3.492150,3.491550,3.491850,3.493200,3.491250,20.345606,19.845301,20.052107,20.011988,20.042292,20.047358,20.123133,19.956415,19.971552,20.193903,20.153467,,,,,,,20.082727,20.345606,19.845301,19.986719,19.936213,20.022089,20.092829,20.022089,0,0,0,0,0,0
448629,97.776306,3.493200,3.490650,3.492011,0.002550,3.492000,3.492450,3.492150,3.492000,3.491850,3.492300,3.493200,3.490800,3.491700,3.491850,3.492900,3.490650,3.492450,3.492300,3.492300,3.491700,3.492300,3.492150,3.492600,3.491550,3.490950,3.491850,3.492150,3.492150,3.491700,3.491850,3.493200,3.491250,20.345606,19.845301,20.053055,20.011988,20.042292,20.047358,20.128199,19.956415,19.971552,20.193903,20.158533,,,,,,,20.082727,20.345606,19.845301,19.986719,19.936213,20.027124,20.092829,20.022089,0,0,0,0,0,0
449130,97.776901,3.493200,3.490650,3.492032,0.002550,3.492000,3.492600,3.492150,3.492150,3.492000,3.492300,3.493200,3.490950,3.491850,3.491850,3.492900,3.490650,3.492450,3.492300,3.492300,3.491700,3.492300,3.492150,3.492600,3.491550,3.490950,3.491700,3.492150,3.492150,3.491700,3.491850,3.493200,3.491250,20.345606,19.845301,20.052738,20.006922,20.042292,20.047358,20.128199,19.956415,19.976618,20.193903,20.153467,,,,,,,20.082727,20.345606,19.845301,19.986719,19.936213,20.022089,20.092829,20.027124,0,0,0,0,0,0
449632,97.776001,3.493200,3.490650,3.492000,0.002550,3.492000,3.492450,3.492150,3.492000,3.492000,3.492300,3.493200,3.490800,3.491850,3.491700,3.492900,3.490650,3.492450,3.492150,3.492300,3.491550,3.492300,3.492150,3.492600,3.491550,3.490950,3.491700,3.492150,3.492150,3.491700,3.491850,3.493200,3.491250,20.345606,19.845301,20.053371,20.011988,20.042292,20.047358,20.128199,19.956415,19.971552,20.198969,20.158533,,,,,,,20.082727,20.345606,19.845301,19.986719,19.936213,20.022089,20.092829,20.027124,0,0,0,0,0,0
450133,97.776306,3.493200,3.490650,3.492011,0.002550,3.492000,3.492450,3.492000,3.492000,3.491850,3.492300,3.493200,3.490800,3.491850,3.491850,3.492900,3.490650,3.492600,3.492300,3.492300,3.491550,3.492150,3.492150,3.492600,3.491700,3.490950,3.491850,3.492150,3.492150,3.491700,3.491850,3.493200,3.491250,20.345606,19.845301,20.052107,20.011988,20.042292,20.042292,20.128199,19.951349,19.976618,20.193903,20.153467,,,,,,,20.082727,20.345606,19.845301,19.986719,19.936213,20.022089,20.092829,20.022089,0,0,0,0,0,0
450634,97.775848,3.493200,3.490650,3.491995,0.002550,3.492000,3.492450,3.492150,3.492000,3.491850,3.492300,3.493200,3.490800,3.491850,3.491850,3.492750,3.490650,3.492450,3.492150,3.492300,3.491700,3.492150,3.492150,3.492600,3.491700,3.490950,3.491850,3.492150,3.492150,3.491550,3.491850,3.493200,3.491100,20.345606,19.845301,20.052738,20.011988,20.042292,20.047358,20.123133,19.951349,19.976618,20.193903,20.158533,,,,,,,20.082727,20.345606,19.845301,19.986719,19.936213,20.022089,20.092829,20.027124,0,0,0,0,0,0
451135,97.776306,3.493200,3.490650,3.492011,0.002550,3.492000,3.492450,3.492000,3.492000,3.491850,3.492300,3.493200,3.490800,3.491850,3.491850,3.492900,3.490650,3.492450,3.492300,3.492300,3.491700,3.492300,3.492000,3.492600,3.491700,3.491100,3.491850,3.492150,3.492150,3.491700,3.491850,3.493200,3.491100,20.345606,19.845301,20.053371,20.011988,20.042292,20.047358,20.128199,19.956415,19.976618,20.193903,20.158533,,,,,,,20.082727,20.345606,19.845301,19.986719,19.936213,20.022089,20.092829,20.027124,0,0,0,0,0,0
451636,97.775703,3.493200,3.490650,3.491989,0.002550,3.492000,3.492450,3.492000,3.492000,3.491850,3.492300,3.493200,3.490800,3.491850,3.491700,3.492900,3.490650,3.492450,3.492300,3.492300,3.491550,3.492150,3.492150,3.492600,3.491700,3.490800,3.491850,3.492150,3.492150,3.491700,3.491850,3.493200,3.491100,20.345606,19.845301,20.053055,20.011988,20.042292,20.047358,20.128199,19.956415,19.976618,20.193903,20.153467,,,,,,,20.082727,20.345606,19.845301,19.986719,19.936213,20.022089,20.092829,20.027124,0,0,0,0,0,0
452137,97.776009,3.493200,3.490650,3.492000,0.002550,3.492000,3.492450,3.492000,3.492000,3.491850,3.492300,3.493200,3.490800,3.491850,3.491850,3.492750,3.490650,3.492450,3.492300,3.492300,3.491700,3.492300,3.492000,3.492600,3.491550,3.490950,3.491850,3.492150,3.492150,3.491700,3.491850,3.493200,3.491250,20.345606,19.850336,20.053053,20.011988,20.042292,20.042292,20.128199,19.956415,19.976618,20.193903,20.153467,,,,,,,20.082727,20.345606,19.850336,19.986719,19.936213,20.022089,20.092829,20.027124,0,0,0,0,0,0
452638,97.775856,3.493200,3.490650,3.491995,0.002550,3.492000,3.492450,3.492000,3.492000,3.492000,3.492300,3.493200,3.490800,3.491850,3.491700,3.492750,3.490650,3.492450,3.492300,3.492300,3.491550,3.492300,3.492000,3.492600,3.491700,3.490950,3.491850,3.492150,3.492150,3.491700,3.491850,3.493200,3.491100,20.350641,19.850336,20.054001,20.011988,20.042292,20.047358,20.128199,19.956415,19.976618,20.198969,20.153467,,,,,,,20.082727,20.350641,19.850336,19.986719,19.936213,20.022089,20.092829,20.027124,0,0,0,0,0,0
453139,97.775993,3.493200,3.490650,3.492000,0.002550,3.492000,3.492600,3.492150,3.492000,3.492000,3.492300,3.493200,3.490950,3.491850,3.491700,3.492750,3.490650,3.492450,3.492150,3.492300,3.491700,3.492150,3.492150,3.492450,3.491550,3.490950,3.491850,3.492150,3.492150,3.491550,3.491850,3.493200,3.491250,20.350641,19.845301,20.053370,20.011988,20.042292,20.047358,20.128199,19.951349,19.971552,20.198969,20.158533,,,,,,,20.082727,20.350641,19.845301,19.986719,19.936213,20.022089,20.092829,20.027124,0,0,0,0,0,0
453640,97.776154,3.493200,3.490650,3.492006,0.002550,3.492000,3.492600,3.492150,3.492000,3.491850,3.492150,3.493200,3.490800,3.491850,3.491700,3.492900,3.490650,3.492450,3.492150,3.492300,3.491550,3.492300,3.492150,3.492600,3.491700,3.490950,3.491850,3.492150,3.492150,3.491700,3.491850,3.493200,3.491250,20.350641,19.850336,20.054316,20.011988,20.042292,20.047358,20.128199,19.956415,19.976618,20.193903,20.158533,,,,,,,20.082727,20.350641,19.850336,19.986719,19.936213,20.027124,20.092829,20.027124,0,0,0,0,0,0
454141,97.776146,3.493200,3.490650,3.492005,0.002550,3.492000,3.492600,3.492150,3.492000,3.491850,3.492150,3.493200,3.490800,3.491850,3.491850,3.492900,3.490650,3.492450,3.492300,3.492300,3.491550,3.492300,3.492150,3.492600,3.491550,3.490950,3.491850,3.492150,3.492150,3.491550,3.491850,3.493200,3.491250,20.350641,19.845301,20.053684,20.011988,20.042292,20.047358,20.123133,19.956415,19.971552,20.198969,20.158533,,,,,,,20.082727,20.350641,19.845301,19.986719,19.936213,20.022089,20.097864,20.027124,0,0,0,0,0,0
454642,97.775856,3.493200,3.490650,3.491995,0.002550,3.492000,3.492450,3.492150,3.492000,3.491850,3.492300,3.493200,3.490800,3.491850,3.491700,3.492900,3.490650,3.492450,3.492300,3.492300,3.491700,3.492150,3.492000,3.492450,3.491550,3.490950,3.491850,3.492150,3.492150,3.491700,3.491850,3.493200,3.491250,20.350641,19.850336,20.053682,20.011988,20.042292,20.042292,20.123133,19.956415,19.976618,20.193903,20.158533,,,,,,,20.082727,20.350641,19.850336,19.986719,19.936213,20.027124,20.092829,20.027124,0,0,0,0,0,0
455143,97.775558,3.493200,3.490500,3.491984,0.002700,3.492000,3.492450,3.492150,3.492000,3.491850,3.492300,3.493050,3.490800,3.491850,3.491700,3.492900,3.490500,3.492450,3.492300,3.492300,3.491550,3.492150,3.492150,3.492600,3.491550,3.490950,3.491850,3.492150,3.492000,3.491700,3.491850,3.493200,3.491250,20.345606,19.850336,20.053368,20.011988,20.042292,20.042292,20.128199,19.951349,19.976618,20.193903,20.158533,,,,,,,20.082727,20.345606,19.850336,19.986719,19.936213,20.027124,20.092829,20.027124,0,0,0,0,0,0
455644,97.775551,3.493200,3.490650,3.491984,0.002550,3.492000,3.492600,3.492150,3.492000,3.491850,3.492150,3.493050,3.490800,3.491850,3.491700,3.492750,3.490650,3.492450,3.492150,3.492300,3.491700,3.492300,3.492000,3.492600,3.491550,3.490950,3.491850,3.492150,3.492150,3.491700,3.491850,3.493200,3.491100,20.350641,19.850336,20.054316,20.011988,20.042292,20.047358,20.128199,19.956415,19.976618,20.193903,20.158533,,,,,,,20.087763,20.350641,19.850336,19.986719,19.936213,20.027124,20.092829,20.022089,0,0,0,0,0,0
456145,97.776146,3.493200,3.490650,3.492005,0.002550,3.492000,3.492450,3.492000,3.492000,3.491850,3.492300,3.493200,3.490800,3.491850,3.491850,3.492900,3.490650,3.492600,3.492300,3.492300,3.491700,3.492300,3.492150,3.492450,3.491550,3.490950,3.491850,3.492150,3.492150,3.491700,3.491850,3.493200,3.491100,20.350641,19.850336,20.054316,20.011988,20.042292,20.047358,20.128199,19.956415,19.976618,20.193903,20.158533,,,,,,,20.082727,20.350641,19.850336,19.986719,19.936213,20.027124,20.092829,20.027124,0,0,0,0,0,0
456646,97.775551,3.493200,3.490650,3.491984,0.002550,3.492000,3.492450,3.492000,3.492000,3.491850,3.492150,3.493200,3.490800,3.491850,3.491850,3.492750,3.490650,3.492450,3.492300,3.492300,3.491550,3.492150,3.492000,3.492600,3.491550,3.490950,3.491850,3.492150,3.492150,3.491700,3.491850,3.493200,3.491250,20.350641,19.850336,20.053999,20.011988,20.042292,20.047358,20.123133,19.956415,19.976618,20.193903,20.158533,,,,,,,20.082727,20.350641,19.850336,19.986719,19.936213,20.022089,20.097864,20.027124,0,0,0,0,0,0
457147,97.775543,3.493200,3.490650,3.491984,0.002550,3.492000,3.492450,3.492000,3.492000,3.491850,3.492300,3.493200,3.490800,3.491850,3.491700,3.492750,3.490650,3.492450,3.492150,3.492300,3.491700,3.492150,3.492150,3.492600,3.491700,3.490950,3.491850,3.492000,3.492150,3.491700,3.491850,3.493200,3.491100,20.350641,19.850336,20.053684,20.011988,20.042292,20.047358,20.123133,19.956415,19.971552,20.198969,20.158533,,,,,,,20.082727,20.350641,19.850336,19.986719,19.936213,20.022089,20.092829,20.027124,0,0,0,0,0,0
457648,97.775558,3.493200,3.490650,3.491984,0.002550,3.492000,3.492450,3.492000,3.492000,3.491850,3.492300,3.493050,3.490800,3.491850,3.491700,3.492900,3.490650,3.492450,3.492150,3.492300,3.491550,3.492300,3.492000,3.492600,3.491550,3.490950,3.491850,3.492150,3.492150,3.491700,3.491850,3.493200,3.491250,20.350641,19.845301,20.053997,20.011988,20.042292,20.047358,20.123133,19.951349,19.976618,20.193903,20.158533,,,,,,,20.087763,20.350641,19.845301,19.986719,19.936213,20.027124,20.097864,20.027124,0,0,0,0,0,0
458149,97.775703,3.493200,3.490650,3.491989,0.002550,3.492000,3.492600,3.492000,3.492000,3.491850,3.492300,3.493050,3.490800,3.491700,3.491850,3.492900,3.490650,3.492450,3.492300,3.492300,3.491550,3.492150,3.492000,3.492600,3.491550,3.490950,3.491850,3.492150,3.492150,3.491700,3.491850,3.493200,3.491250,20.350641,19.850336,20.054316,20.011988,20.042292,20.047358,20.128199,19.956415,19.976618,20.193903,20.158533,,,,,,,20.087763,20.350641,19.850336,19.986719,19.936213,20.022089,20.092829,20.027124,0,0,0,0,0,0
458650,97.775246,3.493200,3.490650,3.491973,0.002550,3.492000,3.492450,3.492150,3.492000,3.491850,3.492300,3.493050,3.490800,3.491850,3.491700,3.492750,3.490650,3.492450,3.492150,3.492300,3.491550,3.492150,3.492150,3.492450,3.491550,3.490950,3.491700,3.492150,3.492150,3.491700,3.491850,3.493200,3.491250,20.350641,19.850336,20.054314,20.011988,20.042292,20.047358,20.128199,19.951349,19.976618,20.193903,20.158533,,,,,,,20.087763,20.350641,19.850336,19.986719,19.936213,20.027124,20.092829,20.027124,0,0,0,0,0,0
459151,97.775253,3.493200,3.490650,3.491973,0.002550,3.492000,3.492450,3.492000,3.492000,3.491850,3.492150,3.493200,3.490800,3.491850,3.491700,3.492750,3.490650,3.492450,3.492300,3.492300,3.491550,3.492150,3.492000,3.492600,3.491550,3.490950,3.491850,3.492150,3.492150,3.491700,3.491850,3.493200,3.491100,20.350641,19.850336,20.054314,20.011988,20.042292,20.047358,20.123133,19.956415,19.976618,20.193903,20.158533,,,,,,,20.087763,20.350641,19.850336,19.986719,19.936213,20.027124,20.092829,20.027124,0,0,0,0,0,0
459652,97.775253,3.493200,3.490500,3.491973,0.002700,3.492000,3.492450,3.492000,3.492000,3.491850,3.492150,3.493200,3.490800,3.491850,3.491700,3.492750,3.490500,3.492450,3.492300,3.492300,3.491700,3.492150,3.492000,3.492450,3.491700,3.490950,3.491850,3.492150,3.492150,3.491700,3.491850,3.493200,3.491100,20.350641,19.850336,20.054630,20.011988,20.042292,20.047358,20.128199,19.956415,19.976618,20.193903,20.158533,,,,,,,20.087763,20.350641,19.850336,19.986719,19.936213,20.027124,20.092829,20.027124,0,0,0,0,0,0
460153,97.774788,3.493200,3.490650,3.491957,0.002550,3.492000,3.492450,3.492000,3.492000,3.491850,3.492300,3.493200,3.490800,3.491850,3.491700,3.492750,3.490650,3.492450,3.492150,3.492300,3.491550,3.492150,3.492000,3.492600,3.491550,3.490950,3.491850,3.492150,3.492000,3.491550,3.491700,3.493200,3.491100,20.350641,19.850336,20.054628,20.011988,20.042292,20.047358,20.128199,19.956415,19.971552,20.193903,20.158533,,,,,,,20.087763,20.350641,19.850336,19.986719,19.936213,20.027124,20.097864,20.027124,0,0,0,0,0,0
460654,97.775551,3.493200,3.490650,3.491984,0.002550,3.492000,3.492450,3.492000,3.492000,3.491850,3.492300,3.493200,3.490950,3.491850,3.491700,3.492750,3.490650,3.492450,3.492150,3.492300,3.491550,3.492150,3.492150,3.492600,3.491550,3.490950,3.491850,3.492000,3.492150,3.491700,3.491850,3.493200,3.491250,20.350641,19.850336,20.054628,20.011988,20.047358,20.047358,20.128199,19.951349,19.976618,20.193903,20.153467,,,,,,,20.087763,20.350641,19.850336,19.986719,19.936213,20.027124,20.097864,20.027124,0,0,0,0,0,0
461155,97.775246,3.493200,3.490650,3.491973,0.002550,3.492000,3.492450,3.492150,3.492000,3.491850,3.492300,3.493200,3.490800,3.491850,3.491700,3.492750,3.490650,3.492450,3.492300,3.492150,3.491550,3.492150,3.492000,3.492600,3.491550,3.490950,3.491850,3.492150,3.492150,3.491550,3.491850,3.493200,3.491100,20.350641,19.850336,20.054945,20.011988,20.042292,20.047358,20.128199,19.956415,19.976618,20.193903,20.158533,,,,,,,20.087763,20.350641,19.850336,19.986719,19.936213,20.027124,20.097864,20.027124,0,0,0,0,0,0
461656,97.775093,3.493200,3.490650,3.491968,0.002550,3.492000,3.492450,3.492000,3.492000,3.492000,3.492300,3.493050,3.490800,3.491850,3.491700,3.492750,3.490650,3.492450,3.492150,3.492300,3.491550,3.492150,3.492000,3.492600,3.491550,3.490950,3.491850,3.492150,3.492150,3.491550,3.491850,3.493200,3.491100,20.350641,19.850336,20.054945,20.011988,20.042292,20.047358,20.128199,19.956415,19.976618,20.193903,20.158533,,,,,,,20.087763,20.350641,19.850336,19.986719,19.936213,20.027124,20.097864,20.027124,0,0,0,0,0,0
462157,97.774796,3.493200,3.490650,3.491957,0.002550,3.491850,3.492450,3.492150,3.492000,3.491850,3.492150,3.493200,3.490800,3.491850,3.491700,3.492750,3.490650,3.492450,3.492300,3.492150,3.491550,3.492150,3.492000,3.492450,3.491550,3.490950,3.491850,3.492000,3.492150,3.491700,3.491850,3.493200,3.491100,20.350641,19.850336,20.054630,20.011988,20.042292,20.047358,20.128199,19.956415,19.976618,20.193903,20.158533,,,,,,,20.087763,20.350641,19.850336,19.986719,19.936213,20.022089,20.097864,20.027124,0,0,0,0,0,0
462658,97.774796,3.493200,3.490650,3.491957,0.002550,3.491850,3.492450,3.492000,3.492000,3.491850,3.492300,3.493050,3.490800,3.491850,3.491700,3.492750,3.490650,3.492450,3.492150,3.492300,3.491550,3.492150,3.492000,3.492450,3.491550,3.490950,3.491850,3.492150,3.492150,3.491700,3.491850,3.493200,3.491100,20.350641,19.850336,20.054314,20.011988,20.042292,20.047358,20.128199,19.951349,19.976618,20.193903,20.158533,,,,,,,20.087763,20.350641,19.850336,19.986719,19.936213,20.022089,20.097864,20.027124,0,0,0,0,0,0
463159,97.774490,3.493200,3.490650,3.491946,0.002550,3.491850,3.492450,3.492000,3.492000,3.491850,3.492300,3.493200,3.490800,3.491850,3.491700,3.492750,3.490650,3.492300,3.492150,3.492300,3.491550,3.492150,3.492000,3.492450,3.491550,3.490950,3.491850,3.492150,3.492150,3.491550,3.491850,3.493050,3.491100,20.355707,19.845301,20.054947,20.011988,20.042292,20.047358,20.128199,19.956415,19.976618,20.193903,20.158533,,,,,,,20.087763,20.355707,19.845301,19.986719,19.936213,20.027124,20.097864,20.027124,0,0,0,0,0,0
463659,97.774796,3.493200,3.490500,3.491957,0.002700,3.492000,3.492450,3.492000,3.492000,3.491850,3.492300,3.493050,3.490800,3.491700,3.491700,3.492750,3.490500,3.492450,3.492300,3.492150,3.491550,3.492150,3.492000,3.492450,3.491550,3.490950,3.491850,3.492150,3.492150,3.491700,3.491850,3.493200,3.491250,20.350641,19.850336,20.054628,20.011988,20.042292,20.047358,20.128199,19.951349,19.976618,20.193903,20.158533,,,,,,,20.087763,20.350641,19.850336,19.986719,19.936213,20.027124,20.097864,20.027124,0,0,0,0,0,0
464161,97.775253,3.493200,3.490500,3.491973,0.002700,3.492000,3.492450,3.492000,3.492000,3.491850,3.492300,3.493200,3.490800,3.491850,3.491700,3.492750,3.490500,3.492450,3.492300,3.492300,3.491550,3.492150,3.492000,3.492450,3.491550,3.490950,3.491850,3.492150,3.492150,3.491700,3.491850,3.493200,3.491250,20.355707,19.850336,20.055262,20.011988,20.042292,20.047358,20.128199,19.951349,19.976618,20.198969,20.158533,,,,,,,20.087763,20.355707,19.850336,19.986719,19.936213,20.027124,20.097864,20.027124,0,0,0,0,0,0
464662,97.774185,3.493200,3.490650,3.491935,0.002550,3.491850,3.492450,3.492000,3.492000,3.491850,3.492150,3.493200,3.490800,3.491700,3.491700,3.492750,3.490650,3.492450,3.492300,3.492300,3.491550,3.492150,3.492000,3.492450,3.491550,3.490950,3.491850,3.492000,3.492000,3.491550,3.491700,3.493200,3.491100,20.355707,19.850336,20.055262,20.011988,20.042292,20.047358,20.128199,19.956415,19.976618,20.193903,20.158533,,,,,,,20.087763,20.355707,19.850336,19.986719,19.936213,20.027124,20.097864,20.027124,0,0,0,0,0,0
465163,97.774490,3.493200,3.490500,3.491946,0.002700,3.491850,3.492450,3.492000,3.492000,3.491850,3.492300,3.493200,3.490800,3.491700,3.491700,3.492750,3.490500,3.492450,3.492150,3.492300,3.491550,3.492150,3.492000,3.492450,3.491550,3.490950,3.491700,3.492150,3.492150,3.491700,3.491850,3.493200,3.491100,20.350641,19.850336,20.055262,20.011988,20.042292,20.047358,20.128199,19.956415,19.976618,20.198969,20.158533,,,,,,,20.087763,20.350641,19.850336,19.986719,19.936213,20.027124,20.097864,20.027124,0,0,0,0,0,0
465664,97.774338,3.493200,3.490650,3.491941,0.002550,3.491850,3.492450,3.492000,3.491850,3.491850,3.492150,3.493050,3.490800,3.491850,3.491700,3.492750,3.490650,3.492450,3.492150,3.492300,3.491550,3.492150,3.492000,3.492450,3.491550,3.490950,3.491700,3.492150,3.492150,3.491550,3.491850,3.493200,3.491250,20.350641,19.850336,20.054630,20.011988,20.042292,20.047358,20.123133,19.956415,19.976618,20.198969,20.158533,,,,,,,20.087763,20.350641,19.850336,19.986719,19.936213,20.022089,20.097864,20.027124,0,0,0,0,0,0
466165,97.773888,3.493050,3.490650,3.491925,0.002400,3.491850,3.492450,3.492000,3.492000,3.492000,3.492300,3.493050,3.490650,3.491700,3.491700,3.492750,3.490650,3.492450,3.492150,3.492150,3.491550,3.492150,3.492000,3.492450,3.491550,3.490950,3.491850,3.492000,3.492000,3.491700,3.491700,3.493050,3.491100,20.355707,19.850336,20.055262,20.011988,20.042292,20.047358,20.128199,19.956415,19.976618,20.193903,20.158533,,,,,,,20.087763,20.355707,19.850336,19.986719,19.936213,20.027124,20.097864,20.027124,0,0,0,0,0,0
466666,97.773880,3.493200,3.490500,3.491924,0.002700,3.491850,3.492450,3.492000,3.492000,3.491850,3.492300,3.493050,3.490800,3.491700,3.491700,3.492750,3.490500,3.492450,3.492150,3.492300,3.491550,3.492150,3.492000,3.492450,3.491550,3.490950,3.491850,3.492000,3.492000,3.491550,3.491700,3.493200,3.491100,20.350641,19.850336,20.055262,20.011988,20.042292,20.047358,20.128199,19.956415,19.976618,20.198969,20.158533,,,,,,,20.087763,20.350641,19.850336,19.986719,19.936213,20.027124,20.097864,20.027124,0,0,0,0,0,0
467167,97.774185,3.493200,3.490650,3.491935,0.002550,3.491850,3.492450,3.492000,3.491850,3.491850,3.492150,3.493050,3.490800,3.491700,3.491700,3.492750,3.490650,3.492450,3.492300,3.492300,3.491550,3.492150,3.492150,3.492600,3.491550,3.490950,3.491700,3.492000,3.492000,3.491550,3.491850,3.493200,3.491100,20.355707,19.850336,20.055895,20.011988,20.042292,20.047358,20.128199,19.956415,19.976618,20.198969,20.158533,,,,,,,20.092829,20.355707,19.850336,19.986719,19.936213,20.027124,20.097864,20.027124,0,0,0,0,0,0
467668,97.774193,3.493200,3.490500,3.491935,0.002700,3.491850,3.492450,3.492000,3.492000,3.491850,3.492150,3.493200,3.490800,3.491700,3.491700,3.492750,3.490500,3.492450,3.492150,3.492150,3.491550,3.492150,3.492000,3.492450,3.491550,3.490950,3.491850,3.492150,3.492000,3.491700,3.491850,3.493200,3.491100,20.350641,19.850336,20.055895,20.011988,20.047358,20.047358,20.128199,19.956415,19.976618,20.198969,20.158533,,,,,,,20.092829,20.350641,19.850336,19.986719,19.936213,20.027124,20.097864,20.027124,0,0,0,0,0,0
468169,97.774345,3.493200,3.490500,3.491941,0.002700,3.492000,3.492450,3.492000,3.492000,3.491850,3.492300,3.493050,3.490650,3.491700,3.491700,3.492750,3.490500,3.492450,3.492300,3.492150,3.491550,3.492150,3.492000,3.492600,3.491550,3.490950,3.491700,3.492150,3.492150,3.491550,3.491850,3.493200,3.491100,20.355707,19.850336,20.055578,20.011988,20.042292,20.047358,20.128199,19.956415,19.976618,20.198969,20.153467,,,,,,,20.092829,20.355707,19.850336,19.986719,19.936213,20.027124,20.097864,20.027124,0,0,0,0,0,0
468670,97.773888,3.493200,3.490500,3.491925,0.002700,3.491850,3.492450,3.492000,3.492000,3.491850,3.492300,3.493050,3.490800,3.491700,3.491700,3.492750,3.490500,3.492450,3.492150,3.492150,3.491550,3.492150,3.492000,3.492450,3.491550,3.490800,3.491850,3.492000,3.492150,3.491550,3.491850,3.493200,3.491100,20.355707,19.850336,20.055895,20.011988,20.042292,20.047358,20.128199,19.956415,19.976618,20.198969,20.158533,,,,,,,20.092829,20.355707,19.850336,19.986719,19.936213,20.027124,20.097864,20.027124,0,0,0,0,0,0
469171,97.774040,3.493200,3.490650,3.491930,0.002550,3.491850,3.492450,3.492000,3.492000,3.491850,3.492150,3.493050,3.490800,3.491850,3.491700,3.492750,3.490650,3.492300,3.492300,3.492150,3.491550,3.492150,3.492000,3.492450,3.491550,3.490950,3.491700,3.492000,3.492150,3.491550,3.491700,3.493200,3.491250,20.355707,19.850336,20.055895,20.011988,20.042292,20.047358,20.128199,19.956415,19.976618,20.198969,20.158533,,,,,,,20.092829,20.355707,19.850336,19.986719,19.936213,20.027124,20.097864,20.027124,0,0,0,0,0,0
469672,97.773727,3.493050,3.490500,3.491919,0.002550,3.491850,3.492450,3.492000,3.492000,3.491850,3.492300,3.493050,3.490800,3.491700,3.491700,3.492750,3.490500,3.492450,3.492150,3.492300,3.491550,3.492150,3.492150,3.492450,3.491550,3.490950,3.491700,3.492000,3.492000,3.491550,3.491700,3.493050,3.491100,20.350641,19.850336,20.055262,20.011988,20.042292,20.047358,20.128199,19.956415,19.971552,20.198969,20.158533,,,,,,,20.092829,20.350641,19.850336,19.986719,19.936213,20.027124,20.097864,20.027124,0,0,0,0,0,0
470173,97.774193,3.493200,3.490500,3.491935,0.002700,3.491850,3.492450,3.492000,3.492000,3.491850,3.492150,3.493200,3.490800,3.491850,3.491700,3.492750,3.490500,3.492450,3.492150,3.492150,3.491550,3.492150,3.492000,3.492450,3.491550,3.490950,3.491850,3.492150,3.492000,3.491700,3.491700,3.493200,3.491100,20.355707,19.850336,20.055580,20.011988,20.042292,20.047358,20.128199,19.956415,19.976618,20.198969,20.158533,,,,,,,20.092829,20.355707,19.850336,19.986719,19.936213,20.022089,20.097864,20.027124,0,0,0,0,0,0
470674,97.773735,3.493200,3.490500,3.491919,0.002700,3.491850,3.492450,3.492000,3.492000,3.491850,3.492150,3.493050,3.490800,3.491850,3.491700,3.492750,3.490500,3.492450,3.492150,3.492300,3.491550,3.492150,3.492000,3.492450,3.491550,3.490950,3.491700,3.492000,3.492000,3.491550,3.491700,3.493200,3.491100,20.355707,19.850336,20.055895,20.011988,20.042292,20.047358,20.128199,19.956415,19.976618,20.198969,20.158533,,,,,,,20.092829,20.355707,19.850336,19.986719,19.936213,20.027124,20.097864,20.027124,0,0,0,0,0,0
471175,97.773735,3.493200,3.490500,3.491919,0.002700,3.491850,3.492450,3.492000,3.492000,3.491850,3.492150,3.493050,3.490800,3.491700,3.491700,3.492750,3.490500,3.492450,3.492150,3.492150,3.491550,3.492150,3.492000,3.492450,3.491550,3.490950,3.491700,3.492150,3.492000,3.491550,3.491850,3.493200,3.491100,20.355707,19.850336,20.056210,20.011988,20.042292,20.047358,20.128199,19.956415,19.976618,20.198969,20.158533,,,,,,,20.092829,20.355707,19.850336,19.986719,19.941248,20.027124,20.097864,20.027124,0,0,0,0,0,0
471676,97.774040,3.493200,3.490650,3.491930,0.002550,3.491850,3.492450,3.492000,3.492000,3.491850,3.492150,3.493050,3.490800,3.491700,3.491700,3.492900,3.490650,3.492450,3.492150,3.492150,3.491550,3.492150,3.492000,3.492450,3.491550,3.490950,3.491700,3.492150,3.492000,3.491700,3.491700,3.493200,3.491100,20.355707,19.855402,20.056211,20.011988,20.042292,20.047358,20.128199,19.956415,19.976618,20.198969,20.158533,,,,,,,20.092829,20.355707,19.855402,19.986719,19.936213,20.027124,20.097864,20.027124,0,0,0,0,0,0
472177,97.773590,3.493200,3.490500,3.491914,0.002700,3.491850,3.492450,3.492000,3.492000,3.491850,3.492150,3.493050,3.490650,3.491700,3.491700,3.492750,3.490500,3.492450,3.492150,3.492150,3.491550,3.492150,3.492000,3.492450,3.491550,3.490950,3.491700,3.492150,3.492150,3.491550,3.491700,3.493200,3.491100,20.355707,19.855402,20.056526,20.011988,20.042292,20.047358,20.128199,19.956415,19.976618,20.198969,20.158533,,,,,,,20.092829,20.355707,19.855402,19.986719,19.941248,20.027124,20.097864,20.027124,0,0,0,0,0,0
472678,97.773132,3.493200,3.490500,3.491898,0.002700,3.491850,3.492450,3.492000,3.492000,3.491850,3.492150,3.493050,3.490800,3.491700,3.491550,3.492600,3.490500,3.492450,3.492150,3.492150,3.491550,3.492150,3.492000,3.492450,3.491550,3.490950,3.491700,3.492000,3.492000,3.491550,3.491700,3.493200,3.491100,20.355707,19.855402,20.056528,20.011988,20.047358,20.047358,20.128199,19.956415,19.976618,20.198969,20.158533,,,,,,,20.092829,20.355707,19.855402,19.986719,19.936213,20.027124,20.097864,20.027124,0,0,0,0,0,0
473179,97.773125,3.493050,3.490650,3.491897,0.002400,3.491850,3.492450,3.492000,3.491850,3.491850,3.492150,3.493050,3.490650,3.491700,3.491700,3.492750,3.490650,3.492300,3.492150,3.492300,3.491550,3.492150,3.492000,3.492450,3.491550,3.490950,3.491700,3.492000,3.492000,3.491550,3.491700,3.493050,3.491100,20.355707,19.855402,20.056528,20.011988,20.047358,20.047358,20.128199,19.956415,19.976618,20.198969,20.158533,,,,,,,20.092829,20.355707,19.855402,19.986719,19.936213,20.027124,20.097864,20.027124,0,0,0,0,0,0
473680,97.772980,3.493050,3.490500,3.491892,0.002550,3.491850,3.492450,3.492000,3.491850,3.491850,3.492150,3.493050,3.490650,3.491700,3.491700,3.492750,3.490500,3.492450,3.492150,3.492150,3.491550,3.492150,3.492000,3.492450,3.491550,3.490950,3.491700,3.492000,3.492000,3.491550,3.491700,3.493050,3.491100,20.355707,19.855402,20.056843,20.011988,20.042292,20.047358,20.128199,19.956415,19.976618,20.204035,20.163568,,,,,,,20.092829,20.355707,19.855402,19.986719,19.936213,20.027124,20.097864,20.027124,0,0,0,0,0,0
474181,97.773735,3.493050,3.490500,3.491919,0.002550,3.491850,3.492450,3.492000,3.491850,3.491850,3.492150,3.493050,3.490800,3.491700,3.491700,3.492750,3.490500,3.492450,3.492150,3.492300,3.491550,3.492150,3.492000,3.492450,3.491550,3.490950,3.491850,3.492000,3.492150,3.491550,3.491850,3.493050,3.491100,20.355707,19.855402,20.056528,20.011988,20.042292,20.047358,20.128199,19.956415,19.976618,20.204035,20.158533,,,,,,,20.092829,20.355707,19.855402,19.986719,19.936213,20.027124,20.097864,20.027124,0,0,0,0,0,0
474682,97.773125,3.493050,3.490650,3.491897,0.002400,3.491850,3.492450,3.492000,3.492000,3.491850,3.492150,3.493050,3.490650,3.491700,3.491700,3.492750,3.490650,3.492300,3.492150,3.492150,3.491550,3.492150,3.492000,3.492450,3.491550,3.490800,3.491700,3.492150,3.492000,3.491550,3.491700,3.493050,3.491100,20.355707,19.855402,20.057161,20.011988,20.047358,20.047358,20.128199,19.956415,19.976618,20.204035,20.158533,,,,,,,20.092829,20.355707,19.855402,19.986719,19.936213,20.027124,20.102930,20.027124,0,0,0,0,0,0
475183,97.773430,3.493050,3.490500,3.491908,0.002550,3.491850,3.492450,3.492000,3.492000,3.491850,3.492150,3.493050,3.490800,3.491850,3.491700,3.492750,3.490500,3.492450,3.492150,3.492150,3.491550,3.492150,3.492000,3.492450,3.491550,3.490800,3.491700,3.492000,3.492150,3.491550,3.491700,3.493050,3.491100,20.360773,19.855402,20.057159,20.011988,20.042292,20.047358,20.128199,19.956415,19.976618,20.204035,20.158533,,,,,,,20.092829,20.360773,19.855402,19.986719,19.941248,20.027124,20.097864,20.027124,0,0,0,0,0,0
475684,97.773575,3.493050,3.490650,3.491913,0.002400,3.491850,3.492450,3.492000,3.492000,3.491850,3.492300,3.493050,3.490800,3.491700,3.491700,3.492750,3.490650,3.492450,3.492150,3.492300,3.491550,3.492150,3.492000,3.492450,3.491550,3.490800,3.491700,3.492000,3.492000,3.491550,3.491700,3.493050,3.491100,20.355707,19.850336,20.056211,20.011988,20.042292,20.047358,20.128199,19.956415,19.976618,20.204035,20.158533,,,,,,,20.092829,20.355707,19.850336,19.986719,19.936213,20.027124,20.097864,20.027124,0,0,0,0,0,0
476185,97.773125,3.493050,3.490500,3.491897,0.002550,3.491850,3.492450,3.492000,3.492000,3.491850,3.492300,3.493050,3.490800,3.491700,3.491700,3.492750,3.490500,3.492300,3.492150,3.492150,3.491550,3.492150,3.492000,3.492450,3.491550,3.490800,3.491700,3.492000,3.492000,3.491550,3.491700,3.493050,3.491100,20.355707,19.855402,20.057161,20.011988,20.047358,20.047358,20.128199,19.956415,19.976618,20.204035,20.158533,,,,,,,20.092829,20.355707,19.855402,19.986719,19.936213,20.027124,20.102930,20.027124,0,0,0,0,0,0
476686,97.773430,3.493200,3.490500,3.491908,0.002700,3.491850,3.492450,3.492000,3.492000,3.491850,3.492150,3.493200,3.490800,3.491700,3.491700,3.492600,3.490500,3.492450,3.492150,3.492150,3.491550,3.492150,3.492000,3.492450,3.491550,3.490950,3.491700,3.492000,3.492000,3.491550,3.491700,3.493200,3.491100,20.355707,19.855402,20.057476,20.011988,20.047358,20.047358,20.128199,19.956415,19.976618,20.204035,20.158533,,,,,,,20.097864,20.355707,19.855402,19.986719,19.936213,20.027124,20.102930,20.027124,0,0,0,0,0,0
477187,97.772827,3.493050,3.490500,3.491887,0.002550,3.491850,3.492450,3.492000,3.492000,3.491850,3.492150,3.493050,3.490800,3.491700,3.491700,3.492750,3.490500,3.492300,3.492000,3.492150,3.491550,3.492150,3.492000,3.492450,3.491550,3.490800,3.491700,3.492000,3.492000,3.491550,3.491700,3.493050,3.491100,20.355707,19.855402,20.058420,20.017023,20.047358,20.047358,20.128199,19.956415,19.976618,20.204035,20.163568,,,,,,,20.092829,20.355707,19.855402,19.991755,19.941248,20.027124,20.102930,20.027124,0,0,0,0,0,0
477688,97.772980,3.493050,3.490500,3.491892,0.002550,3.491850,3.492300,3.492000,3.491850,3.491850,3.492150,3.493050,3.490800,3.491850,3.491700,3.492750,3.490500,3.492300,3.492150,3.492150,3.491550,3.492150,3.492000,3.492450,3.491550,3.490800,3.491700,3.492000,3.492000,3.491550,3.491850,3.493050,3.491100,20.355707,19.855402,20.058105,20.011988,20.047358,20.047358,20.128199,19.956415,19.976618,20.204035,20.158533,,,,,,,20.097864,20.355707,19.855402,19.991755,19.941248,20.027124,20.102930,20.027124,0,0,0,0,0,0
478188,97.772987,3.493050,3.490500,3.491892,0.002550,3.491850,3.492450,3.492000,3.492000,3.491850,3.492150,3.493050,3.490800,3.491700,3.491550,3.492750,3.490500,3.492450,3.492150,3.492150,3.491550,3.492150,3.492000,3.492450,3.491400,3.490800,3.491850,3.492000,3.492000,3.491550,3.491700,3.493050,3.491100,20.360773,19.850336,20.057474,20.011988,20.047358,20.047358,20.128199,19.956415,19.976618,20.204035,20.158533,,,,,,,20.097864,20.360773,19.850336,19.986719,19.941248,20.027124,20.097864,20.027124,0,0,0,0,0,0
478690,97.772987,3.493050,3.490500,3.491892,0.002550,3.491850,3.492300,3.492000,3.492000,3.491850,3.492150,3.493050,3.490650,3.491700,3.491700,3.492600,3.490500,3.492450,3.492150,3.492150,3.491550,3.492150,3.492000,3.492450,3.491550,3.490950,3.491700,3.492000,3.492150,3.491550,3.491700,3.493050,3.491100,20.355707,19.855402,20.057791,20.011988,20.047358,20.047358,20.128199,19.956415,19.976618,20.204035,20.158533,,,,,,,20.097864,20.355707,19.855402,19.986719,19.941248,20.027124,20.102930,20.027124,0,0,0,0,0,0
479191,97.773125,3.493200,3.490500,3.491897,0.002700,3.491850,3.492450,3.492000,3.491850,3.491700,3.492150,3.493200,3.490800,3.491700,3.491700,3.492750,3.490500,3.492450,3.492150,3.492150,3.491550,3.492150,3.492000,3.492450,3.491550,3.490800,3.491700,3.492000,3.492000,3.491700,3.491700,3.493050,3.491100,20.355707,19.855402,20.058420,20.011988,20.047358,20.047358,20.128199,19.956415,19.976618,20.209070,20.158533,,,,,,,20.097864,20.355707,19.855402,19.991755,19.941248,20.027124,20.102930,20.027124,0,0,0,0,0,0
479692,97.773132,3.493050,3.490500,3.491898,0.002550,3.491850,3.492450,3.492000,3.492000,3.491850,3.492150,3.493050,3.490650,3.491700,3.491700,3.492750,3.490500,3.492300,3.492150,3.492150,3.491550,3.492150,3.492000,3.492450,3.491550,3.490950,3.491850,3.492000,3.492000,3.491550,3.491700,3.493050,3.491100,20.360773,19.855402,20.058105,20.011988,20.047358,20.047358,20.128199,19.951349,19.976618,20.209070,20.158533,,,,,,,20.097864,20.360773,19.855402,19.986719,19.941248,20.027124,20.102930,20.027124,0,0,0,0,0,0
480192,97.773285,3.493050,3.490500,3.491903,0.002550,3.491850,3.492450,3.492000,3.492000,3.491850,3.492150,3.493050,3.490800,3.491700,3.491700,3.492750,3.490500,3.492450,3.492150,3.492150,3.491400,3.492000,3.492000,3.492450,3.491550,3.490950,3.491850,3.492150,3.492000,3.491550,3.491700,3.493050,3.491100,20.355707,19.855402,20.058735,20.017023,20.047358,20.047358,20.128199,19.956415,19.976618,20.209070,20.158533,,,,,,,20.097864,20.355707,19.855402,19.991755,19.941248,20.027124,20.102930,20.027124,0,0,0,0,0,0
480694,97.773132,3.493200,3.490500,3.491898,0.002700,3.491850,3.492450,3.492000,3.492000,3.491850,3.492150,3.493200,3.490650,3.491700,3.491700,3.492750,3.490500,3.492300,3.492150,3.492150,3.491550,3.492000,3.492000,3.492450,3.491550,3.490950,3.491700,3.492150,3.492000,3.491550,3.491700,3.493050,3.491100,20.355707,19.855402,20.057789,20.011988,20.042292,20.047358,20.128199,19.956415,19.976618,20.209070,20.158533,,,,,,,20.097864,20.355707,19.855402,19.991755,19.936213,20.027124,20.102930,20.027124,0,0,0,0,0,0
481195,97.772675,3.493050,3.490650,3.491881,0.002400,3.491850,3.492300,3.492000,3.491850,3.491850,3.492150,3.493050,3.490800,3.491700,3.491700,3.492750,3.490650,3.492300,3.492150,3.492150,3.491550,3.492000,3.492000,3.492450,3.491550,3.490800,3.491700,3.492000,3.492000,3.491550,3.491700,3.493050,3.491100,20.355707,19.855402,20.058105,20.011988,20.047358,20.047358,20.128199,19.956415,19.976618,20.209070,20.158533,,,,,,,20.097864,20.355707,19.855402,19.986719,19.941248,20.027124,20.102930,20.027124,0,0,0,0,0,0
481696,97.773430,3.493050,3.490500,3.491908,0.002550,3.491850,3.492450,3.492000,3.492000,3.491850,3.492150,3.493050,3.490650,3.491850,3.491700,3.492750,3.490500,3.492450,3.492300,3.492300,3.491550,3.492150,3.492000,3.492450,3.491550,3.490800,3.491700,3.492000,3.492000,3.491550,3.491700,3.493050,3.491100,20.355707,19.855402,20.058422,20.011988,20.047358,20.047358,20.128199,19.956415,19.976618,20.214136,20.158533,,,,,,,20.097864,20.355707,19.855402,19.986719,19.941248,20.027124,20.102930,20.027124,0,0,0,0,0,0
482197,97.773277,3.493050,3.490500,3.491903,0.002550,3.491850,3.492450,3.492000,3.492000,3.491850,3.492150,3.493050,3.490800,3.491850,3.491700,3.492750,3.490500,3.492300,3.492150,3.492150,3.491550,3.492150,3.492000,3.492450,3.491550,3.490800,3.491700,3.492150,3.492000,3.491550,3.491700,3.493050,3.491100,20.360773,19.855402,20.058105,20.011988,20.042292,20.047358,20.128199,19.956415,19.976618,20.209070,20.158533,,,,,,,20.097864,20.360773,19.855402,19.986719,19.941248,20.027124,20.102930,20.027124,0,0,0,0,0,0
482698,97.772820,3.493050,3.490500,3.491886,0.002550,3.491850,3.492450,3.492000,3.491850,3.491850,3.492150,3.493050,3.490800,3.491700,3.491700,3.492750,3.490500,3.492300,3.492150,3.492150,3.491550,3.492150,3.492000,3.492450,3.491550,3.490800,3.491700,3.492000,3.492000,3.491550,3.491700,3.493050,3.491100,20.355707,19.855402,20.058107,20.011988,20.047358,20.047358,20.128199,19.956415,19.976618,20.214136,20.158533,,,,,,,20.097864,20.355707,19.855402,19.986719,19.936213,20.027124,20.102930,20.027124,0,0,0,0,0,0
483199,97.772377,3.493050,3.490500,3.491871,0.002550,3.491850,3.492450,3.492000,3.492000,3.491850,3.492150,3.493050,3.490650,3.491700,3.491550,3.492600,3.490500,3.492300,3.492150,3.492150,3.491550,3.492000,3.492000,3.492450,3.491550,3.490800,3.491700,3.492000,3.492000,3.491550,3.491700,3.493050,3.491100,20.355707,19.855402,20.059052,20.017023,20.047358,20.047358,20.128199,19.956415,19.976618,20.214136,20.163568,,,,,,,20.097864,20.355707,19.855402,19.986719,19.941248,20.027124,20.102930,20.027124,0,0,0,0,0,0
483700,97.772224,3.493050,3.490500,3.491865,0.002550,3.491850,3.492450,3.492000,3.491850,3.491850,3.492150,3.493050,3.490650,3.491700,3.491550,3.492750,3.490500,3.492300,3.492150,3.492150,3.491400,3.492000,3.492000,3.492450,3.491550,3.490800,3.491700,3.492000,3.492000,3.491550,3.491700,3.493050,3.491100,20.355707,19.855402,20.058739,20.011988,20.047358,20.047358,20.128199,19.956415,19.976618,20.214136,20.158533,,,,,,,20.097864,20.355707,19.855402,19.986719,19.941248,20.027124,20.102930,20.032190,0,0,0,0,0,0
484201,97.772377,3.493050,3.490500,3.491871,0.002550,3.491850,3.492300,3.491850,3.491850,3.491850,3.492150,3.493050,3.490800,3.491700,3.491700,3.492750,3.490500,3.492300,3.492150,3.492150,3.491550,3.492150,3.492000,3.492450,3.491550,3.490800,3.491700,3.492000,3.492000,3.491550,3.491700,3.493050,3.490950,20.355707,19.855402,20.059053,20.011988,20.047358,20.047358,20.128199,19.956415,19.976618,20.214136,20.158533,,,,,,,20.102930,20.355707,19.855402,19.991755,19.941248,20.027124,20.102930,20.027124,0,0,0,0,0,0
484702,97.772530,3.493050,3.490500,3.491876,0.002550,3.491850,3.492450,3.492000,3.491850,3.491700,3.492150,3.493050,3.490800,3.491700,3.491700,3.492750,3.490500,3.492300,3.492150,3.492150,3.491550,3.492000,3.492000,3.492450,3.491550,3.490800,3.491700,3.492000,3.492000,3.491550,3.491700,3.493050,3.491100,20.355707,19.855402,20.058739,20.011988,20.047358,20.047358,20.128199,19.956415,19.976618,20.214136,20.158533,,,,,,,20.102930,20.355707,19.855402,19.986719,19.941248,20.027124,20.102930,20.027124,0,0,0,0,0,0
485203,97.772682,3.493200,3.490500,3.491882,0.002700,3.491850,3.492300,3.492000,3.491850,3.491850,3.492150,3.493050,3.490800,3.491700,3.491700,3.492600,3.490500,3.492300,3.492150,3.492150,3.491550,3.492150,3.492000,3.492450,3.491400,3.490950,3.491700,3.492000,3.492000,3.491550,3.491700,3.493200,3.491100,20.355707,19.855402,20.059052,20.017023,20.047358,20.047358,20.128199,19.956415,19.976618,20.214136,20.158533,,,,,,,20.097864,20.355707,19.855402,19.991755,19.941248,20.027124,20.102930,20.027124,0,0,0,0,0,0
485703,97.772232,3.493050,3.490500,3.491865,0.002550,3.491850,3.492300,3.492000,3.491850,3.491850,3.492150,3.493050,3.490650,3.491700,3.491700,3.492750,3.490500,3.492300,3.492150,3.492150,3.491550,3.492000,3.492000,3.492450,3.491400,3.490800,3.491700,3.492000,3.492000,3.491550,3.491700,3.493050,3.491100,20.355707,19.855402,20.059053,20.011988,20.047358,20.047358,20.128199,19.956415,19.976618,20.214136,20.158533,,,,,,,20.097864,20.355707,19.855402,19.991755,19.941248,20.027124,20.107996,20.027124,0,0,0,0,0,0
486205,97.772232,3.493050,3.490500,3.491865,0.002550,3.491850,3.492450,3.491850,3.491850,3.491850,3.492150,3.493050,3.490650,3.491700,3.491550,3.492600,3.490500,3.492450,3.492150,3.492150,3.491550,3.492150,3.492000,3.492450,3.491400,3.490800,3.491700,3.492000,3.492000,3.491550,3.491700,3.493050,3.491100,20.360773,19.855402,20.059368,20.017023,20.047358,20.047358,20.128199,19.956415,19.976618,20.214136,20.158533,,,,,,,20.097864,20.360773,19.855402,19.991755,19.941248,20.027124,20.102930,20.027124,0,0,0,0,0,0
486706,97.772232,3.493050,3.490500,3.491865,0.002550,3.491850,3.492300,3.491850,3.491850,3.491700,3.492150,3.493050,3.490650,3.491700,3.491700,3.492750,3.490500,3.492300,3.492150,3.492150,3.491400,3.492150,3.492000,3.492450,3.491550,3.490800,3.491700,3.492000,3.492150,3.491550,3.491700,3.493050,3.491100,20.355707,19.860437,20.059053,20.011988,20.047358,20.047358,20.128199,19.956415,19.976618,20.214136,20.158533,,,,,,,20.102930,20.355707,19.860437,19.986719,19.941248,20.027124,20.102930,20.027124,0,0,0,0,0,0
487207,97.771629,3.493050,3.490500,3.491844,0.002550,3.491850,3.492300,3.492000,3.491850,3.491700,3.492150,3.493050,3.490650,3.491700,3.491550,3.492600,3.490500,3.492300,3.492150,3.492150,3.491400,3.492000,3.492000,3.492450,3.491400,3.490800,3.491700,3.492000,3.492000,3.491550,3.491700,3.493050,3.491100,20.355707,19.855402,20.058739,20.011988,20.047358,20.047358,20.128199,19.956415,19.976618,20.214136,20.158533,,,,,,,20.102930,20.355707,19.855402,19.986719,19.941248,20.027124,20.102930,20.027124,0,0,0,0,0,0
487707,97.772087,3.493050,3.490500,3.491860,0.002550,3.491850,3.492450,3.492000,3.491850,3.491700,3.492150,3.493050,3.490800,3.491700,3.491700,3.492600,3.490500,3.492300,3.492150,3.492150,3.491550,3.492150,3.492000,3.492300,3.491400,3.490800,3.491700,3.492000,3.492000,3.491400,3.491700,3.493050,3.491100,20.360773,19.855402,20.059370,20.017023,20.047358,20.047358,20.128199,19.956415,19.976618,20.214136,20.158533,,,,,,,20.102930,20.360773,19.855402,19.986719,19.941248,20.027124,20.102930,20.027124,0,0,0,0,0,0
488209,97.772377,3.493050,3.490500,3.491871,0.002550,3.491850,3.492450,3.492000,3.492000,3.491850,3.492150,3.493050,3.490650,3.491700,3.491700,3.492600,3.490500,3.492300,3.492150,3.492150,3.491400,3.492000,3.492000,3.492450,3.491550,3.490800,3.491700,3.492000,3.492000,3.491550,3.491700,3.493050,3.491100,20.355707,19.855402,20.059685,20.017023,20.047358,20.047358,20.128199,19.956415,19.976618,20.214136,20.163568,,,,,,,20.102930,20.355707,19.855402,19.986719,19.941248,20.027124,20.107996,20.027124,0,0,0,0,0,0
488709,97.772530,3.493200,3.490500,3.491876,0.002700,3.491850,3.492300,3.492000,3.491850,3.491850,3.492150,3.493050,3.490650,3.491700,3.491700,3.492750,3.490500,3.492300,3.492150,3.492150,3.491550,3.492000,3.492000,3.492450,3.491550,3.490800,3.491700,3.492000,3.492000,3.491550,3.491700,3.493200,3.491100,20.360773,19.855402,20.059370,20.011988,20.047358,20.047358,20.128199,19.956415,19.976618,20.214136,20.158533,,,,,,,20.102930,20.360773,19.855402,19.991755,19.941248,20.027124,20.102930,20.027124,0,0,0,0,0,0
489210,97.772377,3.493050,3.490500,3.491871,0.002550,3.491850,3.492450,3.492000,3.491850,3.491700,3.492150,3.493050,3.490650,3.491700,3.491700,3.492750,3.490500,3.492300,3.492150,3.492150,3.491550,3.492000,3.492000,3.492450,3.491550,3.490800,3.491700,3.492000,3.492000,3.491550,3.491700,3.493050,3.491100,20.360773,19.855402,20.060001,20.017023,20.047358,20.047358,20.133265,19.956415,19.976618,20.219172,20.158533,,,,,,,20.102930,20.360773,19.855402,19.986719,19.941248,20.027124,20.102930,20.027124,0,0,0,0,0,0
489711,97.772079,3.493050,3.490500,3.491860,0.002550,3.491850,3.492300,3.492000,3.491850,3.491700,3.492150,3.493050,3.490650,3.491700,3.491700,3.492600,3.490500,3.492300,3.492000,3.492150,3.491550,3.492150,3.492000,3.492450,3.491550,3.490800,3.491700,3.492000,3.492000,3.491550,3.491700,3.493050,3.491100,20.355707,19.855402,20.059999,20.017023,20.047358,20.047358,20.128199,19.956415,19.976618,20.219172,20.158533,,,,,,,20.102930,20.355707,19.855402,19.991755,19.941248,20.027124,20.107996,20.027124,0,0,0,0,0,0
490212,97.771782,3.493050,3.490500,3.491849,0.002550,3.491850,3.492300,3.492000,3.491850,3.491850,3.492150,3.493050,3.490650,3.491700,3.491550,3.492600,3.490500,3.492300,3.492000,3.492150,3.491550,3.492150,3.492000,3.492300,3.491400,3.490800,3.491700,3.492000,3.492000,3.491550,3.491700,3.493050,3.491100,20.355707,19.855402,20.059683,20.017023,20.047358,20.047358,20.128199,19.956415,19.976618,20.219172,20.158533,,,,,,,20.102930,20.355707,19.855402,19.991755,19.941248,20.027124,20.102930,20.027124,0,0,0,0,0,0
490713,97.772232,3.493050,3.490500,3.491865,0.002550,3.491850,3.492300,3.492000,3.491850,3.491850,3.492150,3.493050,3.490650,3.491700,3.491700,3.492750,3.490500,3.492300,3.492150,3.492150,3.491550,3.492000,3.492000,3.492450,3.491400,3.490800,3.491700,3.492000,3.492000,3.491550,3.491700,3.493050,3.491100,20.360773,19.855402,20.059685,20.017023,20.047358,20.047358,20.128199,19.956415,19.976618,20.219172,20.158533,,,,,,,20.102930,20.360773,19.855402,19.986719,19.941248,20.027124,20.102930,20.027124,0,0,0,0,0,0
491214,97.772087,3.493050,3.490500,3.491860,0.002550,3.491850,3.492300,3.492000,3.491850,3.491850,3.492150,3.493050,3.490800,3.491700,3.491700,3.492750,3.490500,3.492300,3.492150,3.492150,3.491400,3.492000,3.492000,3.492450,3.491400,3.490800,3.491700,3.492000,3.492000,3.491550,3.491700,3.493050,3.490950,20.360773,19.860437,20.060633,20.017023,20.047358,20.047358,20.133265,19.956415,19.976618,20.219172,20.158533,,,,,,,20.102930,20.360773,19.860437,19.986719,19.941248,20.027124,20.107996,20.027124,0,0,0,0,0,0
491716,97.771492,3.493050,3.490650,3.491839,0.002400,3.491850,3.492300,3.492000,3.491850,3.491700,3.492150,3.493050,3.490650,3.491700,3.491550,3.492600,3.490650,3.492300,3.492150,3.492150,3.491400,3.492000,3.492000,3.492300,3.491400,3.490800,3.491700,3.492000,3.492000,3.491550,3.491700,3.493050,3.490950,20.360773,19.860437,20.059999,20.011988,20.047358,20.047358,20.128199,19.956415,19.976618,20.219172,20.158533,,,,,,,20.102930,20.360773,19.860437,19.991755,19.941248,20.027124,20.102930,20.027124,0,0,0,0,0,0
492216,97.771629,3.493050,3.490500,3.491844,0.002550,3.491850,3.492300,3.492000,3.491850,3.491700,3.492150,3.493050,3.490650,3.491700,3.491550,3.492600,3.490500,3.492300,3.492000,3.492150,3.491400,3.492000,3.492000,3.492450,3.491550,3.490800,3.491700,3.492000,3.492000,3.491550,3.491700,3.493050,3.491100,20.360773,19.860437,20.059999,20.011988,20.047358,20.047358,20.128199,19.956415,19.976618,20.219172,20.163568,,,,,,,20.102930,20.360773,19.860437,19.986719,19.941248,20.027124,20.102930,20.027124,0,0,0,0,0,0
492717,97.771637,3.493050,3.490350,3.491844,0.002700,3.491850,3.492450,3.492000,3.492000,3.491850,3.492150,3.493050,3.490650,3.491700,3.491550,3.492750,3.490350,3.492300,3.492000,3.492150,3.491400,3.492000,3.491850,3.492450,3.491400,3.490800,3.491700,3.492000,3.492000,3.491550,3.491700,3.493050,3.490950,20.355707,19.860437,20.060314,20.017023,20.047358,20.047358,20.128199,19.956415,19.976618,20.219172,20.163568,,,,,,,20.102930,20.355707,19.860437,19.986719,19.941248,20.027124,20.107996,20.027124,0,0,0,0,0,0
493218,97.770744,3.493050,3.490350,3.491812,0.002700,3.491850,3.492300,3.491850,3.491850,3.491850,3.492000,3.493050,3.490650,3.491700,3.491550,3.492600,3.490350,3.492300,3.492150,3.492000,3.491400,3.492000,3.491850,3.492300,3.491400,3.490800,3.491700,3.492000,3.492000,3.491550,3.491700,3.493050,3.490950,20.360773,19.860437,20.060633,20.017023,20.047358,20.047358,20.128199,19.956415,19.976618,20.219172,20.158533,,,,,,,20.102930,20.360773,19.860437,19.986719,19.941248,20.027124,20.107996,20.032190,0,0,0,0,0,0
493719,97.771637,3.493050,3.490500,3.491844,0.002550,3.491850,3.492300,3.492000,3.491850,3.491700,3.492150,3.493050,3.490650,3.491700,3.491550,3.492600,3.490500,3.492300,3.492150,3.492150,3.491550,3.492000,3.492000,3.492450,3.491400,3.490800,3.491700,3.492000,3.492000,3.491550,3.491700,3.493050,3.490950,20.360773,19.860437,20.060949,20.011988,20.047358,20.047358,20.133265,19.956415,19.976618,20.224237,20.163568,,,,,,,20.102930,20.360773,19.860437,19.986719,19.941248,20.027124,20.102930,20.032190,0,0,0,0,0,0
494220,97.771332,3.493050,3.490500,3.491833,0.002550,3.491850,3.492300,3.491850,3.491850,3.491700,3.492150,3.493050,3.490650,3.491550,3.491550,3.492600,3.490500,3.492300,3.492150,3.492150,3.491400,3.492000,3.492000,3.492450,3.491400,3.490800,3.491700,3.492000,3.492000,3.491550,3.491700,3.493050,3.491100,20.360773,19.860437,20.060631,20.017023,20.047358,20.047358,20.133265,19.956415,19.976618,20.219172,20.163568,,,,,,,20.102930,20.360773,19.860437,19.986719,19.941248,20.027124,20.102930,20.027124,0,0,0,0,0,0
494721,97.770889,3.493050,3.490500,3.491817,0.002550,3.491850,3.492300,3.491850,3.491850,3.491700,3.492000,3.493050,3.490650,3.491700,3.491550,3.492600,3.490500,3.492300,3.492000,3.492150,3.491400,3.492000,3.492000,3.492450,3.491550,3.490800,3.491700,3.492000,3.492000,3.491400,3.491550,3.493050,3.490950,20.360773,19.860437,20.060633,20.011988,20.047358,20.047358,20.128199,19.956415,19.976618,20.224237,20.158533,,,,,,,20.102930,20.360773,19.860437,19.991755,19.941248,20.027124,20.107996,20.027124,0,0,0,0,0,0
495222,97.772079,3.493050,3.490500,3.491860,0.002550,3.491850,3.492300,3.492000,3.492000,3.491850,3.492150,3.493050,3.490650,3.491700,3.491700,3.492750,3.490500,3.492300,3.492000,3.492150,3.491400,3.492000,3.492000,3.492300,3.491550,3.490800,3.491700,3.492000,3.492000,3.491550,3.491700,3.493050,3.491100,20.360773,19.855402,20.060633,20.017023,20.047358,20.047358,20.128199,19.956415,19.976618,20.224237,20.158533,,,,,,,20.102930,20.360773,19.855402,19.991755,19.941248,20.027124,20.107996,20.027124,0,0,0,0,0,0
495723,97.770744,3.493050,3.490500,3.491812,0.002550,3.491700,3.492300,3.491850,3.491850,3.491700,3.492150,3.492900,3.490650,3.491550,3.491550,3.492600,3.490500,3.492300,3.492000,3.492150,3.491550,3.492000,3.492000,3.492300,3.491400,3.490800,3.491700,3.492000,3.492000,3.491550,3.491700,3.493050,3.490950,20.355707,19.860437,20.060947,20.017023,20.047358,20.047358,20.133265,19.956415,19.976618,20.224237,20.163568,,,,,,,20.102930,20.355707,19.860437,19.986719,19.941248,20.027124,20.107996,20.027124,0,0,0,0,0,0
496225,97.771187,3.493050,3.490500,3.491828,0.002550,3.491850,3.492300,3.491850,3.491850,3.491700,3.492150,3.492900,3.490650,3.491700,3.491550,3.492600,3.490500,3.492300,3.492150,3.492150,3.491400,3.492000,3.492000,3.492300,3.491550,3.490800,3.491700,3.492000,3.492000,3.491550,3.491700,3.493050,3.490950,20.360773,19.860437,20.061264,20.011988,20.047358,20.047358,20.133265,19.956415,19.976618,20.224237,20.163568,,,,,,,20.102930,20.360773,19.860437,19.991755,19.941248,20.027124,20.107996,20.027124,0,0,0,0,0,0
496726,97.771629,3.493050,3.490500,3.491844,0.002550,3.491850,3.492300,3.491850,3.491850,3.491850,3.492150,3.493050,3.490650,3.491700,3.491550,3.492600,3.490500,3.492300,3.492000,3.492150,3.491400,3.492000,3.492000,3.492450,3.491550,3.490800,3.491700,3.492000,3.492000,3.491550,3.491700,3.493050,3.491100,20.360773,19.860437,20.061579,20.011988,20.052393,20.047358,20.128199,19.956415,19.976618,20.224237,20.163568,,,,,,,20.102930,20.360773,19.860437,19.991755,19.941248,20.027124,20.107996,20.032190,0,0,0,0,0,0
497227,97.771042,3.493050,3.490500,3.491823,0.002550,3.491850,3.492300,3.491850,3.491850,3.491700,3.492150,3.493050,3.490650,3.491700,3.491550,3.492600,3.490500,3.492450,3.492150,3.492150,3.491400,3.492000,3.491850,3.492300,3.491400,3.490800,3.491550,3.491850,3.492000,3.491550,3.491700,3.493050,3.491100,20.360773,19.860437,20.061583,20.011988,20.047358,20.047358,20.133265,19.956415,19.976618,20.224237,20.158533,,,,,,,20.107996,20.360773,19.860437,19.991755,19.941248,20.027124,20.107996,20.032190,0,0,0,0,0,0
497728,97.771187,3.493050,3.490500,3.491828,0.002550,3.491850,3.492300,3.491850,3.491850,3.491700,3.492000,3.493050,3.490650,3.491700,3.491550,3.492600,3.490500,3.492300,3.492150,3.492150,3.491400,3.492000,3.492000,3.492300,3.491400,3.490800,3.491700,3.492000,3.492000,3.491550,3.491700,3.493050,3.491100,20.360773,19.860437,20.061264,20.011988,20.047358,20.047358,20.133265,19.956415,19.976618,20.224237,20.163568,,,,,,,20.107996,20.360773,19.860437,19.991755,19.941248,20.027124,20.102930,20.027124,0,0,0,0,0,0
498228,97.770744,3.493050,3.490500,3.491812,0.002550,3.491850,3.492300,3.491850,3.491850,3.491700,3.492000,3.492900,3.490650,3.491550,3.491700,3.492600,3.490500,3.492300,3.492000,3.492150,3.491400,3.492000,3.492000,3.492300,3.491400,3.490800,3.491700,3.492000,3.492000,3.491550,3.491700,3.493050,3.490950,20.360773,19.860437,20.061262,20.017023,20.047358,20.047358,20.133265,19.956415,19.976618,20.224237,20.163568,,,,,,,20.102930,20.360773,19.860437,19.991755,19.941248,20.027124,20.102930,20.027124,0,0,0,0,0,0
498730,97.770897,3.493050,3.490500,3.491818,0.002550,3.491850,3.492300,3.491850,3.491850,3.491700,3.492150,3.492900,3.490650,3.491700,3.491550,3.492600,3.490500,3.492300,3.492000,3.492150,3.491400,3.492000,3.491850,3.492450,3.491400,3.490800,3.491700,3.491850,3.492000,3.491550,3.491850,3.493050,3.490950,20.360773,19.860437,20.061264,20.011988,20.047358,20.047358,20.128199,19.956415,19.976618,20.224237,20.163568,,,,,,,20.102930,20.360773,19.860437,19.991755,19.946314,20.027124,20.107996,20.027124,0,0,0,0,0,0
499230,97.770294,3.493050,3.490500,3.491796,0.002550,3.491700,3.492300,3.492000,3.491850,3.491700,3.492000,3.493050,3.490650,3.491550,3.491700,3.492600,3.490500,3.492300,3.492000,3.492150,3.491400,3.492000,3.491850,3.492300,3.491400,3.490650,3.491700,3.491850,3.492000,3.491400,3.491550,3.493050,3.491100,20.360773,19.860437,20.061581,20.017023,20.047358,20.047358,20.133265,19.956415,19.976618,20.224237,20.158533,,,,,,,20.107996,20.360773,19.860437,19.991755,19.941248,20.027124,20.107996,20.027124,0,0,0,0,0,0
499732,97.770744,3.493050,3.490500,3.491812,0.002550,3.491850,3.492300,3.491850,3.491850,3.491700,3.492150,3.493050,3.490650,3.491700,3.491550,3.492600,3.490500,3.492300,3.492000,3.492150,3.491400,3.492000,3.491850,3.492300,3.491550,3.490800,3.491700,3.492000,3.492000,3.491400,3.491550,3.493050,3.490950,20.360773,19.860437,20.061579,20.017023,20.047358,20.047358,20.128199,19.956415,19.976618,20.224237,20.163568,,,,,,,20.107996,20.360773,19.860437,19.991755,19.941248,20.027124,20.107996,20.027124,0,0,0,0,0,0
500233,97.770737,3.493050,3.490350,3.491812,0.002700,3.491850,3.492300,3.491850,3.491850,3.491700,3.492000,3.493050,3.490650,3.491700,3.491550,3.492600,3.490350,3.492300,3.492150,3.492150,3.491400,3.492000,3.491850,3.492450,3.491400,3.490800,3.491700,3.492000,3.492000,3.491400,3.491700,3.493050,3.490950,20.360773,19.860437,20.061895,20.017023,20.047358,20.047358,20.128199,19.956415,19.976618,20.224237,20.163568,,,,,,,20.107996,20.360773,19.860437,19.991755,19.946314,20.027124,20.107996,20.027124,0,0,0,0,0,0
500734,97.770447,3.493050,3.490500,3.491802,0.002550,3.491850,3.492300,3.491850,3.491850,3.491700,3.492150,3.492900,3.490650,3.491700,3.491550,3.492600,3.490500,3.492300,3.492150,3.492000,3.491400,3.492000,3.492000,3.492300,3.491400,3.490800,3.491700,3.492000,3.491850,3.491400,3.491550,3.493050,3.490950,20.360773,19.860437,20.060947,20.017023,20.047358,20.047358,20.128199,19.956415,19.976618,20.224237,20.163568,,,,,,,20.102930,20.360773,19.860437,19.986719,19.941248,20.027124,20.107996,20.027124,0,0,0,0,0,0
501234,97.770599,3.493050,3.490500,3.491807,0.002550,3.491850,3.492300,3.491850,3.491850,3.491700,3.492000,3.492900,3.490650,3.491700,3.491550,3.492600,3.490500,3.492300,3.492000,3.492150,3.491400,3.492000,3.491850,3.492300,3.491400,3.490800,3.491700,3.492000,3.492000,3.491550,3.491700,3.493050,3.490950,20.360773,19.860437,20.061581,20.011988,20.047358,20.047358,20.128199,19.956415,19.976618,20.224237,20.163568,,,,,,,20.107996,20.360773,19.860437,19.991755,19.946314,20.027124,20.107996,20.027124,0,0,0,0,0,0
501736,97.770752,3.493050,3.490500,3.491812,0.002550,3.491850,3.492300,3.491850,3.491850,3.491700,3.492150,3.493050,3.490650,3.491700,3.491550,3.492600,3.490500,3.492300,3.492000,3.492150,3.491400,3.492000,3.492000,3.492300,3.491400,3.490800,3.491700,3.491850,3.491850,3.491550,3.491700,3.493050,3.490950,20.360773,19.860437,20.061899,20.011988,20.047358,20.047358,20.133265,19.956415,19.976618,20.229303,20.163568,,,,,,,20.107996,20.360773,19.860437,19.986719,19.941248,20.027124,20.107996,20.032190,0,0,0,0,0,0
502237,97.770294,3.493050,3.490350,3.491796,0.002700,3.491850,3.492300,3.491850,3.491850,3.491700,3.492000,3.492900,3.490650,3.491550,3.491550,3.492600,3.490350,3.492300,3.492000,3.492000,3.491550,3.492000,3.492000,3.492450,3.491400,3.490800,3.491550,3.491850,3.492000,3.491400,3.491700,3.493050,3.491100,20.360773,19.860437,20.062212,20.017023,20.047358,20.047358,20.133265,19.956415,19.976618,20.229303,20.163568,,,,,,,20.107996,20.360773,19.860437,19.991755,19.941248,20.027124,20.107996,20.027124,0,0,0,0,0,0
502738,97.770142,3.493050,3.490350,3.491791,0.002700,3.491700,3.492300,3.491850,3.491700,3.491700,3.492000,3.492900,3.490650,3.491550,3.491550,3.492600,3.490350,3.492300,3.492000,3.492150,3.491400,3.492000,3.491850,3.492300,3.491550,3.490800,3.491700,3.491850,3.492000,3.491550,3.491700,3.493050,3.491100,20.360773,19.860437,20.062841,20.017023,20.047358,20.052393,20.128199,19.961451,19.976618,20.229303,20.163568,,,,,,,20.107996,20.360773,19.860437,19.991755,19.941248,20.027124,20.107996,20.032190,0,0,0,0,0,0
503239,97.770149,3.493050,3.490500,3.491791,0.002550,3.491700,3.492300,3.491850,3.491850,3.491700,3.492000,3.492900,3.490650,3.491700,3.491550,3.492600,3.490500,3.492300,3.492150,3.492150,3.491400,3.492000,3.491850,3.492300,3.491400,3.490800,3.491550,3.492000,3.491850,3.491400,3.491700,3.493050,3.490950,20.360773,19.860437,20.062529,20.017023,20.047358,20.047358,20.133265,19.956415,19.976618,20.229303,20.163568,,,,,,,20.107996,20.360773,19.860437,19.991755,19.946314,20.027124,20.107996,20.027124,0,0,0,0,0,0
503740,97.770592,3.493050,3.490350,3.491807,0.002700,3.491700,3.492300,3.491850,3.491850,3.491700,3.492150,3.493050,3.490650,3.491700,3.491550,3.492600,3.490350,3.492300,3.492000,3.492150,3.491400,3.492000,3.492000,3.492300,3.491400,3.490800,3.491700,3.492000,3.492000,3.491400,3.491700,3.493050,3.490950,20.360773,19.860437,20.062529,20.017023,20.047358,20.047358,20.128199,19.956415,19.976618,20.229303,20.163568,,,,,,,20.107996,20.360773,19.860437,19.991755,19.946314,20.027124,20.107996,20.032190,0,0,0,0,0,0
504241,97.770294,3.493050,3.490350,3.491796,0.002700,3.491850,3.492300,3.491850,3.491850,3.491700,3.492150,3.492900,3.490650,3.491700,3.491550,3.492600,3.490350,3.492300,3.492000,3.492150,3.491400,3.492000,3.491850,3.492300,3.491400,3.490800,3.491550,3.491850,3.492000,3.491400,3.491700,3.493050,3.491100,20.360773,19.865503,20.062214,20.017023,20.047358,20.047358,20.128199,19.956415,19.976618,20.229303,20.163568,,,,,,,20.107996,20.360773,19.865503,19.986719,19.941248,20.027124,20.107996,20.032190,0,0,0,0,0,0
504742,97.770294,3.493050,3.490500,3.491796,0.002550,3.491850,3.492300,3.492000,3.491850,3.491700,3.492150,3.492900,3.490650,3.491550,3.491550,3.492600,3.490500,3.492300,3.492150,3.492000,3.491400,3.492000,3.492000,3.492300,3.491400,3.490650,3.491550,3.491850,3.492000,3.491400,3.491700,3.493050,3.490950,20.360773,19.860437,20.062527,20.017023,20.052393,20.047358,20.133265,19.956415,19.976618,20.229303,20.163568,,,,,,,20.107996,20.360773,19.860437,19.991755,19.941248,20.027124,20.107996,20.027124,0,0,0,0,0,0
505243,97.770584,3.493050,3.490500,3.491807,0.002550,3.491700,3.492300,3.491850,3.491850,3.491700,3.492150,3.492900,3.490650,3.491550,3.491550,3.492600,3.490500,3.492300,3.492150,3.492150,3.491400,3.492000,3.491850,3.492300,3.491400,3.490800,3.491550,3.492000,3.492000,3.491550,3.491700,3.493050,3.491100,20.365839,19.860437,20.063158,20.017023,20.047358,20.047358,20.133265,19.956415,19.981653,20.229303,20.163568,,,,,,,20.107996,20.365839,19.860437,19.991755,19.941248,20.027124,20.113031,20.027124,0,0,0,0,0,0
505744,97.770302,3.493050,3.490500,3.491796,0.002550,3.491700,3.492300,3.491850,3.491850,3.491850,3.492150,3.492900,3.490650,3.491700,3.491550,3.492600,3.490500,3.492300,3.492000,3.492000,3.491400,3.492000,3.492000,3.492300,3.491400,3.490800,3.491550,3.491850,3.492000,3.491400,3.491700,3.493050,3.490950,20.360773,19.865503,20.062843,20.017023,20.047358,20.052393,20.128199,19.956415,19.976618,20.229303,20.163568,,,,,,,20.107996,20.360773,19.865503,19.991755,19.946314,20.027124,20.107996,20.027124,0,0,0,0,0,0
506244,97.769554,3.493050,3.490500,3.491770,0.002550,3.491850,3.492300,3.491850,3.491700,3.491700,3.492000,3.492900,3.490650,3.491550,3.491550,3.492600,3.490500,3.492300,3.492000,3.492000,3.491400,3.492000,3.491850,3.492300,3.491400,3.490650,3.491700,3.491850,3.492000,3.491400,3.491550,3.493050,3.490950,20.365839,19.865503,20.064106,20.017023,20.047358,20.052393,20.133265,19.956415,19.976618,20.229303,20.163568,,,,,,,20.113031,20.365839,19.865503,19.991755,19.941248,20.027124,20.113031,20.032190,0,0,0,0,0,0
506745,97.769997,3.493050,3.490350,3.491786,0.002700,3.491850,3.492300,3.491850,3.491700,3.491700,3.492000,3.492900,3.490650,3.491550,3.491550,3.492600,3.490350,3.492300,3.492000,3.492150,3.491400,3.492000,3.492000,3.492300,3.491400,3.490800,3.491550,3.492000,3.492000,3.491400,3.491700,3.493050,3.490950,20.365839,19.865503,20.063477,20.017023,20.047358,20.047358,20.133265,19.956415,19.976618,20.229303,20.163568,,,,,,,20.113031,20.365839,19.865503,19.991755,19.941248,20.032190,20.107996,20.027124,0,0,0,0,0,0
507246,97.770142,3.493050,3.490500,3.491791,0.002550,3.491700,3.492300,3.491850,3.491850,3.491700,3.492000,3.492900,3.490650,3.491550,3.491550,3.492600,3.490500,3.492300,3.492000,3.492000,3.491400,3.492000,3.491850,3.492300,3.491400,3.490800,3.491550,3.492000,3.492000,3.491550,3.491700,3.493050,3.491100,20.360773,19.865503,20.063789,20.017023,20.052393,20.047358,20.133265,19.961451,19.976618,20.229303,20.163568,,,,,,,20.107996,20.360773,19.865503,19.991755,19.946314,20.027124,20.113031,20.027124,0,0,0,0,0,0
507747,97.769394,3.492900,3.490350,3.491764,0.002550,3.491700,3.492300,3.491850,3.491850,3.491700,3.492150,3.492900,3.490650,3.491550,3.491550,3.492600,3.490350,3.492300,3.492000,3.492000,3.491400,3.492000,3.491850,3.492300,3.491400,3.490800,3.491550,3.491850,3.492000,3.491400,3.491550,3.492900,3.490950,20.365839,19.865503,20.064104,20.017023,20.047358,20.047358,20.128199,19.961451,19.981653,20.229303,20.163568,,,,,,,20.113031,20.365839,19.865503,19.991755,19.946314,20.027124,20.113031,20.027124,0,0,0,0,0,0
508249,97.769844,3.493050,3.490350,3.491780,0.002700,3.491700,3.492300,3.491850,3.491850,3.491700,3.492000,3.492900,3.490650,3.491550,3.491550,3.492600,3.490350,3.492300,3.492000,3.492150,3.491400,3.492000,3.491850,3.492300,3.491400,3.490800,3.491550,3.492000,3.492000,3.491550,3.491550,3.493050,3.490950,20.365839,19.865503,20.063475,20.017023,20.052393,20.047358,20.133265,19.956415,19.976618,20.229303,20.163568,,,,,,,20.113031,20.365839,19.865503,19.991755,19.941248,20.027124,20.107996,20.027124,0,0,0,0,0,0
508750,97.770004,3.493050,3.490500,3.491786,0.002550,3.491700,3.492300,3.491850,3.491850,3.491700,3.492000,3.492900,3.490650,3.491700,3.491550,3.492600,3.490500,3.492300,3.492000,3.492150,3.491400,3.492000,3.491850,3.492300,3.491400,3.490650,3.491700,3.491850,3.492000,3.491400,3.491700,3.493050,3.490950,20.365839,19.860437,20.063158,20.017023,20.052393,20.047358,20.133265,19.956415,19.976618,20.229303,20.163568,,,,,,,20.113031,20.365839,19.860437,19.991755,19.941248,20.027124,20.107996,20.027124,0,0,0,0,0,0
509250,97.769554,3.493050,3.490350,3.491770,0.002700,3.491850,3.492150,3.491850,3.491850,3.491700,3.492000,3.492900,3.490650,3.491550,3.491550,3.492600,3.490350,3.492300,3.492000,3.492150,3.491400,3.492000,3.491850,3.492300,3.491250,3.490800,3.491700,3.492000,3.491850,3.491400,3.491550,3.493050,3.490950,20.365839,19.865503,20.064104,20.017023,20.052393,20.047358,20.128199,19.956415,19.981653,20.234339,20.163568,,,,,,,20.107996,20.365839,19.865503,19.991755,19.941248,20.027124,20.113031,20.032190,0,0,0,0,0,0
509751,97.769852,3.493050,3.490500,3.491781,0.002550,3.491700,3.492300,3.491850,3.491850,3.491700,3.492000,3.492900,3.490650,3.491550,3.491550,3.492600,3.490500,3.492300,3.492000,3.492150,3.491400,3.492000,3.491850,3.492300,3.491400,3.490800,3.491550,3.492000,3.492000,3.491400,3.491550,3.493050,3.490950,20.365839,19.865503,20.064104,20.017023,20.052393,20.047358,20.128199,19.961451,19.976618,20.229303,20.163568,,,,,,,20.113031,20.365839,19.865503,19.991755,19.941248,20.027124,20.113031,20.032190,0,0,0,0,0,0
510252,97.769707,3.493050,3.490350,3.491775,0.002700,3.491700,3.492300,3.491850,3.491850,3.491700,3.492000,3.492900,3.490650,3.491550,3.491550,3.492600,3.490350,3.492300,3.492000,3.492000,3.491400,3.492000,3.491850,3.492300,3.491400,3.490800,3.491700,3.491850,3.492000,3.491400,3.491700,3.493050,3.490950,20.365839,19.865503,20.064735,20.017023,20.052393,20.047358,20.133265,19.961451,19.976618,20.234339,20.163568,,,,,,,20.113031,20.365839,19.865503,19.991755,19.946314,20.027124,20.113031,20.027124,0,0,0,0,0,0
510753,97.769691,3.493050,3.490350,3.491775,0.002700,3.491850,3.492300,3.491850,3.491850,3.491700,3.492000,3.492900,3.490650,3.491550,3.491550,3.492600,3.490350,3.492300,3.492000,3.492150,3.491400,3.492000,3.492000,3.492300,3.491400,3.490650,3.491550,3.491850,3.492000,3.491400,3.491550,3.493050,3.490950,20.365839,19.865503,20.064423,20.017023,20.052393,20.047358,20.133265,19.956415,19.976618,20.234339,20.163568,,,,,,,20.113031,20.365839,19.865503,19.991755,19.946314,20.027124,20.107996,20.032190,0,0,0,0,0,0
511254,97.769836,3.492900,3.490500,3.491780,0.002400,3.491700,3.492300,3.491850,3.491850,3.491700,3.492000,3.492900,3.490650,3.491700,3.491550,3.492600,3.490500,3.492300,3.492000,3.492000,3.491250,3.492000,3.491850,3.492300,3.491400,3.490800,3.491550,3.492000,3.492000,3.491550,3.491700,3.492900,3.490950,20.365839,19.865503,20.065052,20.017023,20.052393,20.052393,20.133265,19.956415,19.976618,20.234339,20.163568,,,,,,,20.113031,20.365839,19.865503,19.991755,19.946314,20.027124,20.113031,20.032190,0,0,0,0,0,0
511756,97.768944,3.493050,3.490350,3.491748,0.002700,3.491700,3.492150,3.491850,3.491700,3.491700,3.492000,3.492900,3.490650,3.491550,3.491550,3.492600,3.490350,3.492300,3.492000,3.492000,3.491400,3.492000,3.491850,3.492300,3.491400,3.490650,3.491550,3.491850,3.492000,3.491400,3.491550,3.493050,3.490950,20.365839,19.865503,20.064735,20.017023,20.052393,20.052393,20.133265,19.956415,19.976618,20.234339,20.163568,,,,,,,20.113031,20.365839,19.865503,19.991755,19.941248,20.027124,20.113031,20.032190,0,0,0,0,0,0
512256,97.769562,3.493050,3.490350,3.491770,0.002700,3.491700,3.492150,3.491850,3.491850,3.491700,3.492000,3.492900,3.490650,3.491550,3.491550,3.492600,3.490350,3.492300,3.492000,3.492000,3.491400,3.492000,3.492000,3.492300,3.491400,3.490800,3.491700,3.491850,3.491850,3.491400,3.491700,3.493050,3.490950,20.365839,19.865503,20.065369,20.017023,20.052393,20.047358,20.133265,19.956415,19.981653,20.239405,20.163568,,,,,,,20.113031,20.365839,19.865503,19.991755,19.946314,20.027124,20.113031,20.032190,0,0,0,0,0,0
512758,97.769249,3.493050,3.490350,3.491759,0.002700,3.491700,3.492300,3.491850,3.491850,3.491700,3.492000,3.492900,3.490650,3.491550,3.491550,3.492600,3.490350,3.492300,3.492000,3.492000,3.491400,3.492000,3.491850,3.492300,3.491400,3.490650,3.491550,3.491850,3.492000,3.491400,3.491550,3.493050,3.490950,20.365839,19.865503,20.065052,20.017023,20.052393,20.047358,20.133265,19.956415,19.981653,20.239405,20.163568,,,,,,,20.113031,20.365839,19.865503,19.991755,19.941248,20.027124,20.113031,20.032190,0,0,0,0,0,0
513258,97.769691,3.493050,3.490350,3.491775,0.002700,3.491700,3.492300,3.491850,3.491700,3.491700,3.492150,3.492900,3.490650,3.491700,3.491400,3.492600,3.490350,3.492300,3.492000,3.492150,3.491400,3.492000,3.491850,3.492300,3.491400,3.490800,3.491550,3.491850,3.492000,3.491550,3.491550,3.493050,3.490950,20.365839,19.865503,20.064737,20.017023,20.047358,20.047358,20.133265,19.961451,19.976618,20.239405,20.163568,,,,,,,20.113031,20.365839,19.865503,19.991755,19.946314,20.027124,20.113031,20.027124,0,0,0,0,0,0
513760,97.769249,3.493050,3.490350,3.491759,0.002700,3.491700,3.492300,3.491850,3.491700,3.491700,3.492150,3.492900,3.490650,3.491550,3.491550,3.492600,3.490350,3.492300,3.492000,3.492000,3.491400,3.492000,3.491850,3.492300,3.491400,3.490800,3.491550,3.491850,3.491850,3.491400,3.491550,3.493050,3.490950,20.365839,19.865503,20.065369,20.017023,20.052393,20.047358,20.133265,19.961451,19.976618,20.239405,20.163568,,,,,,,20.113031,20.365839,19.865503,19.991755,19.946314,20.027124,20.113031,20.032190,0,0,0,0,0,0
514260,97.769402,3.492900,3.490500,3.491764,0.002400,3.491700,3.492300,3.491850,3.491850,3.491700,3.492000,3.492900,3.490650,3.491700,3.491550,3.492600,3.490500,3.492300,3.492000,3.492000,3.491400,3.492000,3.491850,3.492300,3.491400,3.490800,3.491550,3.491850,3.491850,3.491400,3.491550,3.492900,3.490950,20.365839,19.865503,20.065369,20.017023,20.052393,20.052393,20.133265,19.956415,19.976618,20.239405,20.163568,,,,,,,20.113031,20.365839,19.865503,19.991755,19.946314,20.027124,20.113031,20.032190,0,0,0,0,0,0
514762,97.769104,3.492900,3.490350,3.491754,0.002550,3.491700,3.492300,3.491850,3.491850,3.491700,3.492000,3.492900,3.490500,3.491550,3.491550,3.492600,3.490350,3.492300,3.492000,3.492000,3.491400,3.492000,3.491850,3.492300,3.491400,3.490800,3.491700,3.491850,3.491850,3.491400,3.491550,3.492900,3.490950,20.365839,19.865503,20.065685,20.017023,20.052393,20.047358,20.133265,19.956415,19.981653,20.244471,20.163568,,,,,,,20.113031,20.365839,19.865503,19.991755,19.946314,20.027124,20.113031,20.032190,0,0,0,0,0,0
515263,97.769257,3.493050,3.490350,3.491759,0.002700,3.491700,3.492300,3.491850,3.491850,3.491700,3.492000,3.492900,3.490650,3.491550,3.491550,3.492600,3.490350,3.492300,3.492000,3.492000,3.491400,3.492000,3.491850,3.492300,3.491400,3.490800,3.491550,3.491850,3.491850,3.491400,3.491550,3.493050,3.490950,20.365839,19.870539,20.066315,20.017023,20.052393,20.052393,20.133265,19.956415,19.981653,20.244471,20.163568,,,,,,,20.113031,20.365839,19.870539,19.991755,19.946314,20.027124,20.113031,20.032190,0,0,0,0,0,0
515763,97.769241,3.493050,3.490350,3.491759,0.002700,3.491700,3.492150,3.491850,3.491700,3.491700,3.492000,3.492900,3.490650,3.491550,3.491550,3.492600,3.490350,3.492300,3.492000,3.492000,3.491400,3.492000,3.491850,3.492300,3.491400,3.490650,3.491700,3.492000,3.492000,3.491400,3.491550,3.493050,3.490950,20.365839,19.865503,20.065371,20.017023,20.052393,20.047358,20.133265,19.956415,19.976618,20.244471,20.163568,,,,,,,20.113031,20.365839,19.865503,19.991755,19.946314,20.027124,20.113031,20.032190,0,0,0,0,0,0
516264,97.768791,3.492900,3.490350,3.491743,0.002550,3.491700,3.492150,3.491850,3.491700,3.491700,3.492000,3.492900,3.490650,3.491550,3.491550,3.492600,3.490350,3.492300,3.492000,3.492000,3.491400,3.492000,3.491850,3.492300,3.491400,3.490650,3.491550,3.491850,3.492000,3.491400,3.491550,3.492900,3.490950,20.365839,19.865503,20.065371,20.017023,20.052393,20.047358,20.133265,19.956415,19.976618,20.244471,20.163568,,,,,,,20.113031,20.365839,19.865503,19.991755,19.946314,20.027124,20.113031,20.032190,0,0,0,0,0,0
516766,97.768494,3.492900,3.490350,3.491732,0.002550,3.491700,3.492300,3.491850,3.491700,3.491700,3.492150,3.492900,3.490500,3.491550,3.491400,3.492450,3.490350,3.492150,3.491850,3.492000,3.491400,3.492000,3.491850,3.492300,3.491400,3.490650,3.491550,3.492000,3.491850,3.491400,3.491700,3.492900,3.490950,20.365839,19.865503,20.065683,20.017023,20.052393,20.052393,20.133265,19.961451,19.976618,20.244471,20.163568,,,,,,,20.113031,20.365839,19.865503,19.991755,19.946314,20.027124,20.113031,20.027124,0,0,0,0,0,0
517266,97.768944,3.493050,3.490350,3.491748,0.002700,3.491700,3.492150,3.491850,3.491700,3.491700,3.492000,3.492900,3.490650,3.491550,3.491550,3.492600,3.490350,3.492300,3.492000,3.492000,3.491400,3.492000,3.491850,3.492300,3.491400,3.490650,3.491550,3.491850,3.492000,3.491400,3.491550,3.493050,3.490950,20.365839,19.865503,20.064423,20.017023,20.047358,20.047358,20.128199,19.956415,19.976618,20.244471,20.163568,,,,,,,20.113031,20.365839,19.865503,19.991755,19.946314,20.027124,20.113031,20.027124,0,0,0,0,0,0
517768,97.769707,3.492900,3.490500,3.491775,0.002400,3.491850,3.492300,3.491700,3.491850,3.491700,3.492150,3.492900,3.490650,3.491550,3.491550,3.492600,3.490500,3.492300,3.492000,3.492000,3.491400,3.492000,3.491850,3.492300,3.491400,3.490800,3.491700,3.491850,3.491850,3.491400,3.491700,3.492900,3.490950,20.365839,19.865503,20.065056,20.017023,20.047358,20.047358,20.133265,19.956415,19.976618,20.244471,20.163568,,,,,,,20.118097,20.365839,19.865503,19.991755,19.946314,20.027124,20.113031,20.027124,0,0,0,0,0,0
518269,97.769104,3.492900,3.490350,3.491754,0.002550,3.491700,3.492300,3.491850,3.491850,3.491700,3.492000,3.492900,3.490650,3.491550,3.491400,3.492600,3.490350,3.492150,3.492000,3.492000,3.491400,3.492000,3.491850,3.492300,3.491400,3.490800,3.491700,3.492000,3.491850,3.491400,3.491550,3.492900,3.490950,20.365839,19.865503,20.066000,20.017023,20.052393,20.047358,20.128199,19.961451,19.976618,20.249506,20.163568,,,,,,,20.113031,20.365839,19.865503,19.991755,19.946314,20.032190,20.113031,20.032190,0,0,0,0,0,0
518769,97.768654,3.492900,3.490350,3.491738,0.002550,3.491700,3.492150,3.491850,3.491700,3.491550,3.492000,3.492900,3.490650,3.491550,3.491550,3.492600,3.490350,3.492300,3.492000,3.492000,3.491400,3.492000,3.491850,3.492300,3.491400,3.490800,3.491550,3.491850,3.491850,3.491400,3.491550,3.492900,3.490950,20.365839,19.865503,20.066000,20.017023,20.052393,20.047358,20.133265,19.956415,19.981653,20.249506,20.163568,,,,,,,20.113031,20.365839,19.865503,19.991755,19.946314,20.027124,20.113031,20.032190,0,0,0,0,0,0
519271,97.768494,3.493050,3.490350,3.491732,0.002700,3.491700,3.492300,3.491850,3.491700,3.491700,3.492000,3.492900,3.490500,3.491550,3.491550,3.492600,3.490350,3.492150,3.492000,3.492000,3.491400,3.492000,3.491850,3.492300,3.491250,3.490650,3.491550,3.491850,3.491850,3.491400,3.491550,3.493050,3.490950,20.365839,19.865503,20.066629,20.017023,20.052393,20.052393,20.128199,19.961451,19.981653,20.249506,20.163568,,,,,,,20.113031,20.365839,19.865503,19.991755,19.946314,20.032190,20.113031,20.032190,0,0,0,0,0,0
519771,97.768494,3.492900,3.490500,3.491732,0.002400,3.491700,3.492150,3.491850,3.491700,3.491700,3.492000,3.492900,3.490650,3.491550,3.491550,3.492600,3.490500,3.492300,3.492000,3.492000,3.491400,3.492000,3.491850,3.492300,3.491250,3.490650,3.491550,3.491850,3.491850,3.491400,3.491550,3.492900,3.490800,20.365839,19.870539,20.066319,20.017023,20.047358,20.047358,20.133265,19.956415,19.976618,20.249506,20.168634,,,,,,,20.118097,20.365839,19.870539,19.991755,19.946314,20.027124,20.113031,20.032190,0,0,0,0,0,0
520272,97.768654,3.492900,3.490500,3.491738,0.002400,3.491700,3.492300,3.491850,3.491700,3.491700,3.492000,3.492900,3.490650,3.491550,3.491550,3.492600,3.490500,3.492300,3.491850,3.492000,3.491250,3.492000,3.491850,3.492300,3.491400,3.490650,3.491550,3.491850,3.491850,3.491400,3.491550,3.492900,3.490950,20.365839,19.865503,20.066315,20.017023,20.052393,20.047358,20.133265,19.961451,19.981653,20.249506,20.163568,,,,,,,20.113031,20.365839,19.865503,19.991755,19.946314,20.027124,20.113031,20.032190,0,0,0,0,0,0
520773,97.768944,3.492900,3.490350,3.491748,0.002550,3.491700,3.492150,3.491850,3.491850,3.491700,3.492150,3.492900,3.490650,3.491550,3.491550,3.492600,3.490350,3.492300,3.492000,3.492000,3.491400,3.492000,3.491850,3.492300,3.491400,3.490650,3.491550,3.491850,3.491850,3.491400,3.491550,3.492900,3.490950,20.360773,19.865503,20.065367,20.017023,20.052393,20.047358,20.133265,19.956415,19.981653,20.249506,20.163568,,,,,,,20.113031,20.360773,19.865503,19.991755,19.946314,20.027124,20.113031,20.027124,0,0,0,0,0,0
521275,97.768646,3.492900,3.490350,3.491737,0.002550,3.491700,3.492300,3.491850,3.491700,3.491700,3.492000,3.492900,3.490500,3.491550,3.491550,3.492600,3.490350,3.492300,3.492000,3.492000,3.491400,3.491850,3.491850,3.492150,3.491400,3.490650,3.491550,3.491850,3.492000,3.491400,3.491700,3.492900,3.490950,20.365839,19.870539,20.066946,20.017023,20.052393,20.047358,20.128199,19.961451,19.981653,20.254572,20.163568,,,,,,,20.118097,20.365839,19.870539,19.991755,19.946314,20.027124,20.113031,20.032190,0,0,0,0,0,0
521775,97.768501,3.492900,3.490350,3.491732,0.002550,3.491700,3.492150,3.491850,3.491850,3.491700,3.492000,3.492900,3.490650,3.491550,3.491400,3.492450,3.490350,3.492300,3.492000,3.492000,3.491400,3.492000,3.491850,3.492300,3.491400,3.490650,3.491550,3.491850,3.491850,3.491400,3.491550,3.492900,3.490950,20.365839,19.870539,20.066948,20.017023,20.052393,20.047358,20.133265,19.956415,19.981653,20.254572,20.163568,,,,,,,20.118097,20.365839,19.870539,19.991755,19.946314,20.027124,20.113031,20.032190,0,0,0,0,0,0
522276,97.768646,3.492900,3.490350,3.491737,0.002550,3.491700,3.492300,3.491850,3.491700,3.491700,3.492000,3.492900,3.490650,3.491550,3.491550,3.492600,3.490350,3.492150,3.492000,3.492000,3.491400,3.492000,3.491850,3.492300,3.491400,3.490650,3.491550,3.491850,3.491850,3.491400,3.491550,3.492900,3.490950,20.365839,19.870539,20.066633,20.017023,20.052393,20.047358,20.133265,19.956415,19.976618,20.254572,20.163568,,,,,,,20.118097,20.365839,19.870539,19.991755,19.946314,20.027124,20.113031,20.032190,0,0,0,0,0,0
522777,97.769096,3.492900,3.490350,3.491753,0.002550,3.491700,3.492300,3.491850,3.491850,3.491700,3.492000,3.492900,3.490650,3.491550,3.491550,3.492600,3.490350,3.492300,3.492000,3.492000,3.491400,3.492000,3.491850,3.492300,3.491400,3.490650,3.491550,3.491850,3.492000,3.491400,3.491550,3.492900,3.490950,20.365839,19.865503,20.066633,20.017023,20.052393,20.047358,20.133265,19.961451,19.976618,20.254572,20.163568,,,,,,,20.118097,20.365839,19.865503,19.991755,19.946314,20.027124,20.113031,20.032190,0,0,0,0,0,0
523278,97.768051,3.492900,3.490350,3.491716,0.002550,3.491700,3.492150,3.491850,3.491700,3.491550,3.492000,3.492900,3.490500,3.491550,3.491550,3.492600,3.490350,3.492150,3.492000,3.492000,3.491400,3.491850,3.491850,3.492300,3.491400,3.490650,3.491550,3.491850,3.491850,3.491400,3.491550,3.492900,3.490950,20.365839,19.865503,20.066948,20.017023,20.052393,20.047358,20.133265,19.961451,19.981653,20.254572,20.163568,,,,,,,20.118097,20.365839,19.865503,19.991755,19.946314,20.027124,20.113031,20.032190,0,0,0,0,0,0
523779,97.767746,3.492900,3.490350,3.491705,0.002550,3.491700,3.492150,3.491850,3.491700,3.491550,3.492000,3.492900,3.490650,3.491550,3.491550,3.492600,3.490350,3.492150,3.491850,3.492000,3.491250,3.492000,3.491850,3.492150,3.491250,3.490650,3.491550,3.491850,3.491850,3.491400,3.491550,3.492900,3.490950,20.365839,19.870539,20.067265,20.017023,20.052393,20.047358,20.133265,19.961451,19.976618,20.254572,20.163568,,,,,,,20.118097,20.365839,19.870539,19.991755,19.946314,20.032190,20.113031,20.032190,0,0,0,0,0,0
524280,97.767746,3.493050,3.490350,3.491705,0.002700,3.491700,3.492300,3.491850,3.491700,3.491700,3.492000,3.492750,3.490650,3.491550,3.491400,3.492450,3.490350,3.492150,3.491850,3.492000,3.491250,3.492000,3.491850,3.492150,3.491250,3.490650,3.491550,3.491850,3.491850,3.491400,3.491550,3.493050,3.490950,20.365839,19.865503,20.066633,20.017023,20.052393,20.047358,20.133265,19.956415,19.981653,20.254572,20.163568,,,,,,,20.118097,20.365839,19.865503,19.991755,19.946314,20.027124,20.113031,20.032190,0,0,0,0,0,0
524781,97.768356,3.492900,3.490350,3.491727,0.002550,3.491700,3.492150,3.491700,3.491850,3.491700,3.492000,3.492900,3.490650,3.491550,3.491550,3.492450,3.490350,3.492150,3.492000,3.492000,3.491400,3.492000,3.491850,3.492300,3.491400,3.490650,3.491400,3.491850,3.491850,3.491400,3.491700,3.492900,3.490950,20.365839,19.865503,20.066633,20.017023,20.052393,20.047358,20.133265,19.956415,19.981653,20.254572,20.163568,,,,,,,20.118097,20.365839,19.865503,19.991755,19.946314,20.027124,20.113031,20.032190,0,0,0,0,0,0
525283,97.767754,3.492900,3.490350,3.491705,0.002550,3.491700,3.492150,3.491850,3.491700,3.491550,3.492000,3.492900,3.490650,3.491550,3.491400,3.492450,3.490350,3.492150,3.491850,3.492000,3.491400,3.492000,3.491850,3.492300,3.491250,3.490650,3.491550,3.491850,3.491850,3.491400,3.491550,3.492900,3.490950,20.365839,19.870539,20.067579,20.017023,20.052393,20.052393,20.133265,19.956415,19.981653,20.254572,20.163568,,,,,,,20.118097,20.365839,19.870539,19.991755,19.946314,20.032190,20.113031,20.032190,0,0,0,0,0,0
525783,97.767601,3.493050,3.490350,3.491700,0.002700,3.491700,3.492150,3.491850,3.491700,3.491700,3.492000,3.492750,3.490500,3.491550,3.491400,3.492450,3.490350,3.492150,3.492000,3.492000,3.491250,3.491850,3.491850,3.492300,3.491250,3.490650,3.491550,3.491850,3.491850,3.491400,3.491550,3.493050,3.490950,20.365839,19.865503,20.066950,20.017023,20.052393,20.047358,20.133265,19.956415,19.981653,20.259638,20.163568,,,,,,,20.118097,20.365839,19.865503,19.991755,19.946314,20.027124,20.113031,20.032190,0,0,0,0,0,0
526284,97.767746,3.492900,3.490350,3.491705,0.002550,3.491700,3.492150,3.491850,3.491700,3.491700,3.492000,3.492900,3.490650,3.491550,3.491400,3.492450,3.490350,3.492300,3.491850,3.492000,3.491250,3.492000,3.491850,3.492300,3.491250,3.490650,3.491550,3.491850,3.491850,3.491250,3.491550,3.492900,3.490950,20.365839,19.870539,20.068527,20.022089,20.052393,20.052393,20.133265,19.961451,19.981653,20.259638,20.163568,,,,,,,20.118097,20.365839,19.870539,19.991755,19.946314,20.032190,20.113031,20.032190,0,0,0,0,0,0
526785,97.767899,3.493050,3.490350,3.491711,0.002700,3.491700,3.492300,3.491850,3.491700,3.491550,3.492000,3.492900,3.490650,3.491550,3.491400,3.492450,3.490350,3.492150,3.492000,3.492000,3.491250,3.491850,3.491850,3.492300,3.491250,3.490650,3.491550,3.491850,3.491850,3.491400,3.491550,3.493050,3.490950,20.365839,19.870539,20.066950,20.017023,20.052393,20.047358,20.133265,19.956415,19.976618,20.259638,20.163568,,,,,,,20.118097,20.365839,19.870539,19.991755,19.946314,20.027124,20.113031,20.032190,0,0,0,0,0,0
527286,97.768188,3.492900,3.490350,3.491721,0.002550,3.491700,3.492150,3.491850,3.491700,3.491700,3.492000,3.492900,3.490650,3.491550,3.491550,3.492600,3.490350,3.492300,3.492000,3.492000,3.491250,3.492000,3.491850,3.492300,3.491250,3.490650,3.491550,3.491850,3.491850,3.491400,3.491550,3.492900,3.490800,20.365839,19.870539,20.068529,20.022089,20.052393,20.052393,20.133265,19.956415,19.981653,20.259638,20.168634,,,,,,,20.118097,20.365839,19.870539,19.991755,19.946314,20.027124,20.118097,20.032190,0,0,0,0,0,0
527787,97.767593,3.492900,3.490350,3.491700,0.002550,3.491700,3.492150,3.491850,3.491700,3.491550,3.492000,3.492900,3.490500,3.491550,3.491550,3.492450,3.490350,3.492150,3.492000,3.491850,3.491400,3.492000,3.491850,3.492150,3.491250,3.490650,3.491550,3.491850,3.491850,3.491400,3.491550,3.492900,3.490950,20.365839,19.870539,20.067265,20.017023,20.052393,20.047358,20.133265,19.956415,19.981653,20.259638,20.163568,,,,,,,20.118097,20.365839,19.870539,19.991755,19.946314,20.027124,20.113031,20.032190,0,0,0,0,0,0
528289,97.767746,3.492900,3.490350,3.491705,0.002550,3.491700,3.492300,3.491850,3.491850,3.491700,3.492000,3.492900,3.490500,3.491550,3.491400,3.492450,3.490350,3.492150,3.492000,3.492000,3.491250,3.491850,3.491850,3.492300,3.491250,3.490650,3.491550,3.491850,3.491850,3.491250,3.491550,3.492900,3.490950,20.365839,19.870539,20.067581,20.022089,20.052393,20.052393,20.133265,19.956415,19.976618,20.259638,20.163568,,,,,,,20.118097,20.365839,19.870539,19.991755,19.946314,20.027124,20.113031,20.032190,0,0,0,0,0,0
528789,97.767746,3.492900,3.490350,3.491705,0.002550,3.491700,3.492150,3.491850,3.491850,3.491700,3.492000,3.492900,3.490500,3.491550,3.491400,3.492450,3.490350,3.492150,3.491850,3.492000,3.491250,3.491850,3.491850,3.492300,3.491400,3.490650,3.491550,3.491850,3.491850,3.491400,3.491550,3.492900,3.490950,20.365839,19.870539,20.068527,20.017023,20.052393,20.052393,20.133265,19.961451,19.976618,20.259638,20.168634,,,,,,,20.123133,20.365839,19.870539,19.991755,19.946314,20.032190,20.113031,20.032190,0,0,0,0,0,0
529290,97.767448,3.492900,3.490350,3.491695,0.002550,3.491700,3.492150,3.491700,3.491700,3.491700,3.492000,3.492900,3.490650,3.491550,3.491400,3.492450,3.490350,3.492150,3.492000,3.492000,3.491400,3.491850,3.491700,3.492150,3.491250,3.490650,3.491550,3.491850,3.491850,3.491400,3.491550,3.492900,3.490950,20.365839,19.870539,20.068213,20.022089,20.052393,20.047358,20.133265,19.956415,19.981653,20.264673,20.168634,,,,,,,20.118097,20.365839,19.870539,19.991755,19.946314,20.027124,20.113031,20.032190,0,0,0,0,0,0
529792,97.767746,3.492900,3.490350,3.491705,0.002550,3.491700,3.492150,3.491700,3.491700,3.491700,3.492000,3.492900,3.490650,3.491550,3.491400,3.492450,3.490350,3.492150,3.492000,3.492000,3.491250,3.492000,3.491850,3.492300,3.491250,3.490650,3.491550,3.491850,3.491850,3.491400,3.491550,3.492900,3.490950,20.365839,19.870539,20.067896,20.017023,20.052393,20.047358,20.133265,19.956415,19.981653,20.264673,20.163568,,,,,,,20.118097,20.365839,19.870539,19.991755,19.946314,20.027124,20.118097,20.032190,0,0,0,0,0,0
530293,97.767593,3.492900,3.490350,3.491700,0.002550,3.491700,3.492150,3.491850,3.491850,3.491550,3.492000,3.492900,3.490650,3.491550,3.491400,3.492600,3.490350,3.492150,3.492000,3.492000,3.491250,3.491850,3.491850,3.492150,3.491250,3.490650,3.491550,3.491850,3.491850,3.491400,3.491550,3.492900,3.490800,20.365839,19.870539,20.068844,20.017023,20.052393,20.052393,20.133265,19.961451,19.976618,20.264673,20.168634,,,,,,,20.118097,20.365839,19.870539,19.991755,19.946314,20.032190,20.118097,20.032190,0,0,0,0,0,0
530793,97.767899,3.492900,3.490350,3.491711,0.002550,3.491700,3.492150,3.491850,3.491700,3.491700,3.492000,3.492900,3.490650,3.491550,3.491550,3.492450,3.490350,3.492150,3.492000,3.492000,3.491250,3.491850,3.491850,3.492150,3.491400,3.490650,3.491550,3.491850,3.491850,3.491400,3.491550,3.492900,3.490950,20.365839,19.870539,20.068842,20.017023,20.052393,20.052393,20.133265,19.956415,19.981653,20.264673,20.168634,,,,,,,20.123133,20.365839,19.870539,19.991755,19.946314,20.032190,20.113031,20.032190,0,0,0,0,0,0
531295,97.767593,3.492900,3.490350,3.491700,0.002550,3.491700,3.492150,3.491850,3.491700,3.491550,3.492000,3.492900,3.490650,3.491550,3.491550,3.492600,3.490350,3.492300,3.492000,3.491850,3.491250,3.491850,3.491850,3.492150,3.491250,3.490650,3.491550,3.491850,3.491850,3.491400,3.491550,3.492900,3.490800,20.370874,19.870539,20.068840,20.017023,20.052393,20.052393,20.133265,19.956415,19.981653,20.264673,20.168634,,,,,,,20.123133,20.370874,19.870539,19.991755,19.946314,20.027124,20.113031,20.032190,0,0,0,0,0,0
531796,97.767899,3.492900,3.490350,3.491711,0.002550,3.491700,3.492150,3.491700,3.491700,3.491700,3.492000,3.492900,3.490650,3.491550,3.491550,3.492600,3.490350,3.492150,3.491850,3.492000,3.491250,3.491850,3.491850,3.492300,3.491400,3.490650,3.491550,3.491850,3.491850,3.491400,3.491550,3.492900,3.490950,20.365839,19.870539,20.068529,20.022089,20.052393,20.047358,20.133265,19.956415,19.976618,20.264673,20.168634,,,,,,,20.123133,20.365839,19.870539,19.991755,19.946314,20.032190,20.113031,20.032190,0,0,0,0,0,0
532297,97.767288,3.492900,3.490350,3.491689,0.002550,3.491700,3.492150,3.491850,3.491700,3.491700,3.492000,3.492900,3.490500,3.491550,3.491400,3.492600,3.490350,3.492150,3.492000,3.491850,3.491250,3.491850,3.491850,3.492150,3.491250,3.490650,3.491550,3.491850,3.491850,3.491400,3.491550,3.492900,3.490800,20.365839,19.870539,20.068529,20.017023,20.052393,20.047358,20.133265,19.956415,19.976618,20.264673,20.168634,,,,,,,20.123133,20.365839,19.870539,19.991755,19.946314,20.032190,20.118097,20.032190,0,0,0,0,0,0
532798,97.767296,3.492900,3.490350,3.491689,0.002550,3.491550,3.492150,3.491700,3.491850,3.491550,3.492000,3.492900,3.490650,3.491550,3.491400,3.492450,3.490350,3.492300,3.492000,3.491850,3.491250,3.491850,3.491850,3.492150,3.491250,3.490650,3.491550,3.491850,3.491850,3.491400,3.491550,3.492900,3.490950,20.365839,19.870539,20.068527,20.017023,20.052393,20.052393,20.133265,19.961451,19.976618,20.264673,20.168634,,,,,,,20.118097,20.365839,19.870539,19.991755,19.946314,20.027124,20.118097,20.032190,0,0,0,0,0,0
533298,97.767296,3.492900,3.490350,3.491689,0.002550,3.491700,3.492150,3.491850,3.491700,3.491550,3.492000,3.492900,3.490500,3.491550,3.491400,3.492450,3.490350,3.492150,3.491850,3.492000,3.491250,3.491850,3.491850,3.492300,3.491250,3.490650,3.491550,3.491850,3.491850,3.491400,3.491550,3.492900,3.490950,20.365839,19.870539,20.069157,20.022089,20.052393,20.052393,20.133265,19.961451,19.981653,20.264673,20.163568,,,,,,,20.123133,20.365839,19.870539,19.991755,19.946314,20.027124,20.118097,20.032190,0,0,0,0,0,0
533800,97.767441,3.492900,3.490350,3.491694,0.002550,3.491700,3.492150,3.491850,3.491700,3.491700,3.492000,3.492900,3.490500,3.491550,3.491400,3.492450,3.490350,3.492150,3.491850,3.492000,3.491250,3.492000,3.491850,3.492150,3.491250,3.490650,3.491550,3.491850,3.491850,3.491400,3.491550,3.492900,3.490950,20.370874,19.870539,20.069786,20.017023,20.052393,20.052393,20.133265,19.961451,19.981653,20.264673,20.168634,,,,,,,20.123133,20.370874,19.870539,19.991755,19.951349,20.027124,20.118097,20.032190,0,0,0,0,0,0
534301,97.767441,3.492900,3.490350,3.491694,0.002550,3.491700,3.492150,3.491850,3.491700,3.491550,3.492000,3.492900,3.490650,3.491550,3.491550,3.492450,3.490350,3.492150,3.492000,3.492000,3.491250,3.491850,3.491850,3.492300,3.491250,3.490650,3.491550,3.491850,3.491850,3.491250,3.491550,3.492900,3.490800,20.370874,19.870539,20.069790,20.022089,20.057459,20.047358,20.133265,19.961451,19.981653,20.264673,20.168634,,,,,,,20.123133,20.370874,19.870539,19.991755,19.946314,20.027124,20.118097,20.032190,0,0,0,0,0,0
534801,97.766556,3.492900,3.490200,3.491663,0.002700,3.491700,3.492150,3.491700,3.491700,3.491700,3.492000,3.492750,3.490500,3.491550,3.491400,3.492450,3.490200,3.492150,3.491850,3.491850,3.491250,3.491850,3.491850,3.492150,3.491250,3.490650,3.491400,3.491850,3.491850,3.491400,3.491550,3.492900,3.490950,20.365839,19.870539,20.069157,20.017023,20.052393,20.052393,20.133265,19.961451,19.981653,20.264673,20.168634,,,,,,,20.123133,20.365839,19.870539,19.991755,19.946314,20.027124,20.118097,20.032190,0,0,0,0,0,0
535302,97.766838,3.492900,3.490350,3.491673,0.002550,3.491700,3.492150,3.491700,3.491700,3.491550,3.492000,3.492750,3.490500,3.491550,3.491400,3.492450,3.490350,3.492150,3.491850,3.492000,3.491250,3.491850,3.491850,3.492150,3.491250,3.490650,3.491550,3.491850,3.491850,3.491400,3.491550,3.492900,3.490950,20.370874,19.870539,20.069475,20.022089,20.057459,20.047358,20.133265,19.961451,19.976618,20.264673,20.163568,,,,,,,20.123133,20.370874,19.870539,19.991755,19.946314,20.032190,20.118097,20.032190,0,0,0,0,0,0
535803,97.767448,3.492900,3.490350,3.491695,0.002550,3.491700,3.492150,3.491850,3.491700,3.491550,3.492000,3.492900,3.490650,3.491550,3.491400,3.492450,3.490350,3.492150,3.492000,3.492000,3.491250,3.491850,3.491850,3.492150,3.491250,3.490650,3.491550,3.491850,3.491850,3.491400,3.491550,3.492900,3.490950,20.365839,19.870539,20.069473,20.017023,20.052393,20.052393,20.133265,19.961451,19.981653,20.269739,20.168634,,,,,,,20.123133,20.365839,19.870539,19.991755,19.946314,20.027124,20.118097,20.032190,0,0,0,0,0,0
536305,97.766693,3.492900,3.490350,3.491668,0.002550,3.491550,3.492150,3.491700,3.491700,3.491550,3.491850,3.492900,3.490500,3.491400,3.491550,3.492450,3.490350,3.492150,3.491850,3.492000,3.491250,3.491850,3.491850,3.492150,3.491250,3.490650,3.491550,3.491850,3.491850,3.491400,3.491550,3.492900,3.490950,20.370874,19.870539,20.070105,20.022089,20.052393,20.052393,20.133265,19.956415,19.981653,20.264673,20.168634,,,,,,,20.123133,20.370874,19.870539,19.991755,19.951349,20.032190,20.118097,20.032190,0,0,0,0,0,0
536805,97.766983,3.492900,3.490350,3.491678,0.002550,3.491700,3.492150,3.491700,3.491700,3.491550,3.492000,3.492900,3.490500,3.491550,3.491400,3.492600,3.490350,3.492150,3.491850,3.492000,3.491250,3.491850,3.491850,3.492150,3.491250,3.490650,3.491550,3.491850,3.491850,3.491400,3.491550,3.492900,3.490800,20.370874,19.875605,20.070419,20.022089,20.052393,20.052393,20.133265,19.961451,19.981653,20.264673,20.168634,,,,,,,20.123133,20.370874,19.875605,19.991755,19.951349,20.027124,20.118097,20.032190,0,0,0,0,0,0
537307,97.766693,3.492900,3.490350,3.491668,0.002550,3.491550,3.492150,3.491700,3.491700,3.491700,3.492000,3.492750,3.490500,3.491550,3.491400,3.492450,3.490350,3.492150,3.491850,3.491850,3.491250,3.491850,3.491850,3.492150,3.491250,3.490650,3.491550,3.491850,3.491850,3.491400,3.491550,3.492900,3.490950,20.370874,19.870539,20.069473,20.017023,20.052393,20.047358,20.133265,19.961451,19.981653,20.264673,20.168634,,,,,,,20.123133,20.370874,19.870539,19.991755,19.946314,20.032190,20.118097,20.032190,0,0,0,0,0,0
537808,97.766693,3.492900,3.490350,3.491668,0.002550,3.491700,3.492150,3.491700,3.491700,3.491550,3.492000,3.492900,3.490500,3.491550,3.491400,3.492450,3.490350,3.492150,3.491850,3.492000,3.491250,3.491850,3.491850,3.492150,3.491250,3.490650,3.491550,3.491850,3.491850,3.491400,3.491400,3.492900,3.490800,20.370874,19.870539,20.070107,20.022089,20.052393,20.052393,20.133265,19.961451,19.976618,20.264673,20.168634,,,,,,,20.128199,20.370874,19.870539,19.991755,19.946314,20.032190,20.118097,20.032190,0,0,0,0,0,0
538308,97.766998,3.492900,3.490350,3.491678,0.002550,3.491550,3.492150,3.491700,3.491700,3.491700,3.492000,3.492900,3.490650,3.491550,3.491400,3.492450,3.490350,3.492150,3.491850,3.492000,3.491400,3.491850,3.491850,3.492150,3.491250,3.490500,3.491550,3.491850,3.491850,3.491400,3.491550,3.492900,3.490800,20.370874,19.870539,20.069788,20.017023,20.052393,20.052393,20.133265,19.961451,19.981653,20.264673,20.168634,,,,,,,20.123133,20.370874,19.870539,19.991755,19.946314,20.032190,20.118097,20.032190,0,0,0,0,0,0
538810,97.765800,3.492900,3.490200,3.491636,0.002700,3.491550,3.492150,3.491700,3.491700,3.491550,3.492000,3.492750,3.490500,3.491550,3.491400,3.492450,3.490200,3.492150,3.492000,3.491850,3.491250,3.491850,3.491700,3.492150,3.491250,3.490650,3.491400,3.491850,3.491850,3.491250,3.491400,3.492900,3.490800,20.370874,19.875605,20.070108,20.022089,20.057459,20.047358,20.133265,19.956415,19.981653,20.264673,20.168634,,,,,,,20.123133,20.370874,19.875605,19.991755,19.946314,20.032190,20.118097,20.032190,0,0,0,0,0,0
539311,97.766380,3.492900,3.490200,3.491657,0.002700,3.491700,3.492150,3.491700,3.491700,3.491550,3.492000,3.492900,3.490500,3.491550,3.491400,3.492450,3.490200,3.492150,3.491850,3.492000,3.491250,3.491850,3.491700,3.492150,3.491250,3.490650,3.491550,3.491850,3.491850,3.491250,3.491550,3.492900,3.490800,20.370874,19.870539,20.070103,20.017023,20.052393,20.052393,20.133265,19.961451,19.981653,20.264673,20.168634,,,,,,,20.123133,20.370874,19.870539,19.991755,19.951349,20.032190,20.118097,20.032190,0,0,0,0,0,0
539811,97.766098,3.492900,3.490200,3.491646,0.002700,3.491550,3.492150,3.491700,3.491550,3.491550,3.492000,3.492900,3.490500,3.491550,3.491400,3.492450,3.490200,3.492150,3.491850,3.491850,3.491250,3.491850,3.491850,3.492150,3.491250,3.490500,3.491550,3.491850,3.491850,3.491400,3.491550,3.492900,3.490800,20.370874,19.875605,20.070425,20.022089,20.057459,20.047358,20.133265,19.956415,19.981653,20.269739,20.168634,,,,,,,20.123133,20.370874,19.875605,19.991755,19.946314,20.032190,20.118097,20.032190,0,0,0,0,0,0
540313,97.766541,3.492900,3.490350,3.491662,0.002550,3.491700,3.492150,3.491700,3.491700,3.491550,3.492000,3.492750,3.490650,3.491550,3.491400,3.492450,3.490350,3.492150,3.491850,3.491850,3.491250,3.491850,3.491700,3.492300,3.491250,3.490650,3.491550,3.491850,3.491850,3.491250,3.491550,3.492900,3.490800,20.370874,19.870539,20.070107,20.017023,20.057459,20.052393,20.133265,19.956415,19.981653,20.269739,20.168634,,,,,,,20.123133,20.370874,19.870539,19.991755,19.946314,20.032190,20.118097,20.032190,0,0,0,0,0,0
540813,97.766708,3.492900,3.490350,3.491668,0.002550,3.491700,3.492150,3.491700,3.491700,3.491550,3.492000,3.492750,3.490500,3.491400,3.491400,3.492450,3.490350,3.492150,3.491850,3.491850,3.491250,3.491850,3.491850,3.492300,3.491400,3.490650,3.491550,3.491850,3.491850,3.491400,3.491400,3.492900,3.490950,20.370874,19.870539,20.070108,20.022089,20.052393,20.047358,20.133265,19.956415,19.976618,20.269739,20.168634,,,,,,,20.123133,20.370874,19.870539,19.996820,19.946314,20.032190,20.123133,20.032190,0,0,0,0,0,0
541315,97.766693,3.492900,3.490350,3.491668,0.002550,3.491700,3.492150,3.491700,3.491700,3.491550,3.492000,3.492900,3.490500,3.491550,3.491400,3.492450,3.490350,3.492150,3.491850,3.492000,3.491250,3.491850,3.491850,3.492150,3.491250,3.490650,3.491550,3.491850,3.491850,3.491400,3.491400,3.492900,3.490800,20.370874,19.875605,20.071053,20.022089,20.052393,20.052393,20.133265,19.961451,19.981653,20.269739,20.168634,,,,,,,20.123133,20.370874,19.875605,19.991755,19.951349,20.032190,20.118097,20.032190,0,0,0,0,0,0
541816,97.765945,3.492900,3.490200,3.491641,0.002700,3.491550,3.492150,3.491700,3.491700,3.491550,3.492000,3.492750,3.490500,3.491400,3.491400,3.492450,3.490200,3.492150,3.491850,3.492000,3.491250,3.491850,3.491700,3.492150,3.491250,3.490650,3.491550,3.491850,3.491850,3.491400,3.491400,3.492900,3.490800,20.370874,19.875605,20.071686,20.022089,20.052393,20.052393,20.133265,19.961451,19.981653,20.269739,20.168634,,,,,,,20.128199,20.370874,19.875605,19.991755,19.951349,20.032190,20.118097,20.037256,0,0,0,0,0,0
542317,97.766541,3.492900,3.490200,3.491662,0.002700,3.491700,3.492150,3.491700,3.491700,3.491700,3.492000,3.492900,3.490500,3.491550,3.491400,3.492450,3.490200,3.492150,3.491850,3.492000,3.491250,3.491850,3.491700,3.492300,3.491250,3.490650,3.491400,3.491850,3.491700,3.491400,3.491550,3.492900,3.490800,20.370874,19.870539,20.071686,20.022089,20.057459,20.052393,20.133265,19.961451,19.981653,20.269739,20.168634,,,,,,,20.128199,20.370874,19.870539,19.991755,19.951349,20.032190,20.118097,20.037256,0,0,0,0,0,0
542818,97.765953,3.492900,3.490350,3.491641,0.002550,3.491700,3.492150,3.491700,3.491700,3.491550,3.491850,3.492750,3.490500,3.491550,3.491400,3.492450,3.490350,3.492150,3.491850,3.491850,3.491250,3.491850,3.491700,3.492150,3.491250,3.490650,3.491400,3.491850,3.491850,3.491400,3.491400,3.492900,3.490800,20.370874,19.870539,20.071369,20.022089,20.057459,20.052393,20.133265,19.961451,19.981653,20.269739,20.168634,,,,,,,20.128199,20.370874,19.870539,19.991755,19.951349,20.032190,20.118097,20.032190,0,0,0,0,0,0
543319,97.766396,3.492900,3.490350,3.491657,0.002550,3.491700,3.492150,3.491700,3.491700,3.491550,3.492000,3.492900,3.490500,3.491400,3.491400,3.492450,3.490350,3.492150,3.491850,3.491850,3.491250,3.491850,3.491850,3.492150,3.491250,3.490500,3.491550,3.491850,3.491850,3.491400,3.491550,3.492900,3.490800,20.370874,19.875605,20.071371,20.022089,20.057459,20.047358,20.133265,19.961451,19.981653,20.269739,20.168634,,,,,,,20.128199,20.370874,19.875605,19.991755,19.951349,20.032190,20.118097,20.032190,0,0,0,0,0,0
543820,97.766098,3.492900,3.490350,3.491646,0.002550,3.491550,3.492150,3.491700,3.491700,3.491550,3.492000,3.492750,3.490500,3.491400,3.491400,3.492600,3.490350,3.492150,3.491850,3.491850,3.491250,3.491850,3.491700,3.492150,3.491250,3.490650,3.491400,3.491850,3.491850,3.491400,3.491550,3.492900,3.490800,20.370874,19.875605,20.071053,20.022089,20.057459,20.052393,20.133265,19.961451,19.981653,20.264673,20.168634,,,,,,,20.128199,20.370874,19.875605,19.991755,19.951349,20.027124,20.118097,20.032190,0,0,0,0,0,0
544321,97.766396,3.492900,3.490350,3.491657,0.002550,3.491700,3.492150,3.491700,3.491700,3.491550,3.492000,3.492750,3.490500,3.491400,3.491400,3.492450,3.490350,3.492150,3.491850,3.491850,3.491250,3.491850,3.491850,3.492150,3.491250,3.490650,3.491550,3.491850,3.491850,3.491250,3.491550,3.492900,3.490950,20.370874,19.875605,20.072001,20.022089,20.052393,20.052393,20.133265,19.961451,19.981653,20.269739,20.168634,,,,,,,20.128199,20.370874,19.875605,19.996820,19.951349,20.032190,20.123133,20.032190,0,0,0,0,0,0
544822,97.766098,3.492900,3.490350,3.491646,0.002550,3.491550,3.492150,3.491700,3.491700,3.491550,3.492000,3.492750,3.490500,3.491400,3.491400,3.492450,3.490350,3.492150,3.492000,3.491850,3.491250,3.491850,3.491850,3.492150,3.491250,3.490650,3.491550,3.491850,3.491700,3.491400,3.491400,3.492900,3.490800,20.370874,19.875605,20.071686,20.022089,20.057459,20.052393,20.133265,19.961451,19.981653,20.269739,20.168634,,,,,,,20.128199,20.370874,19.875605,19.991755,19.951349,20.032190,20.118097,20.032190,0,0,0,0,0,0
545323,97.765648,3.492900,3.490350,3.491630,0.002550,3.491550,3.492150,3.491700,3.491700,3.491550,3.492000,3.492750,3.490500,3.491400,3.491400,3.492450,3.490350,3.492150,3.491850,3.492000,3.491250,3.491850,3.491850,3.492150,3.491250,3.490500,3.491400,3.491700,3.491850,3.491250,3.491400,3.492900,3.490800,20.370874,19.875605,20.071054,20.022089,20.052393,20.047358,20.133265,19.961451,19.981653,20.269739,20.168634,,,,,,,20.128199,20.370874,19.875605,19.991755,19.951349,20.032190,20.118097,20.032190,0,0,0,0,0,0
545824,97.765648,3.492900,3.490200,3.491630,0.002700,3.491550,3.492150,3.491700,3.491550,3.491550,3.492000,3.492750,3.490500,3.491400,3.491400,3.492450,3.490200,3.492150,3.491850,3.491850,3.491250,3.491850,3.491850,3.492150,3.491250,3.490650,3.491400,3.491850,3.491850,3.491250,3.491550,3.492900,3.490800,20.370874,19.875605,20.071371,20.017023,20.057459,20.047358,20.133265,19.961451,19.976618,20.269739,20.168634,,,,,,,20.128199,20.370874,19.875605,19.996820,19.951349,20.032190,20.123133,20.032190,0,0,0,0,0,0
546325,97.766090,3.492900,3.490200,3.491646,0.002700,3.491550,3.492150,3.491700,3.491700,3.491550,3.492000,3.492750,3.490500,3.491550,3.491400,3.492450,3.490200,3.492150,3.491850,3.491850,3.491250,3.491850,3.491700,3.492150,3.491250,3.490650,3.491550,3.491850,3.491850,3.491400,3.491550,3.492900,3.490800,20.370874,19.875605,20.071686,20.022089,20.057459,20.047358,20.133265,19.961451,19.981653,20.269739,20.168634,,,,,,,20.128199,20.370874,19.875605,19.991755,19.951349,20.032190,20.123133,20.032190,0,0,0,0,0,0
546826,97.765785,3.492900,3.490350,3.491635,0.002550,3.491550,3.492150,3.491700,3.491700,3.491550,3.492000,3.492750,3.490500,3.491550,3.491400,3.492450,3.490350,3.492150,3.491850,3.492000,3.491250,3.491850,3.491700,3.492150,3.491250,3.490650,3.491400,3.491700,3.491700,3.491250,3.491550,3.492900,3.490800,20.370874,19.875605,20.072317,20.022089,20.057459,20.052393,20.133265,19.961451,19.981653,20.269739,20.168634,,,,,,,20.128199,20.370874,19.875605,19.996820,19.951349,20.032190,20.123133,20.032190,0,0,0,0,0,0
547327,97.765800,3.492900,3.490200,3.491636,0.002700,3.491550,3.492150,3.491700,3.491700,3.491550,3.492000,3.492750,3.490500,3.491400,3.491400,3.492450,3.490200,3.492150,3.491850,3.491850,3.491250,3.491850,3.491700,3.492150,3.491250,3.490650,3.491400,3.491850,3.491850,3.491400,3.491550,3.492900,3.490800,20.370874,19.875605,20.072317,20.022089,20.057459,20.052393,20.133265,19.961451,19.981653,20.269739,20.168634,,,,,,,20.133265,20.370874,19.875605,19.991755,19.951349,20.032190,20.123133,20.032190,0,0,0,0,0,0
547828,97.765640,3.492750,3.490200,3.491630,0.002550,3.491550,3.492150,3.491700,3.491700,3.491550,3.492000,3.492750,3.490500,3.491550,3.491400,3.492450,3.490200,3.492150,3.491850,3.492000,3.491250,3.491850,3.491700,3.492150,3.491250,3.490650,3.491400,3.491700,3.491850,3.491250,3.491550,3.492750,3.490800,20.370874,19.875605,20.071684,20.022089,20.057459,20.052393,20.133265,19.961451,19.981653,20.264673,20.168634,,,,,,,20.128199,20.370874,19.875605,19.991755,19.951349,20.032190,20.123133,20.032190,0,0,0,0,0,0
548329,97.765205,3.492900,3.490200,3.491615,0.002700,3.491550,3.492150,3.491700,3.491550,3.491550,3.492000,3.492900,3.490500,3.491400,3.491400,3.492450,3.490200,3.492000,3.491850,3.491850,3.491250,3.491850,3.491850,3.492150,3.491250,3.490500,3.491400,3.491700,3.491850,3.491250,3.491400,3.492900,3.490800,20.375940,19.875605,20.072002,20.022089,20.057459,20.052393,20.133265,19.961451,19.981653,20.269739,20.168634,,,,,,,20.128199,20.375940,19.875605,19.991755,19.951349,20.032190,20.118097,20.032190,0,0,0,0,0,0
548830,97.765640,3.492900,3.490200,3.491630,0.002700,3.491550,3.492150,3.491700,3.491700,3.491550,3.492000,3.492750,3.490500,3.491550,3.491400,3.492450,3.490200,3.492150,3.492000,3.491850,3.491250,3.491850,3.491700,3.492150,3.491250,3.490650,3.491400,3.491700,3.491700,3.491250,3.491550,3.492900,3.490800,20.375940,19.875605,20.072002,20.022089,20.057459,20.047358,20.133265,19.961451,19.981653,20.269739,20.168634,,,,,,,20.128199,20.375940,19.875605,19.991755,19.951349,20.032190,20.123133,20.032190,0,0,0,0,0,0
549331,97.765793,3.492900,3.490200,3.491636,0.002700,3.491550,3.492150,3.491700,3.491700,3.491550,3.492000,3.492750,3.490500,3.491400,3.491400,3.492300,3.490200,3.492150,3.492000,3.491850,3.491250,3.491850,3.491700,3.492150,3.491250,3.490650,3.491550,3.491850,3.491850,3.491250,3.491550,3.492900,3.490800,20.370874,19.875605,20.071684,20.022089,20.057459,20.052393,20.133265,19.961451,19.981653,20.264673,20.168634,,,,,,,20.128199,20.370874,19.875605,19.991755,19.951349,20.032190,20.123133,20.032190,0,0,0,0,0,0
549832,97.765335,3.492900,3.490200,3.491619,0.002700,3.491550,3.492150,3.491700,3.491700,3.491550,3.492000,3.492750,3.490500,3.491400,3.491250,3.492300,3.490200,3.492150,3.491850,3.491850,3.491250,3.491850,3.491700,3.492150,3.491250,3.490650,3.491550,3.491700,3.491850,3.491250,3.491550,3.492900,3.490800,20.375940,19.875605,20.072950,20.022089,20.057459,20.052393,20.133265,19.961451,19.981653,20.269739,20.168634,,,,,,,20.133265,20.375940,19.875605,19.996820,19.951349,20.032190,20.123133,20.032190,0,0,0,0,0,0
550333,97.765648,3.492900,3.490200,3.491630,0.002700,3.491550,3.492150,3.491700,3.491700,3.491550,3.492000,3.492900,3.490500,3.491550,3.491400,3.492450,3.490200,3.492150,3.491850,3.491850,3.491250,3.491850,3.491700,3.492150,3.491250,3.490650,3.491400,3.491700,3.491700,3.491250,3.491550,3.492750,3.490950,20.375940,19.875605,20.072317,20.022089,20.052393,20.052393,20.133265,19.961451,19.981653,20.264673,20.168634,,,,,,,20.133265,20.375940,19.875605,19.996820,19.951349,20.032190,20.123133,20.032190,0,0,0,0,0,0
550834,97.765495,3.492900,3.490200,3.491625,0.002700,3.491550,3.492150,3.491700,3.491700,3.491550,3.492000,3.492900,3.490500,3.491400,3.491400,3.492450,3.490200,3.492150,3.491850,3.491850,3.491250,3.491850,3.491850,3.492150,3.491250,3.490500,3.491550,3.491700,3.491700,3.491250,3.491400,3.492900,3.490800,20.375940,19.875605,20.072634,20.022089,20.057459,20.052393,20.133265,19.961451,19.981653,20.269739,20.168634,,,,,,,20.128199,20.375940,19.875605,19.991755,19.951349,20.032190,20.123133,20.037256,0,0,0,0,0,0
551335,97.765053,3.492900,3.490200,3.491609,0.002700,3.491550,3.492150,3.491700,3.491700,3.491550,3.492000,3.492750,3.490500,3.491400,3.491400,3.492450,3.490200,3.492150,3.491850,3.491850,3.491250,3.491850,3.491700,3.492150,3.491250,3.490500,3.491400,3.491700,3.491700,3.491250,3.491400,3.492900,3.490800,20.375940,19.880640,20.072630,20.022089,20.057459,20.052393,20.138300,19.961451,19.981653,20.264673,20.168634,,,,,,,20.128199,20.375940,19.880640,19.991755,19.951349,20.032190,20.123133,20.032190,0,0,0,0,0,0
551836,97.764748,3.492900,3.490200,3.491598,0.002700,3.491700,3.492150,3.491700,3.491550,3.491550,3.491850,3.492750,3.490500,3.491400,3.491400,3.492450,3.490200,3.492000,3.491850,3.491850,3.491250,3.491850,3.491700,3.492150,3.491250,3.490500,3.491400,3.491700,3.491700,3.491250,3.491400,3.492900,3.490800,20.375940,19.875605,20.072634,20.017023,20.057459,20.052393,20.133265,19.961451,19.981653,20.269739,20.168634,,,,,,,20.133265,20.375940,19.875605,19.996820,19.951349,20.032190,20.123133,20.032190,0,0,0,0,0,0
552337,97.764893,3.492900,3.490350,3.491603,0.002550,3.491550,3.492150,3.491700,3.491550,3.491550,3.492000,3.492750,3.490500,3.491400,3.491400,3.492300,3.490350,3.492150,3.491850,3.491850,3.491250,3.491700,3.491700,3.492150,3.491250,3.490500,3.491550,3.491700,3.491700,3.491250,3.491400,3.492900,3.490800,20.375940,19.875605,20.073267,20.022089,20.057459,20.047358,20.138300,19.961451,19.981653,20.269739,20.168634,,,,,,,20.133265,20.375940,19.875605,19.996820,19.951349,20.032190,20.123133,20.037256,0,0,0,0,0,0
552838,97.765343,3.492900,3.490200,3.491619,0.002700,3.491550,3.492150,3.491700,3.491700,3.491550,3.491850,3.492750,3.490500,3.491400,3.491400,3.492450,3.490200,3.492000,3.491850,3.491850,3.491250,3.491850,3.491700,3.492150,3.491250,3.490650,3.491400,3.491850,3.491850,3.491250,3.491550,3.492900,3.490800,20.375940,19.875605,20.072634,20.022089,20.057459,20.052393,20.133265,19.961451,19.981653,20.269739,20.168634,,,,,,,20.133265,20.375940,19.875605,19.991755,19.951349,20.032190,20.123133,20.032190,0,0,0,0,0,0
553339,97.765038,3.492900,3.490200,3.491608,0.002700,3.491550,3.492150,3.491700,3.491700,3.491550,3.491850,3.492750,3.490500,3.491550,3.491250,3.492450,3.490200,3.492000,3.491850,3.491850,3.491250,3.491850,3.491700,3.492000,3.491250,3.490650,3.491400,3.491850,3.491700,3.491250,3.491550,3.492900,3.490800,20.375940,19.875605,20.073265,20.022089,20.057459,20.052393,20.138300,19.961451,19.981653,20.269739,20.168634,,,,,,,20.133265,20.375940,19.875605,19.991755,19.951349,20.032190,20.123133,20.037256,0,0,0,0,0,0
553840,97.764900,3.492900,3.490200,3.491604,0.002700,3.491550,3.492150,3.491700,3.491700,3.491550,3.491850,3.492750,3.490500,3.491400,3.491400,3.492450,3.490200,3.492150,3.491850,3.491850,3.491250,3.491700,3.491700,3.492150,3.491250,3.490500,3.491400,3.491850,3.491700,3.491250,3.491400,3.492900,3.490800,20.375940,19.880640,20.073263,20.022089,20.057459,20.052393,20.138300,19.961451,19.981653,20.269739,20.168634,,,,,,,20.128199,20.375940,19.880640,19.991755,19.951349,20.032190,20.123133,20.037256,0,0,0,0,0,0
554341,97.765198,3.492900,3.490200,3.491614,0.002700,3.491550,3.492150,3.491700,3.491550,3.491550,3.491850,3.492750,3.490500,3.491400,3.491400,3.492450,3.490200,3.492000,3.491850,3.491850,3.491250,3.491850,3.491700,3.492150,3.491250,3.490650,3.491550,3.491850,3.491850,3.491250,3.491400,3.492900,3.490800,20.375940,19.875605,20.073265,20.022089,20.057459,20.052393,20.138300,19.961451,19.981653,20.269739,20.168634,,,,,,,20.133265,20.375940,19.875605,19.996820,19.951349,20.032190,20.123133,20.032190,0,0,0,0,0,0
554842,97.765045,3.492750,3.490200,3.491609,0.002550,3.491550,3.492150,3.491700,3.491550,3.491550,3.491850,3.492750,3.490500,3.491400,3.491400,3.492450,3.490200,3.492150,3.491850,3.491850,3.491250,3.491850,3.491700,3.492150,3.491250,3.490650,3.491400,3.491700,3.491850,3.491250,3.491550,3.492750,3.490800,20.375940,19.875605,20.072950,20.022089,20.057459,20.052393,20.133265,19.961451,19.981653,20.269739,20.168634,,,,,,,20.133265,20.375940,19.875605,19.991755,19.951349,20.032190,20.123133,20.037256,0,0,0,0,0,0
555343,97.765190,3.492900,3.490200,3.491614,0.002700,3.491550,3.492150,3.491700,3.491700,3.491550,3.491850,3.492750,3.490500,3.491400,3.491400,3.492450,3.490200,3.492000,3.491850,3.491850,3.491250,3.491850,3.491700,3.492150,3.491250,3.490650,3.491400,3.491850,3.491700,3.491250,3.491550,3.492900,3.490800,20.375940,19.880640,20.073265,20.022089,20.057459,20.052393,20.133265,19.961451,19.981653,20.274805,20.168634,,,,,,,20.133265,20.375940,19.880640,19.991755,19.951349,20.032190,20.123133,20.032190,0,0,0,0,0,0
555844,97.764900,3.492900,3.490200,3.491604,0.002700,3.491550,3.492000,3.491700,3.491700,3.491550,3.492000,3.492750,3.490500,3.491400,3.491400,3.492450,3.490200,3.492150,3.491850,3.491850,3.491250,3.491850,3.491700,3.492150,3.491250,3.490500,3.491400,3.491700,3.491700,3.491250,3.491400,3.492900,3.490800,20.375940,19.875605,20.073267,20.022089,20.057459,20.052393,20.133265,19.961451,19.981653,20.274805,20.168634,,,,,,,20.133265,20.375940,19.875605,19.996820,19.951349,20.032190,20.123133,20.032190,0,0,0,0,0,0
556345,97.765198,3.492900,3.490200,3.491614,0.002700,3.491550,3.492150,3.491700,3.491550,3.491550,3.491850,3.492750,3.490500,3.491400,3.491400,3.492450,3.490200,3.492150,3.491850,3.491850,3.491250,3.491850,3.491700,3.492150,3.491250,3.490500,3.491550,3.491850,3.491850,3.491250,3.491400,3.492900,3.490800,20.375940,19.880640,20.073267,20.022089,20.057459,20.052393,20.133265,19.956415,19.981653,20.274805,20.168634,,,,,,,20.133265,20.375940,19.880640,19.996820,19.951349,20.032190,20.123133,20.032190,0,0,0,0,0,0
556846,97.764450,3.492750,3.490200,3.491587,0.002550,3.491550,3.492000,3.491700,3.491700,3.491550,3.492000,3.492750,3.490500,3.491400,3.491400,3.492450,3.490200,3.492000,3.491850,3.491850,3.491250,3.491850,3.491700,3.492150,3.491100,3.490500,3.491400,3.491700,3.491700,3.491250,3.491400,3.492750,3.490800,20.375940,19.880640,20.074213,20.022089,20.062494,20.052393,20.133265,19.961451,19.981653,20.274805,20.168634,,,,,,,20.133265,20.375940,19.880640,19.996820,19.951349,20.032190,20.123133,20.037256,0,0,0,0,0,0
557347,97.764153,3.492750,3.490200,3.491577,0.002550,3.491550,3.492000,3.491700,3.491550,3.491400,3.491850,3.492750,3.490500,3.491400,3.491400,3.492450,3.490200,3.492000,3.491850,3.491850,3.491250,3.491700,3.491700,3.492150,3.491250,3.490500,3.491400,3.491850,3.491700,3.491250,3.491400,3.492750,3.490800,20.375940,19.875605,20.073898,20.022089,20.057459,20.052393,20.138300,19.961451,19.981653,20.274805,20.168634,,,,,,,20.133265,20.375940,19.875605,19.996820,19.951349,20.032190,20.128199,20.032190,0,0,0,0,0,0
557848,97.764458,3.492750,3.490200,3.491588,0.002550,3.491550,3.492150,3.491700,3.491550,3.491400,3.491850,3.492750,3.490350,3.491400,3.491400,3.492450,3.490200,3.492000,3.491850,3.491850,3.491250,3.491850,3.491700,3.492150,3.491250,3.490500,3.491400,3.491850,3.491850,3.491250,3.491400,3.492750,3.490800,20.375940,19.880640,20.073896,20.022089,20.057459,20.052393,20.138300,19.961451,19.981653,20.274805,20.168634,,,,,,,20.133265,20.375940,19.880640,19.996820,19.951349,20.032190,20.123133,20.032190,0,0,0,0,0,0
558349,97.764603,3.492750,3.490200,3.491593,0.002550,3.491550,3.492150,3.491700,3.491550,3.491550,3.492000,3.492750,3.490500,3.491400,3.491400,3.492450,3.490200,3.492000,3.491850,3.491850,3.491250,3.491700,3.491700,3.492150,3.491250,3.490500,3.491400,3.491700,3.491850,3.491250,3.491400,3.492750,3.490800,20.375940,19.880640,20.073896,20.022089,20.057459,20.052393,20.138300,19.961451,19.981653,20.274805,20.168634,,,,,,,20.133265,20.375940,19.880640,19.991755,19.951349,20.032190,20.128199,20.032190,0,0,0,0,0,0
558850,97.764595,3.492900,3.490200,3.491593,0.002700,3.491550,3.492000,3.491700,3.491700,3.491550,3.491850,3.492750,3.490500,3.491400,3.491400,3.492450,3.490200,3.492000,3.491700,3.491850,3.491250,3.491700,3.491700,3.492150,3.491250,3.490650,3.491400,3.491700,3.491700,3.491400,3.491400,3.492900,3.490800,20.375940,19.875605,20.073584,20.022089,20.057459,20.052393,20.133265,19.961451,19.981653,20.274805,20.168634,,,,,,,20.133265,20.375940,19.875605,19.996820,19.951349,20.032190,20.128199,20.032190,0,0,0,0,0,0
559351,97.764442,3.492900,3.490200,3.491587,0.002700,3.491550,3.492000,3.491700,3.491700,3.491550,3.491850,3.492750,3.490500,3.491400,3.491400,3.492300,3.490200,3.492000,3.491850,3.491850,3.491250,3.491700,3.491700,3.492150,3.491250,3.490650,3.491400,3.491700,3.491700,3.491250,3.491400,3.492900,3.490800,20.381006,19.880640,20.074844,20.022089,20.057459,20.052393,20.138300,19.961451,19.981653,20.279840,20.168634,,,,,,,20.133265,20.381006,19.880640,19.996820,19.951349,20.032190,20.123133,20.037256,0,0,0,0,0,0
559852,97.764305,3.492750,3.490350,3.491582,0.002400,3.491550,3.492000,3.491700,3.491550,3.491550,3.491850,3.492750,3.490500,3.491400,3.491250,3.492450,3.490350,3.492000,3.491850,3.491850,3.491250,3.491850,3.491700,3.492150,3.491250,3.490500,3.491400,3.491700,3.491700,3.491250,3.491400,3.492750,3.490800,20.375940,19.875605,20.072950,20.022089,20.057459,20.052393,20.133265,19.961451,19.981653,20.274805,20.168634,,,,,,,20.133265,20.375940,19.875605,19.991755,19.951349,20.032190,20.123133,20.032190,0,0,0,0,0,0
560353,97.764305,3.492750,3.490200,3.491582,0.002550,3.491550,3.492150,3.491700,3.491700,3.491550,3.491850,3.492750,3.490350,3.491400,3.491250,3.492450,3.490200,3.492000,3.491850,3.491850,3.491250,3.491850,3.491700,3.492150,3.491250,3.490500,3.491400,3.491700,3.491700,3.491250,3.491400,3.492750,3.490800,20.375940,19.875605,20.073580,20.022089,20.057459,20.052393,20.133265,19.961451,19.981653,20.279840,20.168634,,,,,,,20.138300,20.375940,19.875605,19.991755,19.951349,20.032190,20.123133,20.032190,0,0,0,0,0,0
560854,97.764000,3.492750,3.490200,3.491571,0.002550,3.491550,3.492000,3.491700,3.491550,3.491550,3.491850,3.492750,3.490500,3.491400,3.491250,3.492450,3.490200,3.492000,3.491850,3.491850,3.491250,3.491700,3.491700,3.492150,3.491250,3.490500,3.491400,3.491700,3.491700,3.491250,3.491400,3.492750,3.490800,20.375940,19.880640,20.074528,20.022089,20.057459,20.052393,20.138300,19.961451,19.981653,20.279840,20.168634,,,,,,,20.133265,20.375940,19.880640,19.996820,19.951349,20.032190,20.123133,20.037256,0,0,0,0,0,0
561355,97.763702,3.492750,3.490200,3.491561,0.002550,3.491550,3.492000,3.491700,3.491550,3.491550,3.491850,3.492750,3.490350,3.491400,3.491250,3.492450,3.490200,3.492000,3.491850,3.491850,3.491250,3.491700,3.491700,3.492150,3.491100,3.490500,3.491400,3.491700,3.491700,3.491250,3.491400,3.492750,3.490800,20.375940,19.880640,20.073582,20.022089,20.057459,20.047358,20.133265,19.961451,19.981653,20.279840,20.168634,,,,,,,20.133265,20.375940,19.880640,19.991755,19.951349,20.032190,20.128199,20.032190,0,0,0,0,0,0
561856,97.764297,3.492900,3.490200,3.491582,0.002700,3.491550,3.492150,3.491700,3.491550,3.491550,3.491850,3.492750,3.490350,3.491400,3.491400,3.492300,3.490200,3.492150,3.491850,3.491850,3.491250,3.491700,3.491700,3.492150,3.491250,3.490500,3.491400,3.491700,3.491700,3.491250,3.491400,3.492900,3.490800,20.375940,19.875605,20.074211,20.022089,20.057459,20.052393,20.138300,19.961451,19.981653,20.279840,20.168634,,,,,,,20.138300,20.375940,19.875605,19.996820,19.951349,20.032190,20.123133,20.032190,0,0,0,0,0,0
562357,97.764145,3.492750,3.490200,3.491577,0.002550,3.491550,3.492150,3.491700,3.491550,3.491550,3.491850,3.492750,3.490500,3.491400,3.491250,3.492300,3.490200,3.492150,3.491850,3.491850,3.491250,3.491850,3.491700,3.492150,3.491250,3.490500,3.491400,3.491700,3.491700,3.491250,3.491400,3.492750,3.490650,20.381006,19.880640,20.074528,20.022089,20.057459,20.052393,20.133265,19.961451,19.981653,20.279840,20.168634,,,,,,,20.138300,20.381006,19.880640,19.991755,19.951349,20.032190,20.128199,20.032190,0,0,0,0,0,0
562858,97.764458,3.492750,3.490200,3.491588,0.002550,3.491550,3.492150,3.491700,3.491700,3.491550,3.491850,3.492750,3.490500,3.491400,3.491400,3.492300,3.490200,3.492000,3.491850,3.491850,3.491250,3.491850,3.491700,3.492150,3.491250,3.490500,3.491400,3.491700,3.491700,3.491250,3.491400,3.492750,3.490800,20.375940,19.875605,20.073898,20.022089,20.057459,20.052393,20.133265,19.961451,19.981653,20.279840,20.168634,,,,,,,20.133265,20.375940,19.875605,19.996820,19.951349,20.032190,20.128199,20.032190,0,0,0,0,0,0
563359,97.764450,3.492750,3.490200,3.491587,0.002550,3.491550,3.492000,3.491700,3.491700,3.491550,3.491850,3.492750,3.490500,3.491400,3.491400,3.492450,3.490200,3.492150,3.491850,3.491850,3.491250,3.491700,3.491700,3.492150,3.491250,3.490500,3.491400,3.491700,3.491700,3.491250,3.491400,3.492750,3.490800,20.375940,19.880640,20.074842,20.022089,20.057459,20.052393,20.138300,19.961451,19.981653,20.279840,20.168634,,,,,,,20.138300,20.375940,19.880640,19.991755,19.951349,20.032190,20.128199,20.037256,0,0,0,0,0,0
563860,97.763847,3.492900,3.490200,3.491566,0.002700,3.491550,3.492000,3.491700,3.491550,3.491550,3.491850,3.492750,3.490500,3.491400,3.491400,3.492450,3.490200,3.492000,3.491700,3.491700,3.491100,3.491850,3.491700,3.492150,3.491100,3.490500,3.491400,3.491700,3.491700,3.491250,3.491400,3.492900,3.490800,20.375940,19.880640,20.075474,20.022089,20.062494,20.052393,20.138300,19.961451,19.981653,20.279840,20.168634,,,,,,,20.138300,20.375940,19.880640,19.996820,19.951349,20.032190,20.128199,20.037256,0,0,0,0,0,0
564361,97.763557,3.492750,3.490200,3.491556,0.002550,3.491550,3.492000,3.491700,3.491550,3.491400,3.491850,3.492750,3.490500,3.491400,3.491250,3.492300,3.490200,3.492000,3.491850,3.491850,3.491100,3.491700,3.491700,3.492150,3.491250,3.490500,3.491400,3.491700,3.491700,3.491250,3.491400,3.492750,3.490800,20.381006,19.880640,20.075161,20.022089,20.057459,20.052393,20.133265,19.961451,19.981653,20.279840,20.168634,,,,,,,20.138300,20.381006,19.880640,19.996820,19.951349,20.032190,20.128199,20.037256,0,0,0,0,0,0
564862,97.763702,3.492750,3.490200,3.491561,0.002550,3.491550,3.492000,3.491700,3.491550,3.491550,3.491850,3.492750,3.490500,3.491400,3.491250,3.492450,3.490200,3.492000,3.491850,3.491850,3.491100,3.491700,3.491700,3.492150,3.491100,3.490500,3.491400,3.491700,3.491700,3.491250,3.491400,3.492750,3.490800,20.381006,19.880640,20.075790,20.022089,20.062494,20.052393,20.138300,19.961451,19.981653,20.279840,20.168634,,,,,,,20.138300,20.381006,19.880640,19.996820,19.951349,20.032190,20.128199,20.037256,0,0,0,0,0,0
565363,97.764008,3.492750,3.490200,3.491572,0.002550,3.491550,3.492150,3.491700,3.491550,3.491550,3.491850,3.492750,3.490350,3.491400,3.491250,3.492300,3.490200,3.492000,3.491850,3.491850,3.491250,3.491850,3.491700,3.492150,3.491250,3.490500,3.491400,3.491700,3.491700,3.491250,3.491400,3.492750,3.490800,20.381006,19.880640,20.075476,20.022089,20.057459,20.052393,20.138300,19.961451,19.981653,20.279840,20.168634,,,,,,,20.138300,20.381006,19.880640,19.996820,19.951349,20.032190,20.128199,20.037256,0,0,0,0,0,0
565864,97.764755,3.492750,3.490200,3.491598,0.002550,3.491550,3.492150,3.491550,3.491550,3.491550,3.491850,3.492750,3.490500,3.491400,3.491250,3.492450,3.490200,3.492150,3.491850,3.491850,3.491250,3.491850,3.491700,3.492150,3.491250,3.490650,3.491400,3.491850,3.491850,3.491250,3.491400,3.492750,3.490800,20.381006,19.880640,20.075159,20.022089,20.057459,20.052393,20.138300,19.961451,19.981653,20.284906,20.168634,,,,,,,20.138300,20.381006,19.880640,19.991755,19.951349,20.032190,20.123133,20.037256,0,0,0,0,0,0
566365,97.763557,3.492750,3.490200,3.491556,0.002550,3.491550,3.492000,3.491700,3.491550,3.491550,3.491850,3.492750,3.490350,3.491400,3.491250,3.492300,3.490200,3.492000,3.491850,3.491850,3.491100,3.491700,3.491700,3.492150,3.491250,3.490500,3.491400,3.491700,3.491700,3.491250,3.491400,3.492750,3.490800,20.375940,19.880640,20.075790,20.022089,20.062494,20.052393,20.138300,19.961451,19.981653,20.284906,20.168634,,,,,,,20.138300,20.375940,19.880640,19.996820,19.951349,20.032190,20.128199,20.037256,0,0,0,0,0,0
566866,97.763855,3.492750,3.490200,3.491566,0.002550,3.491550,3.492150,3.491700,3.491550,3.491400,3.491850,3.492750,3.490350,3.491400,3.491400,3.492300,3.490200,3.492000,3.491850,3.491850,3.491250,3.491700,3.491700,3.492150,3.491250,3.490500,3.491400,3.491700,3.491700,3.491250,3.491400,3.492750,3.490800,20.381006,19.880640,20.075159,20.022089,20.057459,20.052393,20.138300,19.961451,19.981653,20.284906,20.168634,,,,,,,20.138300,20.381006,19.880640,19.991755,19.951349,20.032190,20.128199,20.032190,0,0,0,0,0,0
567367,97.763100,3.492750,3.490200,3.491539,0.002550,3.491550,3.492000,3.491700,3.491550,3.491550,3.491850,3.492750,3.490350,3.491400,3.491250,3.492300,3.490200,3.492000,3.491850,3.491850,3.491100,3.491700,3.491700,3.492000,3.491100,3.490500,3.491400,3.491700,3.491700,3.491250,3.491400,3.492750,3.490650,20.381006,19.880640,20.075792,20.022089,20.057459,20.052393,20.138300,19.961451,19.981653,20.284906,20.168634,,,,,,,20.138300,20.381006,19.880640,19.996820,19.951349,20.032190,20.128199,20.037256,0,0,0,0,0,0
567868,97.763390,3.492900,3.490200,3.491550,0.002700,3.491550,3.492150,3.491700,3.491550,3.491400,3.491850,3.492600,3.490350,3.491400,3.491250,3.492300,3.490200,3.492000,3.491850,3.491850,3.491250,3.491700,3.491700,3.492000,3.491250,3.490500,3.491400,3.491700,3.491700,3.491100,3.491400,3.492900,3.490800,20.381006,19.880640,20.075794,20.022089,20.057459,20.052393,20.133265,19.961451,19.981653,20.284906,20.173700,,,,,,,20.138300,20.381006,19.880640,19.996820,19.951349,20.032190,20.128199,20.037256,0,0,0,0,0,0
568369,97.763405,3.492750,3.490200,3.491550,0.002550,3.491550,3.492000,3.491700,3.491550,3.491400,3.491850,3.492750,3.490500,3.491400,3.491400,3.492300,3.490200,3.492000,3.491850,3.491850,3.491100,3.491700,3.491700,3.492000,3.491250,3.490500,3.491400,3.491700,3.491700,3.491250,3.491400,3.492750,3.490650,20.381006,19.880640,20.075790,20.022089,20.062494,20.052393,20.138300,19.961451,19.981653,20.284906,20.168634,,,,,,,20.138300,20.381006,19.880640,19.991755,19.951349,20.032190,20.128199,20.037256,0,0,0,0,0,0
568870,97.763550,3.492750,3.490200,3.491555,0.002550,3.491550,3.492000,3.491700,3.491550,3.491550,3.491850,3.492750,3.490500,3.491400,3.491250,3.492300,3.490200,3.492000,3.491850,3.491700,3.491250,3.491700,3.491700,3.492000,3.491250,3.490500,3.491400,3.491700,3.491700,3.491250,3.491400,3.492750,3.490800,20.381006,19.880640,20.076422,20.027124,20.062494,20.052393,20.138300,19.961451,19.981653,20.284906,20.168634,,,,,,,20.138300,20.381006,19.880640,19.991755,19.956415,20.032190,20.128199,20.037256,0,0,0,0,0,0
569371,97.763405,3.492750,3.490200,3.491550,0.002550,3.491550,3.492000,3.491700,3.491550,3.491550,3.491850,3.492600,3.490350,3.491400,3.491400,3.492300,3.490200,3.492000,3.491850,3.491850,3.491100,3.491700,3.491700,3.492150,3.491100,3.490500,3.491400,3.491700,3.491700,3.491250,3.491400,3.492750,3.490800,20.381006,19.880640,20.076740,20.027124,20.062494,20.052393,20.133265,19.966516,19.981653,20.284906,20.173700,,,,,,,20.138300,20.381006,19.880640,19.996820,19.951349,20.032190,20.128199,20.037256,0,0,0,0,0,0
569872,97.763702,3.492750,3.490200,3.491561,0.002550,3.491550,3.492000,3.491550,3.491550,3.491550,3.491850,3.492750,3.490500,3.491400,3.491400,3.492450,3.490200,3.492150,3.491850,3.491850,3.491100,3.491700,3.491550,3.492150,3.491250,3.490500,3.491400,3.491700,3.491700,3.491250,3.491400,3.492750,3.490650,20.381006,19.880640,20.076740,20.027124,20.057459,20.052393,20.138300,19.961451,19.981653,20.284906,20.168634,,,,,,,20.143366,20.381006,19.880640,19.996820,19.951349,20.037256,20.128199,20.037256,0,0,0,0,0,0
570373,97.763405,3.492750,3.490050,3.491550,0.002700,3.491400,3.492150,3.491700,3.491550,3.491550,3.491850,3.492750,3.490500,3.491400,3.491250,3.492300,3.490050,3.492000,3.491850,3.491850,3.491100,3.491700,3.491700,3.492150,3.491100,3.490500,3.491400,3.491700,3.491700,3.491250,3.491400,3.492750,3.490800,20.381006,19.880640,20.076424,20.022089,20.062494,20.052393,20.138300,19.961451,19.981653,20.284906,20.168634,,,,,,,20.138300,20.381006,19.880640,19.996820,19.956415,20.032190,20.128199,20.037256,0,0,0,0,0,0
570874,97.763695,3.492750,3.490200,3.491560,0.002550,3.491550,3.492000,3.491700,3.491550,3.491400,3.492000,3.492750,3.490350,3.491400,3.491250,3.492300,3.490200,3.492150,3.491850,3.491850,3.491100,3.491850,3.491700,3.492150,3.491100,3.490500,3.491400,3.491700,3.491700,3.491250,3.491400,3.492750,3.490800,20.381006,19.880640,20.075792,20.022089,20.057459,20.052393,20.138300,19.961451,19.981653,20.284906,20.168634,,,,,,,20.138300,20.381006,19.880640,19.996820,19.951349,20.032190,20.128199,20.037256,0,0,0,0,0,0
571375,97.763397,3.492750,3.490200,3.491550,0.002550,3.491550,3.492000,3.491700,3.491700,3.491400,3.491850,3.492750,3.490350,3.491400,3.491250,3.492300,3.490200,3.492000,3.491850,3.491700,3.491100,3.491700,3.491700,3.492000,3.491250,3.490500,3.491400,3.491700,3.491700,3.491250,3.491550,3.492750,3.490800,20.381006,19.880640,20.075792,20.022089,20.057459,20.052393,20.138300,19.961451,19.981653,20.284906,20.168634,,,,,,,20.138300,20.381006,19.880640,19.996820,19.951349,20.032190,20.128199,20.037256,0,0,0,0,0,0
571876,97.763100,3.492750,3.490200,3.491539,0.002550,3.491550,3.492150,3.491700,3.491550,3.491400,3.491850,3.492750,3.490350,3.491400,3.491250,3.492300,3.490200,3.492000,3.491850,3.491700,3.491100,3.491700,3.491700,3.492150,3.491250,3.490500,3.491400,3.491700,3.491700,3.491100,3.491400,3.492750,3.490650,20.381006,19.880640,20.076424,20.022089,20.062494,20.052393,20.138300,19.961451,19.981653,20.284906,20.173700,,,,,,,20.138300,20.381006,19.880640,19.996820,19.951349,20.032190,20.128199,20.037256,0,0,0,0,0,0
572377,97.763550,3.492750,3.490200,3.491555,0.002550,3.491550,3.492000,3.491550,3.491550,3.491400,3.491850,3.492750,3.490500,3.491400,3.491400,3.492300,3.490200,3.492000,3.491850,3.491850,3.491250,3.491700,3.491700,3.492150,3.491100,3.490500,3.491400,3.491700,3.491700,3.491250,3.491400,3.492750,3.490800,20.381006,19.880640,20.076740,20.027124,20.057459,20.052393,20.138300,19.961451,19.981653,20.284906,20.168634,,,,,,,20.143366,20.381006,19.880640,19.996820,19.951349,20.037256,20.128199,20.037256,0,0,0,0,0,0
572878,97.763100,3.492750,3.490200,3.491539,0.002550,3.491550,3.492000,3.491550,3.491550,3.491400,3.491850,3.492750,3.490500,3.491400,3.491400,3.492450,3.490200,3.492000,3.491700,3.491700,3.491100,3.491700,3.491700,3.492000,3.491250,3.490500,3.491400,3.491700,3.491700,3.491250,3.491400,3.492750,3.490650,20.381006,19.880640,20.077057,20.022089,20.062494,20.052393,20.138300,19.961451,19.986719,20.284906,20.168634,,,,,,,20.143366,20.381006,19.880640,19.996820,19.956415,20.032190,20.128199,20.037256,0,0,0,0,0,0
573379,97.763412,3.492750,3.490200,3.491550,0.002550,3.491550,3.492000,3.491700,3.491550,3.491400,3.491850,3.492750,3.490350,3.491400,3.491250,3.492300,3.490200,3.492000,3.491850,3.491850,3.491100,3.491700,3.491700,3.492150,3.491250,3.490500,3.491400,3.491700,3.491700,3.491250,3.491400,3.492750,3.490800,20.381006,19.880640,20.076424,20.022089,20.062494,20.052393,20.138300,19.961451,19.981653,20.284906,20.168634,,,,,,,20.143366,20.381006,19.880640,19.996820,19.951349,20.032190,20.128199,20.037256,0,0,0,0,0,0
573880,97.762344,3.492750,3.490200,3.491512,0.002550,3.491550,3.492000,3.491700,3.491550,3.491550,3.491850,3.492600,3.490350,3.491250,3.491250,3.492300,3.490200,3.492000,3.491700,3.491700,3.491100,3.491700,3.491550,3.492000,3.491250,3.490500,3.491400,3.491700,3.491550,3.491250,3.491250,3.492750,3.490800,20.381006,19.885706,20.075792,20.022089,20.057459,20.052393,20.138300,19.961451,19.981653,20.284906,20.168634,,,,,,,20.138300,20.381006,19.885706,19.996820,19.951349,20.032190,20.128199,20.032190,0,0,0,0,0,0
574381,97.763252,3.492750,3.490200,3.491545,0.002550,3.491550,3.492000,3.491700,3.491550,3.491400,3.491850,3.492750,3.490350,3.491400,3.491400,3.492300,3.490200,3.492000,3.491850,3.491700,3.491100,3.491700,3.491700,3.492150,3.491250,3.490500,3.491400,3.491700,3.491700,3.491250,3.491400,3.492750,3.490650,20.381006,19.885706,20.076424,20.022089,20.062494,20.052393,20.138300,19.961451,19.981653,20.284906,20.168634,,,,,,,20.143366,20.381006,19.885706,19.991755,19.951349,20.032190,20.128199,20.037256,0,0,0,0,0,0
574882,97.763092,3.492750,3.490200,3.491539,0.002550,3.491400,3.492000,3.491700,3.491550,3.491400,3.491850,3.492750,3.490500,3.491400,3.491400,3.492450,3.490200,3.492000,3.491850,3.491700,3.491250,3.491700,3.491700,3.492000,3.491100,3.490500,3.491250,3.491700,3.491700,3.491250,3.491400,3.492750,3.490650,20.381006,19.885706,20.077057,20.022089,20.062494,20.052393,20.138300,19.961451,19.981653,20.284906,20.168634,,,,,,,20.143366,20.381006,19.885706,19.996820,19.956415,20.032190,20.128199,20.037256,0,0,0,0,0,0
575383,97.762344,3.492750,3.490200,3.491512,0.002550,3.491550,3.492000,3.491550,3.491550,3.491400,3.491850,3.492600,3.490350,3.491400,3.491250,3.492300,3.490200,3.492000,3.491850,3.491700,3.491100,3.491700,3.491550,3.492000,3.491250,3.490500,3.491400,3.491700,3.491700,3.491100,3.491400,3.492750,3.490650,20.381006,19.880640,20.077374,20.022089,20.062494,20.052393,20.138300,19.961451,19.981653,20.284906,20.173700,,,,,,,20.143366,20.381006,19.880640,19.996820,19.956415,20.037256,20.128199,20.037256,0,0,0,0,0,0
575884,97.762650,3.492750,3.490050,3.491523,0.002700,3.491400,3.492000,3.491700,3.491550,3.491400,3.491850,3.492750,3.490350,3.491400,3.491250,3.492300,3.490050,3.492000,3.491700,3.491850,3.491100,3.491700,3.491700,3.492000,3.491250,3.490500,3.491250,3.491700,3.491700,3.491250,3.491400,3.492750,3.490800,20.381006,19.880640,20.076740,20.022089,20.062494,20.052393,20.138300,19.961451,19.981653,20.284906,20.168634,,,,,,,20.143366,20.381006,19.880640,19.996820,19.956415,20.032190,20.128199,20.037256,0,0,0,0,0,0
576385,97.762802,3.492750,3.490200,3.491529,0.002550,3.491550,3.492000,3.491700,3.491550,3.491400,3.491850,3.492750,3.490350,3.491400,3.491250,3.492300,3.490200,3.492000,3.491850,3.491700,3.491100,3.491700,3.491700,3.492000,3.491100,3.490500,3.491400,3.491700,3.491700,3.491250,3.491400,3.492750,3.490650,20.381006,19.880640,20.077688,20.027124,20.062494,20.052393,20.138300,19.961451,19.981653,20.284906,20.173700,,,,,,,20.143366,20.381006,19.880640,19.996820,19.956415,20.032190,20.133265,20.037256,0,0,0,0,0,0
576886,97.762650,3.492750,3.490200,3.491523,0.002550,3.491400,3.492000,3.491700,3.491550,3.491400,3.491850,3.492600,3.490350,3.491400,3.491250,3.492300,3.490200,3.492000,3.491850,3.491700,3.491250,3.491700,3.491550,3.492150,3.491100,3.490500,3.491400,3.491700,3.491700,3.491250,3.491400,3.492750,3.490650,20.381006,19.880640,20.077057,20.022089,20.062494,20.052393,20.138300,19.961451,19.981653,20.284906,20.173700,,,,,,,20.143366,20.381006,19.880640,19.996820,19.951349,20.037256,20.128199,20.037256,0,0,0,0,0,0
577387,97.761894,3.492750,3.490050,3.491496,0.002700,3.491550,3.492000,3.491550,3.491550,3.491400,3.491850,3.492600,3.490350,3.491250,3.491250,3.492300,3.490050,3.492000,3.491700,3.491700,3.491100,3.491700,3.491550,3.492000,3.491250,3.490500,3.491400,3.491700,3.491700,3.491250,3.491250,3.492750,3.490650,20.381006,19.880640,20.077690,20.022089,20.062494,20.052393,20.138300,19.961451,19.981653,20.284906,20.173700,,,,,,,20.143366,20.381006,19.880640,19.996820,19.956415,20.037256,20.133265,20.037256,0,0,0,0,0,0
577888,97.762497,3.492750,3.490200,3.491518,0.002550,3.491550,3.492000,3.491550,3.491550,3.491550,3.491850,3.492750,3.490350,3.491250,3.491250,3.492300,3.490200,3.492000,3.491700,3.491700,3.491100,3.491700,3.491550,3.492000,3.491100,3.490500,3.491400,3.491700,3.491700,3.491250,3.491400,3.492750,3.490800,20.381006,19.880640,20.077374,20.022089,20.062494,20.052393,20.138300,19.961451,19.981653,20.284906,20.173700,,,,,,,20.143366,20.381006,19.880640,19.996820,19.956415,20.032190,20.133265,20.037256,0,0,0,0,0,0
578389,97.762344,3.492750,3.490200,3.491512,0.002550,3.491400,3.492000,3.491550,3.491550,3.491400,3.491850,3.492600,3.490500,3.491250,3.491250,3.492300,3.490200,3.492000,3.491850,3.491700,3.491100,3.491700,3.491700,3.492000,3.491100,3.490500,3.491400,3.491700,3.491700,3.491250,3.491400,3.492750,3.490650,20.381006,19.885706,20.078005,20.027124,20.062494,20.052393,20.138300,19.961451,19.981653,20.284906,20.173700,,,,,,,20.143366,20.381006,19.885706,19.996820,19.956415,20.032190,20.133265,20.037256,0,0,0,0,0,0
578890,97.761887,3.492750,3.490050,3.491496,0.002700,3.491550,3.492000,3.491550,3.491550,3.491400,3.491850,3.492600,3.490350,3.491250,3.491250,3.492300,3.490050,3.492000,3.491700,3.491700,3.491100,3.491700,3.491700,3.492000,3.491100,3.490500,3.491250,3.491700,3.491700,3.491250,3.491400,3.492750,3.490650,20.381006,19.885706,20.077374,20.022089,20.062494,20.052393,20.138300,19.961451,19.981653,20.284906,20.173700,,,,,,,20.143366,20.381006,19.885706,19.991755,19.956415,20.032190,20.133265,20.037256,0,0,0,0,0,0
579391,97.762497,3.492750,3.490050,3.491518,0.002700,3.491550,3.492000,3.491550,3.491550,3.491400,3.491850,3.492750,3.490350,3.491400,3.491250,3.492300,3.490050,3.492000,3.491700,3.491700,3.491100,3.491700,3.491700,3.492000,3.491250,3.490500,3.491400,3.491700,3.491700,3.491250,3.491400,3.492750,3.490650,20.386072,19.885706,20.078321,20.027124,20.062494,20.052393,20.138300,19.961451,19.981653,20.284906,20.173700,,,,,,,20.143366,20.386072,19.885706,19.996820,19.956415,20.032190,20.133265,20.037256,0,0,0,0,0,0
579892,97.762344,3.492750,3.490050,3.491512,0.002700,3.491550,3.492000,3.491550,3.491550,3.491400,3.491850,3.492600,3.490350,3.491400,3.491250,3.492300,3.490050,3.492000,3.491700,3.491850,3.491100,3.491700,3.491550,3.492000,3.491100,3.490500,3.491400,3.491700,3.491700,3.491250,3.491400,3.492750,3.490800,20.381006,19.880640,20.078005,20.027124,20.062494,20.052393,20.138300,19.961451,19.981653,20.284906,20.173700,,,,,,,20.143366,20.381006,19.880640,19.996820,19.956415,20.037256,20.133265,20.037256,0,0,0,0,0,0
580393,97.762199,3.492750,3.490050,3.491507,0.002700,3.491550,3.492000,3.491550,3.491550,3.491400,3.491850,3.492750,3.490500,3.491250,3.491250,3.492300,3.490050,3.491850,3.491700,3.491700,3.491100,3.491700,3.491700,3.492000,3.491100,3.490500,3.491400,3.491700,3.491700,3.491250,3.491400,3.492750,3.490650,20.381006,19.885706,20.078007,20.022089,20.062494,20.052393,20.138300,19.961451,19.981653,20.284906,20.173700,,,,,,,20.143366,20.381006,19.885706,19.996820,19.956415,20.037256,20.133265,20.037256,0,0,0,0,0,0
580894,97.762344,3.492750,3.490200,3.491512,0.002550,3.491400,3.492000,3.491550,3.491550,3.491400,3.491850,3.492750,3.490350,3.491400,3.491250,3.492300,3.490200,3.492000,3.491700,3.491850,3.491100,3.491700,3.491700,3.492000,3.491250,3.490500,3.491400,3.491550,3.491700,3.491250,3.491250,3.492750,3.490650,20.386072,19.885706,20.078638,20.027124,20.062494,20.052393,20.138300,19.961451,19.981653,20.284906,20.173700,,,,,,,20.143366,20.386072,19.885706,19.996820,19.956415,20.037256,20.133265,20.037256,0,0,0,0,0,0
581395,97.761894,3.492750,3.490050,3.491496,0.002700,3.491550,3.492000,3.491550,3.491550,3.491550,3.491850,3.492600,3.490350,3.491250,3.491250,3.492300,3.490050,3.492000,3.491700,3.491700,3.491100,3.491700,3.491550,3.492000,3.491100,3.490500,3.491400,3.491700,3.491700,3.491250,3.491250,3.492750,3.490650,20.386072,19.885706,20.078007,20.022089,20.062494,20.052393,20.138300,19.961451,19.981653,20.284906,20.173700,,,,,,,20.143366,20.386072,19.885706,19.996820,19.956415,20.032190,20.133265,20.037256,0,0,0,0,0,0
581896,97.762344,3.492750,3.490200,3.491512,0.002550,3.491550,3.492000,3.491700,3.491550,3.491400,3.491850,3.492750,3.490350,3.491250,3.491250,3.492300,3.490200,3.491850,3.491850,3.491700,3.491100,3.491700,3.491700,3.492000,3.491100,3.490350,3.491400,3.491700,3.491700,3.491250,3.491400,3.492750,3.490650,20.386072,19.885706,20.078323,20.022089,20.062494,20.052393,20.138300,19.961451,19.981653,20.284906,20.173700,,,,,,,20.143366,20.386072,19.885706,19.996820,19.956415,20.037256,20.133265,20.037256,0,0,0,0,0,0
582397,97.762344,3.492750,3.490050,3.491512,0.002700,3.491400,3.492000,3.491550,3.491550,3.491400,3.491850,3.492750,3.490350,3.491400,3.491250,3.492300,3.490050,3.492000,3.491850,3.491700,3.491100,3.491700,3.491700,3.492000,3.491100,3.490500,3.491400,3.491700,3.491700,3.491250,3.491400,3.492750,3.490650,20.386072,19.885706,20.078636,20.027124,20.062494,20.052393,20.138300,19.961451,19.981653,20.289972,20.173700,,,,,,,20.148401,20.386072,19.885706,19.996820,19.956415,20.032190,20.128199,20.037256,0,0,0,0,0,0
582898,97.762344,3.492750,3.490050,3.491512,0.002700,3.491550,3.492000,3.491550,3.491550,3.491400,3.491850,3.492750,3.490500,3.491400,3.491250,3.492300,3.490050,3.492000,3.491700,3.491700,3.491100,3.491700,3.491550,3.492000,3.491100,3.490500,3.491400,3.491700,3.491700,3.491250,3.491400,3.492750,3.490650,20.386072,19.885706,20.078007,20.022089,20.062494,20.052393,20.138300,19.961451,19.981653,20.284906,20.173700,,,,,,,20.143366,20.386072,19.885706,19.996820,19.956415,20.032190,20.133265,20.037256,0,0,0,0,0,0
583398,97.762047,3.492750,3.490050,3.491502,0.002700,3.491550,3.492000,3.491700,3.491550,3.491400,3.491850,3.492600,3.490350,3.491250,3.491250,3.492300,3.490050,3.492000,3.491700,3.491700,3.491100,3.491700,3.491550,3.492000,3.491100,3.490500,3.491400,3.491700,3.491700,3.491250,3.491400,3.492750,3.490650,20.386072,19.885706,20.078638,20.022089,20.062494,20.052393,20.138300,19.961451,19.986719,20.284906,20.173700,,,,,,,20.148401,20.386072,19.885706,19.996820,19.956415,20.032190,20.133265,20.037256,0,0,0,0,0,0
583900,97.762192,3.492750,3.490050,3.491507,0.002700,3.491400,3.492000,3.491550,3.491550,3.491400,3.491850,3.492750,3.490350,3.491400,3.491250,3.492300,3.490050,3.492000,3.491700,3.491700,3.491100,3.491700,3.491700,3.492000,3.491100,3.490500,3.491400,3.491700,3.491700,3.491250,3.491400,3.492750,3.490650,20.386072,19.880640,20.078321,20.022089,20.062494,20.052393,20.138300,19.961451,19.981653,20.284906,20.173700,,,,,,,20.148401,20.386072,19.880640,19.996820,19.956415,20.037256,20.133265,20.037256,0,0,0,0,0,0
584401,97.761894,3.492750,3.490050,3.491496,0.002700,3.491400,3.492000,3.491550,3.491550,3.491400,3.491850,3.492600,3.490350,3.491250,3.491250,3.492300,3.490050,3.492000,3.491700,3.491700,3.491100,3.491700,3.491700,3.492000,3.491100,3.490500,3.491400,3.491700,3.491700,3.491250,3.491400,3.492750,3.490650,20.386072,19.880640,20.078007,20.022089,20.062494,20.052393,20.138300,19.961451,19.981653,20.284906,20.173700,,,,,,,20.143366,20.386072,19.880640,19.996820,19.956415,20.037256,20.133265,20.037256,0,0,0,0,0,0
584902,97.761742,3.492750,3.490050,3.491491,0.002700,3.491400,3.492000,3.491550,3.491550,3.491400,3.491850,3.492600,3.490350,3.491250,3.491250,3.492300,3.490050,3.492000,3.491700,3.491700,3.491100,3.491700,3.491700,3.492000,3.491100,3.490500,3.491400,3.491700,3.491700,3.491100,3.491400,3.492750,3.490650,20.386072,19.885706,20.078636,20.027124,20.062494,20.052393,20.138300,19.961451,19.981653,20.284906,20.173700,,,,,,,20.148401,20.386072,19.885706,19.996820,19.956415,20.032190,20.133265,20.037256,0,0,0,0,0,0
585403,97.762039,3.492750,3.490050,3.491501,0.002700,3.491550,3.492000,3.491550,3.491550,3.491400,3.491850,3.492600,3.490350,3.491400,3.491250,3.492300,3.490050,3.492000,3.491700,3.491700,3.491100,3.491700,3.491700,3.492000,3.491100,3.490500,3.491400,3.491700,3.491700,3.491250,3.491250,3.492750,3.490650,20.386072,19.885706,20.079271,20.027124,20.062494,20.052393,20.138300,19.966516,19.986719,20.284906,20.173700,,,,,,,20.143366,20.386072,19.885706,19.996820,19.956415,20.037256,20.133265,20.037256,0,0,0,0,0,0
585904,97.761902,3.492750,3.490050,3.491497,0.002700,3.491400,3.492000,3.491550,3.491550,3.491400,3.491850,3.492600,3.490350,3.491400,3.491250,3.492300,3.490050,3.492000,3.491700,3.491700,3.491100,3.491700,3.491550,3.492000,3.491100,3.490500,3.491250,3.491700,3.491700,3.491250,3.491400,3.492750,3.490800,20.386072,19.885706,20.078321,20.027124,20.062494,20.052393,20.138300,19.961451,19.981653,20.284906,20.173700,,,,,,,20.143366,20.386072,19.885706,19.996820,19.956415,20.032190,20.133265,20.037256,0,0,0,0,0,0
586405,97.761894,3.492750,3.490050,3.491496,0.002700,3.491550,3.492000,3.491550,3.491550,3.491400,3.491850,3.492750,3.490350,3.491400,3.491250,3.492300,3.490050,3.492000,3.491700,3.491700,3.491100,3.491700,3.491550,3.492000,3.491100,3.490500,3.491250,3.491550,3.491700,3.491250,3.491250,3.492750,3.490800,20.386072,19.885706,20.078955,20.022089,20.062494,20.052393,20.138300,19.961451,19.986719,20.284906,20.173700,,,,,,,20.148401,20.386072,19.885706,19.996820,19.956415,20.037256,20.133265,20.037256,0,0,0,0,0,0
586906,97.761436,3.492750,3.490200,3.491480,0.002550,3.491550,3.492000,3.491550,3.491550,3.491400,3.491700,3.492600,3.490350,3.491250,3.491250,3.492300,3.490200,3.492000,3.491700,3.491700,3.491100,3.491700,3.491550,3.492000,3.491100,3.490500,3.491250,3.491700,3.491550,3.491250,3.491250,3.492750,3.490650,20.386072,19.885706,20.078636,20.027124,20.062494,20.052393,20.138300,19.961451,19.981653,20.284906,20.173700,,,,,,,20.148401,20.386072,19.885706,19.996820,19.956415,20.032190,20.133265,20.037256,0,0,0,0,0,0
587407,97.761589,3.492750,3.490050,3.491485,0.002700,3.491550,3.492000,3.491550,3.491550,3.491400,3.491850,3.492600,3.490350,3.491400,3.491250,3.492300,3.490050,3.492000,3.491700,3.491700,3.491100,3.491700,3.491550,3.492000,3.491100,3.490500,3.491250,3.491550,3.491700,3.491250,3.491250,3.492750,3.490650,20.386072,19.885706,20.078638,20.027124,20.062494,20.052393,20.138300,19.961451,19.981653,20.284906,20.173700,,,,,,,20.143366,20.386072,19.885706,19.996820,19.956415,20.037256,20.133265,20.037256,0,0,0,0,0,0
587908,97.761436,3.492750,3.490050,3.491480,0.002700,3.491550,3.492000,3.491550,3.491550,3.491400,3.491850,3.492750,3.490350,3.491250,3.491250,3.492300,3.490050,3.491850,3.491700,3.491700,3.491100,3.491700,3.491550,3.492150,3.491100,3.490350,3.491250,3.491550,3.491550,3.491250,3.491400,3.492750,3.490650,20.386072,19.885706,20.079269,20.027124,20.062494,20.052393,20.138300,19.961451,19.981653,20.289972,20.173700,,,,,,,20.148401,20.386072,19.885706,19.996820,19.956415,20.037256,20.133265,20.037256,0,0,0,0,0,0
588409,97.761444,3.492750,3.490050,3.491480,0.002700,3.491400,3.492000,3.491550,3.491550,3.491400,3.491850,3.492600,3.490350,3.491250,3.491250,3.492300,3.490050,3.492000,3.491700,3.491700,3.491100,3.491700,3.491550,3.492000,3.491100,3.490500,3.491400,3.491550,3.491550,3.491250,3.491400,3.492750,3.490650,20.386072,19.885706,20.079269,20.027124,20.062494,20.052393,20.138300,19.961451,19.981653,20.289972,20.173700,,,,,,,20.148401,20.386072,19.885706,19.996820,19.956415,20.037256,20.133265,20.037256,0,0,0,0,0,0
588910,97.761452,3.492750,3.490050,3.491480,0.002700,3.491400,3.492000,3.491550,3.491550,3.491400,3.491850,3.492600,3.490350,3.491400,3.491250,3.492300,3.490050,3.491850,3.491700,3.491700,3.491100,3.491700,3.491700,3.492000,3.490950,3.490500,3.491250,3.491700,3.491700,3.491250,3.491250,3.492750,3.490650,20.386072,19.885706,20.079903,20.022089,20.062494,20.052393,20.138300,19.966516,19.986719,20.289972,20.173700,,,,,,,20.148401,20.386072,19.885706,19.996820,19.961451,20.037256,20.133265,20.037256,0,0,0,0,0,0
589411,97.761292,3.492750,3.490050,3.491475,0.002700,3.491400,3.492000,3.491550,3.491550,3.491400,3.491850,3.492600,3.490350,3.491250,3.491250,3.492300,3.490050,3.492000,3.491700,3.491700,3.491100,3.491700,3.491550,3.492000,3.491100,3.490500,3.491250,3.491550,3.491700,3.491250,3.491250,3.492750,3.490650,20.391108,19.885706,20.079901,20.027124,20.062494,20.052393,20.138300,19.961451,19.986719,20.289972,20.173700,,,,,,,20.148401,20.391108,19.885706,19.996820,19.956415,20.037256,20.133265,20.037256,0,0,0,0,0,0
589912,97.761139,3.492600,3.490050,3.491469,0.002550,3.491400,3.492000,3.491550,3.491550,3.491400,3.491850,3.492600,3.490350,3.491400,3.491250,3.492300,3.490050,3.491850,3.491700,3.491700,3.491100,3.491700,3.491550,3.492000,3.491100,3.490350,3.491250,3.491700,3.491700,3.491100,3.491400,3.492600,3.490650,20.386072,19.885706,20.079586,20.027124,20.062494,20.052393,20.138300,19.961451,19.986719,20.289972,20.173700,,,,,,,20.148401,20.386072,19.885706,19.996820,19.956415,20.037256,20.133265,20.037256,0,0,0,0,0,0
590413,97.760834,3.492750,3.490050,3.491458,0.002700,3.491400,3.492000,3.491550,3.491550,3.491400,3.491850,3.492600,3.490350,3.491250,3.491250,3.492300,3.490050,3.491850,3.491700,3.491700,3.491100,3.491700,3.491550,3.492000,3.491100,3.490350,3.491250,3.491550,3.491550,3.491250,3.491250,3.492750,3.490650,20.386072,19.885706,20.078953,20.027124,20.062494,20.052393,20.138300,19.961451,19.981653,20.284906,20.173700,,,,,,,20.148401,20.386072,19.885706,19.996820,19.956415,20.037256,20.133265,20.037256,0,0,0,0,0,0
590914,97.760986,3.492750,3.490050,3.491464,0.002700,3.491400,3.491850,3.491550,3.491550,3.491550,3.491850,3.492600,3.490350,3.491400,3.491250,3.492300,3.490050,3.492000,3.491700,3.491700,3.491100,3.491700,3.491550,3.492000,3.491100,3.490350,3.491250,3.491550,3.491550,3.491100,3.491250,3.492750,3.490650,20.386072,19.890741,20.080217,20.027124,20.067560,20.052393,20.138300,19.966516,19.986719,20.284906,20.173700,,,,,,,20.148401,20.386072,19.890741,19.996820,19.956415,20.037256,20.133265,20.037256,0,0,0,0,0,0
591415,97.760986,3.492750,3.490050,3.491464,0.002700,3.491400,3.492000,3.491550,3.491550,3.491400,3.491850,3.492600,3.490350,3.491250,3.491250,3.492300,3.490050,3.491850,3.491700,3.491700,3.491100,3.491700,3.491700,3.492000,3.491100,3.490350,3.491250,3.491550,3.491550,3.491100,3.491400,3.492750,3.490650,20.391108,19.885706,20.079899,20.027124,20.062494,20.052393,20.138300,19.961451,19.981653,20.289972,20.173700,,,,,,,20.148401,20.391108,19.885706,19.996820,19.956415,20.037256,20.138300,20.037256,0,0,0,0,0,0
591915,97.760391,3.492600,3.490050,3.491442,0.002550,3.491400,3.492000,3.491550,3.491400,3.491400,3.491700,3.492600,3.490350,3.491250,3.491100,3.492300,3.490050,3.491850,3.491700,3.491700,3.491100,3.491550,3.491550,3.492000,3.491100,3.490500,3.491250,3.491700,3.491700,3.491100,3.491250,3.492600,3.490650,20.386072,19.885706,20.079269,20.027124,20.062494,20.052393,20.138300,19.966516,19.981653,20.284906,20.173700,,,,,,,20.148401,20.386072,19.885706,19.996820,19.956415,20.037256,20.133265,20.037256,0,0,0,0,0,0
592417,97.760681,3.492750,3.490050,3.491453,0.002700,3.491400,3.492000,3.491550,3.491400,3.491400,3.491700,3.492600,3.490350,3.491250,3.491250,3.492300,3.490050,3.491850,3.491700,3.491700,3.491100,3.491700,3.491550,3.492000,3.491100,3.490500,3.491250,3.491550,3.491700,3.491100,3.491250,3.492750,3.490650,20.386072,19.885706,20.080219,20.027124,20.067560,20.052393,20.138300,19.961451,19.986719,20.289972,20.173700,,,,,,,20.153467,20.386072,19.885706,19.996820,19.956415,20.037256,20.133265,20.037256,0,0,0,0,0,0
592918,97.760681,3.492750,3.490050,3.491453,0.002700,3.491400,3.492000,3.491550,3.491400,3.491400,3.491850,3.492600,3.490350,3.491400,3.491250,3.492300,3.490050,3.492000,3.491700,3.491700,3.491100,3.491550,3.491550,3.492000,3.491100,3.490350,3.491250,3.491550,3.491550,3.491100,3.491250,3.492750,3.490650,20.391108,19.890741,20.080215,20.027124,20.067560,20.052393,20.138300,19.961451,19.986719,20.289972,20.173700,,,,,,,20.148401,20.391108,19.890741,19.996820,19.956415,20.032190,20.133265,20.037256,0,0,0,0,0,0
593419,97.760536,3.492600,3.490050,3.491448,0.002550,3.491400,3.492000,3.491550,3.491550,3.491400,3.491700,3.492600,3.490350,3.491250,3.491250,3.492300,3.490050,3.491850,3.491700,3.491700,3.491100,3.491550,3.491550,3.492000,3.491100,3.490500,3.491250,3.491550,3.491700,3.491100,3.491250,3.492600,3.490650,20.386072,19.890741,20.080215,20.027124,20.062494,20.052393,20.138300,19.961451,19.981653,20.289972,20.173700,,,,,,,20.153467,20.386072,19.890741,19.996820,19.961451,20.037256,20.133265,20.037256,0,0,0,0,0,0
593920,97.760384,3.492600,3.490050,3.491442,0.002550,3.491400,3.491850,3.491550,3.491550,3.491400,3.491850,3.492600,3.490350,3.491250,3.491250,3.492300,3.490050,3.491850,3.491700,3.491700,3.491100,3.491550,3.491550,3.492000,3.491100,3.490500,3.491250,3.491550,3.491550,3.491100,3.491250,3.492600,3.490650,20.391108,19.890741,20.080849,20.022089,20.067560,20.052393,20.138300,19.966516,19.986719,20.289972,20.173700,,,,,,,20.148401,20.391108,19.890741,19.996820,19.956415,20.037256,20.138300,20.037256,0,0,0,0,0,0
594421,97.760834,3.492750,3.490050,3.491458,0.002700,3.491550,3.492000,3.491550,3.491550,3.491400,3.491850,3.492600,3.490350,3.491400,3.491250,3.492300,3.490050,3.491850,3.491700,3.491700,3.491100,3.491550,3.491550,3.492000,3.491100,3.490350,3.491250,3.491550,3.491550,3.491100,3.491250,3.492750,3.490650,20.391108,19.890741,20.080528,20.027124,20.067560,20.052393,20.138300,19.961451,19.981653,20.284906,20.173700,,,,,,,20.148401,20.391108,19.890741,19.996820,19.961451,20.037256,20.138300,20.037256,0,0,0,0,0,0
594922,97.761139,3.492750,3.490050,3.491469,0.002700,3.491400,3.492000,3.491550,3.491550,3.491400,3.491700,3.492600,3.490350,3.491250,3.491250,3.492300,3.490050,3.491850,3.491700,3.491700,3.491100,3.491700,3.491550,3.492000,3.491100,3.490350,3.491400,3.491700,3.491700,3.491100,3.491400,3.492750,3.490650,20.386072,19.885706,20.080219,20.027124,20.067560,20.052393,20.138300,19.961451,19.986719,20.289972,20.173700,,,,,,,20.153467,20.386072,19.885706,19.996820,19.956415,20.037256,20.133265,20.037256,0,0,0,0,0,0
595423,97.760994,3.492750,3.490050,3.491464,0.002700,3.491400,3.492000,3.491550,3.491550,3.491400,3.491850,3.492600,3.490350,3.491250,3.491250,3.492300,3.490050,3.491850,3.491700,3.491700,3.491100,3.491550,3.491550,3.492000,3.491100,3.490350,3.491250,3.491700,3.491700,3.491100,3.491400,3.492750,3.490650,20.391108,19.890741,20.080214,20.027124,20.067560,20.052393,20.138300,19.961451,19.981653,20.284906,20.173700,,,,,,,20.153467,20.391108,19.890741,19.996820,19.956415,20.032190,20.138300,20.037256,0,0,0,0,0,0
595924,97.760231,3.492750,3.490050,3.491437,0.002700,3.491400,3.491850,3.491550,3.491550,3.491400,3.491700,3.492600,3.490350,3.491250,3.491250,3.492150,3.490050,3.492000,3.491700,3.491700,3.491100,3.491550,3.491550,3.492000,3.491100,3.490350,3.491250,3.491550,3.491550,3.491100,3.491250,3.492750,3.490650,20.391108,19.890741,20.080530,20.027124,20.062494,20.052393,20.138300,19.961451,19.981653,20.289972,20.173700,,,,,,,20.153467,20.391108,19.890741,19.996820,19.956415,20.037256,20.138300,20.037256,0,0,0,0,0,0
596425,97.760239,3.492750,3.490050,3.491437,0.002700,3.491400,3.492000,3.491550,3.491400,3.491400,3.491700,3.492600,3.490200,3.491250,3.491250,3.492300,3.490050,3.491850,3.491700,3.491700,3.491100,3.491700,3.491550,3.491850,3.491100,3.490350,3.491250,3.491550,3.491550,3.491100,3.491400,3.492750,3.490650,20.391108,19.885706,20.081480,20.027124,20.067560,20.052393,20.138300,19.966516,19.986719,20.289972,20.173700,,,,,,,20.153467,20.391108,19.885706,19.996820,19.961451,20.037256,20.138300,20.037256,0,0,0,0,0,0
596926,97.760536,3.492750,3.490050,3.491448,0.002700,3.491400,3.492000,3.491550,3.491400,3.491400,3.491850,3.492600,3.490350,3.491250,3.491250,3.492300,3.490050,3.491850,3.491550,3.491700,3.491100,3.491550,3.491550,3.492000,3.491100,3.490350,3.491400,3.491700,3.491550,3.491100,3.491250,3.492750,3.490650,20.391108,19.890741,20.080847,20.027124,20.067560,20.052393,20.138300,19.961451,19.981653,20.289972,20.173700,,,,,,,20.153467,20.391108,19.890741,19.996820,19.956415,20.037256,20.138300,20.037256,0,0,0,0,0,0
597427,97.760536,3.492750,3.490050,3.491448,0.002700,3.491400,3.492000,3.491550,3.491550,3.491400,3.491850,3.492600,3.490350,3.491250,3.491250,3.492300,3.490050,3.491850,3.491700,3.491700,3.491100,3.491550,3.491550,3.492000,3.491100,3.490350,3.491250,3.491550,3.491550,3.491100,3.491250,3.492750,3.490650,20.391108,19.890741,20.081163,20.027124,20.067560,20.052393,20.138300,19.961451,19.986719,20.289972,20.173700,,,,,,,20.153467,20.391108,19.890741,19.996820,19.956415,20.037256,20.138300,20.037256,0,0,0,0,0,0
597928,97.759933,3.492750,3.490050,3.491426,0.002700,3.491400,3.492000,3.491550,3.491400,3.491400,3.491700,3.492600,3.490350,3.491250,3.491100,3.492300,3.490050,3.491850,3.491550,3.491700,3.491100,3.491550,3.491550,3.492000,3.491100,3.490350,3.491250,3.491550,3.491550,3.491100,3.491250,3.492750,3.490650,20.391108,19.890741,20.081478,20.027124,20.067560,20.052393,20.138300,19.961451,19.986719,20.289972,20.173700,,,,,,,20.153467,20.391108,19.890741,19.996820,19.961451,20.037256,20.138300,20.037256,0,0,0,0,0,0
598429,97.760078,3.492750,3.490050,3.491431,0.002700,3.491400,3.492000,3.491550,3.491400,3.491400,3.491700,3.492600,3.490350,3.491250,3.491250,3.492150,3.490050,3.491850,3.491700,3.491700,3.491100,3.491550,3.491550,3.492000,3.491100,3.490350,3.491250,3.491550,3.491550,3.491100,3.491250,3.492750,3.490650,20.391108,19.890741,20.081480,20.027124,20.067560,20.052393,20.138300,19.966516,19.986719,20.289972,20.173700,,,,,,,20.153467,20.391108,19.890741,19.996820,19.956415,20.037256,20.138300,20.037256,0,0,0,0,0,0
598930,97.760384,3.492750,3.490050,3.491442,0.002700,3.491400,3.492000,3.491550,3.491550,3.491400,3.491850,3.492750,3.490350,3.491250,3.491100,3.492300,3.490050,3.492000,3.491700,3.491700,3.491100,3.491550,3.491550,3.491850,3.491100,3.490350,3.491250,3.491550,3.491550,3.491100,3.491250,3.492600,3.490650,20.386072,19.890741,20.080532,20.027124,20.067560,20.052393,20.138300,19.961451,19.981653,20.289972,20.173700,,,,,,,20.153467,20.386072,19.890741,19.996820,19.956415,20.037256,20.138300,20.037256,0,0,0,0,0,0
599431,97.759933,3.492600,3.490050,3.491426,0.002550,3.491400,3.491850,3.491550,3.491400,3.491400,3.491700,3.492600,3.490200,3.491250,3.491250,3.492300,3.490050,3.491850,3.491700,3.491700,3.490950,3.491550,3.491550,3.492000,3.491100,3.490350,3.491250,3.491550,3.491700,3.491250,3.491250,3.492600,3.490650,20.391108,19.890741,20.081161,20.027124,20.067560,20.052393,20.138300,19.961451,19.981653,20.289972,20.173700,,,,,,,20.153467,20.391108,19.890741,19.996820,19.961451,20.037256,20.138300,20.037256,0,0,0,0,0,0
599932,97.760086,3.492600,3.490050,3.491432,0.002550,3.491400,3.491850,3.491550,3.491550,3.491400,3.491850,3.492600,3.490350,3.491250,3.491250,3.492150,3.490050,3.492000,3.491700,3.491700,3.491100,3.491550,3.491550,3.492000,3.490950,3.490350,3.491250,3.491550,3.491550,3.491100,3.491250,3.492600,3.490650,20.391108,19.890741,20.082113,20.027124,20.067560,20.052393,20.143366,19.966516,19.986719,20.295038,20.173700,,,,,,,20.153467,20.391108,19.890741,19.996820,19.956415,20.037256,20.138300,20.037256,0,0,0,0,0,0
600433,97.760376,3.492600,3.490050,3.491442,0.002550,3.491400,3.492000,3.491550,3.491550,3.491400,3.491700,3.492600,3.490350,3.491250,3.491250,3.492150,3.490050,3.492000,3.491700,3.491700,3.491100,3.491700,3.491550,3.492000,3.491100,3.490350,3.491250,3.491550,3.491550,3.491100,3.491250,3.492600,3.490650,20.386072,19.890741,20.081480,20.027124,20.067560,20.052393,20.138300,19.966516,19.986719,20.295038,20.173700,,,,,,,20.153467,20.386072,19.890741,19.996820,19.961451,20.032190,20.138300,20.037256,0,0,0,0,0,0
600934,97.760384,3.492750,3.490050,3.491442,0.002700,3.491400,3.492000,3.491550,3.491550,3.491400,3.491700,3.492450,3.490350,3.491250,3.491100,3.492300,3.490050,3.492000,3.491700,3.491700,3.491100,3.491550,3.491550,3.492000,3.491100,3.490350,3.491250,3.491550,3.491700,3.491100,3.491250,3.492750,3.490650,20.391108,19.890741,20.082109,20.027124,20.067560,20.052393,20.138300,19.966516,19.981653,20.295038,20.173700,,,,,,,20.153467,20.391108,19.890741,19.996820,19.961451,20.037256,20.138300,20.042292,0,0,0,0,0,0
601435,97.760231,3.492600,3.490050,3.491437,0.002550,3.491400,3.491850,3.491550,3.491400,3.491400,3.491700,3.492600,3.490350,3.491250,3.491250,3.492300,3.490050,3.492000,3.491700,3.491550,3.491100,3.491700,3.491550,3.492000,3.491100,3.490350,3.491250,3.491550,3.491700,3.491100,3.491250,3.492600,3.490650,20.391108,19.890741,20.081795,20.027124,20.067560,20.052393,20.138300,19.961451,19.986719,20.295038,20.173700,,,,,,,20.153467,20.391108,19.890741,19.996820,19.961451,20.037256,20.138300,20.037256,0,0,0,0,0,0
601936,97.759628,3.492600,3.489900,3.491415,0.002700,3.491400,3.491850,3.491550,3.491400,3.491400,3.491850,3.492600,3.490350,3.491250,3.491100,3.492150,3.489900,3.492000,3.491700,3.491700,3.491100,3.491550,3.491550,3.492000,3.490950,3.490350,3.491250,3.491550,3.491550,3.491100,3.491250,3.492600,3.490650,20.391108,19.890741,20.082109,20.027124,20.067560,20.052393,20.138300,19.961451,19.986719,20.295038,20.173700,,,,,,,20.153467,20.391108,19.890741,19.996820,19.961451,20.037256,20.138300,20.042292,0,0,0,0,0,0
602437,97.760384,3.492750,3.490050,3.491442,0.002700,3.491400,3.492000,3.491550,3.491400,3.491400,3.491850,3.492600,3.490350,3.491250,3.491250,3.492300,3.490050,3.491850,3.491700,3.491700,3.491100,3.491550,3.491550,3.491850,3.491100,3.490350,3.491250,3.491550,3.491700,3.491100,3.491250,3.492750,3.490650,20.391108,19.890741,20.082109,20.027124,20.067560,20.052393,20.138300,19.961451,19.986719,20.300074,20.173700,,,,,,,20.153467,20.391108,19.890741,19.996820,19.956415,20.037256,20.138300,20.042292,0,0,0,0,0,0
602938,97.759636,3.492600,3.490050,3.491416,0.002550,3.491400,3.492000,3.491550,3.491400,3.491400,3.491700,3.492600,3.490200,3.491250,3.491250,3.492300,3.490050,3.491850,3.491700,3.491700,3.490950,3.491550,3.491550,3.492000,3.490950,3.490350,3.491250,3.491550,3.491550,3.491100,3.491250,3.492600,3.490650,20.391108,19.890741,20.082113,20.027124,20.067560,20.052393,20.138300,19.966516,19.981653,20.295038,20.173700,,,,,,,20.158533,20.391108,19.890741,19.996820,19.956415,20.037256,20.143366,20.037256,0,0,0,0,0,0
603439,97.759781,3.492600,3.490050,3.491421,0.002550,3.491400,3.491850,3.491550,3.491400,3.491250,3.491700,3.492600,3.490350,3.491250,3.491250,3.492300,3.490050,3.491850,3.491700,3.491700,3.491100,3.491550,3.491550,3.492000,3.491100,3.490350,3.491250,3.491550,3.491550,3.491100,3.491250,3.492600,3.490650,20.386072,19.890741,20.082113,20.027124,20.067560,20.052393,20.138300,19.966516,19.986719,20.300074,20.173700,,,,,,,20.158533,20.386072,19.890741,19.996820,19.956415,20.037256,20.138300,20.037256,0,0,0,0,0,0
603940,97.759644,3.492600,3.490050,3.491416,0.002550,3.491400,3.492000,3.491550,3.491550,3.491400,3.491850,3.492450,3.490200,3.491250,3.491250,3.492300,3.490050,3.491850,3.491700,3.491700,3.491100,3.491550,3.491550,3.491850,3.490950,3.490350,3.491250,3.491550,3.491550,3.491100,3.491250,3.492600,3.490500,20.391108,19.890741,20.083057,20.027124,20.067560,20.052393,20.138300,19.966516,19.986719,20.300074,20.173700,,,,,,,20.158533,20.391108,19.890741,19.996820,19.961451,20.037256,20.138300,20.042292,0,0,0,0,0,0
604441,97.759033,3.492600,3.490050,3.491394,0.002550,3.491400,3.491850,3.491550,3.491400,3.491400,3.491700,3.492600,3.490350,3.491250,3.491100,3.492150,3.490050,3.491850,3.491700,3.491550,3.490950,3.491550,3.491550,3.491850,3.490950,3.490350,3.491250,3.491550,3.491550,3.491100,3.491250,3.492600,3.490650,20.386072,19.890741,20.082109,20.027124,20.067560,20.052393,20.138300,19.961451,19.986719,20.300074,20.178736,,,,,,,20.153467,20.386072,19.890741,19.996820,19.961451,20.037256,20.138300,20.037256,0,0,0,0,0,0
604942,97.759483,3.492600,3.490050,3.491410,0.002550,3.491400,3.491850,3.491550,3.491400,3.491400,3.491700,3.492600,3.490350,3.491250,3.491100,3.492300,3.490050,3.491850,3.491550,3.491550,3.490950,3.491550,3.491550,3.492000,3.491100,3.490350,3.491250,3.491700,3.491550,3.491100,3.491250,3.492600,3.490650,20.391108,19.890741,20.082111,20.027124,20.067560,20.052393,20.138300,19.966516,19.986719,20.300074,20.173700,,,,,,,20.153467,20.391108,19.890741,19.996820,19.956415,20.037256,20.138300,20.037256,0,0,0,0,0,0
605443,97.759483,3.492600,3.490050,3.491410,0.002550,3.491400,3.492000,3.491550,3.491400,3.491400,3.491700,3.492600,3.490350,3.491250,3.491100,3.492150,3.490050,3.491850,3.491550,3.491700,3.491100,3.491550,3.491550,3.491850,3.491100,3.490350,3.491250,3.491550,3.491550,3.491100,3.491250,3.492600,3.490650,20.391108,19.890741,20.082741,20.027124,20.067560,20.052393,20.138300,19.966516,19.986719,20.300074,20.178736,,,,,,,20.153467,20.391108,19.890741,19.996820,19.956415,20.037256,20.138300,20.042292,0,0,0,0,0,0
605944,97.759033,3.492750,3.489900,3.491394,0.002850,3.491400,3.491850,3.491550,3.491400,3.491400,3.491700,3.492450,3.490200,3.491250,3.491100,3.492150,3.489900,3.491850,3.491700,3.491550,3.491100,3.491550,3.491550,3.492000,3.490950,3.490350,3.491250,3.491550,3.491550,3.491100,3.491250,3.492750,3.490650,20.391108,19.890741,20.082745,20.027124,20.067560,20.052393,20.143366,19.966516,19.986719,20.305140,20.173700,,,,,,,20.153467,20.391108,19.890741,19.996820,19.956415,20.037256,20.138300,20.037256,0,0,0,0,0,0
606445,97.759636,3.492750,3.490050,3.491416,0.002700,3.491400,3.491850,3.491550,3.491400,3.491400,3.491700,3.492450,3.490350,3.491250,3.491100,3.492150,3.490050,3.491850,3.491700,3.491550,3.491100,3.491550,3.491550,3.492000,3.491100,3.490350,3.491250,3.491700,3.491550,3.491100,3.491250,3.492750,3.490650,20.391108,19.890741,20.082743,20.027124,20.067560,20.052393,20.138300,19.961451,19.986719,20.305140,20.173700,,,,,,,20.158533,20.391108,19.890741,19.996820,19.961451,20.037256,20.138300,20.037256,0,0,0,0,0,0
606946,97.759033,3.492600,3.489900,3.491394,0.002700,3.491400,3.491850,3.491550,3.491400,3.491250,3.491700,3.492600,3.490200,3.491250,3.491100,3.492150,3.489900,3.491850,3.491700,3.491550,3.491100,3.491550,3.491550,3.492000,3.490950,3.490500,3.491250,3.491550,3.491550,3.491100,3.491250,3.492600,3.490650,20.391108,19.890741,20.083693,20.027124,20.072626,20.052393,20.138300,19.966516,19.986719,20.305140,20.173700,,,,,,,20.158533,20.391108,19.890741,19.996820,19.961451,20.037256,20.143366,20.037256,0,0,0,0,0,0
607447,97.759483,3.492600,3.490050,3.491410,0.002550,3.491400,3.491850,3.491550,3.491400,3.491400,3.491700,3.492600,3.490350,3.491400,3.491100,3.492150,3.490050,3.491850,3.491550,3.491700,3.490950,3.491550,3.491550,3.492000,3.491100,3.490350,3.491250,3.491550,3.491550,3.491100,3.491250,3.492600,3.490650,20.391108,19.890741,20.082741,20.027124,20.067560,20.052393,20.138300,19.961451,19.986719,20.305140,20.173700,,,,,,,20.158533,20.391108,19.890741,19.996820,19.961451,20.032190,20.138300,20.042292,0,0,0,0,0,0
607948,97.759193,3.492600,3.490050,3.491400,0.002550,3.491400,3.492000,3.491400,3.491400,3.491400,3.491850,3.492450,3.490200,3.491250,3.491100,3.492300,3.490050,3.491850,3.491700,3.491700,3.490950,3.491550,3.491550,3.491850,3.490950,3.490350,3.491250,3.491550,3.491550,3.491100,3.491250,3.492600,3.490650,20.391108,19.890741,20.083691,20.027124,20.067560,20.052393,20.138300,19.966516,19.986719,20.305140,20.173700,,,,,,,20.158533,20.391108,19.890741,19.996820,19.961451,20.037256,20.143366,20.042292,0,0,0,0,0,0
608449,97.758736,3.492600,3.490050,3.491383,0.002550,3.491400,3.491850,3.491400,3.491400,3.491250,3.491700,3.492600,3.490200,3.491250,3.491100,3.492150,3.490050,3.491850,3.491550,3.491700,3.491100,3.491550,3.491550,3.491850,3.490950,3.490350,3.491250,3.491550,3.491550,3.491100,3.491250,3.492600,3.490650,20.391108,19.890741,20.084955,20.032190,20.072626,20.057459,20.138300,19.966516,19.986719,20.305140,20.178736,,,,,,,20.158533,20.391108,19.890741,19.996820,19.961451,20.037256,20.143366,20.042292,0,0,0,0,0,0
608950,97.758888,3.492750,3.489900,3.491389,0.002850,3.491400,3.491850,3.491400,3.491400,3.491400,3.491700,3.492600,3.490200,3.491250,3.491100,3.492150,3.489900,3.491850,3.491550,3.491700,3.490950,3.491550,3.491550,3.492000,3.490950,3.490350,3.491250,3.491550,3.491550,3.491100,3.491250,3.492750,3.490650,20.391108,19.890741,20.083376,20.027124,20.072626,20.052393,20.138300,19.966516,19.986719,20.305140,20.173700,,,,,,,20.158533,20.391108,19.890741,19.996820,19.961451,20.037256,20.138300,20.037256,0,0,0,0,0,0
609451,97.758736,3.492600,3.490050,3.491383,0.002550,3.491400,3.491850,3.491400,3.491400,3.491250,3.491700,3.492600,3.490200,3.491250,3.491100,3.492300,3.490050,3.491850,3.491550,3.491550,3.491100,3.491550,3.491400,3.492000,3.490950,3.490350,3.491250,3.491550,3.491550,3.491100,3.491250,3.492600,3.490650,20.391108,19.890741,20.084322,20.027124,20.072626,20.052393,20.138300,19.961451,19.986719,20.310205,20.178736,,,,,,,20.158533,20.391108,19.890741,19.996820,19.961451,20.037256,20.143366,20.042292,0,0,0,0,0,0
609952,97.759628,3.492600,3.490050,3.491415,0.002550,3.491400,3.491850,3.491550,3.491400,3.491400,3.491700,3.492600,3.490350,3.491250,3.491100,3.492300,3.490050,3.491850,3.491700,3.491700,3.491100,3.491550,3.491550,3.491850,3.491100,3.490350,3.491250,3.491550,3.491550,3.491100,3.491250,3.492600,3.490650,20.391108,19.890741,20.084324,20.027124,20.072626,20.052393,20.143366,19.966516,19.986719,20.310205,20.173700,,,,,,,20.158533,20.391108,19.890741,19.996820,19.961451,20.037256,20.138300,20.042292,0,0,0,0,0,0
610453,97.759331,3.492600,3.490050,3.491405,0.002550,3.491400,3.491850,3.491550,3.491550,3.491400,3.491700,3.492600,3.490200,3.491250,3.491100,3.492150,3.490050,3.491850,3.491700,3.491700,3.490950,3.491550,3.491550,3.492000,3.490950,3.490350,3.491250,3.491550,3.491550,3.491100,3.491250,3.492600,3.490650,20.391108,19.895807,20.084955,20.027124,20.067560,20.052393,20.143366,19.966516,19.986719,20.310205,20.173700,,,,,,,20.158533,20.391108,19.895807,19.996820,19.961451,20.042292,20.143366,20.042292,0,0,0,0,0,0
610954,97.758888,3.492600,3.490050,3.491389,0.002550,3.491400,3.491850,3.491550,3.491400,3.491400,3.491700,3.492450,3.490200,3.491250,3.491100,3.492150,3.490050,3.491850,3.491700,3.491550,3.490950,3.491550,3.491550,3.492000,3.491100,3.490350,3.491250,3.491550,3.491550,3.491100,3.491250,3.492600,3.490500,20.391108,19.895807,20.084326,20.027124,20.067560,20.052393,20.138300,19.966516,19.986719,20.310205,20.173700,,,,,,,20.158533,20.391108,19.895807,20.001886,19.961451,20.037256,20.143366,20.037256,0,0,0,0,0,0
611455,97.758743,3.492600,3.490050,3.491384,0.002550,3.491400,3.491850,3.491550,3.491400,3.491250,3.491700,3.492450,3.490200,3.491250,3.491100,3.492150,3.490050,3.491850,3.491550,3.491700,3.490950,3.491550,3.491550,3.492000,3.490950,3.490350,3.491250,3.491700,3.491550,3.491100,3.491250,3.492600,3.490500,20.391108,19.890741,20.084639,20.027124,20.072626,20.052393,20.138300,19.966516,19.986719,20.310205,20.178736,,,,,,,20.158533,20.391108,19.890741,19.996820,19.961451,20.037256,20.143366,20.042292,0,0,0,0,0,0
611956,97.758888,3.492600,3.490050,3.491389,0.002550,3.491400,3.491850,3.491550,3.491400,3.491250,3.491700,3.492600,3.490200,3.491250,3.491100,3.492150,3.490050,3.491850,3.491700,3.491700,3.491100,3.491550,3.491550,3.491850,3.490950,3.490350,3.491250,3.491550,3.491550,3.491100,3.491250,3.492600,3.490500,20.391108,19.890741,20.084324,20.027124,20.072626,20.052393,20.138300,19.966516,19.986719,20.310205,20.173700,,,,,,,20.158533,20.391108,19.890741,19.996820,19.961451,20.037256,20.143366,20.042292,0,0,0,0,0,0
612457,97.758743,3.492600,3.490050,3.491384,0.002550,3.491400,3.491850,3.491550,3.491400,3.491400,3.491700,3.492600,3.490350,3.491250,3.491250,3.492150,3.490050,3.491850,3.491550,3.491550,3.490950,3.491550,3.491550,3.491850,3.490950,3.490350,3.491250,3.491550,3.491550,3.490950,3.491100,3.492600,3.490650,20.391108,19.890741,20.085272,20.027124,20.072626,20.057459,20.143366,19.966516,19.986719,20.310205,20.178736,,,,,,,20.158533,20.391108,19.890741,19.996820,19.961451,20.037256,20.143366,20.042292,0,0,0,0,0,0
612958,97.759026,3.492600,3.490050,3.491394,0.002550,3.491400,3.491850,3.491550,3.491400,3.491250,3.491700,3.492600,3.490200,3.491250,3.491250,3.492150,3.490050,3.491850,3.491700,3.491550,3.490950,3.491550,3.491550,3.491850,3.491100,3.490350,3.491250,3.491550,3.491550,3.491100,3.491250,3.492600,3.490650,20.391108,19.890741,20.084324,20.027124,20.072626,20.052393,20.143366,19.961451,19.986719,20.310205,20.173700,,,,,,,20.158533,20.391108,19.890741,19.996820,19.961451,20.037256,20.143366,20.042292,0,0,0,0,0,0
613459,97.758286,3.492600,3.490050,3.491367,0.002550,3.491400,3.491850,3.491400,3.491400,3.491250,3.491700,3.492450,3.490200,3.491250,3.491100,3.492150,3.490050,3.491850,3.491550,3.491550,3.490950,3.491550,3.491550,3.491850,3.491100,3.490350,3.491250,3.491550,3.491550,3.490950,3.491250,3.492600,3.490650,20.391108,19.895807,20.085587,20.027124,20.072626,20.052393,20.143366,19.966516,19.986719,20.315241,20.178736,,,,,,,20.158533,20.391108,19.895807,19.996820,19.961451,20.037256,20.143366,20.042292,0,0,0,0,0,0
613960,97.758430,3.492600,3.490050,3.491373,0.002550,3.491400,3.491850,3.491400,3.491400,3.491250,3.491700,3.492600,3.490350,3.491250,3.491100,3.492150,3.490050,3.491850,3.491700,3.491550,3.490950,3.491550,3.491550,3.491850,3.490950,3.490200,3.491100,3.491550,3.491550,3.491100,3.491250,3.492600,3.490650,20.391108,19.895807,20.085272,20.027124,20.072626,20.052393,20.143366,19.966516,19.986719,20.315241,20.173700,,,,,,,20.158533,20.391108,19.895807,19.996820,19.961451,20.037256,20.143366,20.042292,0,0,0,0,0,0
614461,97.758141,3.492600,3.490050,3.491362,0.002550,3.491400,3.491850,3.491400,3.491400,3.491250,3.491700,3.492450,3.490200,3.491250,3.491100,3.492150,3.490050,3.491850,3.491550,3.491550,3.490950,3.491550,3.491550,3.491850,3.490950,3.490350,3.491250,3.491550,3.491550,3.491100,3.491250,3.492600,3.490500,20.391108,19.895807,20.084641,20.027124,20.072626,20.052393,20.138300,19.966516,19.986719,20.310205,20.178736,,,,,,,20.158533,20.391108,19.895807,19.996820,19.961451,20.037256,20.143366,20.037256,0,0,0,0,0,0
614962,97.758743,3.492600,3.490050,3.491384,0.002550,3.491400,3.491850,3.491550,3.491400,3.491250,3.491700,3.492600,3.490350,3.491250,3.491100,3.492150,3.490050,3.491850,3.491550,3.491550,3.490950,3.491550,3.491550,3.491850,3.490950,3.490350,3.491250,3.491550,3.491550,3.491100,3.491250,3.492600,3.490650,20.391108,19.895807,20.085587,20.027124,20.072626,20.052393,20.143366,19.966516,19.986719,20.315241,20.178736,,,,,,,20.158533,20.391108,19.895807,19.996820,19.961451,20.037256,20.143366,20.042292,0,0,0,0,0,0
615463,97.758438,3.492600,3.490050,3.491373,0.002550,3.491400,3.491850,3.491550,3.491400,3.491250,3.491700,3.492600,3.490200,3.491100,3.491100,3.492150,3.490050,3.491850,3.491550,3.491700,3.490950,3.491550,3.491550,3.491850,3.490950,3.490350,3.491250,3.491550,3.491550,3.491100,3.491250,3.492600,3.490500,20.391108,19.895807,20.085587,20.027124,20.072626,20.052393,20.138300,19.966516,19.986719,20.310205,20.178736,,,,,,,20.163568,20.391108,19.895807,20.001886,19.961451,20.037256,20.143366,20.042292,0,0,0,0,0,0
615964,97.758286,3.492600,3.490050,3.491367,0.002550,3.491400,3.491850,3.491400,3.491400,3.491250,3.491700,3.492450,3.490200,3.491250,3.491100,3.492150,3.490050,3.491850,3.491550,3.491550,3.490950,3.491550,3.491550,3.491850,3.491100,3.490350,3.491250,3.491550,3.491550,3.491100,3.491250,3.492600,3.490500,20.391108,19.895807,20.085587,20.027124,20.072626,20.057459,20.138300,19.966516,19.986719,20.315241,20.178736,,,,,,,20.158533,20.391108,19.895807,19.996820,19.961451,20.037256,20.143366,20.042292,0,0,0,0,0,0
616465,97.758743,3.492600,3.490050,3.491384,0.002550,3.491400,3.491850,3.491550,3.491400,3.491250,3.491700,3.492600,3.490350,3.491250,3.491100,3.492150,3.490050,3.491850,3.491550,3.491550,3.491100,3.491550,3.491400,3.491850,3.490950,3.490350,3.491250,3.491550,3.491550,3.491100,3.491250,3.492600,3.490650,20.391108,19.895807,20.085270,20.027124,20.072626,20.052393,20.143366,19.961451,19.986719,20.310205,20.178736,,,,,,,20.163568,20.391108,19.895807,19.996820,19.961451,20.037256,20.143366,20.042292,0,0,0,0,0,0
616966,97.758286,3.492600,3.489900,3.491367,0.002700,3.491400,3.491850,3.491400,3.491250,3.491250,3.491700,3.492600,3.490350,3.491250,3.491100,3.492150,3.489900,3.491850,3.491550,3.491550,3.490950,3.491550,3.491550,3.491850,3.490950,3.490350,3.491250,3.491550,3.491550,3.491100,3.491250,3.492600,3.490650,20.391108,19.895807,20.085903,20.027124,20.072626,20.057459,20.138300,19.966516,19.986719,20.315241,20.178736,,,,,,,20.158533,20.391108,19.895807,20.001886,19.961451,20.037256,20.143366,20.042292,0,0,0,0,0,0
617467,97.758286,3.492600,3.489900,3.491367,0.002700,3.491400,3.491850,3.491400,3.491400,3.491250,3.491850,3.492600,3.490200,3.491250,3.491100,3.492150,3.489900,3.491850,3.491550,3.491550,3.490950,3.491550,3.491550,3.491850,3.490950,3.490350,3.491250,3.491550,3.491550,3.491100,3.491100,3.492600,3.490650,20.391108,19.895807,20.085270,20.027124,20.072626,20.052393,20.138300,19.966516,19.986719,20.315241,20.178736,,,,,,,20.158533,20.391108,19.895807,19.996820,19.961451,20.037256,20.143366,20.042292,0,0,0,0,0,0
617968,97.757843,3.492600,3.490050,3.491352,0.002550,3.491400,3.491850,3.491400,3.491400,3.491250,3.491700,3.492450,3.490200,3.491100,3.491100,3.492150,3.490050,3.491850,3.491550,3.491550,3.490950,3.491550,3.491550,3.491850,3.491100,3.490350,3.491250,3.491550,3.491550,3.490950,3.491100,3.492600,3.490500,20.391108,19.895807,20.085587,20.027124,20.072626,20.052393,20.143366,19.966516,19.986719,20.315241,20.178736,,,,,,,20.163568,20.391108,19.895807,19.996820,19.961451,20.037256,20.143366,20.037256,0,0,0,0,0,0
618469,97.757843,3.492600,3.490050,3.491352,0.002550,3.491400,3.491850,3.491400,3.491400,3.491250,3.491700,3.492450,3.490200,3.491250,3.491100,3.492150,3.490050,3.491850,3.491550,3.491550,3.490950,3.491550,3.491550,3.491850,3.490950,3.490350,3.491100,3.491400,3.491550,3.491100,3.491250,3.492600,3.490500,20.391108,19.895807,20.085587,20.027124,20.072626,20.057459,20.138300,19.966516,19.986719,20.315241,20.173700,,,,,,,20.163568,20.391108,19.895807,19.996820,19.961451,20.037256,20.143366,20.042292,0,0,0,0,0,0
618970,97.758278,3.492600,3.489900,3.491367,0.002700,3.491400,3.491850,3.491550,3.491400,3.491400,3.491700,3.492450,3.490200,3.491100,3.491100,3.492150,3.489900,3.491850,3.491700,3.491550,3.490950,3.491550,3.491550,3.491850,3.490950,3.490350,3.491250,3.491550,3.491550,3.491100,3.491100,3.492600,3.490650,20.391108,19.895807,20.085903,20.032190,20.072626,20.052393,20.143366,19.966516,19.986719,20.315241,20.178736,,,,,,,20.158533,20.391108,19.895807,19.996820,19.961451,20.037256,20.143366,20.042292,0,0,0,0,0,0
619471,97.757683,3.492450,3.489900,3.491346,0.002550,3.491400,3.491850,3.491400,3.491400,3.491250,3.491700,3.492450,3.490200,3.491250,3.491100,3.492150,3.489900,3.491850,3.491550,3.491550,3.490950,3.491550,3.491400,3.491850,3.490950,3.490350,3.491250,3.491550,3.491550,3.491100,3.491250,3.492450,3.490500,20.396173,19.895807,20.087168,20.032190,20.072626,20.057459,20.143366,19.966516,19.986719,20.320307,20.178736,,,,,,,20.163568,20.396173,19.895807,19.996820,19.961451,20.037256,20.143366,20.042292,0,0,0,0,0,0
619971,97.758736,3.492600,3.490050,3.491383,0.002550,3.491400,3.491850,3.491400,3.491400,3.491250,3.491700,3.492600,3.490350,3.491250,3.491100,3.492150,3.490050,3.491850,3.491700,3.491550,3.490950,3.491550,3.491550,3.491850,3.490950,3.490350,3.491250,3.491550,3.491550,3.491100,3.491250,3.492600,3.490650,20.396173,19.895807,20.086535,20.027124,20.072626,20.052393,20.138300,19.966516,19.986719,20.320307,20.178736,,,,,,,20.163568,20.396173,19.895807,20.001886,19.961451,20.037256,20.143366,20.042292,0,0,0,0,0,0
620473,97.758293,3.492600,3.490050,3.491368,0.002550,3.491400,3.491850,3.491400,3.491400,3.491250,3.491700,3.492600,3.490200,3.491250,3.491100,3.492150,3.490050,3.491850,3.491550,3.491550,3.490950,3.491550,3.491550,3.491850,3.490950,3.490350,3.491250,3.491400,3.491550,3.491100,3.491250,3.492600,3.490650,20.396173,19.895807,20.085903,20.027124,20.072626,20.052393,20.138300,19.966516,19.986719,20.320307,20.173700,,,,,,,20.163568,20.396173,19.895807,19.996820,19.961451,20.037256,20.143366,20.042292,0,0,0,0,0,0
620974,97.757843,3.492600,3.490050,3.491352,0.002550,3.491400,3.491850,3.491400,3.491400,3.491250,3.491550,3.492450,3.490200,3.491250,3.491100,3.492150,3.490050,3.491850,3.491550,3.491550,3.490950,3.491550,3.491400,3.491850,3.490950,3.490350,3.491250,3.491550,3.491550,3.491100,3.491250,3.492600,3.490500,20.391108,19.895807,20.085903,20.027124,20.072626,20.052393,20.143366,19.966516,19.986719,20.320307,20.173700,,,,,,,20.163568,20.391108,19.895807,19.996820,19.961451,20.037256,20.143366,20.042292,0,0,0,0,0,0
621475,97.757835,3.492600,3.489900,3.491351,0.002700,3.491400,3.491850,3.491400,3.491400,3.491250,3.491700,3.492450,3.490200,3.491100,3.491100,3.492150,3.489900,3.491850,3.491700,3.491550,3.490950,3.491550,3.491550,3.491850,3.490950,3.490350,3.491100,3.491550,3.491550,3.491100,3.491250,3.492600,3.490500,20.396173,19.895807,20.086220,20.027124,20.072626,20.052393,20.143366,19.966516,19.986719,20.320307,20.173700,,,,,,,20.163568,20.396173,19.895807,19.996820,19.961451,20.037256,20.143366,20.042292,0,0,0,0,0,0
621976,97.758141,3.492600,3.490050,3.491362,0.002550,3.491250,3.491850,3.491400,3.491400,3.491250,3.491700,3.492600,3.490200,3.491250,3.491100,3.492150,3.490050,3.491850,3.491550,3.491550,3.490950,3.491550,3.491550,3.491850,3.490950,3.490350,3.491250,3.491550,3.491550,3.491100,3.491250,3.492600,3.490500,20.391108,19.895807,20.085901,20.027124,20.072626,20.052393,20.138300,19.966516,19.986719,20.320307,20.178736,,,,,,,20.163568,20.391108,19.895807,19.996820,19.961451,20.037256,20.143366,20.042292,0,0,0,0,0,0
622477,97.757698,3.492600,3.490050,3.491346,0.002550,3.491400,3.491850,3.491400,3.491400,3.491250,3.491700,3.492450,3.490200,3.491250,3.491100,3.492150,3.490050,3.491700,3.491550,3.491550,3.490950,3.491550,3.491550,3.491850,3.490950,3.490350,3.491250,3.491550,3.491400,3.490950,3.491250,3.492600,3.490500,20.396173,19.895807,20.086533,20.027124,20.077662,20.052393,20.138300,19.966516,19.986719,20.320307,20.178736,,,,,,,20.163568,20.396173,19.895807,19.996820,19.961451,20.037256,20.143366,20.042292,0,0,0,0,0,0
622978,97.757835,3.492600,3.489900,3.491351,0.002700,3.491250,3.491850,3.491400,3.491400,3.491400,3.491700,3.492600,3.490200,3.491250,3.491100,3.492150,3.489900,3.491700,3.491550,3.491550,3.490950,3.491550,3.491550,3.491850,3.490950,3.490350,3.491100,3.491550,3.491550,3.491100,3.491250,3.492600,3.490500,20.391108,19.895807,20.086218,20.027124,20.072626,20.057459,20.143366,19.961451,19.986719,20.320307,20.178736,,,,,,,20.163568,20.391108,19.895807,19.996820,19.961451,20.037256,20.143366,20.042292,0,0,0,0,0,0
623478,97.757690,3.492600,3.489900,3.491346,0.002700,3.491400,3.491850,3.491400,3.491400,3.491250,3.491700,3.492450,3.490200,3.491100,3.491100,3.492150,3.489900,3.491850,3.491550,3.491550,3.490950,3.491550,3.491550,3.491850,3.490950,3.490350,3.491250,3.491550,3.491550,3.491100,3.491100,3.492600,3.490500,20.391108,19.895807,20.086218,20.027124,20.072626,20.052393,20.143366,19.966516,19.986719,20.320307,20.178736,,,,,,,20.163568,20.391108,19.895807,19.996820,19.961451,20.037256,20.143366,20.042292,0,0,0,0,0,0
623980,97.757843,3.492600,3.489900,3.491352,0.002700,3.491400,3.491850,3.491400,3.491400,3.491250,3.491700,3.492600,3.490200,3.491250,3.491100,3.492150,3.489900,3.491850,3.491550,3.491550,3.490950,3.491400,3.491400,3.491850,3.490950,3.490350,3.491250,3.491550,3.491550,3.491100,3.491250,3.492600,3.490500,20.396173,19.900843,20.086218,20.027124,20.072626,20.052393,20.138300,19.966516,19.986719,20.320307,20.173700,,,,,,,20.163568,20.396173,19.900843,19.996820,19.961451,20.037256,20.143366,20.042292,0,0,0,0,0,0
624481,97.757843,3.492600,3.489900,3.491352,0.002700,3.491400,3.491850,3.491400,3.491400,3.491250,3.491700,3.492450,3.490200,3.491100,3.491100,3.492150,3.489900,3.491850,3.491550,3.491550,3.490950,3.491550,3.491550,3.491850,3.490950,3.490350,3.491250,3.491550,3.491550,3.491100,3.491250,3.492600,3.490500,20.396173,19.895807,20.086851,20.027124,20.072626,20.052393,20.143366,19.966516,19.986719,20.325373,20.178736,,,,,,,20.163568,20.396173,19.895807,19.996820,19.961451,20.037256,20.143366,20.042292,0,0,0,0,0,0
624982,97.757393,3.492600,3.489900,3.491335,0.002700,3.491400,3.491850,3.491400,3.491400,3.491250,3.491700,3.492450,3.490200,3.491100,3.491100,3.492150,3.489900,3.491850,3.491550,3.491550,3.490950,3.491550,3.491400,3.491850,3.490950,3.490350,3.491250,3.491550,3.491550,3.490950,3.491100,3.492600,3.490500,20.391108,19.895807,20.086851,20.027124,20.072626,20.052393,20.143366,19.966516,19.986719,20.325373,20.178736,,,,,,,20.163568,20.391108,19.895807,19.996820,19.966516,20.037256,20.143366,20.042292,0,0,0,0,0,0
625483,97.757545,3.492600,3.489900,3.491341,0.002700,3.491400,3.491850,3.491400,3.491400,3.491250,3.491700,3.492450,3.490200,3.491100,3.491100,3.492150,3.489900,3.491850,3.491550,3.491550,3.490950,3.491550,3.491400,3.491850,3.490950,3.490350,3.491250,3.491550,3.491550,3.490950,3.491250,3.492600,3.490500,20.396173,19.895807,20.087797,20.032190,20.077662,20.052393,20.143366,19.966516,19.986719,20.325373,20.178736,,,,,,,20.163568,20.396173,19.895807,19.996820,19.961451,20.037256,20.148401,20.042292,0,0,0,0,0,0
625984,97.757248,3.492600,3.490050,3.491330,0.002550,3.491250,3.491850,3.491400,3.491400,3.491250,3.491700,3.492600,3.490200,3.491100,3.491100,3.492150,3.490050,3.491850,3.491550,3.491550,3.490950,3.491400,3.491550,3.491850,3.490950,3.490350,3.491100,3.491400,3.491550,3.490950,3.491100,3.492600,3.490500,20.396173,19.895807,20.087799,20.032190,20.077662,20.052393,20.143366,19.966516,19.986719,20.325373,20.178736,,,,,,,20.163568,20.396173,19.895807,20.001886,19.961451,20.037256,20.143366,20.042292,0,0,0,0,0,0
626485,97.757690,3.492600,3.489900,3.491346,0.002700,3.491400,3.491850,3.491400,3.491400,3.491400,3.491700,3.492450,3.490200,3.491100,3.491100,3.492150,3.489900,3.491850,3.491550,3.491550,3.490950,3.491550,3.491550,3.491850,3.490950,3.490200,3.491100,3.491550,3.491550,3.491100,3.491250,3.492600,3.490500,20.396173,19.895807,20.087797,20.027124,20.077662,20.052393,20.138300,19.966516,19.986719,20.325373,20.178736,,,,,,,20.168634,20.396173,19.895807,20.001886,19.961451,20.042292,20.143366,20.042292,0,0,0,0,0,0
626986,97.757095,3.492600,3.489900,3.491325,0.002700,3.491250,3.491850,3.491400,3.491250,3.491250,3.491550,3.492450,3.490200,3.491100,3.491100,3.492150,3.489900,3.491850,3.491550,3.491550,3.490950,3.491550,3.491550,3.491850,3.490950,3.490350,3.491250,3.491550,3.491400,3.491100,3.491100,3.492600,3.490500,20.396173,19.900843,20.087797,20.027124,20.077662,20.052393,20.143366,19.966516,19.986719,20.325373,20.178736,,,,,,,20.163568,20.396173,19.900843,20.001886,19.961451,20.037256,20.143366,20.042292,0,0,0,0,0,0
627487,97.757095,3.492600,3.489900,3.491325,0.002700,3.491400,3.491850,3.491400,3.491400,3.491250,3.491550,3.492450,3.490200,3.491250,3.491100,3.492150,3.489900,3.491850,3.491550,3.491550,3.490950,3.491400,3.491400,3.491850,3.490950,3.490350,3.491100,3.491400,3.491550,3.491100,3.491100,3.492600,3.490500,20.396173,19.895807,20.087801,20.032190,20.077662,20.052393,20.143366,19.966516,19.986719,20.325373,20.173700,,,,,,,20.168634,20.396173,19.895807,20.001886,19.961451,20.037256,20.143366,20.042292,0,0,0,0,0,0
627987,97.757088,3.492450,3.489900,3.491325,0.002550,3.491400,3.491850,3.491400,3.491400,3.491250,3.491700,3.492450,3.490200,3.491100,3.491100,3.492150,3.489900,3.491850,3.491700,3.491550,3.490950,3.491400,3.491400,3.491850,3.490950,3.490350,3.491100,3.491550,3.491550,3.490950,3.491100,3.492450,3.490500,20.396173,19.895807,20.087799,20.032190,20.077662,20.057459,20.138300,19.966516,19.986719,20.325373,20.178736,,,,,,,20.163568,20.396173,19.895807,19.996820,19.966516,20.037256,20.143366,20.042292,0,0,0,0,0,0
628489,97.757538,3.492600,3.490050,3.491341,0.002550,3.491250,3.491850,3.491400,3.491400,3.491250,3.491700,3.492450,3.490200,3.491250,3.491100,3.492150,3.490050,3.491850,3.491550,3.491550,3.490950,3.491550,3.491400,3.491850,3.490950,3.490350,3.491100,3.491550,3.491550,3.491100,3.491100,3.492600,3.490500,20.396173,19.895807,20.087484,20.027124,20.072626,20.052393,20.143366,19.966516,19.986719,20.325373,20.178736,,,,,,,20.168634,20.396173,19.895807,19.996820,19.966516,20.037256,20.143366,20.042292,0,0,0,0,0,0
628990,97.757088,3.492600,3.490050,3.491325,0.002550,3.491250,3.491850,3.491400,3.491250,3.491250,3.491550,3.492450,3.490200,3.491100,3.491100,3.492150,3.490050,3.491850,3.491550,3.491550,3.490950,3.491550,3.491400,3.491850,3.490950,3.490350,3.491100,3.491550,3.491550,3.490950,3.491100,3.492600,3.490650,20.396173,19.895807,20.088116,20.032190,20.077662,20.052393,20.143366,19.966516,19.986719,20.325373,20.178736,,,,,,,20.163568,20.396173,19.895807,20.001886,19.966516,20.037256,20.143366,20.042292,0,0,0,0,0,0
629491,97.757690,3.492600,3.490050,3.491346,0.002550,3.491400,3.491850,3.491400,3.491400,3.491250,3.491700,3.492450,3.490200,3.491100,3.491100,3.492150,3.490050,3.491850,3.491550,3.491550,3.490950,3.491550,3.491400,3.491850,3.490950,3.490350,3.491250,3.491550,3.491550,3.491100,3.491100,3.492600,3.490500,20.396173,19.900843,20.088428,20.032190,20.077662,20.052393,20.143366,19.966516,19.986719,20.325373,20.178736,,,,,,,20.163568,20.396173,19.900843,20.001886,19.961451,20.037256,20.148401,20.042292,0,0,0,0,0,0
629992,97.757240,3.492600,3.489900,3.491330,0.002700,3.491400,3.491850,3.491400,3.491400,3.491400,3.491700,3.492450,3.490200,3.491100,3.490950,3.492150,3.489900,3.491700,3.491550,3.491550,3.490950,3.491400,3.491400,3.491850,3.490950,3.490350,3.491250,3.491550,3.491550,3.491100,3.491100,3.492600,3.490500,20.396173,19.895807,20.088114,20.032190,20.077662,20.052393,20.143366,19.966516,19.986719,20.325373,20.178736,,,,,,,20.163568,20.396173,19.895807,20.001886,19.961451,20.037256,20.148401,20.042292,0,0,0,0,0,0
630493,97.756943,3.492600,3.489900,3.491319,0.002700,3.491250,3.491850,3.491400,3.491250,3.491250,3.491550,3.492450,3.490200,3.491100,3.491100,3.492150,3.489900,3.491850,3.491550,3.491550,3.490950,3.491550,3.491550,3.491850,3.490950,3.490350,3.491100,3.491550,3.491550,3.490950,3.491100,3.492600,3.490500,20.396173,19.900843,20.088114,20.027124,20.077662,20.057459,20.143366,19.966516,19.986719,20.325373,20.178736,,,,,,,20.168634,20.396173,19.900843,19.996820,19.961451,20.037256,20.143366,20.042292,0,0,0,0,0,0
630994,97.757088,3.492600,3.489900,3.491325,0.002700,3.491250,3.491850,3.491400,3.491250,3.491250,3.491700,3.492450,3.490200,3.491250,3.491100,3.492150,3.489900,3.491850,3.491550,3.491550,3.490950,3.491400,3.491400,3.491850,3.490950,3.490350,3.491100,3.491550,3.491550,3.491100,3.491100,3.492600,3.490500,20.396173,19.895807,20.088745,20.027124,20.077662,20.057459,20.143366,19.966516,19.986719,20.330408,20.178736,,,,,,,20.168634,20.396173,19.895807,19.996820,19.966516,20.042292,20.143366,20.042292,0,0,0,0,0,0
631495,97.757240,3.492600,3.489900,3.491330,0.002700,3.491400,3.491850,3.491400,3.491400,3.491250,3.491550,3.492450,3.490200,3.491100,3.491100,3.492150,3.489900,3.491850,3.491550,3.491550,3.490950,3.491550,3.491400,3.491850,3.490950,3.490350,3.491250,3.491550,3.491550,3.490950,3.491100,3.492600,3.490500,20.396173,19.895807,20.088114,20.032190,20.072626,20.052393,20.138300,19.966516,19.986719,20.330408,20.178736,,,,,,,20.168634,20.396173,19.895807,19.996820,19.966516,20.037256,20.148401,20.042292,0,0,0,0,0,0
631996,97.756355,3.492600,3.489900,3.491298,0.002700,3.491250,3.491850,3.491400,3.491400,3.491250,3.491550,3.492450,3.490200,3.491250,3.491100,3.492000,3.489900,3.491850,3.491550,3.491550,3.490800,3.491400,3.491400,3.491850,3.490950,3.490200,3.491100,3.491400,3.491400,3.490950,3.491250,3.492600,3.490500,20.396173,19.900843,20.089376,20.032190,20.072626,20.057459,20.138300,19.966516,19.986719,20.330408,20.178736,,,,,,,20.168634,20.396173,19.900843,20.001886,19.966516,20.042292,20.148401,20.042292,0,0,0,0,0,0
632497,97.756645,3.492450,3.489900,3.491309,0.002550,3.491400,3.491850,3.491400,3.491400,3.491250,3.491700,3.492450,3.490200,3.491100,3.491100,3.492150,3.489900,3.491700,3.491550,3.491550,3.490950,3.491400,3.491400,3.491850,3.490950,3.490350,3.491100,3.491400,3.491550,3.490950,3.491100,3.492450,3.490500,20.396173,19.900843,20.088428,20.027124,20.077662,20.052393,20.143366,19.966516,19.986719,20.330408,20.178736,,,,,,,20.168634,20.396173,19.900843,19.996820,19.966516,20.037256,20.143366,20.042292,0,0,0,0,0,0
632998,97.756500,3.492600,3.489900,3.491304,0.002700,3.491250,3.491700,3.491400,3.491400,3.491250,3.491550,3.492450,3.490200,3.491100,3.490950,3.492150,3.489900,3.491850,3.491550,3.491550,3.490950,3.491400,3.491400,3.491850,3.490950,3.490350,3.491100,3.491550,3.491400,3.491100,3.491100,3.492600,3.490500,20.396173,19.900843,20.089378,20.032190,20.072626,20.057459,20.143366,19.966516,19.986719,20.335474,20.178736,,,,,,,20.168634,20.396173,19.900843,19.996820,19.966516,20.037256,20.148401,20.042292,0,0,0,0,0,0
633498,97.756950,3.492600,3.489900,3.491320,0.002700,3.491250,3.491850,3.491400,3.491400,3.491250,3.491700,3.492600,3.490350,3.491250,3.490950,3.492150,3.489900,3.491700,3.491550,3.491550,3.490950,3.491400,3.491400,3.491850,3.490950,3.490200,3.491250,3.491550,3.491550,3.490950,3.491100,3.492450,3.490500,20.396173,19.900843,20.089376,20.032190,20.077662,20.052393,20.143366,19.966516,19.986719,20.330408,20.178736,,,,,,,20.168634,20.396173,19.900843,20.001886,19.966516,20.037256,20.148401,20.042292,0,0,0,0,0,0
634000,97.756645,3.492600,3.489900,3.491309,0.002700,3.491250,3.491850,3.491400,3.491250,3.491250,3.491550,3.492450,3.490200,3.491100,3.491100,3.492150,3.489900,3.491700,3.491550,3.491550,3.490950,3.491550,3.491400,3.491850,3.490950,3.490200,3.491100,3.491400,3.491550,3.491100,3.491250,3.492600,3.490500,20.396173,19.900843,20.089691,20.032190,20.077662,20.057459,20.143366,19.966516,19.986719,20.330408,20.178736,,,,,,,20.168634,20.396173,19.900843,19.996820,19.966516,20.042292,20.148401,20.042292,0,0,0,0,0,0
634501,97.756355,3.492600,3.489900,3.491298,0.002700,3.491250,3.491850,3.491400,3.491400,3.491250,3.491700,3.492450,3.490200,3.491100,3.491100,3.492150,3.489900,3.491700,3.491550,3.491550,3.490950,3.491400,3.491400,3.491850,3.490950,3.490200,3.491100,3.491400,3.491400,3.490950,3.491100,3.492600,3.490500,20.396173,19.900843,20.089691,20.032190,20.077662,20.052393,20.143366,19.966516,19.986719,20.335474,20.178736,,,,,,,20.168634,20.396173,19.900843,19.996820,19.966516,20.042292,20.148401,20.042292,0,0,0,0,0,0
635002,97.756203,3.492600,3.489900,3.491293,0.002700,3.491250,3.491850,3.491400,3.491250,3.491250,3.491550,3.492450,3.490200,3.491100,3.491100,3.492000,3.489900,3.491700,3.491550,3.491550,3.490950,3.491400,3.491400,3.491850,3.490950,3.490350,3.491100,3.491400,3.491550,3.490950,3.491100,3.492600,3.490500,20.396173,19.900843,20.089060,20.032190,20.077662,20.052393,20.138300,19.966516,19.986719,20.335474,20.178736,,,,,,,20.168634,20.396173,19.900843,19.996820,19.966516,20.037256,20.148401,20.042292,0,0,0,0,0,0
635503,97.756653,3.492600,3.489900,3.491309,0.002700,3.491250,3.491850,3.491400,3.491400,3.491250,3.491700,3.492450,3.490200,3.491100,3.491100,3.492000,3.489900,3.491850,3.491550,3.491550,3.490950,3.491550,3.491400,3.491850,3.490950,3.490350,3.491100,3.491400,3.491400,3.490950,3.491100,3.492600,3.490500,20.396173,19.900843,20.089693,20.032190,20.072626,20.052393,20.143366,19.966516,19.986719,20.335474,20.178736,,,,,,,20.168634,20.396173,19.900843,20.001886,19.966516,20.042292,20.148401,20.042292,0,0,0,0,0,0
636003,97.756195,3.492450,3.489900,3.491293,0.002550,3.491250,3.491850,3.491400,3.491400,3.491250,3.491700,3.492450,3.490200,3.491250,3.491100,3.492150,3.489900,3.491700,3.491400,3.491550,3.490950,3.491400,3.491400,3.491850,3.490800,3.490350,3.491100,3.491400,3.491400,3.490950,3.491100,3.492450,3.490500,20.396173,19.900843,20.089376,20.032190,20.077662,20.052393,20.138300,19.966516,19.986719,20.335474,20.178736,,,,,,,20.168634,20.396173,19.900843,20.001886,19.966516,20.037256,20.148401,20.042292,0,0,0,0,0,0
636505,97.756508,3.492450,3.489900,3.491304,0.002550,3.491400,3.491850,3.491400,3.491400,3.491250,3.491700,3.492450,3.490200,3.491100,3.491100,3.492150,3.489900,3.491850,3.491550,3.491550,3.490950,3.491400,3.491400,3.491850,3.490950,3.490200,3.491100,3.491400,3.491400,3.490950,3.491100,3.492450,3.490500,20.396173,19.900843,20.089378,20.032190,20.072626,20.057459,20.143366,19.966516,19.986719,20.335474,20.178736,,,,,,,20.168634,20.396173,19.900843,19.996820,19.966516,20.037256,20.148401,20.042292,0,0,0,0,0,0
637005,97.755760,3.492600,3.489900,3.491277,0.002700,3.491250,3.491850,3.491400,3.491250,3.491250,3.491550,3.492450,3.490200,3.491100,3.491100,3.492150,3.489900,3.491700,3.491550,3.491550,3.490950,3.491400,3.491400,3.491700,3.490800,3.490200,3.491100,3.491400,3.491400,3.490950,3.491100,3.492600,3.490500,20.396173,19.900843,20.090324,20.032190,20.077662,20.057459,20.143366,19.966516,19.986719,20.335474,20.178736,,,,,,,20.168634,20.396173,19.900843,20.001886,19.966516,20.042292,20.148401,20.042292,0,0,0,0,0,0
637506,97.756805,3.492600,3.489900,3.491314,0.002700,3.491400,3.491850,3.491400,3.491400,3.491250,3.491550,3.492450,3.490200,3.491250,3.491100,3.492150,3.489900,3.491700,3.491550,3.491550,3.490950,3.491400,3.491400,3.491850,3.490950,3.490350,3.491100,3.491400,3.491400,3.490950,3.491250,3.492600,3.490500,20.396173,19.900843,20.090010,20.032190,20.072626,20.057459,20.143366,19.966516,19.986719,20.335474,20.178736,,,,,,,20.168634,20.396173,19.900843,20.001886,19.966516,20.042292,20.148401,20.042292,0,0,0,0,0,0
638007,97.756042,3.492450,3.489900,3.491287,0.002550,3.491250,3.491850,3.491400,3.491250,3.491250,3.491550,3.492450,3.490200,3.491100,3.491100,3.492150,3.489900,3.491700,3.491550,3.491550,3.490950,3.491400,3.491400,3.491850,3.490950,3.490200,3.491100,3.491400,3.491550,3.490950,3.491100,3.492450,3.490500,20.396173,19.900843,20.090326,20.032190,20.077662,20.057459,20.143366,19.966516,19.986719,20.335474,20.178736,,,,,,,20.168634,20.396173,19.900843,20.001886,19.966516,20.037256,20.148401,20.047358,0,0,0,0,0,0
638508,97.756195,3.492600,3.489900,3.491293,0.002700,3.491250,3.491700,3.491400,3.491400,3.491250,3.491550,3.492450,3.490200,3.491250,3.491100,3.492150,3.489900,3.491850,3.491550,3.491550,3.490800,3.491400,3.491400,3.491700,3.490950,3.490200,3.491100,3.491400,3.491550,3.490950,3.491100,3.492600,3.490500,20.396173,19.895807,20.089693,20.032190,20.077662,20.057459,20.143366,19.966516,19.986719,20.335474,20.178736,,,,,,,20.168634,20.396173,19.895807,19.996820,19.966516,20.042292,20.148401,20.042292,0,0,0,0,0,0
639010,97.755898,3.492600,3.489900,3.491282,0.002700,3.491250,3.491700,3.491400,3.491250,3.491250,3.491700,3.492450,3.490200,3.491100,3.491100,3.492150,3.489900,3.491700,3.491550,3.491550,3.490950,3.491400,3.491400,3.491700,3.490950,3.490200,3.491100,3.491400,3.491400,3.490950,3.491100,3.492600,3.490500,20.401239,19.900843,20.090324,20.032190,20.077662,20.057459,20.143366,19.966516,19.986719,20.335474,20.178736,,,,,,,20.168634,20.401239,19.900843,19.996820,19.966516,20.042292,20.148401,20.042292,0,0,0,0,0,0
639510,97.756042,3.492450,3.489900,3.491287,0.002550,3.491250,3.491850,3.491400,3.491250,3.491250,3.491700,3.492450,3.490200,3.491100,3.491100,3.492150,3.489900,3.491700,3.491550,3.491550,3.490950,3.491400,3.491400,3.491700,3.490950,3.490200,3.491100,3.491400,3.491550,3.490950,3.491100,3.492450,3.490500,20.396173,19.900843,20.089695,20.032190,20.072626,20.057459,20.143366,19.966516,19.986719,20.335474,20.178736,,,,,,,20.168634,20.396173,19.900843,20.001886,19.966516,20.037256,20.148401,20.042292,0,0,0,0,0,0
640011,97.770294,3.493050,3.490350,3.491796,0.002700,3.491700,3.492300,3.491850,3.491850,3.491850,3.492150,3.492900,3.490650,3.491700,3.491550,3.492600,3.490350,3.492300,3.492000,3.492000,3.491400,3.492000,3.492000,3.492300,3.491400,3.490800,3.491550,3.492000,3.491850,3.491550,3.491700,3.493050,3.490950,20.396173,19.900843,20.089378,20.032190,20.072626,20.052393,20.143366,19.966516,19.986719,20.335474,20.178736,,,,,,,20.168634,20.396173,19.900843,19.996820,19.966516,20.037256,20.148401,20.047358,0,0,0,0,0,0
640512,97.770882,3.493050,3.490500,3.491817,0.002550,3.491850,3.492300,3.491850,3.491850,3.491700,3.492150,3.493050,3.490800,3.491700,3.491550,3.492600,3.490500,3.492300,3.492000,3.492000,3.491400,3.492000,3.492000,3.492300,3.491550,3.490800,3.491550,3.492000,3.492000,3.491550,3.491550,3.493050,3.490950,20.396173,19.900843,20.090008,20.032190,20.077662,20.057459,20.143366,19.966516,19.986719,20.335474,20.178736,,,,,,,20.168634,20.396173,19.900843,19.996820,19.966516,20.042292,20.148401,20.042292,0,0,0,0,0,0
641013,97.770897,3.493050,3.490500,3.491818,0.002550,3.491850,3.492300,3.491850,3.492000,3.491700,3.492150,3.492900,3.490650,3.491700,3.491550,3.492750,3.490500,3.492300,3.492000,3.492000,3.491400,3.492000,3.492000,3.492300,3.491400,3.490800,3.491700,3.492000,3.492000,3.491400,3.491700,3.493050,3.490950,20.401239,19.900843,20.090958,20.032190,20.077662,20.057459,20.143366,19.966516,19.986719,20.335474,20.178736,,,,,,,20.173700,20.401239,19.900843,20.001886,19.966516,20.042292,20.148401,20.042292,0,0,0,0,0,0
641514,97.770737,3.493050,3.490350,3.491812,0.002700,3.491850,3.492300,3.491850,3.491850,3.491850,3.492150,3.492900,3.490650,3.491550,3.491550,3.492600,3.490350,3.492300,3.492000,3.492000,3.491400,3.492000,3.492000,3.492300,3.491550,3.490800,3.491700,3.492000,3.492000,3.491550,3.491700,3.493050,3.490950,20.396173,19.900843,20.090324,20.032190,20.077662,20.057459,20.143366,19.966516,19.986719,20.335474,20.178736,,,,,,,20.173700,20.396173,19.900843,19.996820,19.966516,20.042292,20.148401,20.042292,0,0,0,0,0,0
642015,97.771339,3.493050,3.490500,3.491833,0.002550,3.491850,3.492300,3.492000,3.491850,3.491700,3.492150,3.493050,3.490800,3.491700,3.491550,3.492600,3.490500,3.492300,3.492000,3.492000,3.491400,3.492000,3.492000,3.492300,3.491400,3.490800,3.491700,3.492000,3.492000,3.491550,3.491700,3.493050,3.491100,20.396173,19.900843,20.090641,20.032190,20.077662,20.057459,20.143366,19.966516,19.986719,20.335474,20.178736,,,,,,,20.173700,20.396173,19.900843,20.001886,19.966516,20.042292,20.148401,20.042292,0,0,0,0,0,0
642516,97.772087,3.493050,3.490500,3.491860,0.002550,3.491850,3.492450,3.492000,3.491850,3.491700,3.492150,3.493050,3.490800,3.491700,3.491700,3.492750,3.490500,3.492300,3.492000,3.492150,3.491400,3.492000,3.492000,3.492300,3.491400,3.490800,3.491850,3.492000,3.492000,3.491550,3.491700,3.493050,3.491100,20.396173,19.900843,20.090641,20.032190,20.077662,20.052393,20.143366,19.966516,19.986719,20.340540,20.178736,,,,,,,20.168634,20.396173,19.900843,20.001886,19.966516,20.042292,20.153467,20.042292,0,0,0,0,0,0
643017,97.771935,3.493050,3.490500,3.491855,0.002550,3.491850,3.492300,3.491850,3.491850,3.491850,3.492300,3.493050,3.490650,3.491700,3.491700,3.492750,3.490500,3.492300,3.492000,3.492150,3.491550,3.492000,3.492000,3.492300,3.491400,3.490800,3.491700,3.492000,3.492000,3.491550,3.491700,3.493050,3.491100,20.396173,19.900843,20.090958,20.032190,20.077662,20.057459,20.143366,19.966516,19.986719,20.340540,20.178736,,,,,,,20.173700,20.396173,19.900843,20.001886,19.966516,20.042292,20.148401,20.042292,0,0,0,0,0,0
643518,97.772087,3.493050,3.490500,3.491860,0.002550,3.491850,3.492300,3.492000,3.491850,3.491850,3.492150,3.493050,3.490800,3.491700,3.491550,3.492600,3.490500,3.492300,3.492150,3.492000,3.491550,3.492000,3.492000,3.492300,3.491550,3.490800,3.491850,3.492000,3.492000,3.491550,3.491700,3.493050,3.491100,20.396173,19.905909,20.091591,20.032190,20.077662,20.057459,20.143366,19.966516,19.986719,20.340540,20.178736,,,,,,,20.173700,20.396173,19.905909,20.001886,19.966516,20.042292,20.148401,20.047358,0,0,0,0,0,0
644019,97.772385,3.493050,3.490500,3.491871,0.002550,3.491850,3.492300,3.491850,3.492000,3.491850,3.492150,3.493050,3.490800,3.491700,3.491700,3.492750,3.490500,3.492300,3.492150,3.492150,3.491400,3.492000,3.492000,3.492300,3.491550,3.490950,3.491700,3.492000,3.492000,3.491550,3.491700,3.493050,3.491100,20.396173,19.900843,20.091274,20.032190,20.077662,20.057459,20.143366,19.966516,19.986719,20.340540,20.178736,,,,,,,20.168634,20.396173,19.900843,20.001886,19.966516,20.042292,20.153467,20.047358,0,0,0,0,0,0
644520,97.772377,3.493050,3.490500,3.491871,0.002550,3.491850,3.492450,3.492000,3.491850,3.491850,3.492150,3.493050,3.490800,3.491700,3.491700,3.492750,3.490500,3.492300,3.492150,3.492150,3.491550,3.492000,3.492000,3.492300,3.491400,3.490800,3.491700,3.492000,3.492000,3.491550,3.491700,3.493050,3.491100,20.401239,19.900843,20.091591,20.032190,20.077662,20.057459,20.143366,19.966516,19.986719,20.340540,20.183802,,,,,,,20.173700,20.401239,19.900843,20.001886,19.966516,20.042292,20.148401,20.042292,0,0,0,0,0,0
645021,97.772224,3.493050,3.490500,3.491865,0.002550,3.491850,3.492450,3.492000,3.491850,3.491850,3.492150,3.493050,3.490800,3.491700,3.491550,3.492600,3.490500,3.492300,3.492150,3.492150,3.491400,3.492000,3.492000,3.492450,3.491550,3.490800,3.491700,3.492000,3.492000,3.491550,3.491700,3.493050,3.491100,20.396173,19.905909,20.091908,20.032190,20.077662,20.057459,20.143366,19.966516,19.986719,20.345606,20.183802,,,,,,,20.173700,20.396173,19.905909,20.001886,19.966516,20.042292,20.148401,20.042292,0,0,0,0,0,0
645522,97.773438,3.493200,3.490500,3.491909,0.002700,3.491850,3.492450,3.492000,3.492000,3.491850,3.492300,3.493050,3.490800,3.491700,3.491700,3.492750,3.490500,3.492450,3.492150,3.492150,3.491550,3.492000,3.492000,3.492300,3.491550,3.490950,3.491700,3.492150,3.492000,3.491550,3.491700,3.493200,3.491100,20.401239,19.900843,20.091591,20.032190,20.077662,20.057459,20.143366,19.966516,19.986719,20.340540,20.178736,,,,,,,20.173700,20.401239,19.900843,20.001886,19.966516,20.042292,20.148401,20.047358,0,0,0,0,0,0
646024,97.773430,3.493050,3.490650,3.491908,0.002400,3.491850,3.492450,3.492000,3.492000,3.491850,3.492300,3.493050,3.490800,3.491700,3.491700,3.492750,3.490650,3.492450,3.492150,3.492150,3.491550,3.492000,3.492000,3.492450,3.491550,3.490800,3.491700,3.492000,3.492000,3.491550,3.491850,3.493050,3.491100,20.396173,19.900843,20.091276,20.032190,20.077662,20.057459,20.143366,19.966516,19.986719,20.345606,20.183802,,,,,,,20.173700,20.396173,19.900843,20.001886,19.966516,20.037256,20.148401,20.042292,0,0,0,0,0,0
646524,97.773438,3.493200,3.490500,3.491909,0.002700,3.491850,3.492450,3.492000,3.492000,3.491850,3.492300,3.493050,3.490800,3.491700,3.491700,3.492750,3.490500,3.492300,3.492150,3.492150,3.491550,3.492000,3.492000,3.492450,3.491550,3.490800,3.491700,3.492150,3.492150,3.491550,3.491700,3.493200,3.491100,20.396173,19.900843,20.091274,20.032190,20.077662,20.057459,20.143366,19.966516,19.986719,20.345606,20.178736,,,,,,,20.168634,20.396173,19.900843,20.001886,19.966516,20.042292,20.153467,20.042292,0,0,0,0,0,0
647026,97.773132,3.493050,3.490500,3.491898,0.002550,3.491850,3.492450,3.492000,3.492000,3.491850,3.492150,3.493050,3.490800,3.491700,3.491700,3.492750,3.490500,3.492450,3.492150,3.492150,3.491550,3.492000,3.492000,3.492450,3.491550,3.490800,3.491700,3.492150,3.492000,3.491550,3.491700,3.493050,3.491100,20.396173,19.900843,20.091591,20.032190,20.077662,20.057459,20.143366,19.966516,19.986719,20.340540,20.178736,,,,,,,20.173700,20.396173,19.900843,20.001886,19.966516,20.042292,20.153467,20.047358,0,0,0,0,0,0
647526,97.773430,3.493050,3.490500,3.491908,0.002550,3.491850,3.492450,3.492000,3.492000,3.492000,3.492150,3.493050,3.490800,3.491700,3.491550,3.492750,3.490500,3.492450,3.492150,3.492150,3.491550,3.492000,3.492150,3.492450,3.491550,3.490800,3.491850,3.492150,3.492000,3.491550,3.491700,3.493050,3.491100,20.396173,19.905909,20.091591,20.032190,20.077662,20.052393,20.143366,19.966516,19.986719,20.345606,20.183802,,,,,,,20.168634,20.396173,19.905909,20.001886,19.966516,20.042292,20.153467,20.042292,0,0,0,0,0,0
648027,97.774048,3.493200,3.490500,3.491930,0.002700,3.491850,3.492450,3.492000,3.492000,3.491850,3.492150,3.493200,3.490800,3.491700,3.491700,3.492750,3.490500,3.492300,3.492150,3.492150,3.491550,3.492150,3.492000,3.492300,3.491550,3.490950,3.491850,3.492150,3.492150,3.491700,3.491850,3.493200,3.491100,20.401239,19.900843,20.091591,20.032190,20.077662,20.057459,20.143366,19.966516,19.986719,20.340540,20.178736,,,,,,,20.173700,20.401239,19.900843,20.001886,19.966516,20.042292,20.153467,20.042292,0,0,0,0,0,0
648528,97.774643,3.493200,3.490650,3.491951,0.002550,3.491850,3.492450,3.492000,3.492000,3.491850,3.492300,3.493200,3.490800,3.491850,3.491700,3.492750,3.490650,3.492450,3.492150,3.492150,3.491550,3.492000,3.492150,3.492450,3.491550,3.490950,3.491850,3.492150,3.492150,3.491550,3.491850,3.493200,3.491100,20.401239,19.900843,20.092224,20.032190,20.077662,20.057459,20.143366,19.966516,19.986719,20.345606,20.183802,,,,,,,20.173700,20.401239,19.900843,20.001886,19.966516,20.042292,20.153467,20.042292,0,0,0,0,0,0
649029,97.773582,3.493200,3.490500,3.491914,0.002700,3.491850,3.492450,3.492000,3.492000,3.491850,3.492300,3.493050,3.490800,3.491700,3.491700,3.492750,3.490500,3.492450,3.492150,3.492150,3.491550,3.492150,3.492000,3.492450,3.491550,3.490950,3.491700,3.492000,3.492000,3.491550,3.491700,3.493200,3.491100,20.401239,19.900843,20.092222,20.032190,20.077662,20.057459,20.143366,19.966516,19.986719,20.345606,20.178736,,,,,,,20.173700,20.401239,19.900843,20.001886,19.971552,20.042292,20.153467,20.042292,0,0,0,0,0,0
649530,97.774490,3.493200,3.490650,3.491946,0.002550,3.492000,3.492450,3.492000,3.492000,3.491850,3.492300,3.493200,3.490800,3.491700,3.491700,3.492750,3.490650,3.492450,3.492150,3.492150,3.491550,3.492000,3.492000,3.492450,3.491550,3.490950,3.491850,3.492150,3.492150,3.491700,3.491850,3.493050,3.491100,20.401239,19.900843,20.092541,20.032190,20.077662,20.057459,20.143366,19.966516,19.986719,20.345606,20.183802,,,,,,,20.173700,20.401239,19.900843,20.001886,19.966516,20.042292,20.153467,20.047358,0,0,0,0,0,0
650031,97.774490,3.493200,3.490500,3.491946,0.002700,3.491850,3.492450,3.492000,3.492000,3.491850,3.492300,3.493200,3.490800,3.491850,3.491700,3.492750,3.490500,3.492450,3.492150,3.492300,3.491550,3.492000,3.492150,3.492450,3.491550,3.490950,3.491700,3.492150,3.492150,3.491550,3.491850,3.493200,3.491100,20.401239,19.900843,20.092224,20.037256,20.077662,20.057459,20.143366,19.966516,19.986719,20.345606,20.178736,,,,,,,20.173700,20.401239,19.900843,20.001886,19.966516,20.042292,20.153467,20.042292,0,0,0,0,0,0
650532,97.775093,3.493200,3.490650,3.491968,0.002550,3.492000,3.492450,3.492000,3.492000,3.491850,3.492300,3.493200,3.490800,3.491850,3.491700,3.492750,3.490650,3.492450,3.492300,3.492150,3.491550,3.492150,3.492000,3.492450,3.491550,3.490950,3.491850,3.492150,3.492150,3.491700,3.491850,3.493200,3.491100,20.401239,19.900843,20.092224,20.032190,20.077662,20.057459,20.143366,19.966516,19.986719,20.345606,20.178736,,,,,,,20.173700,20.401239,19.900843,20.001886,19.966516,20.042292,20.153467,20.047358,0,0,0,0,0,0
651033,97.774796,3.493200,3.490650,3.491957,0.002550,3.492000,3.492450,3.492000,3.492000,3.491850,3.492300,3.493050,3.490800,3.491850,3.491700,3.492750,3.490650,3.492450,3.492150,3.492150,3.491550,3.492150,3.492000,3.492450,3.491550,3.490950,3.491850,3.492150,3.492150,3.491700,3.491850,3.493200,3.491100,20.401239,19.905909,20.092855,20.032190,20.077662,20.057459,20.143366,19.966516,19.986719,20.345606,20.178736,,,,,,,20.173700,20.401239,19.905909,20.001886,19.971552,20.042292,20.153467,20.047358,0,0,0,0,0,0
651534,97.774948,3.493200,3.490650,3.491962,0.002550,3.492000,3.492450,3.492150,3.492000,3.491850,3.492300,3.493050,3.490800,3.491850,3.491700,3.492750,3.490650,3.492450,3.492150,3.492150,3.491550,3.492150,3.492000,3.492450,3.491550,3.490950,3.491850,3.492150,3.492150,3.491700,3.491850,3.493200,3.491100,20.401239,19.900843,20.092224,20.032190,20.077662,20.057459,20.143366,19.966516,19.986719,20.345606,20.178736,,,,,,,20.173700,20.401239,19.900843,20.001886,19.966516,20.042292,20.153467,20.047358,0,0,0,0,0,0
652035,97.775253,3.493200,3.490650,3.491973,0.002550,3.492000,3.492450,3.492000,3.492000,3.491850,3.492300,3.493050,3.490800,3.491850,3.491700,3.492750,3.490650,3.492450,3.492300,3.492150,3.491550,3.492150,3.492150,3.492450,3.491550,3.490950,3.491850,3.492150,3.492150,3.491700,3.491850,3.493200,3.491250,20.401239,19.900843,20.091908,20.032190,20.077662,20.057459,20.143366,19.966516,19.986719,20.345606,20.178736,,,,,,,20.173700,20.401239,19.900843,20.001886,19.966516,20.042292,20.153467,20.042292,0,0,0,0,0,0
652536,97.774948,3.493200,3.490500,3.491962,0.002700,3.492000,3.492600,3.492000,3.492000,3.491850,3.492300,3.493050,3.490800,3.491850,3.491700,3.492750,3.490500,3.492450,3.492300,3.492150,3.491550,3.492150,3.492150,3.492450,3.491550,3.490950,3.491850,3.492150,3.492150,3.491700,3.491700,3.493200,3.491100,20.401239,19.900843,20.092541,20.032190,20.077662,20.057459,20.143366,19.966516,19.986719,20.345606,20.178736,,,,,,,20.173700,20.401239,19.900843,20.001886,19.966516,20.042292,20.158533,20.047358,0,0,0,0,0,0
653037,97.775246,3.493200,3.490650,3.491973,0.002550,3.492000,3.492450,3.492000,3.492000,3.491850,3.492300,3.493200,3.490800,3.491850,3.491700,3.492750,3.490650,3.492450,3.492150,3.492300,3.491550,3.492000,3.492150,3.492450,3.491550,3.490950,3.491850,3.492150,3.492150,3.491700,3.491850,3.493200,3.491250,20.401239,19.905909,20.093172,20.032190,20.077662,20.057459,20.143366,19.966516,19.991755,20.345606,20.183802,,,,,,,20.173700,20.401239,19.905909,20.001886,19.966516,20.042292,20.153467,20.047358,0,0,0,0,0,0
653538,97.775551,3.493200,3.490650,3.491984,0.002550,3.492000,3.492600,3.492000,3.492000,3.491850,3.492300,3.493200,3.490800,3.491850,3.491700,3.492750,3.490650,3.492450,3.492150,3.492300,3.491550,3.492150,3.492150,3.492450,3.491550,3.490950,3.491850,3.492150,3.492150,3.491700,3.491850,3.493200,3.491250,20.401239,19.900843,20.092224,20.032190,20.077662,20.057459,20.143366,19.966516,19.986719,20.345606,20.183802,,,,,,,20.173700,20.401239,19.900843,20.001886,19.966516,20.042292,20.153467,20.042292,0,0,0,0,0,0
654039,97.775101,3.493200,3.490500,3.491968,0.002700,3.492000,3.492450,3.492000,3.492000,3.491850,3.492300,3.493200,3.490800,3.491850,3.491700,3.492750,3.490500,3.492450,3.492150,3.492300,3.491550,3.492150,3.492000,3.492450,3.491550,3.490950,3.491850,3.492150,3.492150,3.491700,3.491850,3.493200,3.491250,20.401239,19.900843,20.092855,20.032190,20.077662,20.057459,20.143366,19.966516,19.991755,20.345606,20.183802,,,,,,,20.173700,20.401239,19.900843,20.001886,19.966516,20.042292,20.153467,20.047358,0,0,0,0,0,0
654540,97.775551,3.493200,3.490650,3.491984,0.002550,3.492000,3.492450,3.492150,3.492000,3.491850,3.492300,3.493200,3.490800,3.491850,3.491700,3.492750,3.490650,3.492450,3.492150,3.492300,3.491550,3.492150,3.492150,3.492450,3.491550,3.490950,3.491850,3.492150,3.492150,3.491700,3.491850,3.493200,3.491250,20.401239,19.900843,20.092224,20.032190,20.077662,20.057459,20.143366,19.966516,19.986719,20.345606,20.183802,,,,,,,20.173700,20.401239,19.900843,20.001886,19.966516,20.042292,20.153467,20.042292,0,0,0,0,0,0
655041,97.775391,3.493200,3.490650,3.491978,0.002550,3.492000,3.492450,3.492000,3.492000,3.491850,3.492300,3.493200,3.490800,3.491850,3.491700,3.492750,3.490650,3.492450,3.492300,3.492300,3.491700,3.492150,3.492150,3.492450,3.491550,3.490950,3.491700,3.492150,3.492150,3.491700,3.491700,3.493200,3.491250,20.401239,19.905909,20.092857,20.032190,20.077662,20.057459,20.143366,19.966516,19.986719,20.345606,20.183802,,,,,,,20.173700,20.401239,19.905909,20.001886,19.966516,20.042292,20.153467,20.047358,0,0,0,0,0,0
655542,97.775398,3.493200,3.490650,3.491978,0.002550,3.492000,3.492450,3.492000,3.492000,3.491850,3.492300,3.493050,3.490950,3.491850,3.491700,3.492750,3.490650,3.492450,3.492150,3.492300,3.491550,3.492150,3.492150,3.492450,3.491550,3.490950,3.491850,3.492150,3.492150,3.491700,3.491850,3.493200,3.491250,20.401239,19.905909,20.092857,20.032190,20.077662,20.057459,20.143366,19.966516,19.986719,20.345606,20.183802,,,,,,,20.173700,20.401239,19.905909,20.001886,19.966516,20.042292,20.153467,20.047358,0,0,0,0,0,0
656043,97.775398,3.493200,3.490650,3.491978,0.002550,3.492000,3.492450,3.492150,3.492150,3.491850,3.492300,3.493050,3.490800,3.491700,3.491850,3.492750,3.490650,3.492450,3.492150,3.492300,3.491550,3.492150,3.492150,3.492450,3.491550,3.490950,3.491850,3.492150,3.492150,3.491550,3.491850,3.493200,3.491250,20.401239,19.905909,20.093487,20.032190,20.077662,20.057459,20.143366,19.966516,19.991755,20.350641,20.183802,,,,,,,20.173700,20.401239,19.905909,20.001886,19.966516,20.042292,20.153467,20.047358,0,0,0,0,0,0
656544,97.775398,3.493200,3.490650,3.491978,0.002550,3.492000,3.492450,3.492000,3.492000,3.491850,3.492300,3.493200,3.490800,3.491850,3.491700,3.492750,3.490650,3.492450,3.492150,3.492300,3.491550,3.492150,3.492150,3.492450,3.491550,3.490950,3.491850,3.492150,3.492150,3.491700,3.491850,3.493200,3.491250,20.401239,19.905909,20.093489,20.032190,20.077662,20.057459,20.143366,19.966516,19.991755,20.345606,20.183802,,,,,,,20.173700,20.401239,19.905909,20.001886,19.966516,20.042292,20.158533,20.047358,0,0,0,0,0,0
657045,97.775101,3.493200,3.490500,3.491968,0.002700,3.492000,3.492450,3.492000,3.492000,3.492000,3.492300,3.493200,3.490800,3.491850,3.491700,3.492750,3.490500,3.492450,3.492150,3.492150,3.491550,3.492150,3.492150,3.492450,3.491550,3.490950,3.491850,3.492150,3.492150,3.491700,3.491850,3.493200,3.491100,20.401239,19.905909,20.092539,20.032190,20.077662,20.057459,20.143366,19.966516,19.986719,20.350641,20.178736,,,,,,,20.173700,20.401239,19.905909,20.001886,19.966516,20.042292,20.153467,20.042292,0,0,0,0,0,0
657546,97.776154,3.493200,3.490650,3.492006,0.002550,3.492000,3.492450,3.492150,3.492000,3.491850,3.492300,3.493200,3.490950,3.491850,3.491850,3.492750,3.490650,3.492450,3.492300,3.492300,3.491550,3.492150,3.492150,3.492450,3.491700,3.490950,3.491850,3.492150,3.492150,3.491700,3.491850,3.493200,3.491250,20.406275,19.905909,20.093801,20.032190,20.077662,20.057459,20.143366,19.966516,19.986719,20.350641,20.183802,,,,,,,20.173700,20.406275,19.905909,20.001886,19.971552,20.042292,20.153467,20.047358,0,0,0,0,0,0
658047,97.775703,3.493200,3.490650,3.491989,0.002550,3.492000,3.492600,3.492150,3.492000,3.491850,3.492300,3.493200,3.490800,3.491850,3.491700,3.492750,3.490650,3.492450,3.492150,3.492150,3.491550,3.492150,3.492150,3.492450,3.491700,3.490950,3.491850,3.492150,3.492150,3.491700,3.491850,3.493200,3.491250,20.401239,19.900843,20.092539,20.032190,20.077662,20.057459,20.143366,19.966516,19.986719,20.350641,20.178736,,,,,,,20.173700,20.401239,19.900843,20.001886,19.966516,20.042292,20.153467,20.047358,0,0,0,0,0,0
658548,97.775856,3.493200,3.490650,3.491995,0.002550,3.492000,3.492600,3.492000,3.492000,3.491850,3.492300,3.493200,3.490950,3.491850,3.491700,3.492900,3.490650,3.492450,3.492300,3.492300,3.491550,3.492150,3.492000,3.492450,3.491550,3.490950,3.491850,3.492150,3.492150,3.491700,3.491850,3.493200,3.491250,20.401239,19.905909,20.093489,20.032190,20.077662,20.057459,20.143366,19.966516,19.986719,20.350641,20.183802,,,,,,,20.173700,20.401239,19.905909,20.001886,19.966516,20.042292,20.158533,20.047358,0,0,0,0,0,0
659049,97.775856,3.493200,3.490650,3.491995,0.002550,3.492000,3.492450,3.492000,3.492000,3.491850,3.492300,3.493200,3.490950,3.491850,3.491700,3.492900,3.490650,3.492450,3.492150,3.492300,3.491550,3.492150,3.492150,3.492450,3.491550,3.490950,3.491850,3.492150,3.492300,3.491700,3.491850,3.493200,3.491250,20.401239,19.905909,20.093801,20.032190,20.077662,20.057459,20.143366,19.966516,19.991755,20.350641,20.183802,,,,,,,20.173700,20.401239,19.905909,20.001886,19.971552,20.042292,20.158533,20.042292,0,0,0,0,0,0
659550,97.775391,3.493200,3.490650,3.491978,0.002550,3.492000,3.492450,3.492000,3.492000,3.491850,3.492300,3.493200,3.490800,3.491850,3.491700,3.492750,3.490650,3.492450,3.492150,3.492150,3.491550,3.492150,3.492150,3.492600,3.491550,3.491100,3.491850,3.492150,3.492150,3.491700,3.491850,3.493200,3.491100,20.406275,19.900843,20.093485,20.032190,20.077662,20.057459,20.143366,19.971552,19.986719,20.350641,20.183802,,,,,,,20.173700,20.406275,19.900843,20.001886,19.966516,20.042292,20.153467,20.047358,0,0,0,0,0,0
660051,97.775993,3.493200,3.490650,3.492000,0.002550,3.492000,3.492450,3.492150,3.492000,3.492000,3.492300,3.493200,3.490800,3.491850,3.491850,3.492750,3.490650,3.492450,3.492150,3.492300,3.491700,3.492150,3.492150,3.492450,3.491550,3.490950,3.491850,3.492150,3.492150,3.491700,3.491850,3.493200,3.491250,20.401239,19.905909,20.094437,20.037256,20.077662,20.057459,20.143366,19.966516,19.986719,20.355707,20.183802,,,,,,,20.173700,20.401239,19.905909,20.001886,19.971552,20.042292,20.158533,20.047358,0,0,0,0,0,0
660552,97.776146,3.493200,3.490650,3.492005,0.002550,3.492000,3.492600,3.492000,3.492150,3.492000,3.492300,3.493200,3.490950,3.491850,3.491700,3.492900,3.490650,3.492450,3.492150,3.492300,3.491550,3.492150,3.492150,3.492450,3.491550,3.491100,3.491850,3.492150,3.492150,3.491550,3.491850,3.493200,3.491250,20.401239,19.905909,20.093487,20.032190,20.077662,20.057459,20.143366,19.966516,19.991755,20.355707,20.183802,,,,,,,20.173700,20.401239,19.905909,20.001886,19.966516,20.042292,20.153467,20.042292,0,0,0,0,0,0
661053,97.776299,3.493200,3.490650,3.492011,0.002550,3.492000,3.492600,3.492150,3.492000,3.492000,3.492300,3.493200,3.490950,3.491850,3.491700,3.492750,3.490650,3.492450,3.492300,3.492300,3.491700,3.492150,3.492150,3.492450,3.491550,3.490950,3.491850,3.492150,3.492150,3.491700,3.491850,3.493200,3.491250,20.401239,19.900843,20.093803,20.032190,20.077662,20.057459,20.143366,19.966516,19.991755,20.355707,20.183802,,,,,,,20.173700,20.401239,19.900843,20.001886,19.966516,20.042292,20.158533,20.047358,0,0,0,0,0,0
661554,97.776299,3.493200,3.490650,3.492011,0.002550,3.492000,3.492600,3.492000,3.492000,3.492000,3.492450,3.493200,3.490950,3.491850,3.491700,3.492750,3.490650,3.492450,3.492300,3.492300,3.491700,3.492150,3.492150,3.492450,3.491550,3.490950,3.491850,3.492150,3.492150,3.491700,3.491850,3.493200,3.491250,20.406275,19.905909,20.094437,20.037256,20.077662,20.057459,20.143366,19.966516,19.986719,20.355707,20.183802,,,,,,,20.173700,20.406275,19.905909,20.001886,19.966516,20.042292,20.158533,20.047358,0,0,0,0,0,0
662055,97.776451,3.493200,3.490800,3.492016,0.002400,3.492000,3.492600,3.492150,3.492000,3.492000,3.492450,3.493200,3.490800,3.491850,3.491850,3.492900,3.490800,3.492450,3.492300,3.492150,3.491550,3.492150,3.492150,3.492450,3.491550,3.490950,3.491850,3.492150,3.492150,3.491700,3.491850,3.493200,3.491250,20.401239,19.905909,20.093805,20.032190,20.077662,20.057459,20.143366,19.966516,19.986719,20.355707,20.183802,,,,,,,20.173700,20.401239,19.905909,20.001886,19.966516,20.042292,20.158533,20.047358,0,0,0,0,0,0
662556,97.776604,3.493200,3.490650,3.492022,0.002550,3.492000,3.492600,3.492150,3.492000,3.492000,3.492300,3.493200,3.490800,3.491850,3.491850,3.492900,3.490650,3.492450,3.492300,3.492300,3.491700,3.492150,3.492150,3.492450,3.491700,3.490950,3.491850,3.492150,3.492150,3.491700,3.491850,3.493200,3.491250,20.401239,19.905909,20.094435,20.032190,20.077662,20.057459,20.143366,19.966516,19.991755,20.355707,20.183802,,,,,,,20.173700,20.401239,19.905909,20.001886,19.971552,20.042292,20.158533,20.047358,0,0,0,0,0,0
663057,97.776451,3.493200,3.490650,3.492016,0.002550,3.492000,3.492600,3.492150,3.492000,3.491850,3.492300,3.493200,3.490950,3.491850,3.491850,3.492900,3.490650,3.492450,3.492300,3.492300,3.491700,3.492150,3.492150,3.492450,3.491550,3.490950,3.491850,3.492150,3.492150,3.491700,3.491850,3.493200,3.491250,20.401239,19.905909,20.094435,20.032190,20.077662,20.057459,20.148401,19.966516,19.986719,20.355707,20.183802,,,,,,,20.173700,20.401239,19.905909,20.001886,19.971552,20.042292,20.158533,20.047358,0,0,0,0,0,0
663558,97.776909,3.493200,3.490650,3.492033,0.002550,3.492000,3.492600,3.492150,3.492000,3.492000,3.492300,3.493200,3.490950,3.491850,3.491700,3.492900,3.490650,3.492450,3.492300,3.492300,3.491550,3.492150,3.492150,3.492600,3.491700,3.491100,3.491850,3.492300,3.492150,3.491700,3.491850,3.493200,3.491250,20.401239,19.905909,20.094437,20.032190,20.077662,20.057459,20.143366,19.971552,19.986719,20.360773,20.183802,,,,,,,20.173700,20.401239,19.905909,20.001886,19.966516,20.042292,20.158533,20.047358,0,0,0,0,0,0
664059,97.776604,3.493200,3.490650,3.492022,0.002550,3.492000,3.492600,3.492150,3.492000,3.491850,3.492300,3.493200,3.490950,3.491850,3.491700,3.492750,3.490650,3.492450,3.492300,3.492300,3.491700,3.492150,3.492150,3.492600,3.491700,3.490950,3.491850,3.492150,3.492300,3.491700,3.491850,3.493200,3.491250,20.401239,19.900843,20.094435,20.032190,20.077662,20.057459,20.143366,19.966516,19.991755,20.360773,20.183802,,,,,,,20.173700,20.401239,19.900843,20.001886,19.971552,20.042292,20.158533,20.047358,0,0,0,0,0,0
664560,97.776901,3.493200,3.490650,3.492032,0.002550,3.492000,3.492600,3.492150,3.492150,3.492000,3.492300,3.493200,3.490950,3.491850,3.491850,3.492750,3.490650,3.492450,3.492300,3.492300,3.491550,3.492150,3.492150,3.492450,3.491700,3.491100,3.491850,3.492300,3.492150,3.491700,3.491850,3.493200,3.491250,20.401239,19.905909,20.095066,20.032190,20.077662,20.057459,20.143366,19.971552,19.991755,20.360773,20.183802,,,,,,,20.173700,20.401239,19.905909,20.001886,19.971552,20.042292,20.158533,20.047358,0,0,0,0,0,0
665061,97.776299,3.493350,3.490650,3.492011,0.002700,3.492000,3.492600,3.492150,3.492000,3.491850,3.492300,3.493200,3.490800,3.491850,3.491700,3.492900,3.490650,3.492450,3.492150,3.492300,3.491700,3.492150,3.492150,3.492450,3.491700,3.490950,3.491850,3.492150,3.492150,3.491700,3.491850,3.493350,3.491250,20.401239,19.905909,20.094751,20.032190,20.077662,20.057459,20.148401,19.966516,19.986719,20.360773,20.183802,,,,,,,20.173700,20.401239,19.905909,20.001886,19.971552,20.042292,20.158533,20.047358,0,0,0,0,0,0
665562,97.776756,3.493200,3.490650,3.492027,0.002550,3.492000,3.492600,3.492150,3.492000,3.492000,3.492300,3.493200,3.490950,3.491850,3.491700,3.492900,3.490650,3.492450,3.492300,3.492300,3.491550,3.492150,3.492150,3.492600,3.491700,3.491100,3.491850,3.492150,3.492150,3.491700,3.491850,3.493200,3.491250,20.401239,19.905909,20.094753,20.032190,20.082727,20.057459,20.143366,19.966516,19.986719,20.360773,20.183802,,,,,,,20.173700,20.401239,19.905909,20.001886,19.971552,20.042292,20.158533,20.047358,0,0,0,0,0,0
666063,97.776749,3.493200,3.490800,3.492027,0.002400,3.492000,3.492600,3.492150,3.492000,3.491850,3.492300,3.493200,3.490950,3.491850,3.491850,3.492900,3.490800,3.492450,3.492300,3.492300,3.491700,3.492150,3.492150,3.492450,3.491700,3.490950,3.491850,3.492150,3.492150,3.491700,3.491850,3.493200,3.491250,20.401239,19.905909,20.094753,20.032190,20.082727,20.057459,20.143366,19.966516,19.986719,20.360773,20.183802,,,,,,,20.173700,20.401239,19.905909,20.001886,19.971552,20.042292,20.158533,20.047358,0,0,0,0,0,0
666564,97.776604,3.493200,3.490650,3.492022,0.002550,3.492000,3.492600,3.492150,3.492150,3.492000,3.492300,3.493200,3.490950,3.491850,3.491700,3.492900,3.490650,3.492600,3.492300,3.492300,3.491550,3.492150,3.492150,3.492450,3.491700,3.490950,3.491850,3.492150,3.492150,3.491700,3.491850,3.493200,3.491100,20.406275,19.905909,20.094753,20.032190,20.082727,20.057459,20.143366,19.966516,19.986719,20.360773,20.183802,,,,,,,20.173700,20.406275,19.905909,20.001886,19.966516,20.042292,20.158533,20.047358,0,0,0,0,0,0
667065,97.777199,3.493200,3.490800,3.492043,0.002400,3.492000,3.492600,3.492150,3.492150,3.492000,3.492300,3.493200,3.490950,3.491850,3.491850,3.492900,3.490800,3.492450,3.492300,3.492300,3.491700,3.492150,3.492150,3.492450,3.491700,3.490950,3.491850,3.492150,3.492150,3.491700,3.492000,3.493200,3.491250,20.401239,19.905909,20.094753,20.037256,20.077662,20.057459,20.143366,19.966516,19.986719,20.360773,20.183802,,,,,,,20.173700,20.401239,19.905909,20.001886,19.971552,20.042292,20.158533,20.047358,0,0,0,0,0,0
667566,97.777054,3.493200,3.490650,3.492038,0.002550,3.492000,3.492600,3.492150,3.492000,3.492000,3.492300,3.493200,3.490950,3.491850,3.491850,3.492900,3.490650,3.492450,3.492300,3.492300,3.491700,3.492150,3.492150,3.492600,3.491700,3.490950,3.491850,3.492300,3.492150,3.491700,3.491850,3.493200,3.491250,20.401239,19.905909,20.094120,20.032190,20.077662,20.057459,20.148401,19.966516,19.986719,20.360773,20.178736,,,,,,,20.173700,20.401239,19.905909,20.001886,19.966516,20.042292,20.158533,20.047358,0,0,0,0,0,0
668067,97.776901,3.493200,3.490650,3.492032,0.002550,3.492000,3.492600,3.492150,3.492150,3.492000,3.492450,3.493200,3.490950,3.491850,3.491850,3.492750,3.490650,3.492450,3.492300,3.492300,3.491700,3.492150,3.492150,3.492450,3.491700,3.490950,3.491850,3.492150,3.492150,3.491700,3.491850,3.493200,3.491250,20.406275,19.905909,20.095383,20.037256,20.077662,20.057459,20.143366,19.971552,19.991755,20.360773,20.183802,,,,,,,20.173700,20.406275,19.905909,20.001886,19.966516,20.042292,20.158533,20.047358,0,0,0,0,0,0
668568,97.776741,3.493200,3.490650,3.492027,0.002550,3.492000,3.492600,3.492150,3.492000,3.492000,3.492300,3.493200,3.490950,3.491850,3.491850,3.492900,3.490650,3.492450,3.492150,3.492300,3.491700,3.492150,3.492300,3.492450,3.491550,3.491100,3.491850,3.492150,3.492150,3.491700,3.491850,3.493200,3.491250,20.406275,19.900843,20.095066,20.037256,20.077662,20.057459,20.148401,19.966516,19.986719,20.365839,20.183802,,,,,,,20.173700,20.406275,19.900843,20.001886,19.971552,20.042292,20.158533,20.042292,0,0,0,0,0,0
669069,97.777046,3.493350,3.490650,3.492037,0.002700,3.492000,3.492600,3.492150,3.492150,3.492000,3.492450,3.493200,3.490950,3.491850,3.491700,3.492750,3.490650,3.492450,3.492300,3.492300,3.491700,3.492150,3.492150,3.492450,3.491700,3.490950,3.491850,3.492300,3.492150,3.491700,3.491850,3.493350,3.491250,20.401239,19.905909,20.094751,20.032190,20.077662,20.057459,20.148401,19.966516,19.986719,20.360773,20.183802,,,,,,,20.173700,20.401239,19.905909,20.001886,19.971552,20.042292,20.158533,20.047358,0,0,0,0,0,0
669570,97.776604,3.493200,3.490650,3.492022,0.002550,3.492000,3.492450,3.492150,3.492000,3.492000,3.492300,3.493200,3.490950,3.491850,3.491700,3.492750,3.490650,3.492600,3.492300,3.492300,3.491700,3.492150,3.492150,3.492450,3.491700,3.490950,3.491850,3.492300,3.492150,3.491700,3.491850,3.493200,3.491250,20.406275,19.905909,20.095068,20.032190,20.077662,20.057459,20.143366,19.966516,19.986719,20.365839,20.183802,,,,,,,20.173700,20.406275,19.905909,20.001886,19.971552,20.042292,20.158533,20.047358,0,0,0,0,0,0
670071,97.776749,3.493350,3.490650,3.492027,0.002700,3.492000,3.492600,3.492150,3.492000,3.491850,3.492300,3.493200,3.490950,3.491850,3.491850,3.492900,3.490650,3.492450,3.492300,3.492300,3.491700,3.492150,3.492150,3.492600,3.491550,3.490950,3.491850,3.492150,3.492150,3.491700,3.491850,3.493350,3.491250,20.406275,19.905909,20.096014,20.037256,20.077662,20.057459,20.143366,19.971552,19.991755,20.365839,20.183802,,,,,,,20.173700,20.406275,19.905909,20.001886,19.971552,20.042292,20.158533,20.047358,0,0,0,0,0,0
670572,97.776604,3.493200,3.490650,3.492022,0.002550,3.492000,3.492450,3.492150,3.492000,3.492000,3.492300,3.493200,3.490950,3.491850,3.491850,3.492900,3.490650,3.492450,3.492300,3.492300,3.491700,3.492150,3.492150,3.492600,3.491550,3.490950,3.491850,3.492150,3.492150,3.491700,3.491850,3.493200,3.491250,20.401239,19.905909,20.095697,20.032190,20.077662,20.057459,20.148401,19.971552,19.991755,20.365839,20.183802,,,,,,,20.173700,20.401239,19.905909,20.001886,19.971552,20.042292,20.158533,20.047358,0,0,0,0,0,0
671073,97.776909,3.493200,3.490650,3.492033,0.002550,3.492150,3.492600,3.492150,3.492000,3.492000,3.492300,3.493200,3.490950,3.491850,3.491700,3.492900,3.490650,3.492450,3.492300,3.492300,3.491700,3.492300,3.492150,3.492450,3.491700,3.490950,3.491850,3.492150,3.492150,3.491700,3.491850,3.493200,3.491250,20.406275,19.905909,20.095699,20.037256,20.077662,20.057459,20.143366,19.971552,19.986719,20.365839,20.183802,,,,,,,20.173700,20.406275,19.905909,20.001886,19.971552,20.042292,20.158533,20.047358,0,0,0,0,0,0
671574,97.777809,3.493200,3.490650,3.492065,0.002550,3.492000,3.492600,3.492150,3.492150,3.492000,3.492450,3.493200,3.490950,3.491850,3.491850,3.492900,3.490650,3.492600,3.492300,3.492300,3.491550,3.492150,3.492150,3.492600,3.491700,3.490950,3.492000,3.492150,3.492300,3.491850,3.492000,3.493200,3.491250,20.401239,19.905909,20.096014,20.037256,20.082727,20.057459,20.148401,19.966516,19.991755,20.360773,20.183802,,,,,,,20.173700,20.401239,19.905909,20.001886,19.971552,20.042292,20.163568,20.047358,0,0,0,0,0,0
672075,97.777206,3.493200,3.490800,3.492043,0.002400,3.492000,3.492600,3.492150,3.492000,3.492000,3.492300,3.493200,3.490950,3.491850,3.491850,3.492900,3.490800,3.492450,3.492300,3.492300,3.491700,3.492150,3.492150,3.492600,3.491700,3.490950,3.491850,3.492150,3.492300,3.491700,3.491850,3.493200,3.491250,20.401239,19.905909,20.095699,20.032190,20.082727,20.057459,20.148401,19.971552,19.986719,20.365839,20.183802,,,,,,,20.173700,20.401239,19.905909,20.001886,19.971552,20.042292,20.158533,20.047358,0,0,0,0,0,0
672576,97.778389,3.493350,3.490650,3.492085,0.002700,3.492000,3.492600,3.492150,3.492150,3.492000,3.492450,3.493350,3.490950,3.491850,3.491850,3.492900,3.490650,3.492600,3.492300,3.492300,3.491700,3.492150,3.492150,3.492600,3.491700,3.491100,3.492000,3.492300,3.492300,3.491700,3.492000,3.493350,3.491250,20.406275,19.905909,20.095068,20.037256,20.077662,20.057459,20.143366,19.966516,19.986719,20.360773,20.183802,,,,,,,20.173700,20.406275,19.905909,20.001886,19.971552,20.042292,20.158533,20.047358,0,0,0,0,0,0
673077,97.777489,3.493350,3.490650,3.492053,0.002700,3.492000,3.492600,3.492150,3.492000,3.492000,3.492300,3.493200,3.490950,3.491850,3.491850,3.492900,3.490650,3.492450,3.492300,3.492300,3.491700,3.492150,3.492300,3.492600,3.491700,3.491100,3.492000,3.492150,3.492150,3.491700,3.491850,3.493350,3.491250,20.406275,19.905909,20.096012,20.037256,20.077662,20.057459,20.148401,19.966516,19.991755,20.360773,20.183802,,,,,,,20.173700,20.406275,19.905909,20.001886,19.971552,20.042292,20.163568,20.047358,0,0,0,0,0,0
673578,97.777046,3.493200,3.490650,3.492037,0.002550,3.492000,3.492600,3.492150,3.492000,3.492000,3.492300,3.493200,3.490950,3.491850,3.491850,3.492900,3.490650,3.492450,3.492300,3.492300,3.491700,3.492150,3.492150,3.492450,3.491700,3.491100,3.491850,3.492300,3.492150,3.491700,3.491850,3.493200,3.491250,20.406275,19.905909,20.095699,20.037256,20.082727,20.057459,20.148401,19.966516,19.986719,20.360773,20.183802,,,,,,,20.173700,20.406275,19.905909,20.001886,19.971552,20.042292,20.158533,20.047358,0,0,0,0,0,0
674079,97.777504,3.493200,3.490650,3.492054,0.002550,3.492000,3.492600,3.492150,3.492150,3.492000,3.492450,3.493200,3.490950,3.491850,3.491850,3.492900,3.490650,3.492600,3.492300,3.492300,3.491700,3.492150,3.492150,3.492600,3.491700,3.491100,3.491850,3.492150,3.492150,3.491700,3.491850,3.493200,3.491250,20.406275,19.905909,20.095068,20.032190,20.077662,20.057459,20.143366,19.966516,19.986719,20.365839,20.183802,,,,,,,20.173700,20.406275,19.905909,20.001886,19.971552,20.042292,20.158533,20.047358,0,0,0,0,0,0
674580,97.777199,3.493200,3.490800,3.492043,0.002400,3.492000,3.492600,3.492150,3.492000,3.491850,3.492300,3.493200,3.490950,3.492000,3.491850,3.492900,3.490800,3.492450,3.492300,3.492300,3.491700,3.492150,3.492150,3.492450,3.491700,3.490950,3.491850,3.492300,3.492150,3.491700,3.492000,3.493200,3.491250,20.406275,19.905909,20.095695,20.032190,20.077662,20.057459,20.148401,19.966516,19.991755,20.360773,20.183802,,,,,,,20.173700,20.406275,19.905909,20.001886,19.971552,20.042292,20.163568,20.047358,0,0,0,0,0,0
675081,97.777641,3.493200,3.490650,3.492059,0.002550,3.492000,3.492450,3.492150,3.492150,3.492000,3.492450,3.493200,3.490950,3.491850,3.491850,3.492900,3.490650,3.492600,3.492300,3.492300,3.491700,3.492150,3.492150,3.492600,3.491700,3.491100,3.492000,3.492150,3.492150,3.491700,3.492000,3.493200,3.491250,20.406275,19.905909,20.096014,20.037256,20.082727,20.057459,20.148401,19.966516,19.991755,20.360773,20.183802,,,,,,,20.173700,20.406275,19.905909,20.001886,19.971552,20.042292,20.158533,20.047358,0,0,0,0,0,0
675582,97.777649,3.493200,3.490800,3.492059,0.002400,3.492150,3.492600,3.492150,3.492000,3.492000,3.492300,3.493200,3.490950,3.491850,3.491700,3.492900,3.490800,3.492450,3.492300,3.492300,3.491700,3.492150,3.492150,3.492600,3.491700,3.490950,3.492000,3.492150,3.492300,3.491850,3.492000,3.493200,3.491250,20.406275,19.905909,20.096329,20.037256,20.082727,20.057459,20.143366,19.971552,19.991755,20.360773,20.183802,,,,,,,20.173700,20.406275,19.905909,20.001886,19.971552,20.042292,20.163568,20.047358,0,0,0,0,0,0
676083,97.777489,3.493350,3.490650,3.492053,0.002700,3.492150,3.492600,3.492150,3.492000,3.492000,3.492300,3.493200,3.490950,3.491850,3.491700,3.492900,3.490650,3.492600,3.492300,3.492300,3.491700,3.492150,3.492150,3.492450,3.491700,3.491100,3.492000,3.492150,3.492300,3.491700,3.491850,3.493350,3.491250,20.406275,19.905909,20.096329,20.037256,20.082727,20.052393,20.143366,19.971552,19.991755,20.365839,20.183802,,,,,,,20.173700,20.406275,19.905909,20.001886,19.971552,20.042292,20.163568,20.047358,0,0,0,0,0,0
676584,97.777504,3.493200,3.490650,3.492054,0.002550,3.492000,3.492600,3.492150,3.492000,3.492000,3.492300,3.493200,3.490950,3.491850,3.491850,3.492900,3.490650,3.492600,3.492300,3.492300,3.491700,3.492150,3.492150,3.492600,3.491700,3.491100,3.491850,3.492150,3.492150,3.491850,3.491850,3.493200,3.491400,20.406275,19.905909,20.096331,20.037256,20.082727,20.057459,20.143366,19.966516,19.991755,20.365839,20.183802,,,,,,,20.173700,20.406275,19.905909,20.001886,19.971552,20.042292,20.163568,20.047358,0,0,0,0,0,0
677085,97.777802,3.493350,3.490650,3.492064,0.002700,3.492000,3.492600,3.492150,3.492150,3.492000,3.492300,3.493200,3.490950,3.491850,3.491850,3.492900,3.490650,3.492600,3.492300,3.492300,3.491700,3.492150,3.492150,3.492600,3.491700,3.490950,3.491850,3.492300,3.492150,3.491850,3.492000,3.493350,3.491250,20.406275,19.905909,20.095697,20.037256,20.077662,20.057459,20.148401,19.966516,19.986719,20.360773,20.183802,,,,,,,20.173700,20.406275,19.905909,20.001886,19.971552,20.042292,20.163568,20.047358,0,0,0,0,0,0
677586,97.777351,3.493200,3.490650,3.492048,0.002550,3.492000,3.492600,3.492150,3.492150,3.492000,3.492450,3.493200,3.490950,3.491850,3.491850,3.492900,3.490650,3.492600,3.492300,3.492300,3.491700,3.492150,3.492150,3.492450,3.491700,3.491100,3.491850,3.492150,3.492150,3.491700,3.491850,3.493200,3.491250,20.406275,19.905909,20.096647,20.037256,20.082727,20.057459,20.148401,19.966516,19.986719,20.365839,20.188868,,,,,,,20.173700,20.406275,19.905909,20.001886,19.971552,20.042292,20.163568,20.047358,0,0,0,0,0,0
678087,97.777359,3.493200,3.490650,3.492049,0.002550,3.492000,3.492600,3.492150,3.492000,3.492000,3.492450,3.493200,3.490950,3.491850,3.491850,3.492900,3.490650,3.492600,3.492300,3.492300,3.491700,3.492300,3.492150,3.492450,3.491700,3.490950,3.491850,3.492300,3.492150,3.491700,3.491850,3.493200,3.491250,20.406275,19.905909,20.096331,20.037256,20.082727,20.057459,20.148401,19.966516,19.986719,20.365839,20.183802,,,,,,,20.173700,20.406275,19.905909,20.001886,19.971552,20.042292,20.163568,20.047358,0,0,0,0,0,0
678588,97.777649,3.493350,3.490800,3.492059,0.002550,3.492000,3.492600,3.492150,3.492000,3.492000,3.492300,3.493200,3.490950,3.491850,3.491850,3.492900,3.490800,3.492450,3.492300,3.492300,3.491700,3.492300,3.492150,3.492600,3.491700,3.490950,3.491850,3.492300,3.492150,3.491700,3.492000,3.493350,3.491250,20.411341,19.905909,20.096645,20.032190,20.082727,20.057459,20.148401,19.971552,19.986719,20.365839,20.183802,,,,,,,20.173700,20.411341,19.905909,20.001886,19.971552,20.042292,20.163568,20.047358,0,0,0,0,0,0
679089,97.777946,3.493350,3.490650,3.492069,0.002700,3.492000,3.492600,3.492150,3.492150,3.492000,3.492450,3.493200,3.490950,3.491850,3.491850,3.492900,3.490650,3.492450,3.492300,3.492300,3.491700,3.492150,3.492150,3.492600,3.491700,3.491100,3.492000,3.492150,3.492150,3.491850,3.491850,3.493350,3.491400,20.406275,19.905909,20.096962,20.037256,20.082727,20.057459,20.148401,19.966516,19.991755,20.365839,20.188868,,,,,,,20.173700,20.406275,19.905909,20.001886,19.971552,20.042292,20.163568,20.047358,0,0,0,0,0,0
679590,97.777954,3.493350,3.490800,3.492070,0.002550,3.492000,3.492600,3.492150,3.492150,3.492000,3.492450,3.493350,3.490950,3.492000,3.491850,3.492900,3.490800,3.492450,3.492300,3.492300,3.491550,3.492150,3.492150,3.492600,3.491700,3.491100,3.492000,3.492300,3.492150,3.491700,3.491850,3.493200,3.491250,20.406275,19.905909,20.096645,20.037256,20.082727,20.057459,20.148401,19.966516,19.991755,20.365839,20.183802,,,,,,,20.173700,20.406275,19.905909,20.001886,19.971552,20.042292,20.163568,20.047358,0,0,0,0,0,0
680091,97.777954,3.493350,3.490650,3.492070,0.002700,3.492150,3.492600,3.492150,3.492150,3.492000,3.492450,3.493200,3.490950,3.491850,3.491850,3.492900,3.490650,3.492600,3.492300,3.492300,3.491700,3.492150,3.492150,3.492600,3.491700,3.490950,3.491850,3.492150,3.492300,3.491850,3.491850,3.493350,3.491250,20.406275,19.905909,20.096960,20.037256,20.082727,20.057459,20.148401,19.971552,19.991755,20.365839,20.183802,,,,,,,20.173700,20.406275,19.905909,20.001886,19.971552,20.042292,20.163568,20.047358,0,0,0,0,0,0
680592,97.777954,3.493200,3.490650,3.492070,0.002550,3.492000,3.492600,3.492150,3.492150,3.492000,3.492450,3.493200,3.490950,3.491850,3.491850,3.492900,3.490650,3.492450,3.492300,3.492300,3.491700,3.492150,3.492300,3.492600,3.491700,3.491100,3.492000,3.492300,3.492150,3.491850,3.491850,3.493200,3.491250,20.406275,19.905909,20.097275,20.037256,20.082727,20.057459,20.148401,19.966516,19.991755,20.370874,20.183802,,,,,,,20.173700,20.406275,19.905909,20.006922,19.971552,20.042292,20.163568,20.047358,0,0,0,0,0,0
681093,97.778244,3.493350,3.490650,3.492080,0.002700,3.492000,3.492600,3.492150,3.492150,3.492000,3.492300,3.493200,3.490950,3.492000,3.491850,3.492900,3.490650,3.492600,3.492300,3.492300,3.491700,3.492150,3.492150,3.492600,3.491700,3.491100,3.492000,3.492300,3.492300,3.491700,3.492000,3.493350,3.491250,20.406275,19.905909,20.097275,20.037256,20.082727,20.057459,20.148401,19.971552,19.991755,20.370874,20.183802,,,,,,,20.173700,20.406275,19.905909,20.001886,19.971552,20.042292,20.163568,20.047358,0,0,0,0,0,0
681594,97.777954,3.493350,3.490650,3.492070,0.002700,3.492150,3.492600,3.492150,3.492000,3.492000,3.492300,3.493350,3.490950,3.491850,3.491850,3.492900,3.490650,3.492600,3.492300,3.492300,3.491700,3.492150,3.492150,3.492600,3.491700,3.491100,3.491850,3.492150,3.492300,3.491850,3.492000,3.493200,3.491250,20.406275,19.905909,20.096960,20.037256,20.082727,20.057459,20.148401,19.966516,19.991755,20.370874,20.183802,,,,,,,20.173700,20.406275,19.905909,20.001886,19.971552,20.042292,20.163568,20.047358,0,0,0,0,0,0
682095,97.778542,3.493350,3.490650,3.492091,0.002700,3.492150,3.492600,3.492150,3.492150,3.492000,3.492450,3.493200,3.490950,3.491850,3.491850,3.492900,3.490650,3.492600,3.492300,3.492300,3.491700,3.492150,3.492150,3.492600,3.491700,3.491100,3.492000,3.492300,3.492300,3.491850,3.492000,3.493350,3.491250,20.406275,19.905909,20.097275,20.037256,20.082727,20.057459,20.148401,19.966516,19.991755,20.370874,20.183802,,,,,,,20.173700,20.406275,19.905909,20.006922,19.971552,20.042292,20.163568,20.047358,0,0,0,0,0,0
682596,97.777939,3.493350,3.490800,3.492069,0.002550,3.492150,3.492600,3.492150,3.492000,3.492000,3.492450,3.493350,3.490950,3.491850,3.491850,3.492900,3.490800,3.492600,3.492300,3.492300,3.491700,3.492150,3.492150,3.492600,3.491700,3.491100,3.492000,3.492150,3.492150,3.491700,3.491850,3.493200,3.491250,20.406275,19.905909,20.097908,20.037256,20.082727,20.057459,20.148401,19.971552,19.991755,20.375940,20.188868,,,,,,,20.173700,20.406275,19.905909,20.001886,19.971552,20.042292,20.163568,20.047358,0,0,0,0,0,0
683097,97.778381,3.493350,3.490800,3.492085,0.002550,3.492150,3.492600,3.492150,3.492150,3.492000,3.492450,3.493200,3.490950,3.491850,3.491850,3.492900,3.490800,3.492600,3.492300,3.492300,3.491700,3.492150,3.492150,3.492600,3.491700,3.491100,3.492000,3.492300,3.492150,3.491700,3.492000,3.493350,3.491250,20.411341,19.905909,20.097908,20.037256,20.082727,20.057459,20.148401,19.966516,19.991755,20.375940,20.183802,,,,,,,20.178736,20.411341,19.905909,20.001886,19.971552,20.042292,20.163568,20.047358,0,0,0,0,0,0
683598,97.778099,3.493350,3.490650,3.492075,0.002700,3.492000,3.492600,3.492150,3.492150,3.492000,3.492450,3.493350,3.490950,3.491850,3.491850,3.492900,3.490650,3.492450,3.492300,3.492300,3.491700,3.492150,3.492150,3.492600,3.491700,3.491100,3.492000,3.492300,3.492300,3.491850,3.491850,3.493200,3.491250,20.406275,19.905909,20.097593,20.037256,20.082727,20.057459,20.148401,19.971552,19.986719,20.375940,20.188868,,,,,,,20.173700,20.406275,19.905909,20.001886,19.971552,20.042292,20.163568,20.047358,0,0,0,0,0,0
684099,97.778099,3.493350,3.490650,3.492075,0.002700,3.492000,3.492600,3.492150,3.492150,3.492000,3.492450,3.493350,3.490950,3.491850,3.491850,3.492900,3.490650,3.492600,3.492300,3.492300,3.491700,3.492150,3.492300,3.492600,3.491700,3.491100,3.491850,3.492150,3.492300,3.491700,3.492000,3.493200,3.491250,20.406275,19.905909,20.097277,20.037256,20.082727,20.057459,20.148401,19.966516,19.991755,20.375940,20.183802,,,,,,,20.173700,20.406275,19.905909,20.001886,19.971552,20.042292,20.163568,20.047358,0,0,0,0,0,0
684600,,,,,,,,,,,,,,,,,,,,,,,,,,,,,,,,,,,,,,,,,,,,,,,,,,,,,,,,,,,,,,,,
