charger_voltage,charger_current,total_v,max_v,min_v,avg_v,max_temp,min_temp,avg_temp,max_min_balance
,,441.570770,3.946200,3.936900,3.942596,19.174250,16.392176,17.883663,0.009300
442.700012,3.900000,441.569580,3.946350,3.936900,3.942585,19.174250,16.397211,17.884527,0.009450
,,441.580811,3.946650,3.937500,3.942686,19.174250,16.397211,17.885317,0.009150
442.700012,3.900000,441.589081,3.946950,3.937050,3.942760,19.174250,16.397211,17.885630,0.009900
,,441.589081,3.946950,3.937050,3.942760,19.174250,16.397211,17.886494,0.009900
442.700012,3.900000,441.589294,3.947100,3.936900,3.942762,19.179285,16.397211,17.886810,0.010200
,,441.583618,3.946800,3.937050,3.942711,19.179285,16.397211,17.887438,0.009750
442.700012,3.900000,441.574646,3.946350,3.937050,3.942631,19.174250,16.397211,17.888304,0.009300
,,441.590698,3.946200,3.937200,3.942774,19.179285,16.397211,17.888460,0.009000
442.700012,3.900000,441.600250,3.946650,3.937200,3.942859,19.179285,16.397211,17.888384,0.009450
442.700012,3.900000,441.599213,3.946650,3.937350,3.942850,19.179285,16.397211,17.889879,0.009300
,,441.607971,3.946650,3.937350,3.942928,19.184351,16.402246,17.891846,0.009300
442.700012,3.900000,441.622375,3.946800,3.937800,3.943057,19.179285,16.402246,17.891531,0.009000
,,441.616089,3.947400,3.937200,3.943001,19.179285,16.402246,17.892317,0.010200
442.700012,3.900000,441.619965,3.947250,3.937350,3.943035,19.184351,16.402246,17.893023,0.009900
,,441.605011,3.946500,3.937350,3.942902,19.184351,16.402246,17.893415,0.009150
442.700012,3.900000,441.626007,3.946650,3.937500,3.943089,19.184351,16.402246,17.893415,0.009150
,,441.628754,3.946800,3.937650,3.943114,19.184351,16.402246,17.894121,0.009150
442.700012,3.900000,441.646912,3.947250,3.937800,3.943276,19.184351,16.402246,17.894753,0.009450
,,441.635651,3.947550,3.937350,3.943176,19.184351,16.407251,17.895775,0.010200
442.799988,3.900000,441.642029,3.947250,3.937500,3.943232,19.189386,16.402246,17.896400,0.009750
,,441.646210,3.946950,3.937650,3.943270,19.189386,16.402246,17.896952,0.009300
442.700012,3.900000,441.643982,3.947100,3.937650,3.943250,19.189386,16.407251,17.897818,0.009450
,,441.653381,3.947700,3.937350,3.943334,19.189386,16.407251,17.898287,0.010350
442.700012,3.900000,441.652222,3.947550,3.937650,3.943323,19.189386,16.407251,17.898760,0.009900
,,441.641693,3.947100,3.937650,3.943229,19.189386,16.407251,17.899075,0.009450
442.799988,3.900000,441.651367,3.946950,,3.943316,19.189386,16.407251,17.899466,0.009300
442.799988,3.900000,441.660156,3.947250,3.937800,3.943394,19.189386,16.407251,17.900171,0.009450
,,441.671265,3.947250,3.938400,3.943493,19.194422,16.407251,17.901039,0.008850
442.700012,3.900000,441.670837,3.947850,3.937650,3.943490,19.194422,16.407251,17.901665,0.010200
442.799988,3.900000,441.681061,3.947850,3.937800,3.943581,19.194422,16.407251,17.902531,0.010050
,,441.666565,3.947250,3.937950,3.943451,19.194422,16.412287,17.903234,0.009300
442.799988,3.900000,441.680389,3.947250,3.937950,3.943575,19.194422,16.412287,17.903549,0.009300
,,441.685791,3.947400,3.938250,3.943623,19.194422,16.412287,17.904570,0.009150
442.700012,3.900000,441.701324,3.947700,3.938400,3.943762,19.194422,16.412287,17.905043,0.009300
,,441.696075,3.948150,3.938100,3.943715,19.199457,16.412287,17.906219,0.010050
442.799988,3.900000,441.704315,3.948150,3.937950,3.943789,19.199457,16.412287,17.906771,0.010200
,,441.682556,3.947250,3.938100,3.943594,19.199457,16.412287,17.907007,0.009150
442.799988,3.900000,441.704437,3.947250,3.938250,3.943790,19.199457,16.417322,17.907480,0.009000
,,441.706482,3.947550,3.938250,3.943808,19.199457,16.412287,17.907951,0.009300
442.799988,3.900000,441.723999,3.947700,3.938400,3.943964,19.199457,16.417322,17.908817,0.009300
,,441.720245,3.948300,3.938100,3.943931,19.199457,16.417322,17.909681,0.010200
442.799988,3.900000,441.715607,3.948300,3.938100,3.943889,19.204493,16.417322,17.910234,0.010200
,,441.707275,3.947550,3.938250,3.943815,19.204493,16.417322,17.910860,0.009300
442.899994,3.900000,441.708710,3.947400,3.938250,3.943828,19.204493,16.417322,17.911257,0.009150
,,441.724243,3.947850,3.938400,3.943966,19.204493,16.417322,17.911650,0.009450
442.799988,3.900000,441.733887,3.947850,3.938550,3.944052,19.204493,16.417322,17.912201,0.009300
,,441.737061,3.948450,3.938250,3.944081,19.204493,16.417322,17.912672,0.010200
442.899994,3.900000,441.737793,3.948450,3.938250,3.944088,19.204493,16.422327,17.913378,0.010200
,,441.747528,3.948450,3.938400,3.944174,19.204493,16.422327,17.914873,0.010050
442.899994,3.900000,441.738373,3.948150,3.938400,3.944093,19.204493,16.422327,17.915661,0.009750
,,441.739685,3.947850,3.938400,3.944104,19.209558,16.422327,17.916447,0.009450
442.899994,3.900000,441.753754,3.948000,3.938700,3.944230,19.209558,16.422327,17.916838,0.009300
,,441.765564,3.948150,3.938850,3.944335,19.209558,16.422327,17.917862,0.009300
442.899994,3.900000,441.764587,3.948750,3.938550,3.944327,19.209558,16.422327,17.917782,0.010200
,,441.772369,3.948750,3.938400,3.944396,19.214594,16.422327,17.918724,0.010350
442.899994,3.900000,441.754364,3.948000,3.938700,3.944235,19.214594,16.427362,17.918724,0.009300
,,441.766602,3.948000,3.938850,3.944345,19.214594,16.422327,17.919512,0.009150
442.899994,3.900000,441.773315,3.948150,3.938850,3.944405,19.214594,16.422327,17.920219,0.009300
,,441.792084,3.948900,3.939150,3.944572,19.209558,16.427362,17.920769,0.009750
442.899994,3.900000,441.782593,3.948900,3.938550,3.944487,19.214594,16.427362,17.921791,0.010350
,,441.785553,3.948450,3.938700,3.944514,19.214594,16.427362,17.921637,0.009750
442.899994,3.900000,441.780640,3.948000,3.938850,3.944470,19.214594,16.427362,17.922497,0.009150
,,441.794281,3.948300,3.938850,3.944592,19.214594,16.427362,17.923206,0.009450
442.899994,3.900000,441.793976,3.948300,3.939150,3.944589,19.214594,16.427362,17.923677,0.009150
,,441.807190,3.948600,3.939300,3.944707,19.219629,16.427362,17.924305,0.009300
442.899994,3.900000,441.803253,3.949050,3.938850,3.944672,19.219629,16.432398,17.925327,0.010200
442.899994,3.900000,441.806915,3.949050,3.938850,3.944705,19.219629,16.432398,17.925486,0.010200
,,441.799316,3.948300,3.939150,3.944637,19.219629,16.432398,17.926823,0.009150
442.899994,3.900000,441.819702,3.948450,3.939150,3.944819,19.219629,16.432398,17.927843,0.009300
,,441.824127,3.948600,3.939450,3.944858,19.224665,16.432398,17.928314,0.009150
443.000000,3.900000,441.839478,3.949050,3.939300,3.944995,19.224665,16.432398,17.929024,0.009750
,,441.830658,3.949200,3.939150,3.944916,19.224665,16.432398,17.929575,0.010050
443.000000,3.900000,441.825684,3.948750,3.939150,3.944872,19.224665,16.432398,17.930046,0.009600
,,441.835114,3.948600,3.939300,3.944956,19.224665,16.432398,17.930752,0.009300
443.000000,3.900000,441.836578,3.948750,3.939300,3.944969,19.224665,16.432398,17.931068,0.009450
,,441.856873,3.949200,3.939600,3.945151,19.224665,16.432398,17.931931,0.009600
443.000000,3.900000,441.846710,3.949500,3.939300,3.945060,19.229700,16.437433,17.932404,0.010200
,,441.847809,3.949200,3.939300,3.945070,19.229700,16.437433,17.932484,0.009900
443.000000,3.900000,441.832733,3.948450,3.939300,3.944935,19.229700,16.437433,17.933661,0.009150
,,441.853851,3.948900,3.939600,3.945124,19.229700,16.437433,17.934290,0.009300
443.000000,3.900000,441.859192,3.949050,3.939900,3.945171,19.229700,16.437433,17.934839,0.009150
,,441.864502,3.949650,3.939300,3.945219,19.229700,16.437433,17.934841,0.010350
443.000000,3.900000,441.863922,3.949500,3.939300,3.945214,19.229700,16.437433,17.936094,0.010200
,,441.845490,3.948750,3.939450,3.945049,19.229700,16.442438,17.936646,0.009300
443.000000,3.900000,441.867004,3.948750,3.939600,3.945241,19.229700,16.437433,17.937197,0.009150
443.000000,3.900000,441.873566,3.948900,3.940050,3.945300,19.234766,16.437433,17.937511,0.008850
443.000000,3.900000,441.897125,3.949650,3.939900,3.945510,19.239801,16.442438,17.939083,0.009750
,,441.886230,3.949800,3.939600,3.945413,19.234766,16.442438,17.939947,0.010200
443.100006,3.900000,441.881226,3.949050,3.939600,3.945368,19.234766,16.442438,17.940107,0.009450
,,441.893188,3.949050,3.939750,3.945475,19.234766,16.442438,17.940498,0.009300
443.000000,3.900000,441.893036,3.949350,3.939750,3.945473,19.239801,16.447474,17.941681,0.009600
,,441.916840,3.949800,3.940050,3.945686,19.239801,16.442438,17.942074,0.009750
443.000000,3.900000,441.903961,3.950100,3.939600,3.945571,19.239801,16.442438,17.942389,0.010500
,,441.898193,3.949200,3.939750,3.945520,19.239801,16.447474,17.942940,0.009450
443.000000,3.900000,441.893890,3.949050,3.939900,3.945481,19.239801,16.447474,17.943804,0.009150
,,441.912872,3.949350,3.940050,3.945651,19.239801,16.447474,17.943960,0.009300
443.100006,3.900000,441.920319,3.949500,3.940500,3.945717,19.239801,16.447474,17.944824,0.009000
,,441.919556,3.950250,3.940050,3.945710,19.244837,16.447474,17.945610,0.010200
443.100006,3.900000,441.920929,3.949950,3.939900,3.945723,19.244837,16.447474,17.945923,0.010050
,,441.910553,3.949350,3.939900,3.945630,19.239801,16.447474,17.946711,0.009450
443.100006,3.900000,441.928558,3.949500,3.940050,3.945791,19.244837,16.447474,17.947182,0.009450
,,441.941193,3.949800,3.940650,3.945904,19.244837,16.447474,17.947340,0.009150
443.100006,3.900000,441.942657,3.950100,3.940500,3.945917,19.244837,16.447474,17.948202,0.009600
,,441.941925,3.949950,3.940050,3.945910,19.244837,16.447474,17.948832,0.009900
443.000000,3.900000,441.930054,3.949500,3.940200,3.945804,19.244837,16.452509,17.950010,0.009300
442.899994,3.900000,441.940369,3.949500,3.940200,3.945896,19.249872,16.452509,17.950874,0.009300
,,441.964233,3.949950,3.940800,3.946109,19.249872,16.452509,17.951738,0.009150
443.000000,3.900000,441.967010,3.950550,3.940350,3.946134,19.249872,16.452509,17.952288,0.010200
,,441.964905,3.950100,3.940350,3.946115,19.249872,16.452509,17.952528,0.009750
443.000000,3.900000,441.954559,3.949800,3.940500,3.946023,19.249872,16,17.953310,0.009300
,,441.969116,3.949800,3.940500,3.946153,19.249872,16.452509,17.953861,0.009300
443.000000,3.900000,441.969574,3.949950,3.940500,3.946157,19.249872,16.457514,17.954805,0.009450
443.000000,3.900000,441.989014,3.950700,3.940650,3.946331,19.249872,16.457514,17.955515,0.010050
,,441.977905,3.950700,3.940200,3.946231,19.254908,16.457514,17.955984,0.010500
443.000000,3.900000,441.968231,3.950100,3.940500,3.946145,19.249872,16.452509,17.956142,0.009600
,,441.969849,3.949800,3.940500,3.946159,19.254908,16.457514,17.956455,0.009300
443.000000,3.900000,441.985016,3.950100,3.940800,3.946295,19.254908,16.457514,17.957087,0.009300
,,441.995087,3.950400,3.941100,3.946385,19.254908,16.457514,17.957638,0.009300
443.000000,3.900000,441.996918,3.950850,3.940500,3.946401,19.254908,16.457514,17.958502,0.010350
,,442.000244,3.950850,3.940650,3.946431,19.254908,16.457514,17.959051,0.010200
443.100006,3.900000,441.985077,3.949950,3.940650,3.946295,19.259974,16.457514,17.959761,0.009300
,,442.005310,3.950250,3.940800,3.946476,19.259974,16.457514,17.960234,0.009450
443.100006,3.900000,442.011627,3.950400,3.941100,3.946532,19.259974,16.457514,17.961254,0.009300
443.100006,3.900000,442.025482,3.950850,3.941100,3.946656,19.259974,16.457514,17.961412,0.009750
,,442.016174,3.950700,3.940800,3.946573,19.259974,16.462549,17.963221,0.009900
443.100006,3.900000,442.006683,3.950100,3.940800,3.946488,19.259974,16.462549,17.963923,0.009300
,,442.026733,3.950550,3.940950,3.946667,19.265009,16.462549,17.964161,0.009600
443.100006,3.900000,442.027954,3.950400,3.941400,3.946678,19.259974,16.462549,17.965263,0.009000
,,442.039825,3.951300,3.940950,3.946784,19.265009,16.462549,17.965418,0.010350
443.100006,3.900000,442.034058,3.951150,3.940800,3.946733,19.265009,16.462549,17.965813,0.010350
,,442.023041,3.950250,3.940950,3.946634,19.265009,16.462549,17.966049,0.009300
443.100006,3.900000,442.032806,3.950400,3.941100,3.946722,19.265009,16.462549,17.966913,0.009300
,,442.045959,3.950700,3.941250,3.946839,19.265009,16.462549,17.967464,0.009450
443.100006,3.900000,442.056000,3.950700,3.941400,3.946929,19.265009,16.467585,17.967777,0.009300
,,442.054413,3.951300,3.940950,3.946914,19.270044,16.467585,17.969036,0.010350
443.100006,3.900000,442.058197,3.951150,3.941100,3.946948,19.270044,16.467585,17.969664,0.010050
,,442.045624,3.950550,3.941250,3.946836,19.265009,16.467585,17.969822,0.009300
443.100006,3.900000,442.059113,3.950700,3.941250,3.946956,19.270044,16.467585,17.970606,0.009450
,,442.068970,3.951000,3.941700,3.947044,19.270044,16.467585,17.971155,0.009300
443.100006,3.900000,442.083710,3.951300,3.941850,3.947176,19.270044,16.467585,17.971706,0.009450
,,442.079498,3.951600,3.941550,3.947138,19.270044,16.472589,17.971941,0.010050
443.100006,3.900000,442.077606,3.951450,3.941250,3.947121,19.270044,16.467585,17.972260,0.010200
443.200012,3.900000,442.081390,3.951300,3.941250,3.947155,19.275080,16.467585,17.973122,0.010050
443.200012,3.900000,442.088379,3.951450,3.941400,3.947218,19.275080,16.472589,17.974697,0.010050
,,442.083557,3.951000,3.941550,3.947175,19.275080,16.472589,17.975405,0.009450
443.200012,3.900000,442.077545,3.950850,3.941700,3.947121,19.275080,16.472589,17.976191,0.009150
,,442.089233,3.950850,3.941550,3.947225,19.275080,16.472589,17.976582,0.009300
443.200012,3.900000,442.101379,3.951150,3.941550,3.947334,19.280146,16.472589,17.977291,0.009600
,,442.102325,3.951150,3.941850,3.947342,19.275080,16.472589,17.977604,0.009300
443.100006,3.900000,442.120178,3.951600,3.942150,3.947502,19.275080,16.472589,17.978073,0.009450
,,442.124512,3.951900,3.941850,3.947540,19.280146,16.477625,17.979019,0.010050
443.200012,3.900000,442.117493,3.952050,3.941700,3.947478,19.275080,16.477625,17.979176,0.010350
,,442.120148,3.951750,3.941550,3.947501,19.280146,16.477625,17.980196,0.010200
443.200012,3.900000,442.117950,3.951600,3.941700,3.947482,19.280146,16.477625,17.980747,0.009900
,,442.109344,3.951300,3.941850,3.947405,19.280146,16.477625,17.980984,0.009450
443.200012,3.900000,442.117371,3.951150,3.941700,3.947477,19.280146,16.477625,17.982084,0.009450
,,442.129517,3.951450,3.941850,3.947585,19.285181,16.477625,17.982243,0.009600
443.200012,3.900000,442.131317,3.951450,3.941850,3.947601,19.280146,16.477625,17.983343,0.009600
,,442.143372,3.951900,3.942450,3.947709,19.285181,16.477625,17.983503,0.009450
443.200012,3.900000,442.156677,3.952200,3.942150,3.947828,19.285181,16.477625,17.983974,0.010050
,,442.145813,3.952200,3.941850,3.947731,19.285181,16.482660,17.985075,0.010350
443.200012,3.900000,442.147339,3.952050,3.941850,3.947744,19.285181,16.482660,17.984997,0.010200
443.200012,3.900000,442.155609,3.952350,3.941850,3.947818,19.285181,16.482660,17.986963,0.010500
,,442.159515,3.951900,3.942000,3.947853,19.290216,16.482660,17.987591,0.009900
443.200012,3.900000,442.154694,3.951600,3.942150,3.947810,19.290216,16.482660,17.987827,0.009450
,,442.149994,3.951450,3.942150,3.947768,19.290216,16.482660,17.988298,0.009300
443.200012,3.900000,442.165131,3.951450,3.942150,3.947903,19.290216,16.482660,17.989317,0.009300
,,442.177338,3.951750,3.942300,3.948012,19.290216,16.487665,17.990103,0.009450
443.200012,3.900000,442.176910,3.951900,3.942300,3.948008,19.290216,16.482660,17.990576,0.009600
,,442.187134,3.952200,3.942900,3.948099,19.290216,16.482660,17.990576,0.009300
443.200012,3.900000,442.197937,3.952500,3.942750,3.948196,19.290216,16.487665,17.991671,0.009750
,,442.189453,3.952650,3.942300,3.948120,19.290216,16.487665,17.991987,0.010350
443.299988,3.900000,442.192505,3.952650,3.942150,3.948147,19.295252,16.487665,17.992619,0.010500
,,442.191895,3.952050,3.942300,3.948142,19.295252,16.487665,17.993166,0.009750
443.299988,3.900000,442.182312,3.951750,3.942300,3.948056,19.295252,16.487665,17.994188,0.009450
,,442.185913,3.951750,3.942450,3.948088,19.295252,16.487665,17.994425,0.009300
443.299988,3.900000,442.199097,3.951750,3.942450,3.948206,19.295252,16.487665,17.994818,0.009300
,,442.207184,3.952050,3.942450,3.948278,19.295252,16.487665,17.996000,0.009600
443.299988,3.900000,442.212646,3.952200,3.942750,3.948327,19.300318,16.487665,17.996313,0.009450
,,442.227264,3.952650,3.942900,3.948458,19.300318,16.487665,17.996552,0.009750
443.299988,3.900000,442.223175,3.952800,3.942600,3.948421,19.300318,16.492701,17.997417,0.010200
,,442.227631,3.952950,3.942450,3.948461,19.300318,16.492701,17.998911,0.010500
443.299988,3.900000,442.227142,3.952950,3.942450,3.948457,19.300318,16.492701,17.998911,0.010500
,,442.228943,3.952650,3.942750,3.948473,19.300318,16.492701,17.999695,0.009900
443.299988,3.900000,442.220734,3.952350,3.942750,3.948399,19.300318,16.492701,18.000561,0.009600
,,442.224548,3.952050,3.942750,3.948433,19.300318,16.492701,18.000954,0.009300
443.299988,3.900000,442.243347,3.952500,3.942900,3.948601,19.305353,16.492701,18.001425,0.009600
,,442.245819,3.952500,3.943050,3.948623,19.305353,16.492701,18.002052,0.009450
443.299988,3.900000,442.254242,3.952650,3.943500,3.948699,19.305353,16.497736,18.002445,0.009150
,,442.265137,3.953100,3.943500,3.948796,19.305353,16.497736,18.003550,0.009600
443.299988,3.900000,442.265442,3.953250,3.942900,3.948799,19.305353,16.497736,18.004023,0.010350
,,442.265442,3.953250,3.942900,3.948799,19.305353,16.497736,18.004335,0.010350
443.399994,3.900000,442.263153,3.953100,3.942750,3.948778,19.310389,16.497736,18.005278,0.010350
,,442.254028,3.952650,3.943050,3.948697,19.305353,16.497736,18.005672,0.009600
443.399994,3.900000,442.255310,3.952350,3.942900,3.948708,19.310389,16.497736,18.005987,0.009450
,,442.269531,3.952650,3.943050,3.948835,19.310389,16.497736,18.006693,0.009600
443.399994,3.900000,442.277588,3.952650,3.943200,3.948907,19.310389,16.497736,18.007244,0.009450
,,442.282410,3.952950,3.943350,3.948950,19.310389,16.497736,18.007952,0.009600
443.399994,3.900000,442.296753,3.953250,3.943650,3.949078,19.310389,16.502741,18.008657,0.009600
443.399994,3.900000,442.293701,3.953550,3.943200,3.949051,19.310389,16.497736,18.008974,0.010350
,,442.306580,3.953550,3.943500,3.949166,19.310389,16.502741,18.010624,0.010050
443.399994,3.900000,442.303711,3.953700,3.943200,3.949140,19.315424,16.502741,18.011412,0.010500
,,442.295532,3.953100,3.943200,3.949067,19.315424,16.502741,18.011568,0.009900
443.399994,3.900000,442.289917,3.952650,3.943350,3.949017,19.315424,16.502741,18.012115,0.009300
,,442.306702,3.952950,3.943350,3.949167,19.315424,16.502741,18.012510,0.009600
443.399994,3.900000,442.312195,3.953100,3.943650,3.949216,19.315424,16.502741,18.013611,0.009450
,,442.327271,3.953550,3.943800,3.949351,19.315424,16.502741,18.014160,0.009750
443.399994,3.900000,442.325745,3.953850,3.943500,3.949337,19.315424,16.507776,18.014242,0.010350
,,442.322235,3.953700,3.943500,3.949306,19.320490,16.507776,18.015104,0.010200
443.399994,3.900000,442.315430,3.952950,3.943650,3.949245,19.320490,16.507776,18.016130,0.009300
,,442.326477,3.952950,3.943500,3.949343,19.315424,16.507776,18.015812,0.009450
443.399994,3.900000,442.332092,3.953250,3.943500,3.949394,19.320490,16.507776,18.016758,0.009750
,,442.347168,3.953550,3.944250,3.949528,19.320490,16.507776,18.017229,0.009300
443.399994,3.900000,442.352448,3.953850,3.943800,3.949575,19.320490,16.507776,18.018093,0.010050
,,442.347839,3.954000,3.943500,3.949534,19.320490,16.507776,18.018723,0.010500
443.399994,3.900000,442.341492,3.953850,3.943500,3.949478,19.320490,,18.019348,0.010350
,,442.347595,3.953850,3.943650,3.949532,19.325525,16.507776,18.020136,0.010200
443.399994,3.900000,442.341888,3.953550,,3.949481,19.320490,16.507776,18.020292,0.009750
443.399994,3.900000,442.347992,3.953250,3.943800,3.949536,19.325525,16.507776,18.021000,0.009450
443.399994,3.900000,442.353424,3.953250,3.943950,3.949584,19.325525,16.512812,18.022259,0.009300
,,442.369659,3.953550,3.943950,3.949729,19.325525,16.512812,18.023045,0.009600
443.399994,3.900000,442.370453,3.953700,3.944250,3.949736,19.325525,16.512812,18.023518,0.009450
,,442.386414,3.954300,3.944100,3.949879,19.325525,16.512812,18.024225,0.010200
443.399994,3.900000,442.382172,3.954450,3.943800,3.949841,19.330561,16.512812,18.025091,0.010650
,,442.375885,3.953700,3.943950,3.949785,19.330561,16.512812,18.025171,0.009750
443.399994,3.900000,442.373962,3.953550,3.944100,3.949768,19.330561,16.512812,18.025879,0.009450
,,442.379272,3.953550,3.943950,3.949815,19.330561,16.512812,18.026665,0.009600
443.500000,3.900000,442.388275,3.953700,3.944100,3.949895,19.330561,16.512812,18.026506,0.009600
,,442.402130,3.954000,3.944850,3.950019,19.330561,16.517817,18.027451,0.009150
443.500000,3.900000,442.411926,3.954300,3.944550,3.950106,19.330561,16.517817,18.028393,0.009750
,,442.402222,3.954600,3.943950,3.950020,19.330561,16.517817,18.028629,0.010650
443.500000,3.900000,442.403107,3.954300,3.944100,3.950028,19.330561,16.517817,18.029337,0.010200
,,442.394165,3.953550,3.944400,3.949948,19.335596,16.517817,18.029810,0.009150
443.500000,3.900000,442.399261,3.953700,3.944250,3.949993,19.335596,16.517817,18.030279,0.009450
,,442.416718,3.954000,3.944400,3.950149,19.335596,16.517817,18.031065,0.009600
443.500000,3.900000,442.421814,3.954000,3.945000,3.950195,19.335596,16.517817,18.031382,0.009000
,,442.433899,3.954750,3.944700,3.950303,19.335596,16.517817,18.032167,0.010050
443.500000,3.900000,442.429993,3.954750,3.944400,3.950268,19.335596,16.517817,18.032637,0.010350
,,442.436676,3.954900,3.944250,3.950327,19.335596,16.517817,18.034130,0.010650
443.500000,3.900000,442.430084,3.954600,3.944400,3.950269,19.340662,16.517817,18.034918,0.010200
,,442.428619,3.953850,3.944550,3.950256,19.340662,16.522852,18.035465,0.009300
443.500000,3.900000,442.438141,3.954150,3.944550,3.950341,19.340662,16.522852,18.036016,0.009600
,,442.446686,3.954300,3.944550,3.950417,19.345697,16.522852,18.036331,0.009750
443.500000,3.900000,442.458252,3.954750,3.945150,3.950520,19.340662,16.522852,18.036880,0.009600
,,442.465485,3.955050,3.945000,3.950585,19.340662,16.522852,18.037668,0.010050
443.500000,3.900000,442.458649,3.955050,3.944400,3.950524,19.340662,16.527887,18.038765,0.010650
,,442.457458,3.954900,3.944400,3.950513,19.345697,16.522852,18.038925,0.010500
443.500000,3.900000,442.446686,3.954000,3.944850,3.950417,19.345697,16.522852,18.039789,0.009150
,,442.455292,3.954150,3.944700,3.950494,19.345697,16.522852,18.040104,0.009450
443.500000,3.900000,442.468384,3.954450,3.944700,3.950611,19.345697,16.527887,18.040495,0.009750
,,442.474365,3.954600,3.945000,3.950664,19.345697,16.527887,18.041361,0.009600
443.500000,3.900000,442.487122,3.954900,3.945450,3.950778,19.345697,16.527887,18.041597,0.009450
,,442.494629,3.955200,3.945150,3.950845,19.345697,16.527887,18.042543,0.010050
443.500000,3.900000,442.483276,3.955350,3.944700,3.950743,19.345697,16.527887,18.042700,0.010650
,,442.483948,3.954750,3.944850,3.950750,19.350733,16.527887,18.044037,0.009900
443.500000,3.900000,442.473755,3.954300,3.944850,3.950659,19.350733,16.527887,18.044273,0.009450
443.500000,3.900000,442.483612,3.954600,3.945000,3.950747,19.350733,16.527887,18.044746,0.009600
,,442.504791,3.954900,3.945000,3.950936,19.350733,16.532892,18.046158,0.009900
443.600006,3.900000,442.509399,3.955050,3.945450,3.950977,19.350733,16.532892,18.046631,0.009600
,,442.523041,3.955650,3.945300,3.951099,19.350733,16.532892,18.047100,0.010350
443.600006,3.900000,442.520905,3.955650,3.945150,3.951080,19.355768,16.532892,18.047338,0.010500
,,442.513214,3.955350,3.945000,3.951011,19.355768,16.532892,18.048361,0.010350
443.600006,3.900000,442.510040,3.954750,3.945150,3.950983,19.355768,16.532892,18.049149,0.009600
,,442.514862,3.954750,3.945300,3.951025,19.355768,16.532892,18.049461,0.009450
443.600006,3.900000,442.522583,3.954900,3.945300,3.951094,19.355768,16.532892,18.050406,0.009600
,,442.535339,3.955050,3.945600,3.951208,19.355768,16.537928,18.050879,0.009450
443.600006,3.900000,442.544586,3.955800,3.945750,3.951291,19.355768,16.532892,18.051271,0.010050
,,442.542511,3.955800,3.945150,3.951272,19.360834,16.537928,18.052057,0.010650
443.600006,4.000000,442.537079,3.955650,3.945150,3.951224,19.360834,16.537928,18.052999,0.010500
,,442.528320,3.955050,3.945600,3.951146,19.360834,16.537928,18.053080,0.009450
443.600006,3.900000,442.533905,3.954900,3.945450,3.951195,19.355768,16.532892,18.053471,0.009450
,,442.552063,3.955350,3.945750,3.951358,19.360834,16.537928,18.054258,0.009600
443.600006,3.900000,442.555237,3.955500,3.945750,3.951386,19.360834,16.537928,18.054653,0.009750
,,442.569489,3.955950,3.945600,3.951513,19.360834,16.537928,18.055441,0.010350
443.600006,3.900000,442.566406,3.956100,3.945450,3.951486,19.360834,16.537928,18.056068,0.010650
443.600006,3.900000,442.557281,3.955350,3.945450,3.951404,19.360834,16.542963,18.056381,0.009900
443.600006,3.900000,442.566315,3.955650,3.945600,3.951485,19.365870,16.537928,18.058113,0.010050
,,442.566925,3.955200,3.945600,3.951490,19.365870,16.542963,18.058504,0.009600
443.600006,3.900000,442.576843,3.955350,3.945600,3.951579,19.365870,16.542963,18.059526,0.009750
,,442.590149,3.955800,3.946350,3.951698,19.365870,16.542963,18.059999,0.009450
443.600006,3.900000,442.600067,3.956100,3.946350,3.951786,19.370905,16.542963,18.060314,0.009750
,,442.594299,3.956400,3.945750,3.951735,19.365870,16.542963,18.061413,0.010650
443.700012,3.900000,442.591034,3.956250,3.945750,3.951706,19.370905,16.542963,18.061493,0.010500
,,442.581787,3.955350,3.945900,3.951623,19.370905,16.542963,18.062122,0.009450
443.700012,3.900000,442.588409,3.955350,3.945900,3.951682,19.365870,16.542963,18.062670,0.009450
,,442.604858,3.955650,3.946050,3.951829,19.370905,16.542963,18.063143,0.009600
443.700012,3.900000,442.610840,3.955800,3.946200,3.951883,19.370905,16.542963,18.064241,0.009600
,,442.622162,3.956400,3.946650,3.951984,19.370905,16.542963,18.064556,0.009750
443.700012,3.900000,442.620209,3.956550,3.945900,3.951966,19.370905,16.547998,18.064869,0.010650
,,442.616394,3.956100,3.945900,3.951932,19.375940,16.547998,18.065340,0.010200
443.700012,3.900000,442.609589,3.955950,3.946050,3.951871,19.375940,16.547998,18.065969,0.009900
,,442.612549,3.955800,3.946050,3.951898,19.375940,16.547998,18.066996,0.009750
443.700012,3.900000,442.622223,3.955800,3.946200,3.951984,19.375940,16.547998,18.066914,0.009600
,,442.636475,3.956100,3.946500,3.952111,19.375940,16.547998,18.068172,0.009600
443.700012,3.900000,442.647034,3.956400,3.946650,3.952206,19.375940,16.553003,18.068565,0.009750
443.700012,3.900000,442.656097,3.956700,3.946800,3.952286,19.375940,16.553003,18.069902,0.009900
,,442.644928,3.956550,3.946200,3.952187,19.381006,16.553003,18.070610,0.010350
443.700012,3.900000,442.638458,3.955950,3.946350,3.952129,19.375940,16.553003,18.071081,0.009600
,,442.646637,3.955950,3.946200,3.952202,19.381006,16.553003,18.071793,0.009750
443.700012,3.900000,442.656555,3.956100,3.946350,3.952291,19.381006,16.553003,18.072502,0.009750
,,442.673187,3.956700,3.947100,3.952439,19.381006,16.553003,18.072737,0.009600
443.700012,3.900000,442.675598,3.956850,3.946650,,19.381006,16.553003,18.073524,0.010200
443.700012,3.900000,442.668213,3.956850,3.946200,3.952395,19.381006,16.553003,18.073763,0.010650
,,442.671234,3.956850,3.946350,3.952422,19.386042,16.553003,18.074469,0.010500
443.799988,3.900000,442.659790,3.955950,3.946500,3.952320,19.381006,16.553003,18.075020,0.009450
,,442.671417,3.956250,3.946500,3.952423,19.381006,16.558039,18.075567,0.009750
443.700012,3.900000,442.688293,3.956700,3.946800,3.952574,19.386042,16.558039,18.076590,0.009900
,,442.695465,3.957000,3.947400,3.952638,19.386042,16.558039,18.076511,0.009600
443.799988,3.900000,442.693756,3.957300,3.946500,3.952623,19.386042,16.558039,18.077690,0.010800
,,442.693634,3.957000,3.946500,3.952622,19.386042,16.558039,18.077847,0.010500
443.799988,3.900000,442.681824,3.956400,3.946800,3.952516,19.386042,16.558039,18.078001,0.009600
,,442.686554,3.956250,3.946650,3.952559,19.386042,16.558039,18.079180,0.009600
443.700012,3.900000,442.702728,3.956700,3.946950,3.952703,19.391077,16.558039,18.079575,0.009750
443.799988,3.900000,442.713013,3.957000,3.947250,3.952795,19.386042,16.558039,18.080204,0.009750
,,442.716492,3.957450,3.946650,3.952826,19.391077,16.563074,18.082010,0.010800
443.799988,3.900000,442.716309,3.957300,3.946800,3.952824,19.391077,16.558039,18.082403,0.010500
,,442.707733,3.956400,3.947100,3.952748,19.391077,16.563074,18.083033,0.009300
443.799988,3.900000,442.718323,3.956550,3.946950,3.952842,19.391077,16.563074,18.083189,0.009600
,,442.732025,3.956850,3.947250,3.952965,19.391077,16.563074,18.083979,0.009600
443.799988,3.900000,442.741272,3.957150,3.947700,3.953047,19.396143,16.563074,18.084528,0.009450
,,442.734131,3.957450,3.946950,3.952983,19.396143,16.563074,18.085238,0.010500
443.799988,3.900000,442.736725,3.957450,3.946800,3.953007,19.396143,16.563074,18.086102,0.010650
,,442.726898,3.956850,3.947400,3.952919,19.396143,16.563074,18.086416,0.009450
443.799988,3.900000,442.736420,3.956850,3.947100,3.953004,19.396143,16.563074,18.087282,0.009750
,,442.752197,3.957150,3.947400,3.953145,19.396143,16.563074,18.087755,0.009750
443.799988,3.900000,442.763489,3.957300,3.948000,3.953245,19.401178,16.568079,18.088615,0.009300
,,442.761841,3.957900,3.947250,3.953231,19.401178,16.568079,18.088776,0.010650
443.799988,3.900000,442.759094,3.957600,3.947100,3.953206,19.396143,16.568079,18.089245,0.010500
,,442.750671,3.957000,3.947400,3.953131,19.401178,16.568079,18.090187,0.009600
443.799988,3.900000,442.751465,3.957000,3.947250,3.953138,19.401178,16.568079,18.090343,0.009750
,,442.772400,3.957300,3.947550,3.953325,19.401178,16.568079,18.090815,0.009750
443.799988,3.900000,442.779877,3.957600,3.947700,3.953392,19.401178,16.568079,18.091843,0.009900
443.899994,3.900000,442.785767,3.958050,3.947550,3.953444,19.401178,16.568079,18.092314,0.010500
443.899994,3.900000,442.789429,3.958050,3.947400,3.953477,19.406214,16.568079,18.093807,0.010650
,,442.786560,3.957750,3.947250,3.953451,19.406214,16.573114,18.094673,0.010500
443.899994,3.900000,442.777130,3.957150,3.947550,3.953367,19.406214,16.573114,18.094751,0.009600
,,442.785461,3.957000,3.947550,3.953442,19.406214,16.573114,18.095381,0.009450
443.799988,3.900000,442.802124,3.957600,3.948000,3.953590,19.406214,16.573114,18.095934,0.009600
,,442.811218,3.957600,3.948150,3.953672,19.406214,16.573114,18.096956,0.009450
443.899994,3.900000,442.818726,3.958200,3.948150,3.953739,19.406214,16.573114,18.097115,0.010050
,,442.819977,3.958200,3.947700,3.953750,19.406214,16.573114,18.097586,0.010500
443.899994,3.900000,442.818451,3.958350,3.947550,3.953736,19.406214,16.573114,18.098213,0.010800
,,442.815277,3.958200,3.947550,3.953708,19.406214,16.573114,18.098763,0.010650
443.899994,3.900000,442.814514,3.958050,3.947700,3.953701,19.411249,16.578150,18.099314,0.010350
,,442.812195,3.957450,3.948000,3.953680,19.411249,16.573114,18.099941,0.009450
443.899994,3.900000,442.820496,3.957600,3.947850,3.953754,19.411249,16.573114,18.100414,0.009750
,,442.828491,3.957750,3.948000,3.953826,19.411249,16.578150,18.101200,0.009750
443.899994,3.900000,442.833710,3.957900,3.948000,3.953872,19.411249,16.573114,18.101591,0.009900
,,442.844666,3.957900,3.948600,3.953970,19.411249,16.573114,18.102692,0.009300
443.899994,3.900000,442.856934,3.958200,3.948450,3.954080,19.411249,16.578150,18.102926,0.009750
,,442.852417,3.958650,3.948300,3.954039,19.416315,16.578150,18.103558,0.010350
443.899994,3.900000,442.848877,3.958650,3.948000,3.954008,19.416315,16.578150,18.104185,0.010650
443.899994,3.900000,442.861176,3.958800,3.948000,3.954118,19.416315,16.583155,18.105682,0.010800
,,442.863190,3.958650,3.948000,3.954136,19.416315,16.583155,18.106232,0.010650
443.899994,3.900000,442.865204,3.958350,3.948000,3.954154,19.416315,16.583155,18.106859,0.010350
,,442.857361,3.958050,3.948150,3.954084,19.416315,16.583155,18.107176,0.009900
443.899994,3.900000,442.854279,3.957900,3.948150,3.954056,19.421350,16.583155,18.108040,0.009750
,,442.864929,3.958050,3.948150,3.954151,19.416315,16.583155,18.108589,0.009900
443.899994,3.900000,442.876282,3.958200,3.948450,3.954252,19.421350,16.583155,18.109140,0.009750
,,442.883118,3.958200,3.948600,3.954314,19.421350,16.583155,18.109610,0.009600
443.899994,3.900000,442.892975,3.958650,3.948900,3.954401,19.421350,16.583155,18.110163,0.009750
,,442.900940,3.958800,3.948900,3.954473,19.421350,16.588190,18.111027,0.009900
443.899994,3.900000,442.895172,3.958950,3.948600,3.954421,19.421350,16.588190,18.111889,0.010350
,,442.895996,3.958950,3.948300,3.954428,19.421350,16.588190,18.112282,0.010650
444.000000,3.900000,442.895538,3.958950,3.948300,3.954424,19.421350,16.583155,18.112518,0.010650
,,442.891663,3.958650,3.948300,3.954390,19.426386,16.588190,18.113148,0.010350
443.899994,3.900000,442.892426,3.958200,3.948600,3.954397,19.426386,16.588190,18.113934,0.009600
,,442.902740,3.958350,3.948600,3.954489,19.426386,16.588190,18.114246,0.009750
444.000000,3.900000,442.910675,3.958500,3.948750,3.954560,19.426386,16.588190,18.115112,0.009750
,,442.928162,3.958950,3.949200,3.954716,19.426386,16.588190,18.115429,0.009750
444.000000,3.900000,442.934753,3.959250,3.949200,3.954775,19.431452,16.588190,18.116138,0.010050
,,442.928558,3.959250,3.948600,3.954719,19.431452,16.588190,18.117552,0.010650
444.000000,3.900000,442.928192,3.958800,3.948600,3.954716,19.431452,16.588190,18.118027,0.010200
,,442.926636,3.958500,3.948900,3.954702,19.431452,16.593225,18.118422,0.009600
444.000000,3.900000,442.931458,3.958350,3.948750,3.954745,19.431452,16.588190,18.119522,0.009600
,,442.935547,3.958800,3.948750,3.954782,19.431452,16.593225,18.119600,0.010050
444.000000,3.900000,442.945129,3.958800,3.949050,3.954867,19.431452,16.593225,18.120623,0.009750
,,442.953766,3.958800,3.949200,3.954944,19.436487,16.593225,18.120621,0.009600
444.000000,3.900000,442.965424,3.959550,3.949500,3.955048,19.431452,16.593225,18.121801,0.010050
,,442.968353,3.959550,3.949050,3.955075,19.436487,16.593225,18.122507,0.010500
444.000000,3.900000,442.963440,3.959700,3.948900,3.955031,19.431452,16.593225,18.122978,0.010800
,,442.965668,3.959700,3.948900,3.955051,19.436487,16.598230,18.122978,0.010800
444.000000,3.900000,442.960388,3.959400,3.948900,3.955003,19.436487,16.598230,18.123606,0.010500
,,442.963562,3.958800,3.949050,3.955032,19.436487,16.598230,18.124237,0.009750
444.000000,3.900000,442.970245,3.959100,3.949200,3.955091,19.436487,16.598230,18.124706,0.009900
,,442.977325,3.959100,3.949350,3.955155,19.436487,16.598230,18.125731,0.009750
444.000000,3.900000,442.991119,3.959550,3.949650,3.955278,19.436487,16.598230,18.126202,0.009900
,,442.997437,3.959700,3.949650,3.955334,19.436487,16.598230,18.127066,0.010050
444.100006,3.900000,442.994141,3.959850,3.949350,3.955305,19.441523,16.598230,18.127537,0.010500
444.100006,3.900000,442.992188,3.959850,3.949050,3.955287,19.441523,16.598230,18.127695,0.010800
,,443.002106,3.959850,3.949200,3.955376,19.441523,16.598230,18.129662,0.010650
444.100006,3.900000,442.999939,3.959700,3.949350,3.955357,19.441523,16.598230,18.130135,0.010350
,,443.000702,3.959250,3.949500,3.955364,19.441523,16.598230,18.130447,0.009750
444.100006,3.900000,443.007935,3.959400,3.949500,3.955428,19.446558,16.598230,18.131313,0.009900
,,443.024200,3.959700,3.949950,3.955573,19.446558,16.603266,18.131548,0.009750
444.100006,3.900000,443.034058,3.960000,3.950100,3.955661,19.446558,16.598230,18.132256,0.009900
,,443.022766,3.960150,3.949500,3.955560,19.446558,16.603266,18.132570,0.010650
444.100006,3.900000,443.023651,3.959850,3.949350,3.955568,19.446558,16.603266,18.133593,0.010500
,,443.013275,3.959700,3.949500,3.955476,19.446558,16.603266,18.133827,0.010200
444.100006,3.900000,443.020874,3.959400,3.949650,3.955544,19.451624,16.603266,18.13,0.009750
,,443.030426,3.959550,3.949650,3.955629,19.446558,16.608301,18.135321,0.009900
444.100006,3.900000,443.035065,3.959700,3.949800,3.955670,19.446558,16.603266,18.135948,0.009900
444.100006,3.900000,443.047272,3.959850,3.950400,3.955779,19.451624,16.608301,18.136185,0.009450
,,443.059845,3.960150,3.950400,3.955891,19.451624,16.608301,18.137051,0.009750
444.100006,3.900000,443.065002,3.960450,3.950250,3.955938,19.451624,16.608301,18.137444,0.010200
,,443.056854,3.960450,3.949800,3.955865,19.451624,16.608301,18.137604,0.010650
444.100006,3.900000,443.059540,3.960450,3.949650,3.955889,19.451624,16.608301,18.138468,0.010800
,,443.058258,3.960300,3.949800,3.955877,19.451624,16.608301,18.139175,0.010500
444.100006,3.900000,443.050232,3.960000,3.949800,3.955806,19.451624,16.608301,18.139727,0.010200
444.100006,3.900000,443.068939,3.959850,3.949950,3.955973,19.456659,16.608301,18.141460,0.009900
,,443.073975,3.960300,3.950400,3.956018,19.456659,16.613306,18.142014,0.009900
444.100006,3.900000,443.092499,3.960600,3.950700,3.956183,19.456659,16.613306,18.142561,0.009900
,,443.096649,3.960900,3.950400,3.956220,19.456659,16.608301,18.143032,0.010500
444.200012,3.900000,443.090637,3.960750,3.950100,3.956167,19.456659,16.613306,18.143583,0.010650
,,443.089508,3.960600,3.950100,3.956156,19.456659,16.613306,18.143896,0.010500
444.100006,3.900000,443.080688,3.960000,3.949950,3.956078,19.456659,16.613306,18.144602,0.010050
,,443.093567,3.960150,3.950250,3.956192,19.461695,16.613306,18.145546,0.009900
444.200012,3.900000,443.097687,3.960150,3.950400,3.956229,19.461695,16.613306,18.146173,0.009750
,,443.123688,3.960750,3.950700,3.956461,19.461695,16.618341,18.146881,0.010050
444.200012,3.900000,443.115265,3.961050,3.950400,3.956386,19.461695,16.613306,18.146959,0.010650
,,443.115051,3.960750,3.950100,3.956384,19.461695,16.613306,18.147432,0.010650
444.200012,3.900000,443.109009,3.960600,3.950400,3.956331,19.461695,16.618341,18.148142,0.010200
,,443.115082,3.960300,3.950400,3.956385,19.461695,16.618341,18.148928,0.009900
444.200012,3.900000,443.119263,3.960450,3.950550,3.956422,19.466761,16.613306,18.149714,0.009900
,,443.140778,3.961050,3.951150,3.956614,19.466761,16.618341,18.150660,0.009900
444.200012,3.900000,443.137756,3.961050,3.951000,3.956587,19.466761,16.618341,18.150738,0.010050
,,443.136963,3.960900,3.950400,3.956580,19.466761,16.618341,18.151602,0.010500
444.200012,3.900000,443.132690,3.960900,3.950250,3.956542,19.466761,16.618341,18.151995,0.010650
,,443.134552,3.960750,3.950700,3.956558,19.466761,16.618341,18.153173,0.010050
444.200012,3.900000,443.147552,3.960600,3.950700,3.956675,19.466761,16.623377,18.153801,0.009900
,,443.147217,3.960600,3.950850,3.956671,19.466761,16.623377,18.154194,0.009750
444.200012,3.900000,443.172882,3.961350,3.951300,3.956901,19.466761,16.623377,18.155060,0.010050
,,443.169983,3.961500,3.950850,3.956875,19.471796,16.623377,18.155926,0.010650
444.200012,3.900000,443.164337,3.961350,3.950550,3.956825,19.471796,16.623377,18.156319,0.010800
,,443.158936,3.960750,3.950700,3.956776,19.471796,16.623377,18.157106,0.010050
444.200012,3.900000,443.167328,3.960750,3.950850,3.956851,19.476831,16.623377,18.157892,0.009900
,,443.169617,3.960900,3.950850,3.956872,19.471796,16.623377,18.157736,0.010050
444.200012,3.900000,443.192261,3.961350,3.951600,3.957074,19.471796,16.623377,18.158522,0.009750
,,443.193970,3.961650,3.951300,3.957089,19.476831,16.628412,18.159384,0.010350
444.200012,3.900000,443.186035,3.961650,3.950700,3.957018,19.476831,16.628412,18.159700,0.010950
,,443.185852,3.961350,3.950850,3.957016,19.476831,16.628412,18.160486,0.010500
444.200012,3.900000,443.185608,3.960750,3.951000,3.957014,19.476831,16.628412,18.161118,0.009750
,,443.194794,3.961050,3.951150,3.957096,19.476831,16.628412,18.161352,0.009900
444.200012,3.900000,443.209442,3.961650,3.951600,3.957227,19.476831,16.628412,18.162216,0.010050
,,443.219818,3.961950,3.951300,3.957320,19.476831,16.628412,18.162687,0.010650
444.299988,3.900000,443.205414,3.961800,3.950850,3.957191,19.476831,16.633417,18.163080,0.010950
444.299988,3.900000,443.212555,3.961800,3.951000,3.957255,19.481897,16.628412,18.164104,0.010800
,,443.204346,3.961200,3.951450,3.957182,19.481897,16.633417,18.165049,0.009750
444.299988,3.900000,443.214935,3.961200,3.951300,3.957276,19.481897,16.633417,18.165833,0.009900
,,443.224854,3.961350,3.951450,3.957365,19.481897,16.633417,18.166622,0.009900
444.299988,3.900000,443.223022,3.961350,3.951600,3.957348,19.481897,16.633417,18.167173,0.009750
,,443.247864,3.962100,3.952050,3.957570,19.481897,16.633417,18.167408,0.010050
444.299988,3.900000,443.237610,3.962100,3.951750,3.957479,19.486933,16.633417,18.168037,0.010350
,,443.240631,3.961800,3.951300,3.957506,19.486933,16.633417,18.168825,0.010500
444.299988,3.900000,443.232788,3.961650,3.951600,3.957436,19.486933,16.633417,18.169374,0.010050
,,443.243958,3.961500,3.951450,3.957535,19.486933,16.633417,18.170004,0.010050
444.299988,3.900000,443.246918,3.961500,3.951750,3.957562,19.486933,16.633417,18.170238,0.009750
,,443.252014,3.961800,3.951900,3.957607,19.486933,16.638453,18.171497,0.009900
444.299988,3.900000,443.270081,3.962100,3.952350,3.957769,19.486933,16.638453,18.171890,0.009750
,,443.264618,3.962400,3.951600,3.957720,19.486933,16.638453,18.172520,0.010800
444.299988,3.900000,443.265564,3.962250,3.951450,3.957728,19.486933,16.638453,18.172602,0.010800
,,443.257721,3.961650,3.951600,3.957658,19.491968,16.638453,18.173622,0.010050
444.399994,3.900000,443.264099,3.961650,3.951750,3.957715,19.491968,16.638453,18.174015,0.009900
,,443.272430,3.961800,3.951900,3.957790,19.491968,16.638453,18.174801,0.009900
444.399994,3.900000,443.286102,3.962400,3.952050,3.957912,19.491968,16.638453,18.175352,0.010350
444.299988,3.900000,443.282288,3.962550,3.951600,3.957878,19.491968,16.638453,18.175900,0.010950
444.399994,3.900000,443.294708,3.962550,3.951750,3.957989,19.491968,16.643488,18.177471,0.010800
,,443.283203,3.962100,3.952050,3.957886,19.491968,16.643488,18.177942,0.010050
444.399994,3.900000,443.291901,3.961950,3.952050,3.957963,19.497034,16.643488,18.178413,0.009900
,,443.301605,3.962250,3.952500,3.958050,19.497034,16.643488,18.179203,0.009750
444.399994,3.900000,443.317871,3.962400,3.952500,3.958195,19.497034,16.643488,18.179676,0.009900
,,443.307983,3.962700,3.951900,3.958107,19.497034,16.643488,18.180462,0.010800
444.399994,3.900000,443.314148,3.962700,3.951900,3.958162,19.497034,16.643488,18.181015,0.010800
,,443.304535,3.962100,3.952200,3.958076,19.497034,16.643488,18.181330,0.009900
444.399994,3.900000,443.307343,3.961950,3.952200,3.958101,19.502069,16.643488,18.182037,0.009750
,,443.320984,3.962250,3.952500,3.958223,19.502069,16.648493,18.182667,0.009750
444.399994,3.900000,443.331360,3.962400,3.952650,3.958316,19.502069,16.648493,18.183296,0.009750
,,443.337128,3.963000,3.952500,3.958367,19.502069,16.648493,18.183374,0.010500
444.399994,3.900000,443.338226,3.963000,3.952200,3.958377,19.502069,16.648493,18.184240,0.010800
,,443.328278,3.962700,3.952350,3.958288,19.502069,16.648493,18.185026,0.010350
444.399994,3.900000,443.330322,3.962400,3.952350,3.958307,19.502069,16.648493,18.185732,0.010050
,,443.345612,3.962400,3.952650,3.958443,19.502069,16.648493,18.186123,0.009750
444.399994,3.900000,443.350800,3.962700,3.952800,3.958489,19.507105,16.648493,18.186909,0.009900
,,443.365112,3.963300,3.952650,3.958617,19.502069,16.648493,18.187614,0.010650
444.399994,3.900000,443.358032,3.963300,3.952350,3.958554,19.507105,16.653528,18.188011,0.010950
444.399994,3.900000,443.364288,3.963300,3.952350,3.958610,19.507105,16.653528,18.189190,0.010950
,,443.358459,3.962550,3.952500,3.958558,19.507105,16.653528,18.190054,0.010050
444.399994,3.900000,443.359192,3.962400,3.952650,3.958564,19.512171,16.653528,18.190996,0.009750
,,443.372406,3.962700,3.952800,3.958682,19.512171,16.653528,18.191154,0.009900
444.500000,3.900000,443.380127,3.962850,3.952950,3.958751,19.507105,16.653528,18.191942,0.009900
444.500000,3.900000,443.393219,3.963450,3.952950,3.958868,19.507105,16.653528,18.192257,0.010500
,,443.389557,3.963450,3.952800,3.958835,19.512171,16.653528,18.192888,0.010650
444.500000,3.900000,443.385834,3.963000,3.952500,3.958802,19.512171,16.653528,18.193047,0.010500
,,443.383575,3.962850,3.952950,3.958782,19.512171,16.658564,18.193830,0.009900
444.500000,3.900000,443.392792,3.962850,3.952800,3.958864,19.512171,16.653528,18.194147,0.010050
,,443.395691,3.962850,3.953100,3.958890,19.512171,16.653528,18.195089,0.009750
444.500000,3.900000,443.419373,3.963600,3.953400,3.959101,19.517206,16.658564,18.195721,0.010200
,,443.416443,3.963750,3.953100,3.959075,19.512171,16.653528,18.196583,0.010650
444.500000,3.900000,443.411591,3.963600,3.952650,3.959032,19.517206,16.658564,18.196974,0.010950
,,443.410065,3.963300,3.952800,3.959018,19.517206,16.658564,18.197447,0.010500
444.500000,3.900000,443.410461,3.963000,3.952950,3.959022,19.517206,16.658564,18.197840,0.010050
,,443.419159,3.963150,3.953100,3.959100,19.517206,16.658564,18.198547,0.010050
444.500000,3.900000,443.439453,3.963450,3.953550,3.959281,19.517206,16.658564,18.199255,0.009900
444.500000,3.900000,443.443329,3.963900,3.953400,3.959316,19.517206,16.658564,18.199488,0.010500
,,443.440430,3.963900,3.952950,3.959290,19.522242,16.658564,18.201616,0.010950
444.500000,3.900000,443.436432,3.963750,3.953100,3.959254,19.522242,16.663568,18.201925,0.010650
,,443.440002,3.963150,3.953100,3.959286,19.522242,16.663568,18.202478,0.010050
444.500000,3.900000,443.447449,3.963300,3.953400,3.959352,19.522242,16.663568,18.203032,0.009900
,,443.466156,3.964050,3.953850,3.959519,19.522242,16.663568,18.203579,0.010200
444.500000,3.900000,443.471191,3.964200,3.953850,3.959564,19.522242,16.663568,18.204445,0.010350
,,443.460815,3.964200,3.953100,3.959471,19.522242,16.663568,18.204525,0.011100
444.500000,3.900000,443.465240,3.964050,3.953250,3.959511,19.522242,16.663568,18.205387,0.010800
,,443.459961,3.963300,3.953400,3.959464,19.522242,16.663568,18.206018,0.009900
444.500000,3.900000,443.470215,3.963450,3.953550,3.959555,19.522242,16.663568,18.206409,0.009900
,,443.480591,3.963900,3.954150,3.959648,19.527308,16.663568,18.206959,0.009750
444.500000,3.900000,443.493652,3.964350,3.953850,3.959765,19.527308,16.668604,18.207588,0.010500
,,443.482880,3.964350,3.953250,3.959669,19.527308,16.668604,18.207983,0.011100
444.500000,3.900000,443.489441,3.964200,3.953400,3.959727,19.527308,16.668604,18.208614,0.010800
,,443.480957,3.963450,3.953550,3.959651,19.527308,16.668604,18.209003,0.009900
444.600006,3.900000,443.489532,3.963750,3.953550,3.959728,19.527308,16.668604,18.209948,0.010200
,,443.500519,3.964050,3.954300,3.959826,19.532343,16.668604,18.210579,0.009750
444.500000,3.900000,443.514679,3.964500,3.954300,3.959953,19.532343,16.668604,18.210499,0.010200
444.600006,3.900000,443.517487,3.964650,3.954150,3.959978,19.532343,16.668604,18.211760,0.010500
444.600006,3.900000,443.527618,3.964500,3.954150,3.960068,19.532343,16.668604,18.213486,0.010350
,,443.519226,3.964650,3.953850,3.959993,19.532343,16.673639,18.213490,0.010800
444.600006,3.900000,443.524902,3.964650,3.953550,3.960044,19.537378,16.668604,18.214355,0.011100
,,443.522583,3.964500,3.953700,3.960023,19.532343,16.673639,18.214588,0.010800
444.600006,3.900000,443.519501,3.964200,3.954000,3.959996,19.537378,16.673639,18.215374,0.010200
,,443.520569,3.963900,3.954150,3.960005,19.537378,16.673639,18.216475,0.009750
444.600006,3.900000,443.532166,3.964050,3.954000,3.960109,19.537378,16.673639,18.216394,0.010050
,,443.538879,3.964200,3.954150,3.960169,19.537378,16.673639,18.217024,0.010050
444.600006,3.900000,443.551575,3.964500,3.954750,3.960282,19.537378,16.673639,18.218124,0.009750
,,443.562347,3.964800,3.954750,3.960378,19.537378,16.678644,18.218126,0.010050
444.600006,3.900000,443.558319,3.965100,3.954450,3.960342,19.542414,16.673639,18.219147,0.010650
,,443.556641,3.964950,3.954150,3.960327,19.537378,16.678644,18.219540,0.010800
444.600006,3.900000,443.556335,3.964800,3.953850,3.960325,19.542414,16.678644,18.219778,0.010950
,,443.553558,3.964500,3.954150,3.960300,19.542414,16.678644,18.220327,0.010350
444.600006,3.900000,443.554352,3.964350,3.954300,3.960307,19.542414,16.678644,18.221193,0.010050
,,443.565582,3.964500,3.954300,3.960407,19.542414,16.678644,18.221981,0.010200
444.600006,3.900000,443.569855,3.964500,3.954600,3.960445,19.542414,16.678644,18.222767,0.009900
,,443.580170,3.964950,3.954900,3.960537,19.547480,16.678644,18.223005,0.010050
444.600006,3.900000,443.593292,3.965100,3.954750,3.960654,19.547480,16.678644,18.223791,0.010350
444.700012,3.900000,443.601440,3.965100,3.955050,3.960727,19.547480,16.683680,18.225128,0.010050
,,443.602142,3.965400,3.954750,3.960733,19.547480,16.678644,18.225519,0.010650
444.700012,3.900000,443.603821,3.965400,3.954450,3.960748,19.547480,16.683680,18.226151,0.010950
,,443.600189,3.965250,3.954300,3.960716,19.547480,16.683680,18.226858,0.010950
444.700012,3.900000,443.599792,3.965250,3.954300,3.960712,19.547480,16.683680,18.227724,0.010950
,,443.597260,3.964950,3.954600,3.960690,19.552515,16.683680,18.228039,0.010350
444.700012,3.900000,443.600952,3.964650,3.954750,3.960723,19.547480,16.683680,18.228746,0.009900
,,443.610077,3.964800,3.954600,3.960804,19.552515,16.683680,18.229218,0.010200
444.700012,3.900000,443.612915,3.964950,3.954750,3.960829,19.552515,16.688715,18.229925,0.010200
,,443.628876,3.965100,3.955350,3.960972,19.552515,16.688715,18.230711,0.009750
444.700012,3.900000,443.639526,3.965700,3.955200,3.961067,19.552515,16.688715,18.231182,0.010500
,,443.634552,3.965700,3.954900,3.961023,19.552515,16.688715,18.231417,0.010800
444.700012,3.900000,443.636536,3.965700,3.954750,3.961040,19.552515,16.688715,18.232048,0.010950
,,443.634491,3.965700,3.954600,3.961022,19.557581,16.688715,18.232521,0.011100
444.700012,3.900000,443.629852,3.965100,3.954750,3.960981,19.557581,16.688715,18.233778,0.010350
,,443.630829,3.964950,3.955050,3.960989,19.557581,16.688715,18.233854,0.009900
444.700012,3.900000,443.640625,3.965100,3.954900,3.961077,19.552515,16.688715,18.234640,0.010200
,,443.660156,3.965400,3.955350,3.961251,19.557581,16.688715,18.235035,0.010050
444.700012,3.900000,443.669403,3.966000,3.955650,3.961334,19.557581,16.688715,18.235584,0.010350
,,443.665161,3.966150,3.954900,3.961296,19.562616,16.688715,18.237078,0.011250
444.700012,3.900000,443.667999,3.965850,3.954900,3.961321,19.557581,16.688715,18.237709,0.010950
,,443.660980,3.965550,3.955050,3.961259,19.562616,16.693750,18.238493,0.010500
444.700012,3.900000,443.665039,3.965400,3.955200,3.961295,19.557581,16.693750,18.239283,0.010200
,,443.665039,3.965400,3.955200,3.961295,19.562616,16.693750,18.239439,0.010200
444.700012,3.900000,443.679138,3.965550,3.955350,3.961421,19.562616,16.693750,18.239910,0.010200
,,443.691040,3.965850,3.955650,3.961527,19.562616,16.693750,18.241169,0.010200
444.799988,3.900000,443.700134,3.966150,3.955800,3.961608,19.562616,16.693750,18.241249,0.010350
,,443.705963,3.966450,3.955650,3.961660,19.567652,16.693750,18.241798,0.010800
444.700012,3.900000,443.697479,3.966300,3.955500,3.961585,19.567652,16.693750,18.242508,0.010800
,,443.698944,3.966300,3.955050,3.961598,19.567652,16.698755,18.243370,0.011250
444.700012,3.900000,443.694946,3.965850,3.955200,3.961562,19.567652,16.698755,18.243608,0.010650
,,443.699188,3.965700,3.955800,3.961600,19.567652,16.698755,18.244316,0.009900
444.799988,3.900000,443.703094,3.965700,3.955500,3.961635,19.567652,16.693750,18.244160,0.010200
,,443.703094,3.965700,3.955500,3.961635,19.567652,16.698755,18.244944,0.010200
444.799988,3.900000,443.720703,3.966000,3.955800,3.961792,19.572718,16.698755,18.245888,0.010200
,,443.733917,3.966300,3.956100,3.961910,19.567652,16.698755,18.246595,0.010200
444.799988,3.900000,443.736694,3.966600,3.956100,3.961935,19.572718,16.698755,18.246912,0.010500
444.799988,3.900000,443.733582,3.966600,3.955800,3.961907,19.572718,16.698755,18.247854,0.010800
,,443.744263,3.966750,3.955650,3.962002,19.572718,16.703791,18.249189,0.011100
444.799988,3.900000,443.742188,3.966750,3.955500,3.961984,19.572718,16.703791,18.249664,0.011250
,,443.738037,3.966150,3.955800,3.961947,19.572718,16.703791,18.250294,0.010350
444.799988,3.900000,443.742249,3.966000,3.955950,3.961984,19.572718,16.703791,18.250687,0.010050
,,443.754486,3.966450,3.956250,3.962094,19.577753,16.703791,18.251392,0.010200
444.799988,3.900000,443.767212,3.966600,3.956550,3.962207,19.577753,16.703791,18.251787,0.010050
,,443.763580,3.966900,3.955800,3.962175,19.577753,16.703791,18.252651,0.011100
444.799988,3.900000,443.762878,3.966900,3.955650,3.962168,19.577753,16.703791,18.252808,0.011250
,,443.757935,3.966300,3.956250,3.962124,19.577753,16.703791,18.253435,0.010050
444.799988,3.900000,443.764771,3.966300,3.955950,3.962185,19.577753,16.708826,18.254461,0.010350
,,443.770569,3.966300,3.956100,3.962237,19.577753,16.703791,18.254774,0.010200
444.799988,3.900000,443.783691,3.966600,3.956400,3.962354,19.577753,16.708826,,0.010200
444.799988,3.900000,443.791138,3.967200,3.956400,3.962421,19.577753,16.708826,18.256113,0.010800
,,443.789520,3.967050,3.956100,3.962406,19.582788,16.708826,18.256819,0.010950
444.799988,3.900000,443.788330,3.967050,3.955800,3.962396,19.582788,16.708826,18.257450,0.011250
,,443.784576,3.966900,3.955950,3.962362,19.582788,16.708826,18.257687,0.010950
444.799988,3.900000,443.791138,3.966450,3.956250,3.962421,19.582788,16.708826,18.258472,0.010200
,,443.805298,3.966750,3.956700,3.962547,19.582788,16.708826,18.258551,0.010050
444.899994,3.900000,443.817902,3.967350,3.956850,3.962660,19.582788,16.708826,18.259336,0.010500
444.899994,3.900000,443.821808,3.967500,3.956250,3.962695,19.582788,16.713831,18.261223,0.011250
,,443.818787,3.967350,3.956100,3.962668,19.587854,16.713831,18.261698,0.011250
444.899994,3.900000,443.818115,3.967200,3.956250,3.962662,19.587854,16.713831,18.262167,0.010950
,,443.818604,3.966750,3.956550,3.962666,19.582788,16.713831,18.262402,0.010200
444.899994,3.900000,443.824982,3.966750,3.956700,3.962723,19.587854,16.713831,18.263268,0.010050
,,443.845154,3.967500,3.957000,3.962903,19.587854,16.713831,18.264055,0.010500
444.899994,3.900000,443.843384,3.967650,3.956700,3.962887,19.587854,16.713831,18.264370,0.010950
,,443.836670,3.967500,3.956400,3.962827,19.587854,16.713831,18.265078,0.011100
444.899994,3.900000,443.836731,3.967200,3.956700,3.962828,19.592890,16.713831,18.265314,0.010500
,,443.840851,3.967050,3.956700,3.962865,19.587854,16.713831,18.266729,0.010350
444.899994,3.900000,443.852844,3.967200,3.957150,3.962972,19.592890,16.718866,18.266886,0.010050
,,443.864227,3.967800,3.957150,3.963073,19.592890,16.713831,18.267279,0.010650
444.899994,3.900000,443.863342,3.967800,3.956700,3.963066,19.592890,16.718866,18.267750,0.011100
,,443.860748,3.967650,3.956550,3.963042,19.597925,16.718866,18.268618,0.011100
444.899994,3.900000,443.857269,3.967500,3.956700,3.963011,19.592890,16.718866,18.269009,0.010800
,,443.862793,3.967200,3.957000,3.963061,19.592890,16.718866,18.269325,0.010200
445.000000,3.900000,443.874603,3.967500,3.957300,3.963166,19.592890,16.718866,18.270189,0.010200
,,443.888092,3.967950,3.957150,3.963287,19.592890,16.718866,18.270741,0.010800
445.000000,3.900000,443.884766,3.968100,3.956850,3.963257,19.597925,16.718866,18.271608,0.011250
,,443.887756,3.968100,3.956700,3.963284,19.597925,16.718866,18.272940,0.011400
444.899994,3.900000,443.888306,3.967200,3.957150,3.963289,19.597925,16.723902,18.273335,0.010050
,,443.890381,3.967350,3.957150,3.963307,19.597925,16.723902,18.273806,0.010200
445.000000,3.900000,443.913696,3.967950,3.957750,3.963515,19.597925,16.723902,18.274433,0.010200
,,443.915344,3.968250,3.957750,3.963530,19.602991,16.723902,18.274986,0.010500
445.000000,3.900000,443.906677,3.968100,3.956850,3.963453,19.602991,16.723902,18.276087,0.011250
,,443.904419,3.967950,3.957000,3.963432,19.602991,16.723902,18.276558,0.010950
444.899994,3.900000,443.910126,3.967500,3.957300,3.963483,19.602991,16.723902,18.277267,0.010200
,,443.921112,3.967800,3.957750,3.963581,19.602991,16.723902,18.277267,0.010050
445.000000,3.900000,443.933655,3.968400,3.957900,3.963693,19.602991,16.723902,18.278292,0.010500
,,443.932770,3.968400,3.957300,3.963686,19.602991,16.723902,18.278605,0.011100
445.000000,3.900000,443.927490,3.967950,3.957300,3.963638,19.602991,16.723902,18.278921,0.010650
,,443.928070,3.967800,3.957600,3.963644,19.608027,16.728907,18.280180,0.010200
445.000000,3.900000,443.945312,3.968100,3.958050,3.963797,19.608027,16.723902,18.280493,0.010050
,,443.954834,3.968550,3.958050,3.963882,19.608027,16.728907,18.280966,0.010500
445.000000,3.900000,443.952301,3.968700,3.957450,3.963860,19.608027,16.728907,18.281515,0.011250
,,443.947571,3.968400,3.957300,3.963818,19.608027,16.728907,18.281986,0.011100
445.000000,3.900000,443.946259,3.967950,3.957750,3.963806,19.608027,16.728907,18.282379,0.010200
445.000000,3.900000,443.951660,3.968100,3.957600,3.963854,19.608027,16.728907,18.283089,0.010500
,,443.980408,3.968700,3.958200,3.964111,19.613062,16.728907,18.284662,0.010500
445.000000,3.900000,443.976501,3.968850,3.957750,3.964076,19.608027,16.728907,18.285683,0.011100
,,443.971802,3.968700,3.957600,3.964034,19.613062,16.733942,18.286156,0.011100
445.000000,3.900000,443.974396,3.968550,3.957900,3.964057,19.613062,16.728907,18.286705,0.010650
,,443.979950,3.968250,3.957900,3.964107,19.613062,16.733942,18.287254,0.010350
445.000000,3.900000,443.991486,3.968550,3.958200,3.964210,19.613062,16.733942,18.287489,0.010350
,,443.994293,3.969000,3.958050,3.964235,19.613062,16.733942,18.288200,0.010950
445.000000,3.900000,443.994446,3.969000,3.957900,3.964236,19.613062,16.728907,18.288902,0.011100
,,443.987000,3.968550,3.957750,3.964170,19.618128,16.733942,18.289379,0.010800
445.100006,3.900000,443.994049,3.968400,3.957900,3.964233,19.618128,16.733942,18.290007,0.010500
,,444.010468,3.968850,3.958350,3.964379,19.618128,16.738977,18.290953,0.010500
445.100006,3.900000,444.019623,3.969150,3.958650,3.964461,19.618128,16.733942,18.291424,0.010500
,,444.014893,3.969150,3.957900,3.964419,19.618128,16.733942,18.291187,0.011250
445.100006,3.900000,444.012878,3.969000,3.957900,3.964401,19.618128,16.738977,18.292294,0.011100
,,444.009888,3.968400,3.958200,3.964374,19.618128,16.733942,18.292524,0.010200
445.100006,3.900000,444.018921,3.968550,3.958350,3.964455,19.618128,16.738977,18.293472,0.010200
,,444.038544,3.969450,3.958650,3.964630,19.623163,16.738977,18.293863,0.010800
445.100006,3.900000,444.034698,3.969450,3.958200,3.964596,19.623163,16.738977,18.294807,0.011250
445.100006,3.900000,444.025482,3.968550,3.958500,3.964513,19.623163,16.738977,18.295515,0.010050
445.100006,3.900000,444.037964,3.968700,3.958350,3.964625,19.623163,16.743982,18.296850,0.010350
,,444.062653,3.969600,3.958950,3.964845,19.628229,16.743982,18.297009,0.010650
445.100006,3.900000,444.064606,3.969600,3.958650,3.964863,19.628229,16.743982,18.298109,0.010950
,,444.054230,3.969450,3.958200,3.964770,19.623163,16.738977,18.298189,0.011250
445.100006,3.900000,444.050659,3.969150,3.958200,3.964738,19.628229,16.743982,18.298971,0.010950
,,444.057495,3.968850,3.958500,3.964799,19.628229,16.743982,18.299446,0.010350
445.100006,3.900000,444.070129,3.969150,3.958800,3.964912,19.628229,16.743982,18.300232,0.010350
,,444.079987,3.969750,3.958800,3.965000,19.628229,16.743982,18.301018,0.010950
445.100006,3.900000,444.079254,3.969750,3.958350,3.964993,19.628229,16.743982,18.301334,0.011400
,,444.069397,3.969450,3.958800,3.964905,19.628229,16.749018,18.301884,0.010650
445.200012,3.900000,444.075562,3.969000,3.958800,3.964960,19.628229,16.749018,18.302513,0.010200
,,444.088531,3.969300,3.959250,3.965076,19.633265,16.743982,18.302830,0.010050
445.200012,3.900000,444.103699,3.969900,3.959250,3.965212,19.633265,16.749018,18.303534,0.010650
,,444.100616,3.970050,3.958650,3.965184,19.633265,16.749018,18.304163,0.011400
445.200012,3.900000,444.096008,3.969750,3.958500,3.965143,19.633265,16.743982,18.304482,0.011250
,,444.094147,3.969300,3.959100,3.965126,19.633265,16.749018,18.305422,0.010200
445.200012,3.900000,444.101349,3.969450,3.958950,3.965191,19.633265,16.749018,18.306366,0.010500
,,444.124634,3.970050,3.959550,3.965399,19.633265,16.743982,18.306286,0.010500
445.200012,3.900000,444.121460,3.970200,3.959250,3.965370,19.638300,16.749018,18.306993,0.010950
445.200012,3.900000,444.125885,3.970200,3.958800,3.965410,19.638300,16.749018,18.308651,0.011400
,,444.119904,3.969600,3.959100,3.965356,19.638300,16.749018,18.309118,0.010500
445.200012,3.900000,444.124054,3.969450,3.959250,,19.638300,16.749018,18.309908,0.010200
445.200012,3.900000,444.136383,3.970050,3.959700,3.965503,19.638300,16.749018,18.310148,0.010350
,,444.149811,3.970350,3.959700,3.965623,19.638300,16.754053,18.310854,0.010650
445.200012,3.900000,444.143921,3.970350,3.959100,3.965571,19.638300,16.754053,18.311562,0.011250
,,444.144318,3.970200,3.958950,3.965574,19.638300,16.754053,18.312195,0.011250
445.200012,3.900000,444.143372,3.969750,3.959250,3.965566,19.638300,16.754053,18.312586,0.010500
,,444.145020,3.969750,3.959250,3.965580,19.643366,16.754053,18.313295,0.010500
445.200012,3.900000,444.169525,3.970350,3.960000,3.965799,19.643366,16.754053,18.313765,0.010350
,,444.170502,3.970500,3.959700,3.965808,19.643366,16.754053,18.314316,0.010800
445.200012,3.900000,444.166809,3.970500,3.959100,3.965775,19.643366,16.759058,18.314709,0.011400
,,444.161774,3.970500,3.959100,3.965730,19.643366,16.754053,18.315807,0.011400
445.299988,3.900000,444.165009,3.969900,3.959400,3.965759,19.643366,16.759058,18.316280,0.010500
,,444.171722,3.970050,3.959550,3.965819,19.643366,16.754053,18.316439,0.010500
445.299988,3.900000,444.192993,3.970650,3.960150,3.966009,19.648401,16.754053,18.317303,0.010500
,,444.189606,3.970800,3.959400,3.965979,19.648401,16.759058,18.317854,0.011400
445.200012,3.900000,444.184479,3.970800,3.959400,3.965933,19.648401,16.759058,18.318169,0.011400
445.299988,3.900000,444.182800,3.970200,3.959850,3.965918,19.648401,16.759058,18.318800,0.010350
,,444.200562,3.970200,3.960000,3.966076,19.653467,16.759058,18.320530,0.010200
445.299988,3.900000,444.220093,3.970950,3.960300,3.966251,19.648401,16.759058,18.320921,0.010650
,,444.215057,3.970950,3.959700,3.966206,19.648401,16.764093,18.321547,0.011250
445.299988,3.900000,444.213013,3.971100,3.959550,3.966188,19.648401,16.764093,18.322332,0.011550
,,444.207214,3.970350,3.960000,3.966136,19.653467,16.764093,18.322803,0.010350
445.299988,3.900000,444.213623,3.970350,3.960000,3.966193,19.653467,16.764093,18.323511,0.010350
,,444.220245,3.970350,3.960000,3.966252,19.653467,16.764093,18.324060,0.010350
445.299988,3.900000,444.240326,3.971100,3.960450,3.966431,19.653467,16.764093,18.324612,0.010650
,,444.235565,3.971250,3.959850,3.966389,19.653467,16.764093,18.325317,0.011400
445.299988,3.900000,444.238068,3.971250,3.959700,3.966411,19.658503,16.764093,18.325634,0.011550
,,444.236755,3.970800,3.960150,3.966400,19.653467,16.764093,18.326263,0.010650
445.299988,3.900000,444.236328,3.970650,3.960300,3.966396,19.658503,16.764093,18.326735,0.010350
,,444.246918,3.970800,3.960450,3.966490,19.658503,16.764093,18.327600,0.010350
445.299988,3.900000,444.259491,3.971100,3.960600,3.966603,19.658503,16.764093,18.328310,0.010500
,,444.265747,3.971550,3.960300,3.966658,19.658503,16.769129,18.328392,0.011250
445.399994,3.900000,444.260010,3.971400,3.960000,3.966607,19.658503,16.769129,18.329414,0.011400
,,444.258209,3.971250,3.960150,3.966591,19.658503,16.769129,18.329807,0.011100
445.299988,3.900000,444.255432,3.970800,3.960450,3.966566,19.663538,16.769129,18.330437,0.010350
445.299988,3.900000,444.262421,3.970800,3.960450,3.966629,19.663538,16.769129,18.331068,0.010350
445.299988,3.900000,444.280212,3.971100,3.960450,3.966788,19.663538,16.769129,18.332794,0.010650
,,444.292847,3.971550,3.960900,3.966900,19.663538,16.774164,18.333111,0.010650
445.399994,3.900000,444.295227,3.971700,3.960450,3.966922,19.663538,16.774164,18.334290,0.011250
,,444.293671,3.971850,3.960300,3.966908,19.663538,16.774164,18.334686,0.011550
445.399994,3.900000,444.287354,3.971550,3.960450,3.966851,19.663538,16.774164,18.335079,0.011100
,,444.289551,3.971400,3.960750,3.966871,19.668604,16.774164,18.335709,0.010650
445.399994,3.900000,444.297791,3.971100,3.960750,3.966944,19.663538,16.774164,18.336340,0.010350
,,444.302032,3.971100,3.960750,3.966982,19.668604,16.774164,18.336971,0.010350
445.399994,3.900000,444.311707,3.971400,3.960900,3.967069,19.668604,16.774164,18.337284,0.010500
,,444.318207,3.971700,3.961050,3.967127,19.668604,16.779169,18.338070,0.010650
445.399994,3.900000,444.333160,3.972000,3.961200,3.967260,19.668604,16.779169,18.338623,0.010800
,,444.331787,3.972150,3.960900,3.967248,19.668604,16.774164,18.339016,0.011250
445.399994,3.900000,444.329254,3.972000,3.960600,3.967226,19.668604,16.774164,18.339724,0.011400
,,444.331543,3.972150,3.960450,3.967246,19.668604,16.779169,18.340508,0.011700
445.399994,3.900000,444.331970,3.972000,3.960450,3.967250,19.668604,16.779169,18.340900,0.011550
,,444.332550,3.972000,3.960750,3.967255,19.673639,16.779169,18.341606,0.011250
445.399994,3.900000,444.335114,3.971550,3.961200,3.967278,19.668604,16.779169,18.342155,0.010350
,,444.340027,3.971550,3.961050,3.967322,19.673639,16.779169,18.342627,0.010500
445.399994,3.900000,444.343567,3.971700,3.961050,3.967353,19.673639,16.779169,18.343176,0.010650
445.399994,3.900000,444.353516,3.971550,3.961050,3.967442,19.673639,16.784204,18.344671,0.010500
,,444.370850,3.972300,3.961650,3.967597,19.678675,16.779169,18.345457,0.010650
445.500000,3.900000,444.379364,3.972450,3.961500,3.967673,19.678675,16.779169,18.345774,0.010950
,,444.371124,3.972450,3.961050,3.967599,19.678675,16.779169,18.346403,0.011400
445.500000,3.900000,444.378235,3.972450,3.960900,3.967663,19.678675,16.784204,18.347031,0.011550
,,444.375580,3.972300,3.960900,3.967639,19.678675,16.784204,18.347582,0.011400
445.500000,3.900000,444.379028,3.972300,3.961350,3.967670,19.678675,16.784204,18.348055,0.010950
,,444.379181,3.971850,3.961350,3.967671,19.678675,16.779169,18.348841,0.010500
445.500000,3.900000,444.383911,3.972000,3.961350,3.967714,19.678675,16.784204,18.348997,0.010650
,,444.401703,3.972300,3.961950,3.967872,19.678675,16.784204,18.349783,0.010350
445.500000,3.900000,444.411926,3.972750,3.961800,3.967964,19.683741,16.784204,18.350414,0.010950
,,444.405121,3.972750,3.961200,3.967903,19.678675,16.784204,18.351122,0.011550
445.500000,3.900000,444.409149,3.972900,3.961200,3.967939,19.683741,16.789240,18.351671,0.011700
,,444.401306,3.972150,3.961650,3.967869,19.683741,16.784204,18.351830,0.010500
445.500000,3.900000,444.407532,3.972150,3.961650,3.967924,19.683741,16.784204,18.352537,0.010500
,,444.412628,3.972300,3.961950,3.967970,19.683741,16.784204,18.353325,0.010350
445.500000,3.900000,444.431793,3.972900,3.962100,3.968141,19.683741,16.789240,18.354111,0.010800
,,444.427429,3.973050,3.961650,3.968102,19.683741,16.789240,18.354664,0.011400
445.500000,3.900000,444.433899,3.973050,3.961350,3.968160,19.688776,16.789240,18.354746,0.011700
,,444.441925,3.973050,3.961500,3.968231,19.688776,16.789240,18.356472,0.011550
445.500000,3.900000,444.444946,3.973200,3.961500,3.968258,19.688776,16.789240,18.357183,0.011700
,,444.439789,3.973050,3.961650,3.968212,19.688776,16.794245,18.357653,0.011400
445.500000,3.900000,444.443909,3.972450,3.962100,3.968249,19.693842,16.789240,18.358126,0.010350
,,444.443909,3.972450,3.962100,3.968249,19.693842,16.794245,18.358442,0.010350
445.500000,3.900000,444.449829,3.972600,3.962100,3.968302,19.693842,16.794245,18.359385,0.010500
,,444.460541,3.972900,3.962250,3.968398,19.693842,16.794245,18.360012,0.010650
445.500000,3.900000,444.477539,3.973200,3.962550,3.968549,19.693842,16.794245,18.360878,0.010650
,,444.480499,3.973350,3.962400,3.968576,19.693842,16.794245,18.361507,0.010950
445.500000,3.900000,444.479309,3.973350,3.962100,3.968565,19.693842,16.794245,18.361744,0.011250
,,444.480499,3.973500,3.961950,3.968576,19.698877,16.794245,18.362608,0.011550
445.500000,3.900000,444.481781,3.973500,3.961800,3.968587,19.693842,16.794245,18.362843,0.011700
,,444.481598,3.973200,3.961950,3.968586,19.698877,16.794245,18.363235,0.011250
445.600006,3.900000,444.481140,3.973050,3.962250,3.968582,19.698877,16.799280,18.364025,0.010800
,,444.481140,3.973050,3.962250,3.968582,19.698877,16.799280,18.364496,0.010800
445.600006,3.900000,444.494019,3.972900,3.962550,3.968697,19.698877,16.799280,18.365126,0.010350
,,444.511139,3.973650,3.962700,3.968849,19.698877,16.799280,18.366228,0.010950
445.600006,3.900000,444.519318,3.973650,3.962850,3.968922,19.698877,16.799280,18.366781,0.010800
445.600006,3.900000,444.517181,3.973650,3.962700,3.968903,19.698877,16.799280,18.367096,0.010950
,,444.529083,3.973800,3.962700,3.969010,19.703913,16.799280,18.368351,0.011100
445.600006,3.900000,444.525909,3.973800,3.962400,3.968981,19.698877,16.804316,18.369215,0.011400
,,444.532196,3.973950,3.962250,3.969038,19.703913,16.799280,18.369453,0.011700
445.600006,3.900000,444.532471,3.973950,3.962250,3.969040,19.703913,16.799280,18.370474,0.011700
,,444.526855,3.973500,3.962250,3.968990,19.703913,16.804316,18.371023,0.011250
445.600006,3.900000,444.531311,3.973350,3.962700,3.969030,19.703913,,18.371494,0.010650
,,444.537628,3.973350,3.962700,3.969086,19.703913,16.804316,18.372356,0.010650
445.600006,3.900000,444.539612,,3.962850,3.969104,19.703913,16.804316,18.372595,0.010800
445.600006,3.900000,444.557892,3.973950,3.963150,3.969267,19.708979,16.804316,18.373224,0.010800
,,444.569611,3.974100,3.963300,3.969372,19.708979,16.804316,18.373695,0.010800
445.600006,3.900000,444.566315,3.974100,3.963150,3.969342,19.708979,16.804316,18.374170,0.010950
,,444.567017,3.974250,3.962700,3.969348,19.708979,16.804316,18.375036,0.011550
445.600006,3.900000,444.567932,3.974250,3.962550,3.969357,19.708979,16.804316,18.375900,0.011700
,,444.565582,3.974100,3.962700,3.969336,19.708979,16.804316,18.376373,0.011400
445.600006,3.900000,444.569550,3.973800,3.963150,3.969371,19.714014,16.809320,18.376925,0.010650
,,444.573578,3.973650,3.963150,3.969407,19.714014,16.804316,18.377478,0.010500
445.600006,3.900000,444.573517,3.973800,3.963150,3.969406,19.714014,16.809320,18.378107,0.010650
,,444.585693,3.973950,3.963450,3.969515,19.714014,16.809320,18.378185,0.010500
445.700012,3.900000,444.601837,3.974250,3.963450,3.969659,19.714014,16.809320,18.378420,0.010800
445.700012,3.900000,444.610352,3.974400,3.963600,3.969735,19.714014,16.809320,18.380627,0.010800
,,444.615448,3.974700,3.963450,3.969781,19.714014,16.809320,18.381491,0.011250
445.700012,3.900000,444.613342,3.974700,3.963150,3.969762,19.714014,16.814356,18.381804,0.011550
,,444.610107,3.974700,3.963000,3.969733,19.719080,16.809320,18.382355,0.011700
445.700012,3.900000,444.607544,3.974250,3.963450,3.969710,19.719080,16.814356,18.382982,0.010800
,,444.613251,3.973950,3.963450,3.969761,19.719080,16.814356,18.383612,0.010500
445.700012,3.900000,444.624786,3.974400,3.963750,3.969864,19.719080,16.814356,18.384007,0.010650
,,444.636200,3.974850,3.963600,3.969966,19.719080,16.814356,18.384949,0.011250
445.700012,3.900000,444.634155,3.974850,3.963150,3.969948,19.719080,16.814356,18.385029,0.011700
,,444.630920,3.974700,3.963150,3.969919,19.719080,16.814356,18.386209,0.011550
445.700012,3.900000,444.632111,3.974700,3.963300,3.969929,19.719080,16.814356,18.386602,0.011400
,,444.638000,3.974250,3.963600,3.969982,19.724115,16.814356,18.387388,0.010650
445.700012,3.900000,444.649353,3.974550,3.963900,3.970083,19.724115,16.814356,18.387388,0.010650
,,444.659027,3.975000,3.963900,3.970170,19.724115,16.814356,18.387783,0.011100
445.700012,3.900000,444.658722,3.975150,3.963600,3.970167,19.724115,16.819391,18.388723,0.011550
,,444.653046,3.975000,3.963300,3.970116,19.724115,16.819391,18.389509,0.011700
445.700012,3.900000,444.657990,3.974700,3.963750,3.970161,19.724115,16.819391,18.389980,0.010950
,,444.661255,3.974550,3.963900,3.970190,19.724115,16.819391,18.390371,0.010650
445.700012,3.900000,444.674225,3.974850,3.964050,3.970306,19.729181,16.819391,18.391237,0.010800
,,444.693634,3.975300,3.964350,3.970479,19.729181,16.819391,18.392889,0.010950
445.799988,3.900000,444.687897,3.975450,3.963600,3.970428,19.729181,16.819391,18.393045,0.011850
,,444.690979,3.975450,3.963600,3.970455,19.729181,16.819391,18.393520,0.011850
445.799988,3.900000,444.687347,3.974850,3.963900,3.970423,19.729181,16.819391,18.394230,0.010950
,,444.693329,3.974850,3.964050,3.970476,19.729181,16.824396,18.394701,0.010800
445.799988,3.900000,444.702148,3.975300,3.964350,3.970555,19.729181,16.824396,18.395409,0.010950
,,444.718201,3.975450,3.964500,3.970698,19.729181,16.824396,18.396358,0.010950
445.799988,3.900000,444.710419,3.975600,3.963750,3.970629,19.734217,16.824396,18.397224,0.011850
,,444.714172,3.975750,3.963750,3.970662,19.734217,16.824396,18.397146,0.012000
445.799988,3.900000,444.710480,3.975000,3.964350,3.970629,19.734217,16.824396,18.397854,0.010650
,,444.716370,3.975000,3.964350,3.970682,19.734217,16.824396,18.398088,0.010650
445.799988,3.900000,444.730316,3.975150,3.964650,3.970806,19.734217,16.824396,18.398796,0.010500
,,444.740387,3.975750,3.964800,3.970896,19.734217,16.829432,18.399738,0.010950
445.799988,3.900000,444.736298,3.975750,3.964050,3.970860,19.739252,16.829432,18.400370,0.011700
,,444.738007,3.975900,3.963900,3.970875,19.739252,16.824396,18.400759,0.012000
445.799988,3.900000,444.733704,3.975450,3.964350,3.970837,19.739252,16.829432,18.401859,0.011100
,,444.740784,3.975300,3.964500,3.970900,19.739252,16.824396,18.402172,0.010800
445.799988,3.900000,444.753601,3.975450,3.964800,3.971014,19.739252,16.829432,18.402411,0.010650
445.799988,3.900000,444.764191,3.975900,3.964950,3.971109,19.739252,16.829432,18.403275,0.010950
,,444.765961,3.976050,3.964350,3.971125,19.739252,16.829432,18.403908,0.011700
445.799988,3.900000,444.767120,3.976050,3.964200,3.971135,19.744318,16.829432,18.405325,0.011850
,,444.767029,3.975600,3.964800,3.971134,19.744318,16.834467,18.405718,0.010800
445.799988,3.900000,444.770020,3.975450,3.964650,3.971161,19.739252,16.829432,18.406034,0.010800
,,444.786926,3.975900,3.965100,3.971312,19.744318,16.834467,18.406900,0.010800
445.799988,3.900000,444.795624,3.976200,3.965100,3.971390,19.744318,16.829432,18.407686,0.011100
,,444.790222,3.976350,3.964500,3.971341,19.744318,16.829432,18.407450,0.011850
445.799988,3.900000,444.793518,3.976350,3.964500,3.971371,19.744318,16.834467,18.408548,0.011850
,,444.792297,3.975750,3.965100,3.971360,19.744318,16.834467,18.409260,0.010650
445.899994,3.900000,444.795532,3.975750,3.964950,3.971389,19.749353,16.834467,18.409651,0.010800
,,444.811920,3.976350,3.965250,3.971535,19.749353,16.834467,18.410593,0.011100
445.799988,3.900000,444.817993,3.976350,3.965250,3.971589,19.749353,16.834467,18.410749,0.011100
,,444.812531,3.976650,3.964650,3.971540,19.749353,16.834467,18.411613,0.012000
445.899994,3.900000,444.817657,3.976650,3.964650,3.971586,19.749353,16.834467,18.412321,0.012000
,,444.813965,3.975900,3.965250,3.971553,19.749353,16.834467,18.412323,0.010650
445.899994,3.900000,444.816681,3.975900,3.965250,3.971577,19.749353,16.839502,18.413425,0.010650
,,444.836700,3.976650,3.965400,3.971756,19.749353,16.839502,18.413740,0.011250
445.899994,3.900000,444.837402,3.976800,3.965100,3.971762,19.749353,16.834467,18.414131,0.011700
445.899994,3.900000,444.827393,3.976350,3.965250,3.971673,19.754419,16.839502,18.415079,0.011100
445.899994,3.900000,444.840576,3.976200,3.965550,3.971791,19.754419,16.839502,18.416183,0.010650
,,444.854675,3.976500,3.965700,3.971917,19.754419,16.839502,18.416893,0.010800
445.899994,3.900000,444.865021,3.976800,3.965700,3.972009,19.754419,16.839502,18.417599,0.011100
,,444.863586,3.976950,3.965400,3.971996,19.754419,16.839502,18.418306,0.011550
445.899994,3.900000,444.864594,3.976950,3.965100,3.972005,19.754419,16.839502,18.418621,0.011850
,,444.861420,3.976800,3.965550,3.971977,19.754419,16.839502,18.419563,0.011250
446.000000,3.900000,444.864319,3.976350,3.965700,3.972003,19.759455,16.839502,18.420427,0.010650
,,444.878876,3.976650,3.966000,3.972133,19.759455,16.844507,18.420660,0.010650
446.000000,3.900000,444.886230,3.976950,3.965850,3.972198,19.759455,16.844507,18.421211,0.011100
,,444.886200,3.977250,3.965400,3.972198,19.759455,16.844507,18.421919,0.011850
446.000000,3.900000,444.886353,3.977250,3.965250,3.972200,19.759455,16.844507,18.421999,0.012000
,,444.884308,3.976650,3.965850,3.972181,19.759455,16.844507,18.422626,0.010800
445.899994,3.900000,444.887054,3.976500,3.965850,3.972206,19.759455,16.844507,18.423571,0.010650
,,444.904419,3.977100,3.966150,3.972361,19.759455,16.844507,18.423965,0.010950
446.000000,3.900000,444.913940,3.977250,3.966150,3.972446,19.764521,16.844507,18.424673,0.011100
,,444.911896,3.977400,3.965700,3.972428,19.759455,16.844507,18.425617,0.011700
446.000000,3.900000,444.913177,3.977400,3.965550,3.972439,19.764521,16.849543,18.425852,0.011850
,,444.907959,3.976950,3.966000,3.972393,19.764521,16.849543,18.426168,0.010950
446.000000,3.900000,444.911560,3.976800,3.966000,3.972425,19.764521,16.849543,18.427034,0.010800
446.000000,3.900000,444,3.976950,3.966000,3.972532,19.764521,16.849543,18.428528,0.010950
446.000000,3.900000,444.943146,3.977550,3.966450,3.972707,19.764521,16.849543,18.429550,0.011100
,,444.945374,3.977700,3.966150,3.972727,19.769556,16.849543,18.429785,0.011550
446.000000,3.900000,444.942932,3.977700,3.965850,3.972705,19.769556,16.849543,18.430256,0.011850
,,444.940948,3.977700,3.965700,3.972687,19.769556,16.849543,18.430492,0.012000
446.000000,3.900000,444.943390,3.977250,3.966300,3.972709,19.769556,16.849543,18.431438,0.010950
,,444.948517,3.977100,3.966450,3.972755,19.769556,16.849543,18.431829,0.010650
446.000000,3.900000,444.967133,3.977700,3.966600,3.972921,19.769556,16.854578,18.432383,0.011100
,,444.969482,3.977850,3.966600,3.972942,19.774591,16.854578,18.433014,0.011250
446.000000,3.900000,444.965912,3.978000,3.966000,3.972910,19.774591,16.854578,18.433641,0.012000
,,444.967133,3.977850,3.966000,3.972921,19.769556,16.854578,18.434113,0.011850
446.100006,3.900000,444.969238,3.977400,3.966450,3.972940,19.774591,16.854578,18.435062,0.010950
,,444.969910,3.977400,3.966450,3.972946,19.774591,16.854578,18.435534,0.010950
446.100006,3.900000,444.989746,3.978000,3.966750,3.973123,19.774591,16.859583,18.436396,0.011250
,,444.993652,3.978150,3.966900,3.973158,19.774591,16.854578,18.436792,0.011250
446.100006,3.900000,444.992249,3.978150,3.966150,3.973145,19.774591,16.859583,18.437422,0.012000
,,444.994598,3.978150,3.966150,3.973166,19.774591,16.859583,18.438208,0.012000
446.100006,3.900000,444.993134,3.977550,3.966750,3.973153,19.779657,16.859583,18.438284,0.010800
446.100006,3.900000,444.995941,3.977700,3.966750,3.973178,19.779657,16.859583,18.438993,0.010950
,,445.021027,3.978150,3.967050,3.973402,19.779657,16.859583,18.440645,0.011100
446.100006,3.900000,445.023834,3.978300,3.966900,3.973427,19.779657,16.859583,18.440884,0.011400
,,445.023834,3.978600,3.966300,3.973427,19.779657,16.864618,18.441824,0.012300
446.100006,3.900000,445.026520,3.978450,3.966450,3.973451,19.779657,16.859583,18.442221,0.012000
,,445.022827,3.978000,3.967050,3.973418,19.784693,16.859583,18.443008,0.010950
446.100006,3.900000,445.025543,3.977850,3.966900,3.973442,19.784693,16.864618,18.443792,0.010950
,,445.037292,3.978300,3.967350,3.973547,19.784693,16.864618,18.444107,0.010950
446.100006,3.900000,445.050140,3.978450,3.967200,3.973662,19.784693,16.864618,18.444658,0.011250
,,445.047668,3.978750,3.966750,3.973640,19.784693,16.864618,18.445208,0.012000
446.100006,3.900000,445.048218,3.978750,3.966600,3.973645,19.784693,16.864618,18.445520,0.012150
,,445.046021,3.978300,3.967050,3.973625,19.784693,16.864618,18.446230,0.011250
446.100006,3.900000,445.052002,3.978150,3.967200,3.973679,19.784693,16.864618,18.447172,0.010950
,,445.056824,3.978300,3.967200,3.973722,19.789759,16.864618,18.448038,0.011100
446.200012,3.900000,445.071045,3.978600,3.967500,3.973849,19.789759,16.864618,18.448116,0.011100
,,445.073639,3.978900,3.967200,3.973872,19.789759,16.864618,18.448822,0.011700
446.100006,3.900000,445.077972,3.978900,3.967050,3.973911,19.789759,16.864618,18.449533,0.011850
,,445.072418,3.978750,3.967050,3.973861,19.789759,16.864618,18.449692,0.011700
446.200012,3.900000,445.075165,3.978600,3.967350,3.973885,19.789759,16.864618,18.450243,0.011250
446.100006,3.900000,445.078735,3.978300,3.967350,3.973917,19.789759,16.869654,18.450632,0.010950
446.200012,3.900000,445.090454,3.978600,3.967500,3.974022,19.794794,16.869654,18.452524,0.011100
,,445.094849,3.978600,3.967650,3.974061,19.794794,16.869654,18.452759,0.010950
446.200012,3.900000,445.113007,3.979050,3.967800,3.974223,19.789759,16.869654,18.453625,0.011250
,,445.113342,3.979200,3.967650,3.974226,19.794794,16.869654,18.453939,0.011550
446.200012,3.900000,445.112976,3.979200,3.967350,3.974223,19.794794,16.869654,18.454725,0.011850
,,445.118256,3.979350,3.967200,3.974270,19.794794,16.869654,18.455118,0.012150
446.200012,3.900000,445.119354,3.979350,3.967350,3.974280,19.794794,16.874659,18.455828,0.012000
,,445.120880,3.979350,3.967350,3.974293,19.794794,16.869654,18.456139,0.012000
446.299988,3.900000,445.122986,3.978900,3.967650,3.974312,19.794794,16.874659,18.456850,0.011250
,,445.125793,3.978750,3.967800,3.974337,19.799860,16.874659,18.457241,0.010950
446.200012,3.900000,445.128754,3.978750,3.967950,3.974364,19.799860,16.874659,18.458265,0.010800
,,445.140137,3.979200,3.968100,3.974466,19.799860,16.874659,18.459133,0.011100
446.200012,3.900000,445.156403,3.979500,3.968250,3.974611,19.799860,16.874659,18.459290,0.011250
,,445.158234,3.979650,3.968100,3.974627,19.799860,16.874659,18.460077,0.011550
446.200012,3.900000,445.157898,3.979650,3.967950,3.974624,19.799860,16.874659,18.460392,0.011700
,,445.160614,3.979800,3.967800,3.974648,19.804895,16.874659,18.460785,0.012000
446.299988,3.900000,445.162903,3.979800,3.967500,3.974669,19.799860,16.879694,18.461649,0.012300
,,445.158508,3.979650,3.967650,3.974630,19.799860,16.879694,18.462358,0.012000
446.200012,3.900000,445.166107,3.979350,3.967950,3.974697,19.804895,16.879694,18.463539,0.011400
446.299988,3.900000,445.176697,3.979800,3.967950,3.974792,19.804895,16.879694,18.464483,0.011850
,,445.176971,3.979350,3.968400,3.974794,19.804895,16.879694,18.464876,0.010950
446.299988,3.900000,445.181641,3.979350,3.968400,3.974836,19.809961,16.879694,18.465740,0.010950
,,445.187225,3.979500,3.968400,3.974886,19.804895,16.879694,18.466450,0.011100
446.299988,3.900000,445.195038,3.979650,3.968550,3.974956,19.804895,16.879694,18.466919,0.011100
,,445.209778,3.979950,3.968550,3.975087,19.809961,16.884729,18.467550,0.011400
446.299988,3.900000,445.206390,3.980100,3.968250,3.975057,19.809961,16.884729,18.468021,0.011850
,,445.211456,3.980250,3.968100,3.975102,19.809961,16.884729,18.468571,0.012150
446.299988,3.900000,445.212494,3.980250,3.967950,3.975111,19.809961,16.884729,18.468809,0.012300
,,445.210846,3.979800,3.968400,3.975097,19.809961,16.884729,18.469753,0.011400
446.299988,3.900000,445.216217,3.979650,3.968700,3.975145,19.809961,16.884729,18.470148,0.010950
,,445.229645,3.979950,3.968850,3.975265,19.809961,16.884729,18.470695,0.011100
446.299988,3.900000,445.238464,3.980250,3.968850,3.975343,19.814997,16.884729,18.471718,0.011400
,,445.232330,3.980400,3.968550,3.975289,19.814997,16.884729,18.472504,0.011850
446.299988,3.900000,445.242279,3.980400,3.968400,3.975378,19.814997,16.884729,18.473133,0.012000
,,445.238159,3.979950,3.968550,3.975341,19.814997,16.889734,18.473291,0.011400
446.299988,3.900000,445.241669,3.979950,3.968850,3.975372,19.814997,16.889734,18.474001,0.011100
,,445.246521,3.979950,3.969000,3.975415,19.820032,16.889734,18.474787,0.010950
446.299988,3.900000,445.261566,3.980550,3.969000,3.975550,19.814997,16.889734,18.474945,0.011550
,,445.267975,3.980250,3.969150,3.975607,19.820032,16.889734,18.476679,0.011100
446.299988,3.900000,445.278015,3.980700,3.969150,3.975697,19.820032,16.889734,18.477468,0.011550
,,445.282410,3.980700,3.969150,3.975736,19.820032,16.889734,18.477858,0.011550
446.399994,3.900000,445.277954,3.980700,3.968850,3.975696,19.820032,16.889734,18.478098,0.011850
,,445.284454,3.980850,3.968700,3.975754,19.820032,16.894770,18.479040,0.012150
446.299988,3.900000,445.284302,3.981000,3.968700,3.975753,19.820032,16.894770,18.479513,0.012300
,,445.287048,3.980550,3.969000,3.975777,19.825098,16.894770,18.480379,0.011550
446.399994,3.900000,445.287750,3.980550,3.969300,3.975784,19.825098,16.894770,18.481161,0.011250
,,445.291199,3.980250,3.969150,3.975814,19.820032,16.894770,18.481712,0.011100
446.399994,3.900000,445.294464,3.980550,3.969300,3.975843,19.825098,16.894770,18.482342,0.011250
,,445.310394,3.980700,3.969600,3.975986,19.825098,16.894770,18.482418,0.011100
446.399994,3.900000,445.320679,3.981150,3.969600,3.976078,19.825098,16.894770,18.483051,0.011550
,,445.320068,3.981000,3.969450,3.976072,19.825098,16.894770,18.483601,0.011550
446.399994,3.900000,445.321167,3.981150,3.969150,3.976082,19.825098,16.894770,18.484385,0.012000
,,445.324585,3.981300,3.969000,3.976112,19.830133,16.894770,18.484858,0.012300
446.399994,3.900000,445.324310,3.981300,3.969000,3.976110,19.830133,16.899805,18.485802,0.012300
,,445.323975,3.980850,3.969300,3.976107,19.830133,16.894770,18.485407,0.011550
446.399994,3.900000,445.330475,3.980700,3.969600,3.976165,19.830133,16.899805,18.487061,0.011100
446.399994,3.900000,445.332306,3.980700,3.969750,3.976181,19.830133,16.899805,18.487766,0.010950
,,445.346313,3.980850,3.969750,3.976306,19.835199,16.899805,18.489265,0.011100
446.399994,3.900000,445.349335,3.980850,3.969900,3.976333,19.835199,16.899805,18.489422,0.010950
,,445.358398,3.981150,3.969900,3.976414,19.830133,16.899805,18.489975,0.011250
446.399994,3.900000,445.371094,3.981600,3.970050,3.976528,19.835199,16.899805,18.4,0.011550
,,445.374878,3.981600,3.969900,3.976561,19.835199,16.899805,18.491312,0.011700
446.399994,3.900000,445.373016,3.981600,3.9696,3.976545,19.835199,16.904840,18.491781,0.012000
446.399994,3.900000,445.377411,3.981750,3.969750,3.976584,19.835199,16.904840,18.492256,0.012000
,,445.380066,3.981750,3.969600,3.976608,19.835199,16.904840,18.492964,0.012150
446.500000,3.900000,445.379547,3.981450,3.969600,3.976603,19.840235,16.904840,18.493509,0.011850
,,445.383057,3.981300,3.969750,3.976635,19.840235,16.904840,18.493906,0.011550
446.399994,3.900000,445.386688,3.981300,3.970200,3.976667,19.835199,16.904840,18.494377,0.011100
,,445.391602,3.981450,3.970200,3.976711,19.840235,16.909845,18.495401,0.011250
446.500000,3.900000,445.398132,3.981600,3.970200,3.976769,19.840235,16.904840,18.495951,0.011400
,,445.412628,3.981900,3.970350,3.976898,19.840235,16.904840,18.496107,0.011550
446.500000,3.900000,445.415405,3.981900,3.970350,3.976923,19.840235,16.909845,18.497053,0.011550
,,445.417603,3.981900,3.970050,3.976943,19.840235,16.909845,18.498075,0.011850
446.500000,3.900000,445.420135,3.982200,3.969900,3.976965,19.840235,16.909845,18.498472,0.012300
,,445.418671,3.982200,3.969750,3.976952,19.845301,16.909845,18.498550,0.012450
446.500000,3.900000,445.419830,3.981750,3.970050,3.976963,19.845301,16.904840,18.499575,0.011700
446.500000,3.900000,445.431946,3.981750,3.970500,3.977071,19.845301,16.909845,18.501303,0.011250
,,445.437195,3.981900,3.970650,3.977118,19.845301,16.909845,18.501619,0.011250
446.500000,3.900000,445.446198,3.982050,3.970650,3.977198,19.845301,16.914881,18.502247,0.011400
,,445.451050,3.982350,3.970500,3.977242,19.845301,16.909845,18.502796,0.011850
446.500000,3.900000,445.454315,3.982500,3.970050,3.977271,19.850336,16.914881,18.503504,0.012450
,,445.453613,3.982350,3.970350,3.977264,19.850336,16.909845,18.503819,0.012000
446.500000,3.900000,445.458527,3.981900,3.970650,3.977308,19.850336,16.914881,18.504608,0.011250
,,445.459808,3.981900,3.970650,3.977320,19.850336,16.914881,18.504843,0.011250
446.500000,3.900000,445.474518,3.982500,3.970950,3.977451,19.850336,16.919916,18.505472,0.011550
,,445.476013,3.982500,3.970650,3.977464,19.850336,16.914881,18.506102,0.011850
446.500000,3.900000,445.480286,3.982800,3.970350,3.977503,19.850336,16.914881,18.506651,0.012450
,,445.477539,3.982500,3.970500,3.977478,19.855402,16.914881,18.507282,0.012000
446.500000,3.900000,445.482452,3.982500,3.970950,3.977522,19.850336,16.914881,18.507914,0.011550
,,445.487579,3.982350,3.970950,3.977568,19.850336,16.914881,18.508070,0.011400
446.600006,3.900000,445.497711,3.982500,3.971100,3.977658,19.855402,16.914881,18.508699,0.011400
,,445.505554,3.982800,3.971100,3.977728,19.855402,16.919916,18.509565,0.011700
446.600006,3.900000,445.507751,3.982800,3.970800,3.977748,19.855402,16.919916,18.510509,0.012000
,,445.503998,3.982950,3.970500,3.977714,19.855402,16.919916,18.510824,0.012450
446.600006,3.900000,445.506409,3.982350,3.970800,3.977736,19.855402,16.919916,18.511372,0.011550
,,445.516235,3.982500,3.971250,3.977823,19.860437,16.919916,18.512945,0.011250
446.600006,3.900000,445.530823,3.982800,3.971400,3.977954,19.860437,16.919916,18.513340,0.011400
,,445.539429,3.982950,3.971400,3.978031,19.860437,16.919916,18.514126,0.011550
446.600006,3.900000,445.539490,3.983100,3.971250,3.978031,19.860437,16.919916,18.514280,0.011850
,,445.543091,3.983250,3.970800,3.978063,19.860437,16.919916,18.515068,0.012450
446.600006,3.900000,445.536316,3.982800,3.971100,3.978003,19.860437,16.919916,18.515619,0.011700
,,445.542236,3.982650,3.971400,3.978056,19.860437,16.924921,18.516327,0.011250
446.600006,3.900000,445.557739,3.983100,3.971550,3.978194,19.860437,16.919916,18.516722,0.011550
,,445.566803,3.983400,3.971700,3.978275,19.860437,16.919916,18.517353,0.011700
446.600006,3.900000,445.561279,3.983400,3.971400,3.978226,19.865503,16.924921,18.517586,0.012000
,,445.567902,3.983550,3.970950,3.978285,19.860437,16.924921,18.517900,0.012600
446.600006,3.900000,445.564514,3.983100,3.971550,3.978255,19.865503,16.924921,18.519398,0.011550
,,445.569183,3.982800,3.971700,3.978296,19.865503,16.924921,18.519712,0.011100
446.600006,3.900000,445.580658,3.983250,3.971850,3.978399,19.865503,16.924921,18.520185,0.011400
,,445.591980,3.983400,3.971850,3.978500,19.865503,16.924921,18.520655,0.011550
446.600006,3.900000,445.589111,3.983700,3.971250,3.978474,19.870539,16.924921,18.521523,0.012450
,,445.593933,3.983700,3.971250,3.978517,19.870539,16.929956,18.522465,0.012450
446.700012,3.900000,445.591919,3.983250,3.971700,3.978499,19.870539,16.929956,18.522938,0.011550
446.700012,3.900000,445.593414,3.983100,3.971850,3.978513,19.870539,16.929956,18.522625,0.011250
,,445.603088,3.983250,3.971850,3.978599,19.870539,16.929956,18.524750,0.011400
446.700012,3.900000,445.618073,3.983700,3.972150,3.978733,19.870539,16.929956,18.525692,0.011550
,,445.625702,3.983850,3.972000,3.978801,19.875605,16.929956,18.526087,0.011850
446.700012,3.900000,445.625641,3.984000,3.971700,3.978800,19.875605,16.929956,18.526636,0.012300
,,445.625214,3.983850,3.971700,3.978796,19.875605,16.929956,18.527346,0.012150
446.700012,3.900000,445.628204,3.983850,3.971850,3.978823,19.870539,16.929956,18.527189,0.012000
,,445.634033,3.983700,3.972150,3.978875,19.875605,16.934992,18.528214,0.011550
446.700012,3.900000,445.645233,3.983850,3.972150,3.978975,19.875605,16.934992,18.528919,0.011700
,,445.649017,3.984150,3.972300,3.979009,19.875605,16.934992,18.529394,0.011850
446.700012,3.900000,445.650360,3.984300,3.971700,3.979021,19.875605,16.934992,18.530100,0.012600
,,445.649384,3.984150,3.972000,3.979012,19.875605,16.934992,18.530495,0.012150
446.700012,3.900000,445.652161,3.983700,3.972300,3.979037,19.880640,16.934992,18.531281,0.011400
,,445.657501,3.984000,3.972450,3.979085,19.875605,16.934992,18.531593,0.011550
446.700012,3.900000,445.672882,3.984150,3.972600,3.979222,19.880640,16.934992,18.532301,0.011550
,,445.673218,3.984450,3.971850,3.979225,19.880640,16.934992,18.532616,0.012600
446.700012,3.900000,445.672272,3.984450,3.972000,3.979217,19.880640,16.934992,18.533482,0.012450
,,445.674225,3.983850,3.972600,3.979234,19.880640,16.934992,18.533640,0.011250
446.700012,3.900000,445.687195,3.984450,3.972600,3.979350,19.880640,16.934992,18.534658,0.011850
446.799988,3.900000,445.689087,3.984600,3.972150,3.979367,19.880640,16.934992,18.535053,0.012450
446.799988,3.900000,445.696228,3.984600,3.972450,3.979431,19.885706,16.940027,18.536234,0.012150
,,445.696777,3.984150,3.972750,3.979435,19.885706,16.940027,18.536865,0.011400
446.700012,3.900000,445.706085,3.984450,3.972750,3.979519,19.885706,16.940027,18.537731,0.011700
,,445.716675,3.984750,3.972750,3.979613,19.885706,16.940027,18.538204,0.012000
446.799988,3.900000,445.715363,3.984750,3.972600,3.979601,19.885706,16.940027,18.539307,0.012150
,,445.716278,3.984750,3.972300,3.979610,19.885706,16.940027,18.539541,0.012450
446.799988,3.900000,445.719574,3.984450,3.972750,3.979639,19.890741,16.940027,18.540485,0.011700
,,445.723389,3.984300,3.972900,3.979673,19.890741,16.940027,18.540880,0.011400
446.799988,3.900000,445.736176,3.984750,3.973050,3.979787,19.890741,16.945032,18.541586,0.011700
,,445.739563,3.984900,3.972900,3.979818,19.890741,16.945032,18.541983,0.012000
446.799988,3.900000,445.744659,3.985050,3.972600,3.979863,19.890741,16.945032,18.542534,0.012450
,,445.740021,3.984600,3.972900,3.979822,19.890741,16.945032,18.543083,0.011700
446.799988,3.900000,445.743988,3.984600,3.973050,3.979857,19.890741,16.945032,18.544500,0.011550
,,445.758911,3.984900,3.973200,3.979990,19.890741,16.945032,18.544420,0.011700
446.899994,3.900000,445.765991,3.985050,3.973350,3.980053,19.895807,16.945032,18.545130,0.011700
,,445.765259,3.985350,3.972750,3.980047,19.890741,16.945032,18.545603,0.012600
446.799988,3.900000,445.765564,3.985350,3.972750,3.980050,19.895807,16.945032,18.545996,0.012600
,,445.764526,3.984750,3.973200,3.980040,19.895807,16.945032,18.546310,0.011550
446.799988,3.900000,445.773315,3.984900,3.973200,3.980119,19.895807,16.950068,18.547491,0.011700
,,445.792572,3.985200,3.973650,3.980291,19.900843,16.950068,18.548986,0.011550
446.799988,3.900000,445.793457,3.985650,3.973200,3.980299,19.895807,16.950068,18.549536,0.012450
,,445.797241,3.985650,3.972900,3.980333,19.900843,16.950068,18.549931,0.012750
446.899994,3.900000,445.795624,3.985200,3.973350,3.980318,19.900843,16.950068,18.550560,0.011850
,,445.797028,3.985200,3.973500,3.980331,19.900843,16.955103,18.551582,0.011700
446.799988,3.900000,445.815552,3.985500,3.973650,3.980496,19.900843,16.955103,18.551977,0.011850
,,445.817719,3.985650,3.973800,3.980515,19.900843,16.950068,18.552687,0.011850
446.899994,3.900000,445.819855,3.985800,3.973200,3.980534,19.905909,16.955103,18.552999,0.012600
,,445.818024,3.985650,3.973350,3.980518,19.900843,16.955103,18.553864,0.012300
446.899994,3.900000,445.818420,3.985200,3.973650,3.980522,19.900843,16.955103,18.554256,0.011550
,,445.830048,3.985650,3.973800,3.980625,19.905909,16.955103,18.555201,0.011850
446.899994,3.900000,445.839111,3.985800,3.973800,3.980706,19.905909,16.955103,18.555122,0.012000
,,445.842926,3.986100,3.973500,3.980740,19.905909,16.955103,18.556219,0.012600
446.899994,3.900000,445.837555,3.985650,3.973650,3.980692,19.905909,16.955103,18.556534,0.012000
,,445.841583,3.985500,3.973800,3.980728,19.905909,16.955103,18.557165,0.011700
446.899994,3.900000,445.854614,3.985800,3.974100,3.980845,19.910944,16.955103,18.558029,0.011700
,,445.863556,3.985950,3.974100,3.980925,19.905909,16.955103,18.558184,0.011850
446.899994,3.900000,445.862976,3.986250,3.973650,3.980919,19.910944,16.960108,18.558813,0.012600
446.899994,3.900000,445.863373,3.986250,3.973650,3.980923,19.910944,16.960108,18.559444,0.012600
,,445.875854,3.985950,3.974250,3.981035,19.910944,16.960108,18.561016,0.011700
447.000000,3.900000,445.887512,3.986250,3.974250,3.981138,19.910944,16.960108,18.561886,0.012000
,,445.886414,3.986400,3.973800,3.981129,19.910944,16.960108,18.561884,0.012600
446.899994,3.900000,445.888458,3.986400,3.973800,3.981147,19.910944,16.960108,18.562592,0.012600
,,445.887543,3.985800,3.974250,3.981139,19.916010,16.960108,18.563459,0.011550
447.000000,3.900000,445.895264,3.986100,3.974250,3.981208,19.910944,16.960108,18.563459,0.011850
,,445.907074,3.986400,3.974550,3.981313,19.916010,16.960108,18.564327,0.011850
447.000000,3.900000,445.906891,3.986550,3.974100,3.981312,19.916010,16.965143,18.565033,0.012450
,,445.907410,3.986400,3.974100,3.981316,19.916010,16.960108,18.565351,0.012300
447.000000,3.900000,445.909973,3.986100,3.974400,3.981339,19.916010,16.965143,18.566059,0.011700
,,445.923645,3.986550,3.974700,3.981461,19.916010,16.965143,18.566845,0.011850
447.000000,3.900000,445.928619,3.986550,3.974550,3.981506,19.916010,16.965143,18.567396,0.012000
,,445.928284,3.986850,3.974100,3.981503,19.921045,16.965143,18.568260,0.012750
447.000000,3.900000,445.929993,3.986550,3.974250,3.981518,19.921045,16.965143,18.568892,0.012300
,,445.927094,3.986250,3.974550,3.981492,19.921045,16.965143,18.569284,0.011700
447.000000,3.900000,445.944336,3.986700,3.974850,3.981646,19.921045,16.965143,18.569441,0.011850
,,445.949310,3.986850,3.974550,3.981690,19.921045,16.965143,18.570387,0.012300
447.000000,3.900000,445.950226,3.987000,3.974250,3.981699,19.921045,16.965143,18.571175,0.012750
447.000000,3.900000,445.949921,3.986550,3.974700,3.981696,19.921045,16.965143,18.571175,0.011850
447.000000,3.900000,445.960052,3.986550,3.974850,3.981786,19.921045,16.970179,18.572987,0.011700
,,445.975037,3.987000,3.975000,3.981920,19.926111,16.970179,18.573616,0.012000
447.000000,3.900000,445.977600,3.987150,3.974700,3.981943,19.926111,16.970179,18.573692,0.012450
,,445.979279,3.987300,3.974550,3.981958,19.926111,16.970179,18.574715,0.012750
447.000000,3.900000,445.977173,3.987000,3.974700,3.981939,19.926111,16.970179,18.574791,0.012300
,,445.979584,3.986700,3.975000,3.981961,19.926111,16.970179,18.575972,0.011700
447.000000,3.900000,445.985535,3.986850,3.975150,3.982014,19.926111,16.970179,18.576601,0.011700
,,446.000488,3.987150,3.975300,3.982147,19.926111,16.970179,18.576757,0.011850
447.100006,3.900000,446.002747,3.987300,3.975150,3.982167,19.931147,16.975183,18.577936,0.012150
,,446.005646,3.987600,3.974850,3.982193,19.931147,16.975183,18.578253,0.012750
447.100006,3.900000,446.008728,3.987450,3.974850,3.982221,19.931147,16.975183,18.578726,0.012600
,,446.007904,3.987300,3.975300,3.982213,19.931147,16.975183,18.579359,0.012000
447.000000,3.900000,446.010101,3.987000,3.975300,3.982233,19.931147,16.975183,18.579670,0.011700
,,446.019043,3.987150,3.975300,3.982313,19.931147,16.975183,18.580614,0.011850
447.100006,3.900000,446.033478,3.987600,3.975600,3.982442,19.931147,16.975183,18.581167,0.012000
,,446.031036,3.987600,3.975600,3.982420,19.931147,16.975183,18.581558,0.012000
447.100006,3.900000,446.036713,3.987900,3.975150,3.982471,19.931147,16.975183,18.582584,0.012750
,,446.036713,3.987750,3.975150,3.982471,19.931147,16.980219,18.582659,0.012600
447.100006,3.900000,446.035736,3.987300,3.975450,3.982462,19.936213,16.980219,18.583290,0.011850
447.100006,3.900000,446.050140,3.987450,3.975600,3.982590,19.936213,16.980219,18.584860,0.011850
,,446.063293,3.987750,3.975900,3.982708,19.936213,16.980219,18.585255,0.011850
447.100006,3.900000,446.066223,3.987750,3.975750,3.982734,19.936213,16.980219,18.586357,0.012000
,,446.069397,3.988200,3.975300,3.982763,19.936213,16.980219,18.587067,0.012900
447.100006,3.900000,446.069458,3.987900,3.975450,3.982763,19.941248,16.985254,18.587692,0.012450
,,446.071136,3.987750,3.975750,3.982778,19.941248,16.980219,18.588091,0.012000
447.200012,3.900000,446.084900,3.987900,3.975900,3.982901,19.941248,16.980219,18.588482,0.012000
,,446.086487,3.988200,3.975900,3.982915,19.941248,16.985254,18.588955,0.012300
447.100006,3.900000,446.090729,3.988350,3.975450,3.982953,19.941248,16.980219,18.589506,0.012900
,,446.088348,3.987900,3.975750,3.982932,19.941248,16.985254,18.590136,0.012150
447.200012,3.900000,446.092651,3.987900,3.975900,3.982970,19.941248,16.985254,18.590765,0.012000
,,446.109436,3.988200,3.976200,3.983120,19.941248,16.985254,18.591709,0.012000
447.200012,3.900000,446.111511,3.988350,3.976050,3.983139,19.941248,16.985254,18.592182,0.012300
,,446.110260,3.988500,3.975600,3.983127,19.946314,16.985254,18.592890,0.012900
447.200012,3.900000,446.109558,3.988050,3.976050,3.983121,19.946314,16.985254,18.593206,0.012000
,,446.114716,3.988200,3.976200,3.983167,19.946314,16.985254,18.593676,0.012000
447.200012,3.900000,446.129700,3.988350,3.976350,3.983301,19.946314,16.985254,18.594540,0.012000
,,446.131561,3.988650,3.975900,3.983318,19.946314,16.985254,18.595013,0.012750
447.200012,3.900000,446.133209,3.988800,3.975900,3.983332,19.946314,16.985254,18.595957,0.012900
,,446.143555,3.988800,3.976050,3.983425,19.951349,16.990290,18.597137,0.012750
447.200012,3.900000,446.143127,3.988350,3.976350,3.983421,19.951349,16.990290,18.597687,0.012000
,,446.146881,3.988350,3.976500,3.983454,19.951349,16.990290,18.598398,0.011850
447.200012,3.900000,446.162994,3.988650,3.976650,3.983598,19.951349,16.990290,18.599108,0.012000
,,446.166565,3.988800,3.976500,3.983630,19.951349,16.990290,18.599579,0.012300
447.200012,3.900000,446.171478,3.989100,3.976500,3.983674,19.956415,16.990290,18.600050,0.012600
,,446.175476,3.989100,3.976200,3.983710,19.951349,16.990290,18.600445,0.012900
447.299988,3.900000,446.170593,3.988950,3.976350,3.983666,19.956415,16.995295,18.601389,0.012600
,,446.176544,3.988650,3.976650,3.983719,19.956415,16.990290,18.601706,0.012000
447.299988,3.900000,446.178528,3.988650,3.976800,3.983737,19.956415,16.990290,18.602333,0.011850
,,446.192963,3.988950,3.976950,3.983866,19.956415,16.995295,18.602882,0.012000
447.299988,3.900000,446.198639,3.989250,3.976950,3.983917,19.956415,16.995295,18.603277,0.012300
,,446.201721,3.989250,3.976500,3.983944,19.956415,16.995295,18.603748,0.012750
447.299988,3.900000,446.202881,3.989250,3.976500,3.983954,19.956415,16.995295,18.604771,0.012750
,,446.203064,3.989100,3.976650,3.983956,19.956415,16.995295,18.605007,0.012450
447.299988,3.900000,446.204346,3.988800,3.976800,3.983967,19.956415,16.995295,18.605873,0.012000
,,446.212952,3.989100,3.976950,3.984044,19.961451,16.995295,18.606346,0.012150
447.299988,3.900000,446.226074,3.989250,3.977100,3.984161,19.961451,16.995295,18.606737,0.012150
447.299988,3.900000,446.228821,3.989400,3.977250,3.984186,19.961451,16.995295,18.607605,0.012150
447.399994,3.900000,446.235352,3.989550,3.976950,3.984244,19.961451,17.000330,18.609024,0.012600
,,446.243896,3.989850,3.976800,3.984320,19.961451,17.000330,18.609573,0.013050
447.299988,3.900000,446.242035,3.989700,3.976950,3.984304,19.961451,17.000330,18.609968,0.012750
,,446.242462,3.989250,3.977100,3.984308,19.961451,17.000330,18.610912,0.012150
447.299988,3.900000,446.245972,3.989250,3.977100,3.984339,19.961451,17.000330,18.611307,0.012150
,,446.258148,3.989400,3.977400,3.984448,19.961451,17.000330,18.611858,0.012000
447.299988,3.900000,446.267609,3.989700,3.977550,3.984532,19.966516,17.000330,18.612724,0.012150
,,446.269440,3.989850,3.977400,3.984549,19.966516,17.005365,18.613195,0.012450
447.299988,3.900000,446.274078,3.990150,3.977100,3.984590,19.966516,17.005365,18.613907,0.013050
,,446.275513,3.990000,3.977100,3.984603,19.971552,17.005365,18.614613,0.012900
447.299988,3.900000,446.275757,3.989550,3.977400,3.984605,19.966516,17.005365,18.614769,0.012150
,,446.278625,3.989550,3.977550,3.984631,19.966516,17.005365,18.615479,0.012000
447.399994,3.900000,446.286926,3.989700,3.977700,3.984705,19.971552,17.005365,18.616657,0.012000
,,446.299438,3.990000,3.977850,3.984816,19.971552,17.005365,18.616579,0.012150
447.399994,3.900000,446.300415,3.990000,3.977700,3.984825,19.971552,17.005365,18.617682,0.012300
,,446.303894,3.990300,3.977400,3.984856,19.971552,17.005365,18.618073,0.012900
447.399994,3.900000,446.308624,3.990300,3.977400,3.984898,19.971552,17.005365,18.618311,0.012900
,,446.308777,3.989850,3.977550,3.984900,19.971552,17.010370,18.619253,0.012300
447.399994,3.900000,446.310028,3.989850,3.977850,3.984911,19.971552,17.010370,18.620041,0.012000
447.399994,3.900000,446.331787,3.990150,3.978000,3.985105,19.976618,17.010370,18.621538,0.012150
,,446.335327,3.990300,3.978000,3.985137,19.976618,17.010370,18.621616,0.012300
447.399994,3.900000,446.337677,3.990450,3.977700,3.985158,19.976618,17.010370,18.622875,0.012750
,,446.338684,3.990300,3.977700,3.985167,19.976618,17.010370,18.622797,0.012600
447.399994,3.900000,446.339203,3.990150,3.978000,3.985172,19.976618,17.010370,18.623659,0.012150
,,446.350403,3.990300,3.978150,3.985271,19.976618,17.010370,18.624132,0.012150
447.399994,3.900000,446.358978,3.990600,3.978300,3.985348,19.981653,17.010370,18.625315,0.012300
,,446.362488,3.990750,3.977850,3.985379,19.981653,17.010370,18.625000,0.012900
447.399994,3.900000,446.365173,3.990750,3.977850,3.985403,19.981653,17.010370,18.626261,0.012900
,,446.361694,3.990450,3.978150,3.985372,19.981653,17.010370,18.626808,0.012300
447.399994,3.900000,446.368683,3.990450,3.978300,3.985435,19.981653,17.015406,18.627203,0.012150
,,446.383545,3.990750,3.978600,3.985567,19.981653,17.015406,18.627439,0.012150
447.500000,3.900000,446.384888,3.990900,3.978450,3.985579,19.981653,17.015406,18.628382,0.012450
,,446.389038,3.991050,3.978150,3.985616,19.981653,17.015406,18.629169,0.012900
447.399994,3.900000,446.390472,3.991200,3.978150,3.985629,19.981653,17.015406,18.629875,0.013050
,,446.388123,3.990600,3.978450,3.985608,19.986719,17.015406,18.629951,0.012150
447.399994,3.900000,446.392120,3.990600,3.978450,3.985644,19.986719,17.015406,18.630503,0.012150
,,446.409027,3.991050,3.978750,3.985795,19.986719,17.015406,18.631212,0.012300
447.399994,3.900000,446.411774,3.991050,3.978600,3.985819,19.986719,17.015406,18.631603,0.012450
,,446.422455,3.991350,3.978300,3.985915,19.986719,17.015406,18.633261,0.013050
447.399994,3.900000,446.421173,3.991050,3.978600,3.985903,19.991755,17.020441,18.633810,0.012450
,,446.423370,3.990900,3.978600,3.985923,19.991755,17.020441,18.634756,0.012300
447.500000,3.900000,446.436523,3.991200,3.978900,3.986040,19.991755,17.020441,18.635309,0.012300
,,446.444641,3.991350,3.978900,3.986113,19.991755,17.020441,18.635780,0.012450
447.500000,3.900000,446.441406,3.991500,3.978450,3.986084,19.991755,17.020441,18.636019,0.013050
,,446.448944,3.991650,3.978600,3.986151,19.991755,17.020441,18.636805,0.013050
447.500000,3.900000,446.445099,3.991200,3.978900,3.986117,19.991755,17.020441,18.637589,0.012300
,,446.449188,3.991200,3.978900,3.986153,19.996820,17.020441,18.637903,0.012300
447.500000,3.900000,446.465820,3.991650,3.979200,3.986302,19.991755,17.025446,18.638689,0.012450
,,446.469788,3.991650,3.979200,3.986337,19.996820,17.025446,18.639555,0.012450
447.500000,3.900000,446.471741,3.991950,3.978600,3.986355,19.996820,17.025446,18.639555,0.013350
,,446.471802,3.991800,3.978750,3.986355,19.996820,17.025446,18.640108,0.013050
447.600006,3.900000,446.471619,3.991200,3.979200,3.986354,19.996820,17.025446,18.641212,0.012000
,,446.480316,3.991500,3.979200,3.986431,19.996820,17.025446,18.641521,0.012300
447.500000,3.900000,446.492493,3.991800,3.979500,3.986540,19.996820,17.025446,18.642233,0.012300
,,446.497711,3.991950,3.979350,3.986587,19.996820,17.025446,18.642862,0.012600
447.500000,3.900000,446.496948,3.992100,3.978900,3.986580,20.001886,17.025446,18.643021,0.013200
447.600006,3.900000,446.499512,3.991950,3.979050,3.986603,20.001886,17.030481,18.643650,0.012900
,,446.512360,3.991800,3.979500,3.986717,20.001886,17.030481,18.645147,0.012300
447.600006,3.900000,446.520569,3.992100,3.979650,3.986791,20.001886,17.030481,18.646170,0.012450
,,446.525177,3.992100,3.979350,3.986832,20.001886,17.030481,18.646486,0.012750
447.600006,3.900000,446.527893,3.992250,3.979200,3.986856,20.001886,17.030481,18.646955,0.013050
,,446.529114,3.991950,3.979350,3.986867,20.001886,17.030481,18.647665,0.012600
447.600006,3.900000,446.530212,3.991950,3.979650,3.986877,20.006922,17.030481,18.648058,0.012300
,,446.538269,3.991950,3.979800,3.986949,20.006922,17.030481,18.648766,0.012150
447.600006,3.900000,446.549133,3.992250,3.979950,3.987046,20.006922,17.030481,18.649551,0.012300
,,446.551880,3.992700,3.979350,3.987070,20.006922,17.030481,18.649708,0.013350
447.600006,3.900000,446.551575,3.992700,3.979350,3.987068,20.006922,17.030481,18.650574,0.013350
,,446.546417,3.992100,3.979800,3.987022,20.011988,17.035517,18.650967,0.012300
447.700012,3.900000,446.562622,3.992250,3.979950,3.987166,20.006922,17.035517,18.651438,0.012300
,,446.568878,3.992550,3.979800,3.987222,20.006922,17.035517,18.651911,0.012750
447.600006,3.900000,446.574982,3.992850,3.979500,3.987277,20.011988,17.035517,18.652935,0.013350
,,446.568878,3.992250,3.979950,3.987222,20.011988,17.035517,18.653723,0.012300
447.600006,3.900000,446.570801,3.992250,3.979950,3.987239,20.011988,17.035517,18.654116,0.012300
,,446.587891,3.992700,3.980250,3.987392,20.011988,17.040552,18.654587,0.012450
447.700012,3.900000,446.587799,3.992850,3.980250,3.987391,20.011988,17.035517,18.655298,0.012600
447.700012,3.900000,446.592438,3.992850,3.979950,3.987432,20.011988,17.040552,18.655771,0.012900
447.600006,3.900000,446.601074,3.992700,3.980100,3.987509,20.017023,17.040552,18.657030,0.012600
,,446.610718,3.992850,3.980250,3.987596,20.017023,17.040552,18.657736,0.012600
447.700012,3.900000,446.619080,3.992850,3.980550,3.987670,20.017023,17.040552,18.658445,0.012300
,,446.622742,3.993150,3.980250,3.987703,20.017023,17.040552,18.658838,0.012900
447.700012,3.900000,446.627106,3.993150,3.979950,3.987742,20.017023,17.040552,18.659626,0.013200
,,446.630371,3.993150,3.980250,3.987771,20.017023,17.040552,18.660019,0.012900
447.700012,3.900000,446.630371,3.993000,3.980400,3.987771,20.022089,17.040552,18.660728,0.012600
,,446.634674,3.993000,3.980550,3.987810,20.022089,17.040552,18.661045,0.012450
447.700012,3.900000,446.645721,3.993150,3.980700,3.987908,20.022089,17.045557,18.661673,0.012450
,,446.649017,3.993300,3.980550,3.987938,20.022089,17.045557,18.662699,0.012750
447.700012,3.900000,446.654358,3.993450,3.980400,3.987985,20.022089,17.045557,18.663176,0.013050
,,446.655334,3.993450,3.980400,3.987994,20.022089,17.040552,18.663721,0.013050
447.700012,3.900000,446.657806,3.993300,3.980550,3.988016,20.022089,17.045557,18.664192,0.012750
,,446.659698,3.993300,3.980700,3.988033,20.022089,17.045557,18.664902,0.012600
447.700012,3.900000,446.670258,3.993300,3.980850,3.988127,20.022089,17.045557,18.665375,0.012450
,,446.679138,3.993450,3.981000,3.988207,20.022089,17.045557,18.665609,0.012450
447.700012,3.900000,446.680481,3.993600,3.980700,3.988219,20.027124,17.045557,18.666239,0.012900
,,446.681396,3.993900,3.980400,3.988227,20.022089,17.045557,18.666866,0.013500
447.799988,3.900000,446.690277,3.993750,3.980700,3.988306,20.027124,17.050592,18.667492,0.013050
,,446.696625,3.993600,3.981000,3.988363,20.027124,17.045557,18.669537,0.012600
447.700012,3.900000,446.703003,3.993600,3.981150,3.988420,20.027124,17.045557,18.669775,0.012450
,,446.712463,3.993750,3.981150,3.988504,20.027124,17.050592,18.670561,0.012600
447.799988,3.900000,446.717560,3.993900,3.981300,3.988550,20.032190,17.050592,18.670876,0.012600
,,446.720886,3.994050,3.981150,3.988579,20.032190,17.050592,18.671112,0.012900
447.799988,3.900000,446.723175,3.994050,3.981000,3.988600,20.032190,17.050592,18.672293,0.013050
,,446.726868,3.994050,3.981150,3.988633,20.032190,17.050592,18.672607,0.012900
447.799988,3.900000,446.725677,3.993750,3.981150,3.988622,20.032190,17.050592,18.673397,0.012600
,,446.738831,3.993900,3.981450,3.988739,20.032190,17.050592,18.673708,0.012450
447.799988,3.900000,446.743713,3.994200,3.981450,3.988783,20.032190,17.055628,18.674421,0.012750
,,446.748108,3.994200,3.981300,3.988822,20.032190,17.050592,18.675207,0.012900
447.799988,3.900000,446.750000,3.994500,3.981150,3.988839,20.037256,17.055628,18.675840,0.013350
,,446.756683,3.994200,3.981300,3.988899,20.037256,17.050592,18.675993,0.012900
447.799988,3.900000,446.749207,3.993900,3.981450,3.988832,20.037256,17.055628,18.676704,0.012450
,,446.765198,3.994200,3.981750,3.988975,20.037256,17.055628,18.677492,0.012450
447.899994,3.900000,446.770355,3.994350,3.981750,3.989021,20.037256,17.055628,18.677727,0.012600
,,446.779327,3.994650,3.981600,3.989101,20.037256,17.055628,18.678204,0.013050
447.799988,3.900000,446.779419,3.994800,3.981450,3.989102,20.042292,17.055628,18.679066,0.013350
447.899994,3.900000,446.779877,3.994350,3.981600,3.989106,20.037256,17.055628,18.680168,0.012750
,,446.793427,3.994500,3.981900,3.989227,20.042292,17.055628,18.681271,0.012600
447.799988,3.900000,446.803528,3.994650,3.982050,3.989317,20.042292,17.055628,18.681900,0.012600
,,446.806061,3.994800,3.981750,3.989340,20.042292,17.060633,18.682213,0.013050
447.899994,3.900000,446.811951,3.994950,3.981750,3.989393,20.042292,17.060633,18.682608,0.013200
,,446.813416,3.994950,3.981750,3.989405,20.042292,17.060633,18.683235,0.013200
447.899994,3.900000,446.816498,3.994500,3.981900,3.989433,20.042292,17.060633,18.684021,0.012600
,,446.822998,3.994650,3.982050,3.989491,20.047358,17.060633,18.684807,0.012600
447.899994,3.900000,446.832275,3.994950,3.982200,3.989574,20.042292,17.060633,18.684807,0.012750
,,446.836670,3.994950,3.982200,3.989613,20.047358,17.065668,18.685909,0.012750
447.899994,3.900000,446.837769,3.995250,3.981900,3.989623,20.047358,17.060633,18.686222,0.013350
,,446.841827,3.995100,3.981900,3.989659,20.047358,17.065668,18.686537,0.013200
447.899994,3.900000,446.835541,3.994650,3.982050,3.989603,20.047358,17.060633,18.687561,0.012600
,,446.851837,3.994950,3.982500,3.989748,20.047358,17.060633,18.687481,0.012450
448.000000,3.900000,446.860291,3.995100,3.982500,3.989824,20.047358,17.065668,18.688503,0.012600
,,446.863068,3.995400,3.982050,3.989849,20.047358,17.065668,18.689764,0.013350
447.899994,3.900000,446.864319,3.995550,3.981900,3.989860,20.047358,17.065668,18.689686,0.013650
,,446.866882,3.995100,3.982350,3.989883,20.052393,17.065668,18.690475,0.012750
447.899994,3.900000,446.863831,3.994950,3.982350,3.989856,20.052393,17.065668,18.690708,0.012600
448.000000,3.900000,446.882629,3.995400,3.982650,3.990023,20.052393,17.065668,18.691498,0.012750
447.899994,3.900000,446.892487,3.995550,3.982800,3.990112,20.052393,17.070704,18.693150,0.012750
,,446.897095,3.995700,3.982500,3.990153,20.052393,17.070704,18.693857,0.013200
447.899994,3.900000,446.900452,3.995850,3.982350,3.990183,20.052393,17.070704,18.694170,0.013500
,,446.900452,3.995550,3.982500,3.990183,20.057459,17.070704,18.695118,0.013050
448.000000,3.900000,446.904388,3.995400,3.982800,3.990218,20.057459,17.070704,18.695906,0.012600
,,446.916748,3.995700,3.982800,3.990328,20.057459,17.070704,18.695906,0.012900
448.000000,3.900000,446.921539,3.995700,3.983100,3.990371,20.057459,17.070704,18.696852,0.012600
,,446.918152,3.995850,3.983100,3.990341,20.057459,17.070704,18.697090,0.012750
448.000000,3.900000,446.929443,3.996000,3.982650,3.990442,20.057459,17.070704,18.697641,0.013350
,,446.924438,3.996150,3.982650,3.990397,20.057459,17.070704,18.698349,0.013500
448.000000,3.900000,446.936249,3.996000,3.982800,3.990502,20.062494,17.070704,18.699297,0.013200
,,446.936066,3.995550,3.982800,3.990501,20.062494,17.075739,18.699690,0.012750
448.000000,3.900000,446.935120,3.995550,3.982950,3.990492,20.062494,17.075739,18.700083,0.012600
,,446.945770,3.995850,3.983250,3.990587,20.062494,17.070704,18.700712,0.012600
448.100006,3.900000,446.958588,3.996000,3.983400,3.990702,20.062494,17.075739,18.701422,0.012600
,,446.955719,3.996300,3.982950,3.990676,20.062494,17.075739,18.701576,0.013350
448.100006,3.900000,446.967896,3.996450,3.983100,3.990785,20.062494,17.075739,18.702206,0.013350
,,446.975128,3.996450,3.983100,3.990849,20.062494,17.075739,18.702757,0.013350
448.000000,3.900000,446.969116,3.996300,3.983100,3.990796,20.062494,17.075739,18.703386,0.013200
448.100006,3.900000,446.983765,3.996450,3.983250,3.990927,20.067560,17.075739,18.704878,0.013200
,,446.981110,3.996150,3.983400,3.990903,20.067560,17.075739,18.705664,0.012750
448.000000,3.900000,446.992859,3.996300,3.983700,3.991008,20.067560,17.080744,18.706373,0.012600
,,447.002930,3.996450,3.983700,3.991098,20.067560,17.080744,18.706608,0.012750
448.100006,3.900000,447.005066,3.996750,3.983400,3.991117,20.067560,17.080744,18.707790,0.013350
,,447.010773,3.996750,3.983400,3.991168,20.072626,17.080744,18.708340,0.013350
448.100006,3.900000,447.012482,3.996600,3.983550,3.991183,20.072626,17.080744,18.708891,0.013050
,,447.014404,3.996450,3.983700,3.991200,20.067560,17.080744,18.709755,0.012750
448.100006,3.900000,447.026886,3.996600,3.983850,3.991312,20.072626,17.080744,18.709835,0.012750
,,447.030914,3.996900,3.983700,3.991348,20.072626,17.080744,18.710388,0.013200
448.100006,3.900000,447.034424,3.997200,3.983550,3.991379,20.072626,17.080744,18.710861,0.013650
,,447.035248,3.996750,3.983700,3.991386,20.077662,17.085779,18.711571,0.013050
448.200012,3.900000,447.034485,3.996600,3.983850,3.991379,20.072626,17.085779,18.712591,0.012750
,,447.048920,3.996900,3.984150,3.991508,20.077662,17.085779,18.712908,0.012750
448.100006,3.900000,447.051880,3.996900,3.984150,3.991535,20.077662,17.085779,18.713614,0.012750
,,447.059326,3.997200,3.983850,3.991601,20.077662,17.085779,18.714247,0.013350
448.200012,3.900000,447.060852,3.997350,3.983700,3.991615,20.077662,17.085779,18.714483,0.013650
,,447.059814,3.996900,3.984000,3.991606,20.077662,17.085779,18.715271,0.012900
448.100006,3.900000,447.061890,3.996900,3.984000,3.991624,20.077662,17.085779,18.715584,0.012900
,,447.072205,3.996900,3.984150,3.991716,20.077662,17.085779,18.717003,0.012750
448.200012,3.900000,447.087982,3.997200,3.984300,3.991857,20.077662,17.085779,18.717867,0.012900
,,447.094116,3.997200,3.984450,3.991912,20.082727,17.085779,18.718023,0.012750
448.200012,3.900000,447.097351,3.997350,3.984450,3.991941,20.082727,17.090815,18.718893,0.012900
,,447.104950,3.997500,3.984300,3.992008,20.082727,17.090815,18.719128,0.013200
448.200012,3.900000,447.109985,3.997800,3.984150,3.992054,20.082727,17.090815,18.719913,0.013650
,,447.109985,3.997800,3.984150,3.992054,20.082727,17.090815,18.720545,0.013650
448.200012,3.900000,447.116364,3.997800,3.984300,3.992110,20.082727,17.090815,18.720621,0.013500
,,447.113098,3.997350,3.984450,3.992081,20.082727,17.095819,18.721725,0.012900
448.200012,3.900000,447.116455,3.997350,3.984450,3.992111,20.082727,17.090815,18.721802,0.012900
,,447.123657,3.997500,3.984600,3.992176,20.087763,17.090815,18.723145,0.012900
448.200012,3.900000,447.135345,3.997650,3.984900,3.992280,20.087763,17.090815,18.723692,0.012750
,,447.139801,3.997800,3.984900,3.992320,20.087763,17.090815,18.724167,0.012900
448.200012,3.900000,447.145721,3.997800,3.984750,3.992373,20.087763,17.095819,18.724560,0.013050
,,447.151642,3.998100,3.984600,3.992425,20.087763,17.095819,18.724873,0.013500
448.200012,3.900000,447.153442,3.998100,3.984450,3.992441,20.087763,17.095819,18.725582,0.013650
,,447.158295,3.998100,3.984600,3.992485,20.087763,17.095819,18.726133,0.013500
448.299988,3.900000,447.158264,3.997950,3.984750,3.992485,20.087763,17.095819,18.726839,0.013200
448.299988,3.900000,447.157562,3.997650,3.984750,3.992478,20.092829,17.095819,18.727392,0.012900
448.200012,3.900000,447.170410,3.997950,3.984900,3.992593,20.092829,17.100855,18.728964,0.013050
,,447.178375,3.998100,3.985050,3.992664,20.092829,17.100855,18.730145,0.013050
448.200012,3.900000,447.187653,3.998100,3.985350,3.992747,20.092829,17.100855,18.730223,0.012750
,,447.194061,3.998250,3.985350,3.992804,20.092829,17.100855,18.730618,0.012900
448.200012,3.900000,447.197601,3.998400,3.985200,3.992836,20.092829,17.100855,18.731485,0.013200
,,447.208466,3.998550,3.985050,3.992933,20.097864,17.100855,18.731878,0.013500
448.200012,3.900000,447.209351,3.998700,3.984900,3.992941,20.097864,17.100855,18.732666,0.013800
,,447.211792,3.998550,3.985050,3.992962,20.097864,17.100855,18.733061,0.013500
448.200012,3.900000,447.212830,3.998550,3.985050,3.992972,20.097864,17.100855,18.733850,0.013500
,,447.213898,3.998250,3.985200,3.992981,20.097864,17.100855,18.734165,0.013050
448.200012,3.900000,447.219025,3.998400,3.985350,3.993027,20.097864,17.100855,18.734951,0.013050
,,447.232330,3.998400,3.985650,3.993146,20.097864,17.100855,18.735188,0.012750
448.200012,3.900000,447.237640,3.998550,3.985800,3.993193,20.102930,17.100855,18.736052,0.012750
,,447.242737,3.998550,3.985650,3.993239,20.097864,17.105890,18.736288,0.012900
448.299988,3.900000,447.250305,3.999000,3.985350,3.993306,20.097864,17.100855,18.736916,0.013650
,,447.252258,3.999150,3.985350,3.993324,20.102930,17.105890,18.737780,0.013800
448.200012,3.900000,447.255157,3.998850,3.985350,3.993350,20.102930,17.105890,18.738409,0.013500
,,447.255737,3.998850,3.985500,3.993355,20.102930,17.105890,18.738956,0.013350
448.299988,3.900000,447.256042,3.998700,3.985650,3.993357,20.102930,17.105890,18.739670,0.013050
448.299988,3.900000,447.268921,3.998850,3.985800,3.993473,20.102930,17.105890,18.740932,0.013050
,,447.274139,3.998850,3.985800,3.993519,20.102930,17.110926,18.741722,0.013050
448.299988,3.900000,447.282806,3.999000,3.986100,3.993597,20.107996,17.105890,18.742350,0.012900
,,447.292969,3.999150,3.986100,3.993687,20.107996,17.105890,18.742664,0.013050
448.299988,3.900000,447.298096,3.999300,3.985950,3.993733,20.107996,17.110926,18.743534,0.013350
,,447.302124,3.999450,3.985800,3.993769,20.107996,17.110926,18.743769,0.013650
448.299988,3.900000,447.301239,3.999300,3.985950,3.993761,20.107996,17.110926,18.744476,0.013350
,,447.302338,3.999150,3.986100,3.993771,20.107996,17.110926,18.744713,0.013050
448.299988,3.900000,447.310608,3.999150,3.986250,3.993845,20.113031,17.110926,18.745419,0.012900
,,447.321442,3.999450,3.986400,3.993942,20.113031,17.110926,18.746204,0.013050
448.299988,3.900000,447.326202,3.999600,3.986100,3.993984,20.113031,17.110926,18.746675,0.013500
,,447.328613,3.999750,3.985950,3.994005,20.113031,17.110926,18.747381,0.013800
448.399994,3.900000,447.328979,3.999600,3.986100,3.994009,20.113031,17.115931,18.748167,0.013500
,,447.331024,3.999450,3.986250,3.994027,20.113031,17.115931,18.748484,0.013200
448.299988,3.900000,447.341431,3.999450,3.986400,3.994120,20.113031,17.115931,18.748957,0.013050
,,447.350037,3.999750,3.986700,3.994197,20.113031,17.115931,18.749825,0.013050
448.299988,3.900000,447.354248,3.999900,3.986400,3.994234,20.113031,17.115931,18.750059,0.013500
,,447.358246,4.000050,3.986250,3.994270,20.118097,17.115931,18.750849,0.013800
448.399994,3.900000,447.356598,3.999750,3.986400,3.994255,20.118097,17.115931,18.751478,0.013350
,,447.366180,3.999750,3.986550,3.994341,20.118097,17.115931,18.752657,0.013200
448.299988,3.900000,447.380157,3.999900,3.986850,3.994466,20.118097,17.120966,18.752974,0.013050
,,447.384491,3.999900,3.987000,3.994504,20.118097,17.115931,18.753998,0.012900
448.399994,3.900000,447.392578,4.000350,3.986700,3.994577,20.118097,17.120966,18.754860,0.013650
,,447.394806,4.000350,3.986550,3.994596,20.118097,17.115931,18.754866,0.013800
448.399994,3.900000,447.395416,4.000050,3.986700,3.994602,20.123133,17.120966,18.755568,0.013350
,,447.395142,4.000050,3.986850,3.994600,20.118097,17.120966,18.755886,0.013200
448.399994,3.900000,447.407898,4.000050,3.987000,3.994713,20.123133,17.126001,18.756987,0.013050
,,447.414398,4.000200,3.987150,3.994771,20.123133,17.120966,18.757458,0.013050
448.399994,3.900000,447.419647,4.000650,3.986850,3.994818,20.123133,17.120966,18.757854,0.013800
,,447.425079,4.000650,3.986850,3.994867,20.123133,17.120966,18.758406,0.013800
448.399994,3.900000,447.423309,4.000350,3.987000,3.994851,20.123133,17.126001,18.759584,0.013350
,,447.424408,4.000350,3.987000,3.994861,20.123133,17.126001,18.760057,0.013350
448.399994,3.900000,447.436829,4.000500,3.987450,3.994972,20.128199,17.126001,18.760607,0.013050
,,447.442261,4.000500,3.987450,3.995020,20.128199,17.126001,18.761158,0.013050
448.399994,3.900000,447.446014,4.000650,3.987300,3.995054,20.128199,17.126001,18.761629,0.013350
,,447.452728,4.000800,3.987150,3.995114,20.128199,17.126001,18.762337,0.013650
448.399994,3.900000,447.453430,4.000650,3.987000,3.995120,20.128199,17.126001,18.762730,0.013650
448.399994,3.900000,447.456604,4.000500,3.987150,3.995148,20.128199,17.131006,18.763514,0.013350
,,447.470184,4.000650,3.987600,3.995270,20.128199,17.126001,18.764381,0.013050
448.399994,3.900000,447.479034,4.000800,3.987750,3.995348,20.128199,17.131006,18.765404,0.013050
,,447.484711,4.001250,3.987300,3.995399,20.133265,17.131006,18.766195,0.013950
448.500000,3.900000,447.485077,4.001100,3.987300,3.995403,20.133265,17.131006,18.766428,0.013800
,,447.486694,4.000800,3.987600,3.995417,20.133265,17.131006,18.767300,0.013200
448.500000,3.900000,447.496399,4.000950,3.987900,3.995504,20.133265,17.131006,18.767771,0.013050
,,447.501892,4.001250,3.987600,3.995553,20.133265,17.131006,18.768087,0.013650
448.500000,3.900000,447.509491,4.001550,3.987450,3.995620,20.133265,17.131006,18.768320,0.014100
,,447.506439,4.001100,3.987750,3.995593,20.138300,17.131006,18.769503,0.013350
448.500000,3.900000,447.511292,4.001100,3.987900,3.995636,20.138300,17.131006,18.769741,0.013200
,,447.519287,4.001250,3.988050,3.995708,20.138300,17.136042,18.770445,0.013200
448.500000,3.900000,447.530365,4.001550,3.987750,3.995807,20.138300,17.136042,18.770920,0.013800
,,447.524780,4.001250,3.987750,3.995757,20.138300,17.136042,18.771862,0.013500
448.500000,3.900000,447.530090,4.001250,3.987900,3.995804,20.138300,17.131006,18.772257,0.013350
,,447.540253,4.001400,3.988350,3.995895,20.138300,17.136042,18.773279,0.013050
448.399994,3.900000,447.546967,4.001550,3.988200,3.995955,20.138300,17.131006,18.773436,0.013350
,,447.549011,4.001700,3.987900,3.995973,20.138300,17.136042,18.774225,0.013800
448.500000,3.900000,447.551025,4.001550,3.988050,3.995991,20.143366,17.136042,18.774538,0.013500
448.500000,3.900000,447.555939,4.001400,3.988350,3.996035,20.138300,17.136042,18.775091,0.013050
448.600006,3.900000,447.574738,4.001700,3.988650,3.996203,20.143366,17.141077,18.776903,0.013050
,,447.578156,4.002000,3.988350,3.996233,20.143366,17.141077,18.777218,0.013650
448.600006,3.900000,447.582764,4.002000,3.988200,3.996275,20.143366,17.136042,18.777531,0.013800
,,447.583771,4.002000,3.988200,3.996284,20.143366,17.141077,18.778711,0.013800
448.500000,3.900000,447.585144,4.001850,3.988350,3.996296,20.143366,17.141077,18.778950,0.013500
,,447.588562,4.001700,3.988500,3.996326,20.148401,17.141077,18.779497,0.013200
448.600006,3.900000,447.598297,4.001850,3.988650,3.996413,20.148401,17.141077,18.780365,0.013200
,,447.606842,4.002000,3.988650,3.996490,20.148401,17.141077,18.780994,0.013350
448.600006,3.900000,447.609558,4.002150,3.988500,3.996514,20.148401,17.141077,18.781387,0.013650
,,447.614197,4.002300,3.988500,3.996555,20.148401,17.141077,18.781782,0.013800
448.600006,3.900000,447.615265,4.002300,3.988650,3.996565,20.148401,17.141077,18.782412,0.013650
,,447.619751,4.002000,3.988650,3.996605,20.153467,17.146112,18.783041,0.013350
448.600006,3.900000,447.627930,4.002150,3.988950,3.996678,20.153467,17.141077,18.783594,0.013200
,,447.635284,4.002150,3.988950,3.996744,20.153467,17.146112,18.784063,0.013200
448.600006,3.900000,447.640381,4.002600,3.988950,3.996789,20.153467,17.146112,18.784378,0.013650
,,447.647461,4.002750,3.988650,3.996852,20.153467,17.146112,18.785400,0.014100
448.600006,3.900000,447.647400,4.002750,3.988650,3.996852,20.153467,17.146112,18.785875,0.014100
,,447.649933,4.002450,3.988950,3.996874,20.153467,17.146112,18.786587,0.013500
448.600006,3.900000,447.651031,4.002300,3.988950,3.996884,20.153467,17.146112,18.787214,0.013350
,,447.663300,4.002450,3.989250,3.996994,20.158533,17.146112,18.788635,0.013200
448.600006,3.900000,447.678375,4.002600,3.989400,3.997128,20.158533,17.146112,18.789186,0.013200
,,447.679596,4.002750,3.989400,3.997139,20.158533,17.146112,18.789343,0.013350
448.700012,3.900000,447.692047,4.003200,3.989100,3.997250,20.158533,17.151117,18.790527,0.014100
,,447.692657,4.003200,3.989100,3.997256,20.158533,17.151117,18.790997,0.014100
448.600006,3.900000,447.690094,4.002750,3.989250,3.997233,20.158533,17.151117,18.791943,0.013500
,,447.694519,4.002750,3.989250,3.997272,20.158533,17.151117,18.792021,0.013500
448.600006,3.900000,447.705292,4.002900,3.989850,3.997369,20.163568,17.151117,18.792572,0.013050
,,447.712311,4.002900,3.989700,3.997431,20.163568,17.151117,18.793043,0.013200
448.700012,3.900000,447.717529,4.003050,3.989400,3.997478,20.163568,17.156153,18.793673,0.013650
,,447.724609,4.003500,3.989400,3.997541,20.163568,17.156153,18.793673,0.014100
448.700012,3.900000,447.722382,4.003200,3.989400,3.997521,20.163568,17.156153,18.795008,0.013800
,,447.724976,4.003050,3.989550,3.997545,20.163568,17.156153,18.795008,0.013500
448.700012,3.900000,447.731842,4.003050,3.989850,3.997606,20.163568,17.156153,18.796423,0.013200
,,447.739716,4.003050,3.990000,3.997676,20.163568,17.156153,18.796816,0.013050
448.700012,3.900000,447.744385,4.003500,3.989850,3.997718,20.168634,17.156153,18.797447,0.013650
,,447.755096,4.003650,3.989700,3.997813,20.168634,17.156153,18.797682,0.013950
448.700012,3.900000,447.749115,4.003500,3.989700,3.997760,20.168634,17.156153,18.798626,0.013800
448.700012,3.900000,447.754852,4.003500,3.989850,3.997811,20.168634,17.156153,18.798628,0.013650
,,447.766907,4.003350,3.990150,3.997919,20.168634,17.161188,18.800360,0.013200
448.799988,3.900000,447.777313,4.003500,3.990300,3.998012,20.168634,17.156153,18.801460,0.013200
,,447.783173,4.003800,3.990150,3.998064,20.168634,17.161188,18.801067,0.013650
448.799988,3.900000,447.789185,4.004100,3.990000,3.998118,20.173700,17.161188,18.802643,0.014100
,,447.787079,4.003800,3.990000,3.998099,20.168634,17.161188,18.803118,0.013800
448.799988,3.900000,447.790100,4.003650,3.990000,3.998126,20.173700,17.161188,18.803589,0.013650
,,447.798584,4.003800,3.990300,3.998202,20.173700,17.161188,18.804058,0.013500
448.700012,3.900000,447.806854,4.003800,3.990600,3.998276,20.173700,17.161188,18.804848,0.013200
,,447.812714,4.004250,3.990150,3.998328,20.173700,17.161188,18.804768,0.014100
448.799988,3.900000,447.819427,4.004400,3.990150,3.998388,20.173700,17.161188,18.805632,0.014250
,,447.813873,4.003800,3.990300,3.998338,20.173700,17.161188,18.805870,0.013500
448.799988,3.900000,447.819214,4.003950,3.990300,3.998386,20.178736,17.161188,18.806973,0.013650
,,447.829102,4.003950,3.990750,3.998474,20.178736,17.166193,18.807446,0.013200
448.899994,3.900000,447.836914,4.004100,3.990750,3.998544,20.178736,17.161188,18.808153,0.013350
,,447.844513,4.004400,3.990450,3.998612,20.178736,17.166193,18.808863,0.013950
448.799988,3.900000,447.846313,4.004550,3.990300,3.998628,20.178736,17.166193,18.809019,0.014250
,,447.844574,4.004100,3.990450,3.998612,20.178736,17.166193,18.810360,0.013650
448.799988,3.900000,447.843231,4.004100,3.990750,3.998600,20.178736,17.166193,18.810595,0.013350
448.799988,3.900000,447.861053,4.004250,3.990900,3.998760,20.183802,17.166193,18.810911,0.013350
448.899994,3.900000,447.872742,4.004400,3.990900,3.998864,20.178736,17.166193,18.812719,0.013500
,,447.875427,4.004850,3.990600,3.998888,20.183802,17.166193,18.813112,0.014250
448.799988,3.900000,447.878540,4.004700,3.990750,3.998915,20.183802,17.171228,18.813744,0.013950
,,447.878540,4.004400,3.990900,3.998915,20.183802,17.166193,18.814373,0.013500
448.899994,3.900000,447.888031,4.004550,3.991200,3.999000,20.183802,17.171228,18.814770,0.013350
,,447.893524,4.004550,3.990900,3.999049,20.188868,17.171228,18.815319,0.013650
448.899994,3.900000,447.901489,4.004850,3.991200,3.999120,20.188868,17.171228,18.815950,0.013650
,,447.909576,4.005150,3.991050,3.999193,20.188868,17.171228,18.816343,0.014100
448.899994,3.900000,447.913879,4.005150,3.990900,3.999231,20.188868,17.171228,18.817209,0.014250
,,447.909943,4.004700,3.990900,3.999196,20.188868,17.171228,18.817995,0.013800
448.899994,3.900000,447.912292,4.004700,3.991050,3.999217,20.188868,17.176264,18.818468,0.013650
,,447.918365,4.004700,3.991350,3.999271,20.188868,17.171228,18.819569,0.013350
448.899994,3.900000,447.928619,4.005000,3.991500,3.999363,20.188868,17.176264,18.819727,0.013500
,,447.936829,4.005000,3.991650,3.999436,20.188868,17.176264,18.820435,0.013350
448.899994,3.900000,447.942596,4.005300,3.991650,3.999487,20.193903,17.176264,18.820906,0.013650
,,447.949249,4.005450,3.991350,3.999547,20.193903,17.176264,18.820829,0.014100
449.000000,3.900000,447.951080,4.005450,3.991350,3.999563,20.193903,17.176264,18.821774,0.014100
,,447.955933,4.005300,3.991500,3.999607,20.193903,17.176264,18.822088,0.013800
448.899994,3.900000,447.952576,4.005150,3.991500,3.999577,20.193903,17.176264,18.822641,0.013650
448.899994,3.900000,447.964294,4.005150,3.991500,3.999681,20.193903,17.176264,18.824295,0.013650
,,447.976929,4.005450,3.991950,3.999794,20.198969,17.181299,18.825319,0.013500
448.899994,3.900000,447.982330,4.005450,3.992100,3.999842,20.193903,17.176264,18.825476,0.013350
,,447.990387,4.005900,3.991650,3.999914,20.193903,17.181299,18.826183,0.014250
448.899994,3.900000,447.993164,4.005900,3.991650,3.999939,20.193903,17.176264,18.826735,0.014250
,,447.989105,4.005450,3.991800,3.999903,20.198969,17.176264,18.826973,0.013650
449.000000,3.900000,447.995483,4.005600,3.991950,3.999960,20.198969,17.181299,18.827522,0.013650
,,448.008301,4.005600,3.992250,4.000074,20.198969,17.181299,18.828232,0.013350
449.000000,3.900000,448.015656,4.005900,3.991950,4.000140,20.198969,17.181299,18.829332,0.013950
,,448.017883,4.006200,3.991800,4.000160,20.198969,17.181299,18.829725,0.014400
449.000000,3.900000,448.018951,4.005900,3.992100,4.000169,20.204035,17.181299,18.830120,0.013800
,,448.023865,4.005750,3.992100,4.000213,20.198969,17.181299,18.830669,0.013650
449.000000,3.900000,448.031708,4.005900,3.992400,4.000283,20.204035,17.186304,18.831612,0.013500
,,448.038971,4.006200,3.992250,4.000348,20.204035,17.186304,18.831928,0.013950
449.000000,3.900000,448.043579,4.006350,3.991950,4.000389,20.204035,17.186304,18.832165,0.014400
,,448.036713,4.005900,3.992100,4.000328,20.204035,17.181299,18.832008,0.013800
449.000000,3.900000,448.046600,4.006050,3.992250,4.000416,20.204035,17.186304,18.833424,0.013800
,,448.057556,4.006050,3.992550,4.000514,20.204035,17.186304,18.834211,0.013500
449.000000,3.900000,448.065979,4.006500,3.992400,4.000589,20.209070,17.186304,18.834606,0.014100
,,448.074036,4.006650,3.992100,4.000661,20.209070,17.186304,18.836180,0.014550
449.000000,3.900000,448.079437,4.006650,3.992400,4.000709,20.209070,17.186304,18.836416,0.014250
,,448.076416,4.006200,3.992550,4.000682,20.209070,17.186304,18.837204,0.013650
449.000000,3.900000,448.079681,4.006200,3.992550,4.000711,20.209070,17.186304,18.837440,0.013650
,,448.094086,4.006500,3.992850,4.000840,20.214136,17.191339,18.838305,0.013650
449.000000,3.900000,448.096649,4.006500,3.993000,4.000863,20.214136,17.191339,18.838856,0.013500
,,448.104767,4.006800,3.993000,4.000936,20.209070,17.191339,18.839643,0.013800
449.100006,3.900000,448.114075,4.006950,3.992850,4.001019,20.209070,17.191339,18.839958,0.014100
,,448.114380,4.006950,3.992700,4.001021,20.214136,17.191339,18.840904,0.014250
449.100006,3.900000,448.120117,4.006950,3.992700,4.001072,20.214136,17.191339,18.841217,0.014250
,,448.113556,4.006500,3.992850,4.001014,20.214136,17.191339,18.841610,0.013650
449.100006,3.900000,448.123749,4.006650,3.993000,4.001105,20.214136,17.191339,18.842319,0.013650
,,448.131226,4.006650,3.993300,4.001172,20.214136,17.191339,18.842869,0.013350
449.100006,3.900000,448.139130,4.006950,3.993450,4.001242,20.219172,17.191339,18.843426,0.013500
,,448.147980,4.007100,3.993150,4.001321,20.219172,17.191339,18.844130,0.013950
449.100006,3.900000,448.151733,4.007400,3.993000,4.001355,20.214136,17.196375,18.844448,0.014400
,,448.154022,4.007400,3.993000,4.001375,20.219172,17.191339,18.844843,0.014400
449.100006,3.900000,448.157104,4.007100,3.993000,4.001403,20.219172,17.196375,18.846024,0.014100
449.200012,3.900000,448.154663,4.006950,3.993150,4.001381,20.219172,17.196375,18.846655,0.013800
449.100006,3.900000,448.166382,4.007100,3.993300,4.001485,20.219172,17.196375,18.847675,0.013800
,,448.180054,4.007250,3.993600,4.001607,20.219172,17.196375,18.848385,0.013650
449.200012,3.900000,448.184662,4.007250,3.993750,4.001649,20.219172,17.196375,18.849092,0.013500
,,448.193817,4.007550,3.993750,4.001730,20.224237,17.196375,18.849489,0.013800
449.100006,3.900000,448.197144,4.007850,3.993150,4.001760,20.224237,17.201380,18.850197,0.014700
,,448.202362,4.007550,3.993450,4.001807,20.224237,17.196375,18.850904,0.014100
449.200012,3.900000,448.197205,4.007400,3.993600,4.001761,20.224237,17.201380,18.850983,0.013800
,,448.205933,4.007400,3.993750,4.001839,20.224237,17.201380,18.851849,0.013650
449.200012,3.900000,448.217346,4.007550,3.994050,4.001941,20.224237,17.201380,18.852478,0.013500
,,448.218628,4.007550,3.994050,4.001952,20.229303,17.201380,18.853266,0.013500
449.200012,3.900000,448.229492,4.007850,3.994050,4.002049,20.224237,17.201380,18.853815,0.013800
,,448.234161,4.008150,3.993750,4.002091,20.229303,17.201380,18.854128,0.014400
449.200012,3.900000,448.238037,4.008150,3.993600,4.002125,20.229303,17.201380,18.854839,0.014550
,,448.239899,4.008000,3.993900,4.002142,20.229303,17.201380,18.855074,0.014100
449.200012,3.900000,448.234711,4.007850,3.993900,4.002096,20.229303,17.201380,18.856176,0.013950
,,448.248016,4.007850,3.994050,4.002214,20.229303,17.201380,18.856176,0.013800
449.200012,3.900000,448.255585,4.007850,3.994350,4.002282,20.229303,17.206415,18.857201,0.013500
,,448.259369,4.008000,3.994350,4.002316,20.229303,17.206415,18.857750,0.013650
449.299988,3.900000,448.270386,4.008300,3.994350,4.002414,20.229303,17.206415,18.858301,0.013950
449.299988,3.900000,448.278809,4.008450,3.993900,4.002490,20.229303,17.206415,18.859406,0.014550
,,448.278229,4.008000,3.994200,4.002484,20.234339,17.206415,18.860039,0.013800
449.299988,3.900000,448.278107,4.008150,3.994200,4.002483,20.234339,17.206415,18.860434,0.013950
,,448.292450,4.008150,3.994650,4.002611,20.234339,17.206415,18.861219,0.013500
449.299988,3.900000,448.301086,4.008450,3.994650,4.002688,20.234339,17.206415,18.861773,0.013800
,,448.305725,4.008900,3.994200,4.002730,20.234339,17.211451,18.862637,0.014700
449.299988,3.900000,448.311188,4.008750,3.994350,4.002779,20.234339,17.206415,18.862797,0.014400
,,448.305634,4.008450,3.994500,4.002729,20.234339,17.211451,18.863663,0.013950
449.299988,3.900000,448.320099,4.008600,3.994950,4.002858,20.239405,17.211451,18.864054,0.013650
,,448.326111,4.008600,3.994800,4.002912,20.239405,17.211451,18.864920,0.013800
449.299988,3.900000,448.332153,4.008900,3.994500,4.002965,20.239405,17.211451,18.865391,0.014400
,,448.333038,4.008900,3.994500,4.002974,20.239405,17.211451,18.866337,0.014400
449.299988,3.900000,448.332031,4.008600,3.994650,4.002964,20.239405,17.216486,18.866415,0.013950
,,448.333069,4.008600,3.994650,4.002974,20.244471,17.211451,18.867205,0.013950
449.399994,3.900000,448.347076,4.008750,3.995100,4.003099,20.244471,17.211451,18.867519,0.013650
,,448.356537,4.008900,3.995100,4.003183,20.244471,17.216486,18.868389,0.013800
449.299988,3.900000,448.363037,4.009200,3.994950,4.003242,20.244471,17.211451,18.868860,0.014250
,,448.364960,4.009200,3.994800,4.003259,20.244471,17.216486,18.869804,0.014400
449.299988,3.900000,448.363831,4.008900,3.994950,4.003249,20.244471,17.216486,18.870197,0.013950
,,448.373535,4.008900,3.995100,4.003335,20.244471,17.216486,18.871613,0.013800
449.299988,3.900000,448.384796,4.009050,3.995550,4.003436,20.249506,17.216486,18.872005,0.013500
,,448.391815,4.009200,3.995400,4.003499,20.249506,17.216486,18.872635,0.013800
449.399994,3.900000,448.396393,4.009650,3.994950,4.003539,20.244471,17.221491,18.873264,0.014700
,,448.401184,4.009650,3.995100,4.003582,20.249506,17.216486,18.873890,0.014550
449.399994,3.900000,448.396851,4.009050,3.995250,4.003543,20.249506,17.216486,18.874285,0.013800
,,448.412262,4.009350,3.995250,4.003681,20.249506,17.221491,18.875149,0.014100
449.399994,3.900000,448.416138,4.009350,3.995700,4.003716,20.249506,17.221491,18.875542,0.013650
,,448.429016,4.009800,3.995700,4.003830,20.249506,17.221491,18.876251,0.014100
449.399994,3.900000,448.428223,4.009950,3.995250,4.003823,20.249506,17.221491,18.876642,0.014700
,,448.427032,4.009800,3.995400,4.003813,20.249506,17.221491,18.877193,0.014400
449.399994,3.900000,448.431671,4.009500,3.995700,4.003854,20.254572,17.221491,18.877748,0.013800
,,448.438416,4.009500,3.995850,4.003914,20.254572,17.221491,18.878220,0.013650
449.399994,3.900000,448.448517,4.009650,3.995850,4.004004,20.254572,17.226526,18.879244,0.013800
,,448.448517,4.009650,3.995850,4.004004,20.254572,17.221491,18.879715,0.013800
449.399994,3.900000,448.455383,4.009950,3.995550,4.004066,20.254572,17.221491,18.879953,0.014400
,,448.456329,4.009800,3.995850,4.004075,20.254572,17.221491,18.880032,0.013950
449.399994,3.900000,448.465454,4.009800,3.996150,4.004156,20.254572,17.226526,18.881292,0.013650
449.399994,3.900000,448.474152,4.009950,3.995850,4.004233,20.254572,17.226526,18.881924,0.014100
,,448.488098,4.010550,3.995850,4.004358,20.259638,17.226526,18.883265,0.014700
449.399994,3.900000,448.488098,4.010250,3.995850,4.004358,20.259638,17.226526,18.883816,0.014400
,,448.488831,4.009950,3.996300,4.004364,20.259638,17.226526,18.884209,0.013650
449.500000,3.900000,448.498077,4.010100,3.996450,4.004447,20.259638,17.226526,18.884758,0.013650
,,448.506897,4.010700,3.996000,4.004526,20.259638,17.226526,18.885468,0.014700
449.500000,3.900000,448.508301,4.010550,3.996000,4.004539,20.259638,17.231562,18.886333,0.014550
,,448.512024,4.010250,3.996300,4.004571,20.259638,17.226526,18.886728,0.013950
449.500000,3.900000,448.519287,4.010400,3.996600,4.004636,20.264673,17.231562,18.887201,0.013800
,,448.526306,4.010700,3.996300,4.004699,20.264673,17.231562,18.887514,0.014400
449.500000,3.900000,448.526825,4.010550,3.996300,4.004704,20.264673,17.231562,18.888380,0.014250
,,448.531036,4.010400,3.996750,4.004741,20.264673,17.231562,18.889246,0.013650
449.500000,3.900000,448.540039,4.010550,3.996750,4.004822,20.264673,17.231562,18.889482,0.013800
,,448.546631,4.011000,3.996300,4.004880,20.264673,17.231562,18.890270,0.014700
449.500000,3.900000,448.548615,4.010850,3.996300,4.004899,20.264673,17.231562,18.890665,0.014550
,,448.553467,4.010550,3.996750,4.004941,20.264673,17.231562,18.891529,0.013800
449.500000,3.900000,448.560455,4.010700,3.996900,4.005004,20.269739,17.236597,18.891926,0.013800
,,448.566254,4.011150,3.996600,4.005056,20.269739,17.236597,18.892082,0.014550
449.500000,3.900000,448.569244,4.011000,3.996600,4.005083,20.269739,17.236597,18.892948,0.014400
449.500000,3.900000,448.574738,4.010850,3.996900,4.005132,20.269739,17.236597,18.893812,0.013950
449.500000,3.900000,448.588440,4.011000,3.997200,4.005254,20.269739,17.236597,18.895546,0.013800
,,448.596344,4.011450,3.996750,4.005324,20.269739,17.236597,18.895782,0.014700
449.600006,3.900000,448.599060,4.011450,3.996750,4.005349,20.274805,17.236597,18.896097,0.014700
,,448.596497,4.011000,3.996900,4.005326,20.274805,17.236597,18.896965,0.014100
449.600006,3.900000,448.603851,4.011150,3.997200,4.005392,20.274805,17.236597,18.897909,0.013950
,,448.614594,4.011300,3.997350,4.005487,20.274805,17.236597,18.898144,0.013950
449.600006,3.900000,448.620483,4.011450,3.997200,4.005540,20.274805,17.241602,18.898537,0.014250
,,448.623840,4.011750,3.996900,4.005570,20.274805,17.241602,18.898932,0.014850
449.600006,3.900000,448.626678,4.011450,3.997050,4.005595,20.274805,17.241602,18.899874,0.014400
,,448.626617,4.011300,3.997350,4.005595,20.274805,17.241602,18.900345,0.013950
449.600006,3.900000,448.640137,4.011450,3.997500,4.005715,20.279840,17.241602,18.900974,0.013950
,,448.648132,4.011600,3.997500,4.005787,20.274805,17.241602,18.901525,0.014100
449.600006,3.900000,448.653992,4.012050,3.997200,4.005839,20.279840,17.241602,18.901918,0.014850
,,448.651642,4.011750,3.997200,4.005818,20.279840,17.241602,18.902470,0.014550
449.600006,3.900000,448.651825,4.011600,3.997350,4.005820,20.279840,17.241602,18.903650,0.014250
,,448.664246,4.011600,3.997800,4.005931,20.284906,17.246637,18.903887,0.013800
449.600006,3.900000,448.671600,4.011750,3.997950,4.005996,20.284906,17.241602,18.904596,0.013800
,,448.679871,4.012200,3.997500,4.006070,20.279840,17.246637,18.904751,0.014700
449.700012,3.900000,448.681000,4.012350,3.997500,4.006080,20.284906,17.246637,18.905224,0.014850
,,448.689880,4.012200,3.997650,4.006160,20.284906,17.246637,18.905224,0.014550
449.600006,3.900000,448.691437,4.011900,3.997800,4.006174,20.284906,17.246637,18.907747,0.014100
,,448.697632,4.011900,3.998250,4.006229,20.284906,17.246637,18.907747,0.013650
449.700012,3.900000,448.706390,4.012350,3.998100,4.006307,20.284906,17.246637,18.908455,0.014250
,,448.717651,4.012500,3.997800,4.006408,20.289972,17.246637,18.909008,0.014700
449.700012,3.900000,448.714111,4.012500,3.997800,4.006376,20.284906,17.246637,18.909481,0.014700
,,448.716492,4.012200,3.997800,4.006397,20.289972,17.246637,18.910034,0.014400
449.600006,3.900000,448.724091,4.012200,3.998250,4.006465,20.289972,17.246637,18.910898,0.013950
,,448.733551,4.012350,3.998400,4.006549,20.289972,17.251673,18.911766,0.013950
449.700012,3.900000,448.741669,4.012650,3.998100,4.006622,20.289972,17.251673,18.912003,0.014550
,,448.746582,4.012800,3.998100,4.006666,20.289972,17.251673,18.912945,0.014700
449.700012,3.900000,448.744049,4.012500,3.998100,4.006643,20.289972,17.251673,18.912947,0.014400
,,448.745087,4.012500,3.998250,4.006652,20.289972,17.251673,18.914047,0.014250
449.700012,3.900000,448.760620,4.012500,3.998700,4.006791,20.295038,17.251673,18.914286,0.013800
,,448.765594,4.012800,3.998550,4.006835,20.289972,17.251673,18.914522,0.014250
449.700012,3.900000,448.774994,4.013100,3.998250,4.006919,20.295038,17.251673,18.915232,0.014850
,,448.772675,4.012950,3.998250,4.006899,20.295038,17.251673,18.916021,0.014700
449.700012,3.900000,448.772675,4.012800,3.998400,4.006899,20.295038,17.256678,18.916492,0.014400
449.700012,3.900000,448.779694,4.012650,3.998700,4.006961,20.295038,17.256678,18.917122,0.013950
,,448.795990,4.012800,3.998850,4.007107,20.295038,17.256678,18.918619,0.013950
449.799988,3.900000,448.806488,4.013250,3.998700,4.007201,20.300074,17.256678,18.919012,0.014550
,,448.807709,4.013400,3.998550,4.007212,20.300074,17.256678,18.919641,0.014850
449.799988,3.900000,448.809265,4.013100,3.998550,4.007226,20.300074,17.256678,18.919876,0.014550
,,448.811127,4.012950,3.998700,4.007242,20.295038,17.256678,18.920584,0.014250
449.799988,3.900000,448.822845,4.013100,3.999000,4.007347,20.300074,17.256678,18.921057,0.014100
,,448.829773,4.013400,3.999150,4.007409,20.300074,17.256678,18.922077,0.014250
449.799988,3.900000,448.841583,4.013700,3.998850,4.007514,20.300074,17.256678,18.922630,0.014850
,,448.834564,4.013550,3.998850,4.007452,20.300074,17.256678,18.922707,0.014700
449.799988,3.900000,448.840210,4.013400,3.998850,4.007502,20.300074,17.261713,18.924042,0.014550
,,448.848114,4.013400,3.999300,4.007573,20.305140,17.261713,18.924280,0.014100
449.799988,3.900000,448.856873,4.013400,3.999450,4.007651,20.305140,17.261713,18.924988,0.013950
,,448.863190,4.013850,3.999150,4.007707,20.305140,17.261713,18.925070,0.014700
449.799988,3.900000,448.866943,4.014000,3.999000,4.007740,20.305140,17.261713,18.926094,0.015000
,,448.865997,4.013700,3.999150,4.007732,20.305140,17.261713,18.926565,0.014550
449.899994,3.900000,448.866516,4.013400,3.999300,4.007737,20.305140,17.261713,18.927118,0.014100
,,448.880219,4.013550,3.999600,4.007859,20.305140,17.261713,18.927750,0.013950
449.899994,3.900000,448.883545,4.013850,3.999600,4.007889,20.305140,17.261713,18.928143,0.014250
449.899994,3.900000,448.895935,4.014150,3.999300,4.007999,20.310205,17.266748,18.929165,0.014850
449.799988,3.900000,448.902863,4.014300,3.999450,4.008061,20.310205,17.266748,18.930271,0.014850
,,448.901306,4.013850,3.999450,4.008048,20.310205,17.266748,18.930977,0.014400
449.899994,3.900000,448.905975,4.013850,3.999750,4.008089,20.310205,17.266748,18.931452,0.014100
,,448.918793,4.014000,3.999900,4.008204,20.310205,17.271784,18.932163,0.014100
449.899994,3.900000,448.928192,4.014300,3.999900,4.008287,20.310205,17.266748,18.932558,0.014400
,,448.935394,4.014450,3.999750,4.008352,20.315241,17.266748,18.933186,0.014700
449.899994,3.900000,448.935211,4.014450,3.999600,4.008350,20.315241,17.266748,18.933659,0.014850
,,448.935791,4.014300,3.999750,4.008355,20.315241,17.271784,18.933815,0.014550
449.899994,3.900000,448.934601,4.014150,3.999900,4.008345,20.315241,17.271784,18.934603,0.014250
,,448.946960,4.014300,4.000050,4.008455,20.315241,17.271784,18.935312,0.014250
449.899994,3.900000,448.955170,4.014300,4.000350,4.008528,20.315241,17.266748,18.936020,0.013950
,,448.959595,4.014450,4.000050,4.008568,20.315241,17.271784,18.936096,0.014400
450.000000,3.900000,448.970184,4.014900,4.000050,4.008662,20.315241,17.271784,18.937120,0.014850
,,448.968170,4.014750,3.999900,4.008645,20.315241,17.271784,18.937357,0.014850
450.000000,3.900000,448.971313,4.014600,3.999900,4.008672,20.320307,17.271784,18.938776,0.014700
,,448.973419,4.014450,4.000200,4.008691,20.320307,17.271784,18.938936,0.014250
450.000000,3.900000,448.981018,4.014450,4.000500,4.008759,20.320307,17.276789,18.939247,0.013950
,,448.990662,4.014600,4.000650,4.008845,20.320307,17.271784,18.939878,0.013950
450.000000,3.900000,448.993958,4.014600,4.000650,4.008874,20.320307,17.271784,18.940193,0.013950
449.899994,3.900000,449.009033,4.014750,4.000650,4.009009,20.320307,17.276789,18.942314,0.014100
,,449.019135,4.015350,4.000350,4.009099,20.325373,17.276789,18.942474,0.015000
450.000000,3.900000,449.021240,4.015200,4.000350,4.009118,20.325373,17.276789,18.943182,0.014850
,,449.019379,4.014900,4.000650,4.009101,20.325373,17.276789,18.943577,0.014250
450.000000,3.900000,449.028168,4.014900,4.000800,4.009180,20.325373,17.276789,18.944202,0.014100
,,449.038849,4.015350,4.000800,4.009275,20.325373,17.276789,18.944599,0.014550
450.000000,3.900000,449.044586,4.015500,4.000800,4.009326,20.325373,17.281824,18.945698,0.014700
,,449.043335,4.015350,4.000500,4.009315,20.325373,17.276789,18.946093,0.014850
450.000000,3.900000,449.045013,4.015200,4.000650,4.009330,20.330408,17.281824,18.947353,0.014550
,,449.054596,4.015200,4.000950,4.009416,20.325373,17.281824,18.947273,0.014250
450.100006,3.900000,449.060211,4.015200,4.001250,4.009466,20.330408,17.281824,18.948141,0.013950
,,449.071075,4.015650,4.000950,4.009563,20.330408,17.281824,18.948219,0.014700
450.100006,3.900000,449.075745,4.015800,4.000800,4.009605,20.330408,17.281824,18.948927,0.015000
,,449.071014,4.015500,4.000950,4.009562,20.330408,17.281824,18.949089,0.014550
450.000000,3.900000,449.073639,4.015350,4.000950,4.009586,20.330408,17.281824,18.949715,0.014400
,,449.085480,4.015500,4.001400,4.009692,20.330408,17.281824,18.950428,0.014100
450.100006,3.900000,449.090637,4.015500,4.001550,4.009738,20.335474,17.281824,18.951218,0.013950
,,449.102264,4.016100,4.001250,4.009841,20.335474,17.281824,18.951927,0.014850
450.100006,3.900000,449.106140,4.016100,4.001100,4.009876,20.330408,17.286860,18.952322,0.015000
,,449.115265,4.016250,4.001100,4.009958,20.335474,17.286860,18.953976,0.015150
450.000000,3.900000,449.118927,4.016100,4.001250,4.009990,20.335474,17.286860,18.954132,0.014850
,,449.119324,4.015950,4.001250,4.009994,20.335474,17.286860,18.954369,0.014700
450.100006,3.900000,449.121216,4.015800,4.001400,4.010011,20.335474,17.286860,18.954998,0.014400
,,449.132416,4.015950,4.001700,4.010111,20.335474,17.286860,18.956099,0.014250
450.100006,3.900000,449.139435,4.015950,4.001850,4.010173,20.340540,17.286860,18.956730,0.014100
,,449.145508,4.015950,4.001850,4.010228,20.340540,17.286860,18.957123,0.014100
450.100006,3.900000,449.155121,4.016250,4.001850,4.010314,20.340540,17.286860,18.957909,0.014400
,,449.160919,4.016700,4.001550,4.010365,20.340540,17.286860,18.958145,0.015150
450.100006,3.900000,449.164001,4.016700,4.001550,4.010393,20.340540,17.291895,18.959091,0.015150
,,449.167694,4.016700,4.001550,4.010426,20.340540,17.286860,18.959249,0.015150
450.100006,3.900000,449.165405,4.016250,4.001700,4.010406,20.340540,17.291895,18.959642,0.014550
,,449.169495,4.016250,4.001850,4.010442,20.340540,17.291895,18.960272,0.014400
450.100006,3.900000,449.179474,4.016250,4.002000,4.010531,20.340540,17.291895,18.960745,0.014250
,,449.185913,4.016400,4.002300,4.010589,20.340540,17.291895,18.961767,0.014100
450.100006,3.900000,449.193359,4.016550,4.002300,4.010655,20.345606,17.291895,18.962238,0.014250
,,449.203094,4.016700,4.002150,4.010742,20.345606,17.291895,18.963106,0.014550
450.200012,3.900000,449.205566,4.017000,4.001850,4.010764,20.345606,17.291895,18.962870,0.015150
450.200012,3.900000,449.210571,4.017000,4.001850,4.010808,20.345606,17.291895,18.963972,0.015150
450.200012,3.900000,449.224274,4.017150,4.002150,4.010931,20.345606,17.296900,18.965391,0.015000
,,449.227051,4.017000,4.002150,4.010956,20.350641,17.296900,18.966099,0.014850
450.200012,3.900000,449.212830,4.016850,4.002000,4.010829,20.345606,17.296900,18.966415,0.014850
,,449.224762,4.016700,4.002300,4.010935,20.350641,17.296900,18.966967,0.014400
450.200012,3.900000,449.237976,4.016850,4.002450,4.011054,20.350641,17.296900,18.967678,0.014400
,,449.247070,4.016850,4.002750,4.011135,20.350641,17.296900,18.968229,0.014100
450.200012,3.900000,449.244965,4.016850,4.002750,4.011116,20.350641,17.296900,18.968544,0.014100
,,449.242737,4.017150,4.002750,4.011096,20.350641,17.296900,18.969175,0.014400
450.200012,3.900000,449.248169,4.017450,4.002300,4.011144,20.350641,17.301935,18.969568,0.015150
,,449.249725,4.017450,4.002300,4.011158,20.350641,17.296900,18.970669,0.015150
450.200012,3.900000,449.253845,4.017300,4.002450,4.011195,20.355707,17.296900,18.970510,0.014850
,,449.251495,4.017000,4.002450,4.011174,20.355707,17.301935,18.971931,0.014550
450.200012,3.900000,449.253937,4.017000,4.002450,4.011196,20.355707,17.301935,18.972166,0.014550
,,449.257965,4.016850,4.002750,4.011232,20.355707,17.301935,18.972639,0.014100
450.200012,3.900000,449.253967,4.017000,4.002900,4.011196,20.355707,17.301935,18.972795,0.014100
,,449.259003,4.017150,4.002900,4.011241,20.355707,17.301935,18.973347,0.014250
450.200012,3.800000,449.268280,4.017300,4.002900,4.011324,20.355707,17.301935,18.974052,0.014400
,,449.243256,4.017300,4.002450,4.011100,20.360773,17.301935,18.974997,0.014850
450.200012,3.900000,449.273804,4.017600,4.002450,4.011373,20.355707,17.301935,18.975782,0.015150
450.200012,3.800000,449.262451,4.017450,4.002450,4.011272,20.360773,17.306971,18.977041,0.015000
,,449.264893,4.017000,4.002750,4.011294,20.360773,17.306971,18.977356,0.014250
450.200012,3.800000,449.275085,4.017150,4.003050,4.011384,20.360773,17.301935,18.978220,0.014100
,,449.286377,4.017600,4.003050,4.011486,20.360773,17.306971,18.978144,0.014550
450.200012,3.800000,449.275909,4.017600,4.002600,4.011392,20.360773,17.301935,18.978771,0.015000
,,449.266479,4.017450,4.002450,4.011308,20.360773,17.306971,18.979248,0.015000
450.200012,3.800000,449.266846,4.017300,4.002450,4.011311,20.365839,17.306971,18.980116,0.014850
,,449.272766,4.017150,4.002750,4.011364,20.365839,17.306971,18.980904,0.014400
450.200012,3.800000,449.278351,4.017150,4.003050,4.011414,20.365839,17.306971,18.980984,0.014100
,,449.291199,4.017750,4.002750,4.011528,20.365839,17.306971,18.981693,0.015000
450.200012,3.800000,449.291016,4.017900,4.002600,4.011527,20.365839,17.306971,18.982479,0.015300
,,449.278687,4.017450,4.002600,4.011417,20.365839,17.306971,18.983189,0.014850
450.200012,3.800000,449.273315,4.017150,4.002750,4.011369,20.365839,17.306971,18.983425,0.014400
,,449.281555,4.017300,4.003200,4.011443,20.365839,17.306971,18.983582,0.014100
450.200012,3.800000,449.288696,4.017300,4.003050,4.011506,20.365839,17.312006,18.984529,0.014250
,,449.292755,4.017900,4.002600,4.011542,20.370874,17.312006,18.985237,0.015300
450.200012,3.800000,449.293793,4.017750,4.002600,4.011552,20.370874,17.312006,18.985317,0.015150
,,449.292603,4.017450,4.002900,4.011541,20.370874,17.312006,18.986183,0.014550
450.200012,3.700000,449.304291,4.017450,4.003200,4.011645,20.370874,17.312006,18.986422,0.014250
,,449.294464,4.017300,4.003050,4.011558,20.370874,17.312006,18.987522,0.014250
450.200012,3.700000,449.312805,4.018050,4.002900,4.011722,20.370874,17.312006,18.988150,0.015150
,,449.312805,4.018050,4.002900,4.011722,20.375940,17.317011,18.989180,0.015150
450.200012,3.700000,449.315002,4.017750,4.002900,4.011741,20.370874,17.312006,18.989178,0.014850
,,449.315002,4.017750,4.002900,4.011741,20.375940,17.312006,18.990046,0.014850
450.200012,3.700000,449.297943,4.017450,4.003200,4.011589,20.375940,17.312006,18.990749,0.014250
,,449.308289,4.017900,4.002750,4.011681,20.375940,17.312006,18.991066,0.015150
450.200012,3.700000,449.305786,4.017900,4.002750,4.011659,20.375940,17.317011,18.991776,0.015150
,,449.302856,4.017450,4.002750,4.011632,20.375940,17.317011,18.992485,0.014700
450.200012,3.700000,449.297760,4.017300,4.002900,4.011587,20.375940,17.317011,18.992878,0.014400
,,449.327271,4.017750,4.003500,4.011851,20.375940,17.317011,18.993429,0.014250
450.200012,3.700000,449.302643,4.017450,4.003200,4.011631,20.375940,17.317011,18.994295,0.014250
,,449.312195,4.018050,4.002750,4.011716,20.375940,17.317011,18.994453,0.015300
450.200012,3.700000,449.308502,4.017900,4.002750,4.011683,20.375940,17.317011,18.994686,0.015150
,,449.305145,4.017450,4.002900,4.011653,20.375940,17.322046,18.995159,0.014550
450.200012,3.700000,449.314606,4.017450,4.003350,4.011737,20.381006,17.322046,18.995865,0.014100
,,449.314606,4.017450,4.003350,4.011737,20.381006,17.322046,18.996103,0.014100
450.200012,3.600000,449.337555,4.017750,4.003500,4.011942,20.381006,17.322046,18.996809,0.014250
450.200012,3.600000,449.314667,4.018050,4.002750,4.011738,20.381006,17.322046,18.997593,0.015300
,,449.333069,4.018050,4.003050,4.011902,20.381006,17.322046,18.998617,0.015000
450.200012,3.600000,449.332214,4.017900,4.003050,4.011895,20.386072,17.322046,18.999247,0.014850
,,449.340057,4.017750,4.003500,4.011965,20.386072,17.322046,18.999800,0.014250
450.200012,3.700000,449.351685,4.017900,4.003500,4.012069,20.386072,17.322046,19.000351,0.014400
,,449.314697,4.017900,4.002750,4.011738,20.386072,17.327082,19.001139,0.015150
450.200012,3.600000,449.315674,4.017900,4.002900,4.011747,20.386072,17.322046,19.001379,0.015000
,,449.326172,4.017750,4.003500,4.011841,20.386072,17.327082,19.001930,0.014250
450.200012,3.600000,449.337799,4.018050,4.003350,4.011945,20.386072,17.327082,19.002560,0.014700
,,449.342224,4.018200,4.003050,4.011984,20.386072,17.327082,19.002718,0.015150
450.299988,3.600000,449.343445,4.017900,4.003200,4.011995,20.386072,17.327082,19.003508,0.014700
,,449.352112,4.017900,4.003650,4.012073,20.391108,17.327082,19.004137,0.014250
450.200012,3.600000,449.363647,4.018200,4.003500,4.012176,20.386072,17.327082,19.004614,0.014700
,,449.358276,4.018350,4.003050,4.012127,20.391108,17.327082,19.005007,0.015300
450.299988,3.600000,449.355011,4.018200,4.003200,4.012098,20.391108,17.327082,19.005241,0.015000
,,449.334717,4.017750,4.003500,4.011917,20.391108,17.327082,19.006031,0.014250
450.200012,3.600000,449.346802,4.018200,4.003500,4.012025,20.391108,17.332117,19.006901,0.014700
,,449.352783,4.018350,4.003200,4.012078,20.391108,17.327082,19.006741,0.015150
450.299988,3.600000,449.354706,4.017900,4.003200,4.012095,20.391108,17.332117,19.007372,0.014700
450.200012,3.600000,449.364410,4.018050,4.003800,4.012182,20.391108,17.332117,19.007923,0.014250
450.200012,3.600000,449.361847,4.018050,4.003500,4.012159,20.396173,17.332117,19.009420,0.014550
,,449.360046,4.018350,4.003200,4.012143,20.396173,17.332117,19.010048,0.015150
450.299988,3.600000,449.363800,4.018350,4.003200,4.012177,20.396173,17.332117,19.010126,0.015150
,,449.356598,4.017900,4.003500,4.012113,20.396173,17.332117,19.010990,0.014400
450.200012,3.600000,449.368591,4.018050,4.003800,4.012219,20.396173,17.332117,19.010599,0.014250
,,449.377594,4.018500,4.003650,4.012300,20.396173,17.332117,19.011463,0.014850
450.200012,3.500000,449.379547,4.018500,4.003350,4.012317,20.396173,17.332117,19.012091,0.015150
,,449.363983,4.018350,4.003200,4.012178,20.401239,17.337122,19.012486,0.015150
450.200012,3.500000,449.359436,4.018050,4.003200,4.012138,20.396173,17.332117,19.012720,0.014850
,,449.366791,4.018200,4.003800,4.012204,20.401239,17.332117,19.013823,0.014400
450.299988,3.500000,449.371735,4.018050,4.003800,4.012248,20.401239,17.337122,19.013668,0.014250
,,449.384369,4.018650,4.003500,4.012361,20.401239,17.337122,19.014059,0.015150
450.299988,3.500000,449.381317,4.018650,4.003200,4.012333,20.401239,17.332117,19.014847,0.015450
,,449.376099,4.018350,4.003350,4.012287,20.401239,17.337122,19.015240,0.015000
450.200012,3.500000,449.367615,4.018050,4.003500,4.012211,20.401239,17.337122,19.015713,0.014550
,,449.372040,4.018050,4.003800,4.012250,20.401239,17.337122,19.016500,0.014250
450.200012,3.500000,449.379852,4.018200,4.003800,4.012320,20.401239,17.337122,19.016581,0.014400
,,449.380280,4.018650,4.003350,4.012324,20.401239,17.337122,19.017052,0.015300
450.299988,3.500000,449.382843,4.018500,4.003200,4.012347,20.401239,17.337122,19.017366,0.015300
,,449.369263,4.018350,4.003200,4.012226,20.406275,17.342157,19.018545,0.015150
450.299988,3.500000,449.372314,4.018050,4.003800,4.012253,20.406275,17.337122,19.019413,0.014250
,,449.378418,4.018200,4.003800,4.012307,20.406275,17.342157,19.019728,0.014400
450.299988,3.400000,449.390839,4.018650,4.003800,4.012418,20.406275,17.342157,19.020199,0.014850
,,449.386963,4.018500,4.003500,4.012383,20.406275,17.337122,19.020754,0.015000
450.299988,3.500000,449.397766,4.018500,4.003350,4.012480,20.406275,17.342157,19.020908,0.015150
,,449.398865,4.018500,4.003650,4.012490,20.406275,17.342157,19.021383,0.014850
450.299988,3.400000,449.378021,4.018200,4.003950,4.012304,20.406275,17.342157,19.021933,0.014250
,,449.381226,4.018350,4.003800,4.012332,20.411341,17.342157,19.022171,0.014550
450.299988,3.500000,449.392303,4.018800,4.003500,4.012431,20.411341,17.342157,19.022959,0.015300
,,449.420624,4.018950,4.003650,4.012684,20.411341,17.342157,19.023827,0.015300
450.299988,3.500000,449.386963,4.018200,4.003500,4.012383,20.411341,17.342157,19.024302,0.014700
,,449.392731,4.018350,4.003800,4.012435,20.411341,17.347193,19.024380,0.014550
450.299988,3.500000,449.381714,4.018200,4.003800,4.012337,20.411341,17.347193,19.025166,0.014400
,,449.418457,4.018500,4.003950,4.012665,20.411341,17.342157,19.025246,0.014550
450.299988,3.500000,449.421112,4.019100,4.003650,4.012689,20.411341,17.347193,19.025717,0.015450
,,449.424591,4.018950,4.003650,4.012720,20.411341,17.347193,19.026110,0.015300
450.200012,3.400000,449.381500,4.018200,4.003350,4.012335,20.411341,17.347193,19.026505,0.014850
450.299988,3.400000,449.390808,4.018200,4.003800,4.012418,20.411341,17.347193,19.026663,0.014400
,,449.420502,4.018650,4.004100,4.012683,20.416407,17.347193,19.028242,0.014550
450.299988,3.400000,449.430328,4.018950,4.003950,4.012771,20.411341,17.347193,19.028788,0.015000
,,449.399658,4.018950,4.003350,4.012497,20.411341,17.347193,19.028870,0.015600
450.200012,3.400000,449.414642,4.018800,4.003500,4.012631,20.416407,17.347193,19.029575,0.015300
,,449.408966,4.018350,4.003800,4.012580,20.416407,17.347193,19.030207,0.014550
450.200012,3.400000,449.416229,4.018500,4.003950,4.012645,20.421473,17.347193,19.030365,0.014550
,,449.424530,4.018800,4.004100,4.012719,20.416407,17.347193,19.030680,0.014700
450.200012,3.300000,449.436371,4.018950,4.004100,4.012825,20.416407,17.352198,19.031073,0.014850
,,449.427277,4.019100,4.003650,4.012743,20.416407,17.352198,19.031698,0.015450
450.299988,3.400000,449.428314,4.018800,4.003650,4.012753,20.421473,17.352198,19.032331,0.015150
,,449.420898,4.018500,4.003800,4.012687,20.421473,17.352198,19.032486,0.014700
450.299988,3.400000,449.417786,4.018500,4.004250,4.012659,20.421473,17.352198,19.032566,0.014250
,,449.428162,4.018950,4.004100,4.012752,20.421473,17.352198,19.033430,0.014850
450.299988,3.400000,449.435394,4.019100,4.003950,4.012816,20.421473,17.357233,19.033745,0.015150
,,449.430695,4.019100,4.003650,4.012774,20.421473,17.352198,19.034300,0.015450
450.200012,3.300000,449.427582,4.018650,4.003800,4.012746,20.421473,17.352198,19.034613,0.014850
,,449.430908,4.018500,4.004250,4.012776,20.421473,17.352198,19.035244,0.014250
450.299988,3.300000,449.436218,4.018800,4.004400,4.012824,20.426508,17.352198,19.036030,0.014400
450.200012,3.300000,449.440887,4.018950,4.004100,4.012865,20.426508,17.357233,19.036428,0.014850
450.200012,3.300000,449.435913,4.018950,4.003800,4.012821,20.426508,17.357233,19.036661,0.015150
,,449.423859,4.018800,4.003500,4.012713,20.426508,17.357233,19.037453,0.015300
450.299988,3.300000,449.418396,4.018800,4.003500,4.012664,20.426508,17.357233,19.038555,0.015300
,,449.423615,4.018500,4.004100,4.012711,20.426508,17.357233,19.038397,0.014400
450.200012,3.300000,449.431000,4.018650,4.004250,4.012777,20.426508,17.357233,19.038872,0.014400
,,449.438263,4.018950,4.004100,4.012842,20.426508,17.357233,19.039343,0.014850
450.299988,3.300000,449.443970,4.019250,4.004100,4.012893,20.426508,17.362268,19.039894,0.015150
,,449.439362,4.018950,4.003650,4.012851,20.426508,17.357233,19.040211,0.015300
450.299988,3.300000,449.429047,4.018950,4.003800,4.012759,20.426508,17.362268,19.040682,0.015150
,,449.426086,4.018350,4.004250,4.012733,20.426508,17.362268,19.041075,0.014100
450.299988,3.300000,449.461243,4.018950,4.004550,4.013047,20.431574,17.357233,19.041389,0.014400
,,449.431183,4.018650,4.004400,4.012778,20.431574,17.362268,19.041706,0.014250
450.299988,3.300000,449.473206,4.019250,4.004400,4.013154,20.431574,17.362268,19.042650,0.014850
,,449.473999,4.019550,4.004100,4.013161,20.431574,17.362268,19.043043,0.015450
450.299988,3.300000,449.448608,4.019100,4.004100,4.012934,20.431574,17.362268,19.043201,0.015000
,,449.449341,4.019400,4.003800,4.012940,20.431574,17.362268,19.043755,0.015600
450.299988,3.300000,449.465851,4.018950,4.003950,4.013088,20.431574,17.362268,19.043991,0.015000
,,449.459198,4.019100,4.003950,4.013029,20.431574,17.362268,19.044306,0.015150
450.299988,3.200000,449.459778,4.018950,4.004250,4.013034,20.431574,17.362268,19.045015,0.014700
450.200012,3.200000,449.449554,4.018800,4.004100,4.012942,20.431574,17.362268,19.045643,0.014700
,,449.463989,4.018950,4.004550,4.013072,20.436640,17.362268,19.046196,0.014400
450.299988,3.200000,449.464935,4.019100,4.004400,4.013080,20.436640,17.367304,19.046431,0.014700
,,449.479126,4.019550,4.004100,4.013206,20.436640,17.367304,19.047531,0.015450
450.299988,3.200000,449.474396,4.019550,4.004100,4.013164,20.436640,17.367304,19.047297,0.015450
,,449.467743,4.019250,4.004100,4.013105,20.436640,17.367304,19.048004,0.015150
450.299988,3.200000,449.455566,4.018800,4.004100,4.012996,20.436640,17.367304,19.048395,0.014700
,,449.462311,4.018950,4.004400,4.013056,20.436640,17.367304,19.048790,0.014550
450.200012,3.200000,449.465790,4.018950,4.004550,4.013087,20.436640,17.367304,19.049185,0.014400
,,449.479584,4.019400,4.004400,4.013211,20.436640,17.367304,19.049656,0.015000
450.200012,3.200000,449.477570,4.019550,4.003950,4.013193,20.436640,17.367304,19.049894,0.015600
,,449.472473,4.019400,4.003950,4.013147,20.441706,17.367304,19.050682,0.015450
450.299988,3.200000,449.468140,4.018950,4.004100,4.013108,20.441706,17.367304,19.050838,0.014850
,,449.475433,4.019100,4.004550,4.013174,20.441706,17.367304,19.051231,0.014550
450.200012,3.200000,449.467468,4.018950,4.004550,4.013103,20.441706,17.372309,19.051548,0.014400
,,449.476685,4.019400,4.004400,4.013185,20.441706,17.367304,19.051861,0.015000
450.200012,3.200000,449.479065,4.019550,4.004250,4.013206,20.441706,17.372309,19.052177,0.015300
,,449.474701,4.019250,4.003950,4.013167,20.441706,17.372309,19.052650,0.015300
450.299988,3.200000,449.471680,4.019250,4.004100,4.013140,20.441706,17.372309,19.053280,0.015150
,,449.496399,4.019550,4.004250,4.013361,20.441706,17.372309,19.054384,0.015300
450.299988,3.100000,449.463318,4.018950,4.004100,4.013065,20.441706,17.372309,19.054855,0.014850
,,449.464691,4.018950,4.004400,4.013078,20.441706,17.372309,19.055174,0.014550
450.299988,3.200000,449.483154,4.019250,4.004700,4.013242,20.446772,17.372309,19.055330,0.014550
,,449.491608,4.019250,4.004850,4.013318,20.446772,17.372309,19.055649,0.014400
450.200012,3.200000,449.500183,4.019250,4.004850,4.013394,20.446772,17.372309,19.056120,0.014400
,,449.509521,4.019700,4.004700,4.013478,20.446772,17.372309,19.056438,0.015000
450.299988,3.200000,449.511566,4.019850,4.004700,4.013496,20.446772,17.377344,19.056829,0.015150
,,449.505127,4.019700,4.004250,4.013439,20.446772,17.377344,19.057775,0.015450
450.299988,3.100000,449.477173,4.019400,4.004100,4.013189,20.446772,17.377344,19.057775,0.015300
,,449.505920,4.019550,4.004400,4.013446,20.446772,17.377344,19.058088,0.015150
450.299988,3.100000,449.491486,4.019100,4.004400,4.013317,20.446772,17.377344,19.058958,0.014700
,,449.498474,4.019250,4.004550,4.013379,20.446772,17.377344,19.059034,0.014700
450.299988,3.100000,449.504822,4.019400,4.004850,4.013436,20.446772,17.377344,19.059898,0.014550
,,449.505127,4.019400,4.004700,4.013439,20.451807,17.377344,19.059664,0.014700
450.200012,3.100000,449.517365,4.019550,4.004700,4.013548,20.451807,17.377344,19.060369,0.014850
,,449.521027,4.019850,4.004700,4.013581,20.451807,17.377344,19.060289,0.015150
450.299988,3.100000,449.491180,4.019700,4.004250,4.013314,20.451807,17.382380,19.060999,0.015450
450.299988,3.100000,449.499420,4.019550,4.004250,4.013388,20.451807,17.382380,19.061155,0.015300
450.200012,3.100000,449.517365,4.019850,4.004400,4.013548,20.451807,17.377344,19.062178,0.015450
,,449.495605,4.019400,4.004100,4.013354,20.451807,17.377344,19.062574,0.015300
450.200012,3.100000,449.522583,4.019700,4.004550,4.013595,20.456873,17.382380,19.063046,0.015150
,,449.490540,4.019100,4.004400,4.013309,20.456873,17.382380,19.063202,0.014700
450.299988,3.100000,449.533447,4.019550,4.004850,4.013691,20.456873,17.382380,19.063835,0.014700
,,449.506042,4.019400,4.004850,4.013447,20.456873,17.382380,19.063835,0.014550
450.299988,3.100000,449.508453,4.019400,4.004850,4.013468,20.456873,17.382380,19.064310,0.014550
,,449.529205,4.020000,4.004850,4.013654,20.456873,17.382380,19.064623,0.015150
450.299988,3.100000,449.537384,4.020000,4.004550,4.013727,20.456873,17.382380,19.065096,0.015450
,,449.535492,4.020000,4.004550,4.013710,20.456873,17.387415,19.065725,0.015450
450.299988,3.000000,449.503235,4.019700,4.004250,4.013422,20.456873,17.382380,19.066120,0.015450
,,449.502258,4.019400,4.004250,4.013413,20.456873,17.387415,19.066591,0.015150
450.299988,3.100000,449.496613,4.019250,4.004250,4.013362,20.456873,17.387415,19.066828,0.015000
,,449.509155,4.019400,4.004550,4.013474,20.456873,17.387415,19.067144,0.014850
450.299988,3.100000,449.520294,4.019550,4.005000,4.013574,20.456873,17.387415,19.067381,0.014550
,,449.531158,4.019700,4.005000,4.013671,20.456873,17.387415,19.067381,0.014700
450.299988,3.100000,449.510468,4.019700,4.004700,4.013486,20.461939,17.387415,19.068485,0.015000
,,449.543976,4.020150,4.004700,4.013785,20.456873,17.387415,19.068247,0.015450
450.299988,3.000000,449.507843,4.019700,4.004250,4.013463,20.456873,17.392420,19.068720,0.015450
450.299988,3.000000,449.530792,4.020000,4.004400,4.013668,20.461939,17.387415,19.070061,0.015600
,,449.522797,4.019400,4.004700,4.013597,20.461939,17.392420,19.070375,0.014700
450.299988,3.000000,449.533447,4.019700,4.004850,4.013691,20.461939,17.392420,19.070927,0.014850
,,449.539825,4.019850,4.005150,4.013749,20.461939,17.392420,19.071007,0.014700
450.299988,3.000000,449.545868,4.020000,4.005000,4.013803,20.461939,17.392420,19.071087,0.015000
,,449.560638,4.020150,4.004700,4.013934,20.461939,17.392420,19.071712,0.015450
450.299988,3.000000,449.530365,4.019700,4.004400,4.013664,20.461939,17.392420,19.071480,0.015300
,,449.527466,4.019400,4.004850,4.013638,20.461939,17.392420,19.072506,0.014550
450.299988,3.000000,449.533875,4.019700,4.005000,4.013695,20.467005,17.392420,19.072901,0.014700
,,449.546173,4.019850,4.005000,4.013805,20.461939,17.392420,19.072901,0.014850
450.299988,3.000000,449.546722,4.020150,4.004850,4.013810,20.467005,17.392420,19.073372,0.015300
,,449.544525,4.020000,4.004550,4.013791,20.467005,17.392420,19.073843,0.015450
450.299988,3.000000,449.546478,4.019700,4.004700,4.013808,20.461939,17.392420,19.073845,0.015000
,,449.532227,4.019700,4.005150,4.013680,20.467005,17.392420,19.074949,0.014550
450.299988,3.000000,449.531708,4.019700,4.005000,4.013676,20.467005,17.392420,19.075106,0.014700
,,449.548065,4.020000,4.004850,4.013822,20.467005,17.397455,19.074789,0.015150
450.299988,3.000000,449.540070,4.020000,4.004550,4.013751,20.467005,17.397455,19.075735,0.015450
,,449.539337,4.019700,4.004550,4.013744,20.467005,17.397455,19.076128,0.015150
450.299988,3.000000,449.535095,4.019550,4.004850,4.013706,20.467005,17.397455,19.076208,0.014700
,,449.567047,4.020000,4.005300,4.013991,20.472040,17.397455,19.077467,0.014700
450.200012,2.900000,449.575378,4.020150,4.005300,4.014066,20.472040,17.397455,19.077703,0.014850
,,449.572632,4.020300,4.004850,4.014041,20.472040,17.397455,19.078016,0.015450
450.299988,3.000000,449.557404,4.020300,4.004700,4.013906,20.472040,17.397455,19.078333,0.015600
,,449.553345,4.019700,4.004850,4.013869,20.472040,17.397455,19.078648,0.014850
450.299988,3.000000,449.563263,4.019850,4.005150,4.013958,20.472040,17.397455,19.079121,0.014700
,,449.571289,4.020000,4.005300,4.014030,20.472040,17.402491,19.079435,0.014700
450.299988,3.000000,449.580292,4.020450,4.005000,4.014110,20.472040,17.402491,19.079592,0.015450
,,449.570526,4.020300,4.004850,4.014022,20.472040,17.402491,19.079514,0.015450
450.299988,2.900000,449.537079,4.019700,4.004550,4.013724,20.472040,17.402491,19.080063,0.015150
,,449.543488,4.019700,4.005150,4.013781,20.472040,17.402491,19.080221,0.014550
450.299988,2.900000,449.559235,4.020000,4.005300,4.013922,20.472040,17.402491,19.081165,0.014700
,,449.572540,4.020300,4.005150,4.014040,20.477106,17.402491,19.081324,0.015150
450.299988,2.900000,449.571320,4.020300,4.004850,4.014030,20.477106,17.402491,19.081717,0.015450
,,449.564453,4.019850,4.004700,4.013968,20.477106,17.402491,19.082344,0.015150
450.299988,2.900000,449.560303,4.019700,4.004850,4.013931,20.472040,17.402491,19.082661,0.014850
,,449.573608,4.020150,4.005300,4.014050,20.477106,17.402491,19.082424,0.014850
450.299988,2.900000,449.578094,4.020000,4.005300,4.014090,20.477106,17.402491,19.082739,0.014700
450.299988,2.900000,449.555542,4.020300,4.004700,4.013889,20.477106,17.407526,19.083366,0.015600
,,449.568756,4.020300,4.004700,4.014007,20.477106,17.407526,19.084314,0.015600
450.299988,2.900000,449.556671,4.019700,4.004700,4.013899,20.477106,17.407526,19.084391,0.015000
,,449.588745,4.020150,4.005600,4.014185,20.477106,17.407526,19.085024,0.014550
450.299988,2.900000,449.565094,4.020150,4.005150,4.013974,20.477106,17.407526,19.085024,0.015000
,,449.596954,4.020600,4.005000,4.014258,20.477106,17.407526,19.085102,0.015600
450.399994,2.900000,449.562744,4.020150,4.004700,4.013953,20.477106,17.407526,19.085497,0.015450
,,449.602203,4.020300,4.005600,4.014306,20.482172,17.407526,19.086046,0.014700
450.299988,2.900000,449.568146,4.020000,4.005300,4.014001,20.482172,17.407526,19.086519,0.014700
,,449.571503,4.020450,4.004700,4.014031,20.482172,17.407526,19.086758,0.015750
450.299988,2.900000,449.581848,4.020300,4.004850,4.014123,20.482172,17.407526,19.086916,0.015450
,,449.587463,4.020300,4.005600,4.014174,20.482172,17.407526,19.087387,0.014700
450.299988,2.900000,449.594299,4.020300,4.005600,4.014235,20.482172,17.407526,19.087467,0.014700
,,449.568756,4.020300,4.004850,4.014007,20.477106,17.407526,19.087780,0.015450
450.299988,2.900000,449.601410,4.020450,4.005000,4.014298,20.482172,17.407526,19.088097,0.015450
,,449.571686,4.020000,4.005300,4.014033,20.482172,17.407526,19.088409,0.014700
450.299988,2.900000,449.601349,4.020300,4.005750,4.014298,20.482172,17.412531,19.088491,0.014550
,,449.574951,4.020450,4.004850,4.014062,20.482172,17.412531,19.089041,0.015600
450.299988,2.900000,449.585480,4.020600,4.004850,4.014156,20.482172,17.407526,19.089201,0.015750
450.299988,2.900000,449.597351,4.020300,4.005450,4.014262,20.482172,17.412531,19.089750,0.014850
450.299988,2.800000,449.595795,4.020300,4.005600,4.014248,20.487238,17.412531,19.090380,0.014700
,,449.598694,4.020600,4.005150,4.014274,20.482172,17.412531,19.090775,0.015450
450.299988,2.800000,449.593231,4.020600,4.005000,4.014225,20.487238,17.412531,19.091169,0.015600
,,449.615814,4.020150,4.005150,4.014427,20.487238,17.412531,19.091721,0.015000
450.299988,2.800000,449.588470,4.020150,4.005300,4.014183,20.487238,17.417566,19.091959,0.014850
,,449.597687,4.020300,4.005600,4.014265,20.487238,17.417566,19.092434,0.014700
450.299988,2.900000,449.607483,4.020600,4.005450,4.014352,20.487238,17.417566,19.092590,0.015150
,,449.601532,4.020600,4.005000,4.014299,20.487238,17.412531,19.093063,0.015600
450.299988,2.800000,449.597778,4.020150,4.004850,4.014266,20.487238,17.417566,19.092985,0.015300
,,449.584869,4.020000,4.005150,4.014151,20.487238,17.417566,19.093613,0.014850
450.299988,2.800000,449.592163,4.020300,4.005600,4.014216,20.487238,17.417566,19.093458,0.014700
,,449.604156,4.020600,4.005300,4.014323,20.487238,17.417566,19.094011,0.015300
450.299988,2.800000,449.607330,4.020600,4.005000,4.014351,20.487238,17.417566,19.094482,0.015600
,,449.597473,4.020300,4.005000,4.014263,20.492304,17.417566,19.094721,0.015300
450.299988,2.800000,449.593689,4.020000,4.005150,4.014229,20.487238,17.417566,19.094721,0.014850
,,449.602020,4.020450,4.005600,4.014304,20.492304,17.417566,19.095348,0.014850
450.299988,2.800000,449.619232,4.020450,4.005900,4.014457,20.492304,17.417566,19.095587,0.014550
,,449.632416,4.020900,4.005450,4.014575,20.487238,17.417566,19.095665,0.015450
450.299988,2.800000,449.625519,4.020750,4.005150,4.014513,20.492304,17.417566,19.096138,0.015600
,,449.616394,4.020600,4.005300,4.014432,20.492304,17.417566,19.096844,0.015300
450.299988,2.800000,449.617157,4.020300,4.005600,4.014439,20.492304,17.422602,19.097317,0.014700
,,449.622467,4.020600,4.005750,4.014486,20.492304,17.422602,19.097475,0.014850
450.299988,2.800000,449.636108,4.020900,4.005600,4.014608,20.492304,17.422602,19.097870,0.015300
,,449.632080,4.020900,4.005300,4.014572,20.492304,17.422602,19.097239,0.015600
450.299988,2.800000,449.627777,4.020450,4.005300,4.014534,20.492304,17.422602,19.098497,0.015150
,,449.614502,4.020150,4.005150,4.014415,20.492304,17.422602,19.098734,0.015000
450.299988,2.800000,449.620239,4.020450,4.005750,4.014466,20.492304,17.422602,19.098810,0.014700
,,449.623779,4.020600,4.005750,4.014498,20.492304,17.422602,19.098890,0.014850
450.299988,2.700000,449.627411,4.020750,4.005300,4.014531,20.492304,17.422602,19.099520,0.015450
,,449.625061,4.020750,4.005300,4.014510,20.492304,17.422602,19.099518,0.015450
450.299988,2.700000,449.619904,4.020300,4.005300,4.014463,20.497339,17.422602,19.099833,0.015000
,,449.625610,4.020450,4.005600,4.014514,20.497339,17.422602,19.100302,0.014850
450.299988,2.700000,449.631653,4.020600,4.005900,4.014568,20.497339,17.422602,19.100698,0.014700
,,449.630890,4.020600,4.005600,4.014562,20.497339,17.427637,19.101091,0.015000
450.299988,2.800000,449.623718,4.020900,4.005150,4.014497,20.497339,17.422602,19.100933,0.015750
,,449.626129,4.020600,4.005150,4.014519,20.497339,17.422602,19.101486,0.015450
450.299988,2.800000,449.618652,4.020300,4.005450,4.014452,20.497339,17.427637,19.101799,0.014850
450.299988,2.800000,449.630035,4.020600,4.005750,4.014554,20.502405,17.422602,19.102432,0.014850
,,449.623444,4.020450,4.005600,4.014495,20.497339,17.427637,19.102747,0.014850
450.299988,2.700000,449.629150,4.020900,4.005450,4.014546,20.497339,17.427637,19.103060,0.015450
,,449.624573,4.020750,4.005150,4.014505,20.497339,17.427637,19.103218,0.015600
450.299988,2.700000,449.619873,4.020300,4.005300,4.014463,20.497339,17.427637,19.103453,0.015000
,,449.634399,4.020750,4.005900,4.014593,20.497339,17.427637,19.103613,0.014850
450.299988,2.700000,449.644714,4.020750,4.005900,4.014685,20.497339,17.427637,19.103771,0.014850
,,449.625000,4.020750,4.005450,4.014509,20.502405,17.427637,19.104954,0.015300
450.299988,2.700000,449.652161,4.021050,4.005450,4.014751,20.497339,17.427637,19.104635,0.015600
,,449.647644,4.020600,4.005450,4.014711,20.502405,17.427637,19.104715,0.015150
450.299988,2.700000,449.645935,4.020600,4.005450,4.014696,20.502405,17.427637,19.105503,0.015150
,,449.656128,4.020750,4.006050,4.014787,20.502405,17.427637,19.105738,0.014700
450.299988,2.700000,449.629272,4.020600,4.005750,4.014547,20.502405,17.432642,19.106129,0.014850
,,449.645996,4.020900,4.005300,4.014697,20.502405,17.432642,19.106367,0.015600
450.299988,2.700000,449.648071,4.020900,4.005300,4.014715,20.502405,17.432642,19.106762,0.015600
,,449.640381,4.020600,4.005600,4.014646,20.502405,17.432642,19.106838,0.015000
450.299988,2.700000,449.648560,4.020450,4.005750,4.014719,20.502405,17.432642,19.106840,0.014700
,,449.652222,4.020900,4.006050,4.014752,20.502405,17.432642,19.107309,0.014850
450.299988,2.600000,449.630341,4.020600,4.005600,4.014556,20.502405,17.432642,19.107782,0.015000
450.299988,2.600000,449.658295,4.021200,4.005450,4.014806,20.507471,17.432642,19.107471,0.015750
450.299988,2.600000,449.648224,4.021050,4.005450,4.014716,20.507471,17.432642,19.108650,0.015600
,,449.640869,4.020450,4.005600,4.014651,20.502405,17.437677,19.108807,0.014850
450.299988,2.600000,449.642395,4.020600,4.005750,4.014664,20.507471,17.432642,19.109283,0.014850
,,449.667999,4.021050,4.006050,4.014893,20.507471,17.437677,19.109280,0.015000
450.299988,2.600000,449.648987,4.020900,4.005750,4.014723,20.507471,17.432642,19.109201,0.015150
,,449.645782,4.020900,4.005300,4.014695,20.507471,17.432642,19.109755,0.015600
450.299988,2.600000,449.645447,4.020750,4.005300,4.014691,20.507471,17.437677,19.110228,0.015450
,,449.643555,4.020600,4.005750,4.014675,20.507471,17.437677,19.110388,0.014850
450.299988,2.600000,449.649170,4.020750,4.005900,4.014725,20.507471,17.437677,19.110701,0.014850
,,449.680359,4.021050,4.006350,4.015003,20.507471,17.437677,19.110939,0.014700
450.299988,2.600000,449.672211,4.021050,4.006050,4.014930,20.507471,17.437677,19.111332,0.015000
,,449.682861,4.021350,4.005900,4.015026,20.507471,17.437677,19.111176,0.015450
450.299988,2.500000,449.677124,4.021200,4.005600,4.014974,20.507471,17.437677,19.111410,0.015600
,,449.645813,4.020750,4.005300,4.014695,20.507471,17.437677,19.111963,0.015450
450.299988,2.600000,449.674072,4.020750,4.005750,4.014947,20.507471,17.437677,19.111885,0.015000
,,449.639343,4.020450,4.005750,4.014637,20.507471,17.437677,19.112358,0.014700
450.299988,2.600000,449.653564,4.020900,4.005900,4.014764,20.507471,17.437677,19.112513,0.015000
,,449.664734,4.021050,4.006200,4.014863,20.512537,17.437677,19.113144,0.014850
450.299988,2.600000,449.677246,4.020900,4.006200,4.014976,20.512537,17.437677,19.113222,0.014700
450.299988,2.600000,449.667419,4.020900,4.006050,4.014888,20.512537,17.442713,19.113934,0.014850
,,449.667999,4.021200,4.005600,4.014893,20.512537,17.442713,19.114090,0.015600
450.299988,2.600000,449.668579,4.021050,4.005600,4.014898,20.512537,17.442713,19.114878,0.015450
,,449.692078,4.021050,4.005900,4.015108,20.512537,17.442713,19.114487,0.015150
450.399994,2.600000,449.666748,4.020900,4.006050,4.014882,20.512537,17.442713,19.114799,0.014850
,,449.671631,4.021050,4.006050,4.014925,20.512537,17.442713,19.115194,0.015000
450.299988,2.500000,449.684174,4.021200,4.006050,4.015037,20.512537,17.442713,19.115351,0.015150
,,449.672058,4.021200,4.005450,4.014929,20.512537,17.442713,19.115271,0.015750
450.299988,2.600000,449.662048,4.021050,4.005450,4.014840,20.512537,17.442713,19.115898,0.015600
,,449.655365,4.020600,4.005600,4.014780,20.517603,17.442713,19.116219,0.015000
450.299988,2.600000,449.667542,4.020900,4.005900,4.014889,20.517603,17.442713,19.116297,0.015000
,,449.672729,4.021050,4.006200,4.014935,20.512537,17.442713,19.117004,0.014850
450.299988,2.600000,449.681488,4.021200,4.005900,4.015013,20.512537,17.447748,19.117085,0.015300
,,449.675659,4.021200,4.005600,4.014961,20.517603,17.447748,19.116924,0.015600
450.299988,2.600000,449.679199,4.021350,,4.014993,20.517603,17.447748,19.117319,0.015750
450.299988,2.500000,449.684906,4.021050,4.005900,4.015044,20.517603,17.442713,19.117870,0.015150
,,449.667023,4.020900,4.005900,4.014884,20.517603,17.447748,19.118107,0.015000
450.299988,2.500000,449.699341,4.021200,4.006350,4.015172,20.517603,17.447748,19.117870,0.014850
450.299988,2.500000,449.701935,4.021200,4.006200,4.015196,20.517603,17.447748,19.118580,0.015000
,,449.694733,4.021350,4.005750,4.015131,20.517603,17.447748,19.118896,0.015600
450.299988,2.500000,449.691925,4.021350,4.005750,4.015107,20.517603,17.447748,19.119129,0.015600
,,449.695496,4.021200,4.005750,4.015138,20.517603,17.447748,19.119684,0.015450
450.299988,2.600000,449.689240,4.021050,4.005900,4.015082,20.517603,17.447748,19.120075,0.015150
,,449.689087,4.020900,4.006050,4.015081,20.517603,17.447748,19.119839,0.014850
450.299988,2.500000,449.688263,4.021050,4.006200,4.015074,20.517603,17.447748,19.120153,0.014850
,,449.690521,4.021200,4.006350,4.015094,20.517603,17.452753,19.120234,0.014850
450.299988,2.500000,449.694702,4.021200,4.006200,4.015131,20.517603,17.447748,19.120861,0.015000
,,449.700745,4.021350,4.005900,4.015185,20.517603,17.452753,19.120628,0.015450
450.299988,2.500000,449.696228,4.021350,4.005750,4.015145,20.517603,17.452753,19.121414,0.015600
,,449.700470,4.021350,4.005750,4.015183,20.522669,17.452753,19.121414,0.015600
450.299988,2.500000,449.698029,4.021200,4.005750,4.015161,20.517603,17.452753,19.121964,0.015450
,,449.699524,4.021050,4.006200,4.015174,20.522669,17.452753,19.122046,0.014850
450.299988,2.500000,449.684906,4.020900,4.006050,4.015044,20.522669,17.452753,19.122358,0.014850
,,449.720001,4.021500,4.006650,4.015357,20.517603,17.452753,19.122597,0.014850
450.299988,2.500000,449.721436,4.021500,4.006500,4.015370,20.522669,17.452753,19.122673,0.015000
,,449.698639,4.021350,4.006200,4.015166,20.522669,17.452753,19.122988,0.015150
450.299988,2.500000,449.705505,4.021500,4.006050,4.015228,20.522669,17.452753,19.122911,0.015450
450.299988,2.500000,449.698364,4.021350,4.005750,4.015164,20.522669,17.452753,19.123228,0.015600
450.299988,2.500000,449.720154,4.021650,4.005900,4.015358,20.522669,17.452753,19.124012,0.015750
,,449.716278,4.021350,4.006050,4.015324,20.522669,17.452753,19.124092,0.015300
450.299988,2.500000,449.707977,4.021200,4.005900,4.015250,20.522669,17.452753,19.124250,0.015300
,,449.700165,4.021050,4.006050,4.015180,20.522669,17.452753,19.124563,0.015000
450.299988,2.500000,449.707520,4.021200,4.006200,4.015246,20.522669,17.452753,19.124880,0.015000
,,449.715851,4.021500,4.006500,4.015320,20.527704,17.452753,19.124958,0.015000
450.299988,2.400000,449.717072,4.021500,4.006500,4.015331,20.527704,17.457788,19.126060,0.015000
,,449.726044,4.021500,4.006350,4.015411,20.522669,17.457788,19.125587,0.015150
450.299988,2.400000,449.726624,4.021650,4.006050,4.015416,20.527704,17.457788,19.126139,0.015600
,,449.713318,4.021500,4.005900,4.015297,20.527704,17.457788,19.126139,0.015600
450.299988,2.400000,449.739166,4.021650,4.006050,4.015528,20.527704,17.457788,19.126692,0.015600
,,449.706848,4.021200,4.005900,4.015240,20.527704,17.457788,19.126694,0.015300
450.299988,2.500000,449.703949,4.021050,4.006200,4.015214,20.527704,17.457788,19.127165,0.014850
,,449.712738,4.021350,4.006500,4.015292,20.527704,17.457788,19.127085,0.014850
450.299988,2.400000,449.718323,4.021500,4.006500,4.015342,20.527704,17.457788,19.126926,0.015000
,,449.721924,4.021500,4.006500,4.015374,20.527704,17.457788,19.127480,0.015000
450.299988,2.500000,449.735870,4.021800,4.006500,4.015499,20.527704,17.457788,19.127638,0.015300
,,449.739380,4.021800,4.006200,4.015530,20.527704,17.457788,19.128031,0.015600
450.299988,2.400000,449.705383,4.021050,4.005900,4.015227,20.527704,17.457788,19.128191,0.015150
450.299988,2.400000,449.719330,4.021200,4.006350,4.015351,20.527704,17.462824,19.129057,0.014850
,,449.729919,4.021500,4.006800,4.015446,20.527704,17.462824,19.128822,0.014700
450.299988,2.400000,449.734161,4.021500,4.006500,4.015483,20.527704,17.462824,19.129375,0.015000
,,449.739197,4.021800,4.006050,4.015529,20.527704,17.462824,19.129452,0.015750
450.299988,2.400000,449.706665,4.021350,4.005900,4.015238,20.532770,17.462824,19.130005,0.015450
,,449.729187,4.021350,4.006350,4.015439,20.527704,17.462824,19.129925,0.015000
450.299988,2.400000,449.733582,4.021500,4.006650,4.015479,20.532770,17.462824,19.130478,0.014850
,,449.732605,4.021350,4.006500,4.015470,20.532770,17.462824,19.130556,0.014850
450.299988,2.400000,449.738831,4.021500,4.006500,4.015525,20.532770,17.462824,19.130634,0.015000
,,449.733917,4.021650,4.006200,4.015481,20.532770,17.462824,19.130951,0.015450
450.299988,2.400000,449.732361,4.021500,4.006200,4.015468,20.532770,17.462824,19.130873,0.015300
,,449.733124,4.021500,4.006500,4.015474,20.532770,17.462824,19.131344,0.015000
450.299988,2.400000,449.736298,4.021500,4.006650,4.015502,20.532770,17.462824,19.131659,0.014850
,,449.747711,4.021650,4.006650,4.015604,20.532770,17.462824,19.131973,0.015000
450.299988,2.400000,449.736359,4.021650,4.006050,4.015503,20.532770,17.467859,19.131897,0.015600
,,449.726990,4.021350,4.006200,4.015419,20.532770,17.467859,19.132366,0.015150
450.299988,2.400000,449.721527,4.021200,4.006350,4.015371,20.532770,17.467859,19.132446,0.014850
,,449.731232,4.021500,4.006650,4.015458,20.532770,17.467859,19.132841,0.014850
450.299988,2.400000,449.740601,4.021500,4.006650,4.015541,20.532770,17.467859,19.132683,0.014850
,,449.753845,4.021950,4.006350,4.015659,20.532770,17.467859,19.133390,0.015600
450.299988,2.300000,449.756409,4.021800,4.006350,4.015682,20.532770,17.467859,19.133154,0.015450
,,449.751770,4.021500,4.006650,4.015641,20.537836,17.467859,19.134020,0.014850
450.299988,2.400000,449.731995,4.021500,4.006650,4.015464,20.537836,17.467859,19.133942,0.014850
,,449.741882,4.021800,4.006500,4.015553,20.537836,17.467859,19.134020,0.015300
450.299988,2.400000,449.745239,4.021950,4.006200,4.015583,20.532770,17.467859,19.134254,0.015750
,,449.746765,4.021650,4.006350,4.015596,20.537836,17.467859,19.134809,0.015300
450.299988,2.300000,449.746033,4.021350,4.006500,4.015590,20.537836,17.467859,19.134491,0.014850
,,449.754547,4.021650,4.006800,4.015666,20.537836,17.472864,19.135279,0.014850
450.299988,2.300000,449.764801,4.021950,4.006800,4.015757,20.537836,17.472864,19.135199,0.015150
,,449.757629,4.021950,4.006200,4.015693,20.537836,17.472864,19.135281,0.015750
450.299988,2.300000,449.758301,4.021650,4.006350,4.015699,20.537836,17.472864,19.135199,0.015300
,,449.728821,4.021500,4.006350,4.015436,20.537836,17.472864,19.135595,0.015150
450.299988,2.300000,449.743103,4.021650,4.006800,4.015563,20.537836,17.472864,19.136068,0.014850
,,449.759399,4.021950,4.006650,4.015709,20.537836,17.472864,19.136227,0.015300
450.299988,2.300000,449.755890,4.021950,4.006350,4.015677,20.537836,17.472864,19.136383,0.015600
,,449.755798,4.021800,4.006350,4.015677,20.537836,17.472864,19.136856,0.015450
450.299988,2.300000,449.750244,4.021500,4.006500,4.015627,20.542902,17.472864,19.136774,0.015000
450.399994,2.300000,449.758911,4.021800,4.006800,4.015705,20.537836,17.477900,19.136934,0.015000
,,449.749603,4.021800,4.006650,4.015622,20.537836,17.472864,19.137880,0.015150
450.299988,2.300000,449.755981,4.021950,4.006500,4.015678,20.537836,17.477900,19.137959,0.015450
,,449.750549,4.021650,4.006200,4.015630,20.542902,17.477900,19.138115,0.015450
450.399994,2.300000,449.751709,4.021650,4.006500,4.015640,20.542902,17.477900,19.138432,0.015150
,,449.770905,4.021950,4.006950,4.015811,20.537836,17.477900,19.138195,0.015000
450.399994,2.300000,449.781006,4.021950,4.006650,4.015902,20.542902,17.477900,19.138903,0.015300
,,449.765961,4.021800,4.006500,4.015768,20.542902,17.477900,19.138588,0.015300
450.299988,2.300000,449.769897,4.021650,4.006650,4.015803,20.542902,17.477900,19.139374,0.015000
,,449.753815,4.021800,4.006650,4.015659,20.542902,17.477900,19.139217,0.015150
450.299988,2.300000,449.787170,4.022250,4.006650,4.015957,20.542902,17.477900,19.139532,0.015600
,,449.784088,4.021950,4.006500,4.015929,20.542902,17.482935,19.139690,0.015450
450.299988,2.300000,449.769745,4.021650,4.006500,4.015801,20.542902,17.477900,19.139769,0.015150
,,449.765350,4.021950,4.006950,4.015762,20.542902,17.477900,19.140242,0.015000
450.299988,2.300000,4,4.022100,4.006950,4.015913,20.542902,17.477900,19.140163,0.015150
450.299988,2.300000,449.773132,4.022100,4.006500,4.015831,20.542902,17.482935,19.140554,0.015600
,,449.773193,4.021800,4.006500,4.015832,20.542902,17.482935,19.140242,0.015300
450.299988,2.300000,449.774811,4.021800,4.007100,4.015847,20.542902,17.482935,19.140873,0.014700
,,449.779175,4.021950,4.007100,4.015885,20.542902,17.482935,19.140951,0.014850
450.299988,2.300000,449.758972,4.021800,4.006500,4.015705,20.542902,17.482935,19.141342,0.015300
450.200012,2.200000,449.771118,4.022100,4.006350,4.015813,20.542902,17.482935,19.141815,0.015750
,,449.762177,4.021500,4.006500,4.015734,20.547968,17.482935,19.141817,0.015000
450.299988,2.300000,449.764191,4.021650,4.006650,4.015752,20.542902,17.482935,19.142050,0.015000
,,449.765106,4.021800,4.006800,4.015760,20.547968,17.482935,19.142607,0.015000
450.299988,2.200000,449.767822,4.021950,4.006650,4.015784,20.547968,17.482935,19.142214,0.015300
,,449.765594,4.021950,4.006200,4.015764,20.547968,17.482935,19.142605,0.015750
450.399994,2.300000,449.761200,4.021650,4.006500,4.015725,20.547968,17.482935,19.142761,0.015150
,,449.767609,4.021650,4.006800,4.015782,20.547968,17.482935,19.142920,0.014850
450.299988,2.300000,449.770020,4.021950,4.006950,4.015804,20.547968,17.482935,19.143078,0.015000
,,449.781342,4.022250,4.006650,4.015905,20.547968,17.482935,19.143391,0.015600
450.299988,2.200000,449.779572,4.022250,4.006500,4.015889,20.547968,17.482935,19.143551,0.015750
,,449.753265,4.021650,4.006350,4.015654,20.547968,17.482935,19.143078,0.015300
450.299988,2.200000,449.783630,4.021800,4.006950,4.015925,20.547968,17.482935,19.143631,0.014850
,,449.761749,4.021800,4.006800,4.015730,20.547968,17.487970,19.143864,0.015000
450.299988,2.200000,449.770233,4.021800,4.006800,4.015806,20.547968,17.482935,19.144024,0.015000
,,449.798706,4.022400,4.006650,4.016060,20.547968,17.482935,19.144497,0.015750
450.299988,2.200000,449.768433,4.021800,4.006350,4.015790,20.547968,17.482935,19.144337,0.015450
,,449.765625,4.021800,4.006650,4.015765,20.547968,17.487970,19.144653,0.015150
450.299988,2.200000,449.781403,4.021950,4.006950,4.015905,20.547968,17.487970,19.144968,0.015000
,,449.787109,4.022250,4.007100,4.015956,20.547968,17.487970,19.145519,0.015150
450.299988,2.200000,449.790283,4.022250,4.006650,4.015985,20.547968,17.487970,19.145439,0.015600
,,449.781219,4.022100,4.006350,4.015904,20.553003,17.487970,19.145754,0.015750
450.299988,2.200000,449.774567,4.021800,4.006500,4.015844,20.553003,17.487970,19.145992,0.015300
,,449.777344,4.021650,4.006650,4.015869,20.547968,17.487970,19.145836,0.015000
450.399994,2.200000,449.783112,4.022100,4.007100,4.015921,20.547968,17.487970,19.146070,0.015000
,,449.793152,4.022100,4.006950,4.016010,20.553003,17.492975,19.146461,0.015150
450.399994,2.200000,449.788422,4.022250,4.006500,4.015968,20.553003,17.487970,19.146778,0.015750
,,449.796143,4.022400,4.006650,4.016037,20.553003,17.492975,19.146778,0.015750
450.299988,2.200000,449.796661,4.021950,4.006950,4.016042,20.553003,17.492975,19.147173,0.015000
,,449.807159,4.022250,4.007250,4.016135,20.553003,17.487970,19.146938,0.015000
450.299988,2.200000,449.813354,4.022250,4.007250,4.016191,20.553003,17.492975,19.147329,0.015000
,,449.786377,4.022100,4.006800,4.015950,20.553003,17.487970,19.147175,0.015300
450.299988,2.200000,449.783813,4.022250,4.006500,4.015927,20.553003,17.492975,19.147646,0.015750
,,449.816101,4.022100,4.006800,4.016215,20.553003,17.492975,19.147881,0.015300
450.399994,2.200000,449.782043,4.021800,4.006800,4.015911,20.553003,17.492975,19.147490,0.015000
,,449.795258,4.022250,4.007250,4.016029,20.553003,17.492975,19.147881,0.015000
450.299988,2.200000,449.812439,4.022400,4.007100,4.016182,20.553003,17.492975,19.148119,0.015300
450.299988,2.200000,449.814758,4.022400,4.006950,4.016203,20.553003,17.492975,19.148039,0.015450
,,449.798492,4.022250,4.006650,4.016058,20.553003,17.492975,19.148748,0.015600
450.299988,2.200000,449.797150,4.021950,4.006650,4.016046,20.553003,17.492975,19.148907,0.015300
,,449.794617,4.021950,4.006950,4.016023,20.558069,17.492975,19.149221,0.015000
450.399994,2.200000,449.801575,4.022250,4.007100,4.016086,20.553003,17.492975,19.149458,0.015150
,,449.809570,4.022250,4.007100,4.016157,20.558069,17.492975,19.149771,0.015150
450.399994,2.100000,449.812073,4.022400,4.006800,4.016179,20.558069,17.492975,19.149616,0.015600
,,449.802277,4.022250,4.006500,4.016092,20.558069,17.492975,19.150324,0.015750
450.299988,2.100000,449.818909,4.022400,4.006800,4.016240,20.558069,17.498011,19.150089,0.015600
,,449.790649,4.021800,4.007100,4.015988,20.553003,17.498011,19.150166,0.014700
450.299988,2.200000,449.798706,4.022250,4.007250,4.016060,20.558069,17.498011,19.150326,0.015000
,,449.801880,4.022100,4.006950,4.016088,20.558069,17.498011,19.150639,0.015150
450.299988,2.200000,449.808777,4.022400,4.006800,4.016150,20.558069,17.498011,19.150955,0.015600
,,449.799805,4.022100,4.006650,4.016070,20.558069,17.498011,19.150877,0.015450
450.299988,2.200000,449.802704,4.022100,4.006800,4.016096,20.558069,17.498011,19.151192,0.015300
,,449.791718,4.021800,4.006950,4.015997,20.558069,17.498011,19.151350,0.014850
450.299988,2.100000,449.821625,4.022400,4.007400,4.016264,20.558069,17.498011,19.151823,0.015000
,,449.828491,4.022250,4.007400,4.016326,20.558069,17.498011,19.152138,0.014850
450.299988,2.100000,449.833466,4.022550,4.007250,4.016370,20.558069,17.498011,19.151903,0.015300
450.299988,2.100000,449.829834,4.022550,4.006950,4.016338,20.558069,17.503046,19.152061,0.015600
450.399994,2.200000,449.820068,4.022550,4.006800,4.016251,20.558069,17.503046,19.152294,0.015750
,,449.819061,4.022250,4.006800,4.016242,20.558069,17.498011,19.152374,0.015450
450.299988,2.100000,449.816833,4.022100,4.006800,4.016222,20.558069,17.498011,19.152691,0.015300
,,449.812225,4.022100,4.006950,4.016181,20.558069,17.503046,19.152376,0.015150
450.399994,2.200000,449.814758,4.022100,4.007100,4.016203,20.558069,17.498011,19.153086,0.015000
,,449.815094,4.022250,4.007250,4.016206,20.558069,17.503046,19.152691,0.015000
450.299988,2.100000,449.845184,4.022550,4.007550,4.016475,20.558069,17.503046,19.153399,0.015000
,,449.815430,4.022250,4.007250,4.016209,20.558069,17.503046,19.153242,0.015000
450.299988,2.100000,449.853027,4.022550,4.007250,4.016545,20.558069,17.503046,19.153717,0.015300
,,449.819611,4.022400,4.006800,4.016246,20.558069,17.503046,19.153872,0.015600
450.299988,2.100000,449.817993,4.022400,4.006800,4.016232,20.558069,17.503046,19.153713,0.015600
,,449.827026,4.022550,4.006950,4.016313,20.558069,17.503046,19.153870,0.015600
450.299988,2.100000,449.801788,4.021800,4.006800,4.016088,20.563135,17.503046,19.154188,0.015000
,,449.828735,4.022100,4.007250,4.016328,20.563135,17.503046,19.154423,0.014850
450.299988,2.100000,449.807220,4.022250,4.007100,4.016136,20.563135,17.503046,19.154425,0.015150
,,449.841888,4.022550,4.007550,4.016446,20.563135,17.503046,19.154264,0.015000
450.399994,2.100000,449.814819,4.022400,4.007250,4.016204,20.563135,17.503046,19.154661,0.015150
,,449.819672,4.022250,4.007250,4.016247,20.563135,17.503046,19.155130,0.015000
450.399994,2.100000,449.830353,4.022550,4.006950,4.016343,20.563135,17.508081,19.155048,0.015600
450.299988,2.100000,449.842743,4.022400,4.007250,4.016453,20.563135,17.508081,19.155760,0.015150
,,449.832031,4.022250,4.006800,4.016357,20.563135,17.508081,19.155916,0.015450
450.399994,2.100000,449.816040,4.022100,4.006800,4.016215,20.563135,17.508081,19.155682,0.015300
,,449.858032,4.022700,4.007700,4.016590,20.563135,17.503046,19.156233,0.015000
450.299988,2.100000,449.860535,4.022700,4.007700,4.016612,20.563135,17.508081,19.155918,0.015000
,,449.834717,4.022250,4.007250,4.016381,20.563135,17.508081,19.156155,0.015000
450.299988,2.100000,449.836761,4.022550,4.006950,4.016400,20.563135,17.508081,19.156389,0.015600
,,449.836121,4.022550,4.006950,4.016394,20.563135,17.508081,19.156389,0.015600
450.399994,2.100000,449.839691,4.022550,4.006950,4.0,20.568201,17.508081,19.156862,0.015600
,,449.846558,4.022400,4.007250,4.016487,20.563135,17.508081,19.156940,0.015150
450.299988,2.100000,,4.022100,4.006950,4.016191,20.568201,17.508081,19.157021,0.015150
450.399994,2.100000,449.818298,4.022100,4.007250,4.016235,20.568201,17.508081,19.157255,0.014850
,,449.826080,4.022550,4.007400,4.016304,20.568201,17.508081,19.157097,0.015150
450.399994,2.100000,449.825562,4.022550,4.007400,4.016300,20.568201,17.508081,19.157333,0.015150
,,449.829559,4.022400,4.007400,4.016335,20.568201,17.513117,19.157963,0.015000
450.299988,2.100000,449.868134,4.022700,4.007700,4.016680,20.568201,17.513117,19.157648,0.015000
,,449.829620,4.022550,4.006800,4.016336,20.568201,17.513117,19.157728,0.015750
450.299988,2.000000,449.852814,4.022700,4.007100,4.016543,20.568201,17.513117,19.157885,0.015600
450.299988,2.000000,449.849182,4.022700,4.007100,4.016510,20.568201,17.513117,19.158043,0.015600
,,449.830963,4.022250,4.007250,4.016348,20.568201,17.513117,19.158514,0.015000
450.399994,2.000000,449.839508,4.022550,4.007550,4.016424,20.568201,17.513117,19.158751,0.015000
,,449.840179,4.022550,4.007400,4.016430,20.568201,17.513117,19.158991,0.015150
450.399994,2.100000,449.845734,4.022700,4.007550,4.016480,20.568201,17.513117,19.158991,0.015150
,,449.852295,4.022700,4.007400,4.016538,20.568201,17.513117,19.159067,0.015300
450.399994,2.100000,449.857544,4.022850,4.007100,4.016585,20.568201,17.513117,19.159225,0.015750
,,449.858734,4.023000,4.007250,4.016596,20.568201,17.513117,19.159538,0.015750
450.299988,2.100000,449.868469,4.022700,4.007100,4.016683,20.568201,17.513117,19.159618,0.015600
,,449.864136,4.022700,4.007250,4.016644,20.568201,17.513117,19.159302,0.015450
450.299988,2.000000,449.866119,4.022550,4.007250,4.016662,20.573267,17.513117,19.159698,0.015300
,,449.863586,4.022400,4.007250,4.016639,20.573267,17.513117,19.160011,0.015150
450.299988,2.000000,449.872375,4.022700,4.007550,4.016717,20.568201,17.513117,19.159933,0.015150
,,449.846313,4.022700,4.007700,4.016485,20.568201,17.518122,19.160170,0.015000
450.299988,2.000000,449.850891,4.022700,4.007550,4.016526,20.573267,17.518122,19.160250,0.015150
,,449.866638,4.022550,4.007550,4.016666,20.573267,17.518122,19.160089,0.015000
450.299988,2.000000,449.872833,4.023000,4.007400,4.016722,20.573267,17.513117,19.160250,0.015600
,,449.867920,4.022850,4.007250,4.016678,20.573267,17.518122,19.160801,0.015600
450.299988,2.000000,449.867554,4.022850,4.007100,4.016675,20.573267,17.518122,19.160645,0.015750
450.299988,2.000000,449.834839,4.022250,4.006950,4.016383,20.573267,17.518122,19.161430,0.015300
450.399994,2.000000,449.856262,4.022700,4.007100,4.016574,20.573267,17.518122,19.161036,0.015600
,,449.851868,4.022400,4.007250,4.016534,20.573267,17.518122,19.161745,0.015150
450.399994,2.000000,449.847992,4.022400,4.007250,4.016500,20.573267,17.518122,19.161432,0.015150
,,449.847839,4.022250,4.007250,4.016499,20.573267,17.518122,19.161587,0.015000
450.299988,1.900000,449.846405,4.022700,4.007550,4.016486,20.573267,17.518122,19.161903,0.015150
,,449.845612,4.022550,4.007550,4.016479,20.573267,17.518122,19.161825,0.015000
450.299988,2.000000,449.855438,4.022700,4.007250,4.016566,20.573267,17.523157,19.162060,0.015450
,,449.885529,4.023000,4.007400,4.016835,20.573267,17.518122,19.162374,0.015600
450.299988,2.000000,449.848785,4.022550,4.007100,4.016507,20.573267,17.518122,19.162294,0.015450
,,449.843781,4.022250,4.007100,4.016462,20.573267,17.518122,19.162609,0.015150
450.399994,2.000000,449.860779,4.022700,4.007550,4.016614,20.578333,17.523157,19.163242,0.015150
,,449.865265,4.022850,4.007700,4.016654,20.573267,17.518122,19.162767,0.015150
450.399994,1.900000,449.881042,4.023000,4.007400,4.016795,20.578333,17.518122,19.163242,0.015600
,,449.841919,4.022700,4.006950,4.016446,20.578333,17.523157,19.163321,0.015750
450.299988,2.000000,449.871338,4.022700,4.007250,4.016708,20.578333,17.518122,19.162848,0.015450
,,449.870422,4.022550,4.007400,4.016700,20.578333,17.523157,19.163637,0.015150
450.299988,2.000000,449.877411,4.022850,4.007850,4.016763,20.573267,17.523157,19.163559,0.015000
,,449.878662,4.023000,4.007850,4.016774,20.578333,17.523157,19.163792,0.015150
450.299988,2.000000,449.886292,4.022850,4.007700,4.016842,20.578333,17.523157,19.163401,0.015150
450.399994,2.000000,449.872742,4.022850,4.007250,4.016721,20.578333,17.523157,19.164267,0.015600
,,449.860962,4.022550,4.007100,4.016616,20.578333,17.523157,19.164267,0.015450
450.299988,1.900000,449.851685,4.022400,4.007100,4.016533,20.578333,17.523157,19.164345,0.015300
,,449.857239,4.022700,4.007550,4.016582,20.578333,17.523157,19.164585,0.015150
450.299988,1.900000,449.862030,4.022700,4.007550,4.016625,20.578333,17.523157,19.164583,0.015150
,,449.870941,4.022700,4.007250,4.016705,20.578333,17.523157,19.164900,0.015450
450.299988,1.900000,449.864960,4.022850,4.007250,4.016652,20.578333,17.523157,19.164661,0.015600
,,449.861847,4.022550,4.007100,4.016623,20.578333,17.523157,19.164742,0.015450
450.399994,1.900000,449.858185,4.022400,4.007250,4.016591,20.578333,17.523157,19.165056,0.015150
,,449.877167,4.022850,4.007850,4.016760,20.578333,17.528193,19.165133,0.015000
450.399994,1.900000,449.884613,4.023000,4.007850,4.016827,20.578333,17.528193,19.165133,0.015150
,,449.862976,4.022700,4.007250,4.016634,20.578333,17.528193,19.165213,0.015450
450.399994,1.900000,449.894196,4.023150,4.007400,4.016912,20.578333,17.528193,19.165527,0.015750
,,449.887970,4.022700,4.007400,4.016857,20.578333,17.528193,19.165293,0.015300
450.299988,1.900000,449.852112,4.022400,4.007100,4.016537,20.578333,17.528193,19.165842,0.015300
,,449.895782,4.023150,4.007850,4.016927,20.578333,17.528193,19.165922,0.015300
450.299988,1.900000,449.891968,4.023000,4.007850,4.016892,20.578333,17.528193,19.166237,0.015150
,,449.891327,4.022850,4.007700,4.016887,20.578333,17.528193,19.165920,0.015150
450.399994,1.900000,449.891663,4.023000,4.007700,4.016890,20.578333,17.528193,19.166079,0.015300
,,449.874847,4.022850,4.007100,4.016740,20.578333,17.528193,19.166315,0.015750
450.299988,1.900000,449.870178,4.022700,4.007250,4.016698,20.578333,17.528193,19.166393,0.015450
,,449.900421,4.023150,4.007700,4.016968,20.583368,17.528193,19.166553,0.015450
450.399994,1.900000,449.874023,4.022700,4.007700,4.016732,20.578333,17.533228,19.166866,0.015000
,,449.882111,4.022700,4.007700,4.016805,20.578333,17.528193,19.166630,0.015000
450.299988,1.800000,449.886780,4.023150,4.007550,4.016846,20.578333,17.533228,19.166708,0.015600
,,449.879395,4.022850,4.007250,4.016780,20.578333,17.533228,19.167103,0.015600
450.299988,1.800000,449.885040,4.022700,4.007400,4.016831,20.583368,17.533228,19.167181,0.015300
,,449.892487,4.022850,4.007700,4.016897,20.578333,17.533228,19.167337,0.015150
450.399994,1.900000,449.870972,4.022850,4.007700,4.016705,20.578333,17.533228,19.167496,0.015150
,,449.877014,4.022850,4.007550,4.016759,20.583368,17.533228,19.167498,0.015300
450.399994,1.900000,449.908661,4.023300,4.007700,4.017042,20.583368,17.533228,19.167341,0.015600
,,449.871765,4.022700,4.007250,4.016712,20.583368,17.533228,19.167973,0.015450
450.299988,1.900000,449.867737,4.022550,4.007250,4.016676,20.583368,17.533228,19.167337,0.015300
,,449.906738,4.023150,4.007850,4.017025,20.583368,17.533228,19.168125,0.015300
450.299988,1.800000,449.867310,4.022700,4.007550,4.016673,20.583368,17.533228,19.168283,0.015150
,,449.900818,4.023150,4.007700,4.016972,20.583368,17.533228,19.168364,0.015450
450.299988,1.800000,449.900726,4.023150,4.007400,4.016971,20.578333,17.533228,19.168205,0.015750
450.299988,1.800000,449.896332,4.023000,4.007400,4.016932,20.583368,17.533228,19.168440,0.015600
,,449.881012,4.022850,4.007400,4.016795,20.583368,17.533228,19.169149,0.015450
450.299988,1.800000,449.878265,4.022700,4.007550,4.016770,20.583368,17.533228,19.168756,0.015150
,,449.888641,4.022850,4.007850,4.016863,20.583368,17.538233,19.168991,0.015000
450.299988,1.900000,449.894531,4.022850,4.007700,4.016915,20.583368,17.533228,19.169075,0.015150
,,449.892700,4.022850,4.007400,4.016899,20.583368,17.538233,19.169464,0.015450
450.399994,1.900000,449.888397,4.022700,4.007550,4.016860,20.583368,17.538233,19.169466,0.015150
,,449.903046,4.023150,4.008150,4.016992,20.583368,17.538233,19.169071,0.015000
450.299988,1.900000,449.911621,4.023300,4.008150,,20.583368,17.538233,19.169312,0.015150
450.299988,1.800000,449.922485,4.023300,4.007850,4.017165,20.583368,17.538233,19.169544,0.015450
,,449.884827,4.023000,4.007400,4.016829,20.583368,17.538233,19.169701,0.015600
450.299988,1.800000,449.914276,4.023150,4.007700,4.017092,20.588434,17.538233,19.169703,0.015450
,,449.908691,4.022850,4.007700,4.017042,20.588434,17.538233,19.170094,0.015150
450.299988,1.800000,449.888580,4.022850,4.007850,4.016862,20.588434,17.538233,19.169937,0.015000
,,449.890686,4.023000,4.008000,4.016881,20.583368,17.538233,19.170488,0.015000
450.399994,1.900000,449.907257,4.023300,4.007850,4.017029,20.583368,17.538233,19.170805,0.015450
,,449.910797,4.023150,4.007550,4.017061,20.583368,17.538233,19.170805,0.015600
450.399994,1.800000,449.904480,4.023150,4.007700,4.017004,20.588434,17.538233,19.170334,0.015450
,,449.903992,4.022850,4.007550,4.017000,20.588434,17.538233,19.170729,0.015300
450.299988,1.800000,449.913727,4.023300,4.008000,4.017087,20.588434,17.538233,19.170885,0.015300
450.399994,1.800000,449.933990,4.023450,4.008150,4.017268,20.588434,17.538233,19.170725,0.015300
,,449.908936,4.023150,4.007700,4.017044,20.588434,17.538233,19.171360,0.015450
450.399994,1.800000,449.905273,4.023150,4.007400,4.017011,20.588434,17.538233,19.171280,0.015750
,,449.903839,4.023150,4.007550,4.016999,20.588434,17.538233,19.171515,0.015600
450.299988,1.800000,449.907745,4.022850,4.007850,4.017034,20.588434,17.538233,19.171118,0.015000
,,449.893402,4.023000,4.007850,4.016905,20.588434,17.538233,19.171516,0.015150
450.399994,1.800000,449.924561,4.023300,4.008300,4.017184,20.588434,17.543268,19.171354,0.015000
,,449.899170,4.023000,4.007700,4.016957,20.588434,17.543268,19.171831,0.015300
450.399994,1.800000,449.926514,4.023300,4.007700,4.017201,20.588434,17.543268,19.171354,0.015600
,,449.926178,4.023000,4.007850,4.017198,20.588434,17.543268,19.171753,0.015150
450.399994,1.800000,449.888641,4.022700,4.007550,4.016863,20.588434,17.543268,19.171831,0.015150
,,449.932953,4.023300,4.008300,4.017259,20.588434,17.543268,19.172222,0.015000
450.299988,1.800000,449.911072,4.023300,4.008150,4.017063,20.593500,17.543268,19.172146,0.015150
,,449.923035,4.023300,4.007700,4.017170,20.588434,17.543268,19.172146,0.015600
450.299988,1.800000,449.922668,4.023300,4.007550,4.017167,20.588434,17.543268,19.172224,0.015750
,,449.917664,4.023150,4.007700,4.017122,20.588434,17.543268,19.172539,0.015450
450.299988,1.800000,449.913757,4.023000,4.007850,4.017087,20.593500,17.543268,19.172777,0.015150
,,449.923615,4.023300,4.008150,4.017175,20.588434,17.543268,19.172695,0.015150
450.299988,1.800000,449.923889,4.023450,4.008150,4.017178,20.593500,17.543268,19.173090,0.015300
,,449.918243,4.023300,4.008000,4.017127,20.593500,17.543268,19.172932,0.015300
450.299988,1.700000,449.914703,4.023300,4.007550,4.017096,20.588434,17.543268,19.173090,0.015750
,,449.913666,4.023000,4.007700,4.017087,20.588434,17.543268,19.173328,0.015300
450.399994,1.800000,449.919281,4.023000,4.007850,4.017137,20.593500,17.548304,19.173092,0.015150
,,449.925781,4.023150,4.008000,4.017194,20.593500,17.543268,19.173092,0.015150
450.299988,1.800000,449.935883,4.023300,4.008300,4.017285,20.593500,17.548304,19.173800,0.015000
,,449.941650,4.023300,4.008300,4.017336,20.593500,17.543268,19.173405,0.015000
450.299988,1.800000,449.943481,4.023450,4.007850,4.017353,20.593500,17.548304,19.173723,0.015600
,,449.939240,4.023450,4.007850,4.017314,20.593500,17.548304,19.174273,0.015600
450.399994,1.800000,449.903046,4.022850,4.007550,4.016992,20.593500,17.548304,19.173880,0.015300
,,449.933838,4.023300,4.008000,4.017266,20.593500,17.548304,19.174036,0.015300
450.299988,1.700000,449.928497,4.023450,4.008150,4.017219,20.593500,17.548304,19.173960,0.015300
,,449.936554,4.023300,4.008150,4.017291,20.593500,17.548304,19.174355,0.015150
450.299988,1.700000,449.933258,4.023450,4.007700,4.017261,20.593500,17.548304,19.174276,0.015750
,,449.933472,4.023300,4.007850,4.017263,20.593500,17.548304,19.174351,0.015450
450.299988,1.700000,449.926910,4.023150,4.007850,4.017205,20.593500,17.548304,19.174749,0.015300
,,449.930481,4.023150,4.008000,4.017236,20.593500,17.548304,19.173958,0.015150
450.299988,1.800000,449.938049,4.023450,4.008300,4.017304,20.593500,17.548304,19.174667,0.015150
450.399994,1.800000,449.933655,4.023450,4.008150,4.017265,20.593500,17.548304,19.174273,0.015300
,,449.931946,4.023300,4.007850,4.017250,20.593500,17.548304,19.174826,0.015450
450.299988,1.700000,449.939758,4.023450,4.007700,4.017319,20.598566,17.548304,19.175219,0.015750
,,449.910950,4.022850,4.007550,4.017062,20.593500,17.548304,19.174982,0.015300
450.299988,1.700000,449.906006,4.022850,4.007700,4.017018,20.593500,17.553339,19.175060,0.015150
,,449.950195,4.023450,4.008450,4.017413,20.598566,17.553339,19.175611,0.015000
450.299988,1.700000,449.950378,4.023600,4.008450,4.017414,20.598566,17.553339,19.176004,0.015150
,,449.960663,4.023600,4.008300,4.017506,20.593500,17.553339,19.175529,0.015300
450.399994,1.700000,449.920837,4.023300,4.007700,4.017150,20.593500,17.553339,19.175610,0.015600
,,449.921722,4.023000,4.007700,4.017158,20.598566,17.553339,19.176004,0.015300
450.299988,1.700000,449.923279,4.023150,4.007850,4.017172,20.593500,17.553339,19.176006,0.015300
,,449.942688,4.023300,4.008150,4.017345,20.598566,17.553339,19.176085,0.015150
450.299988,1.700000,449.942627,4.023450,4.008300,4.017345,20.593500,17.553339,19.175844,0.015150
,,449.950806,4.023600,4.008150,4.017418,20.598566,17.553339,19.176399,0.015450
450.299988,1.700000,449.950012,4.023600,4.008000,4.017411,20.598566,17.553339,19.176479,0.015600
,,449.945953,4.023300,4.008000,4.017375,20.598566,17.553339,19.176085,0.015300
450.299988,1.700000,449.938965,4.023150,4.007850,4.017312,20.598566,17.553339,19.176239,0.015300
,,449.947754,4.023600,4.008150,4.017391,20.593500,17.553339,19.176083,0.015450
450.299988,1.700000,449.942841,4.023450,4.008300,4.017347,20.598566,17.553339,19.176558,0.015150
450.399994,1.700000,449.942261,4.023450,4.008150,4.017342,20.598566,17.553339,19.176558,0.015300
450.399994,1.700000,449.955261,4.023600,4.008150,4.017457,20.598566,17.553339,19.176716,0.015450
,,449.959747,4.023600,4.008000,4.017498,20.598566,17.553339,19.176950,0.015600
450.399994,1.700000,449.959106,4.023600,4.008000,4.017492,20.598566,17.553339,19.176399,0.015600
,,449.959686,4.023450,4.008000,4.017497,20.598566,17.553339,19.176794,0.015450
450.399994,1.700000,449.955994,4.023450,4.008150,4.017464,20.598566,17.558344,19.176872,0.015300
,,449.966003,4.023750,4.008300,4.017554,20.598566,17.553339,19.177187,0.015450
450.299988,1.700000,449.931427,4.023450,4.008300,4.017245,20.598566,17.553339,19.177029,0.015150
,,449.961273,4.023600,4.008450,4.017511,20.598566,17.558344,19.177423,0.015150
450.399994,1.700000,449.950287,4.023450,4.008300,4.017413,20.598566,17.553339,19.177265,0.015150
,,449.959351,4.023750,4.008150,4.017494,20.598566,17.558344,19.177422,0.015600
450.299988,1.700000,449.952545,4.023600,4.008150,4.017434,20.598566,17.553339,19.177345,0.015450
,,449.952515,4.023450,4.008000,4.017433,20.598566,17.558344,19.177502,0.015450
450.299988,1.700000,449.957764,4.023450,4.008000,4.017480,20.598566,17.558344,19.177895,0.015450
,,449.950745,4.023150,4.008000,4.017417,20.598566,17.558344,19.177816,0.015150
450.299988,1.600000,449.946869,4.023300,4.008300,4.017383,20.598566,17.553339,19.177895,0.015000
,,449.945496,4.023300,4.008150,4.017371,20.598566,17.553339,19.177738,0.015150
450.299988,1.600000,449.947357,4.023600,4.008300,4.017387,20.598566,17.558344,19.177973,0.015300
,,449.945953,4.023600,4.008300,4.017375,20.603632,17.558344,19.178131,0.015300
450.399994,1.700000,449.945496,4.023450,4.008300,4.017371,20.598566,17.558344,19.177660,0.015150
450.299988,1.700000,449.966675,4.023750,4.008600,4.017560,20.598566,17.558344,19.178600,0.015150
,,449.968353,4.023600,4.008450,4.017575,20.598566,17.558344,19.177973,0.015150
450.399994,1.700000,449.975891,4.023750,4.008300,4.01,20.603632,17.558344,19.178368,0.015450
,,449.939423,4.023450,4.007850,4.017316,20.598566,17.558344,19.178682,0.015600
450.299988,1.700000,,4.023450,4.008150,4.017575,20.598566,17.558344,19.178680,0.015300
450.399994,1.700000,449.951569,4.023450,4.008000,4.017425,20.603632,17.558344,19.178682,0.015450
,,449.954437,4.023300,4.008000,4.017450,20.603632,17.563379,19.178446,0.015300
450.299988,1.600000,449.950836,4.023450,4.008150,4.017418,20.603632,17.558344,19.178841,0.015300
,,449.957214,4.023450,4.008150,4.017475,20.603632,17.558344,19.178761,0.015300
450.299988,1.600000,449.963074,4.023750,4.008450,4.017528,20.603632,17.558344,19.178919,0.015300
,,449.966431,4.023750,4.008600,4.017558,20.603632,17.563379,19.179075,0.015150
450.399994,1.700000,449.965240,4.023600,4.008300,4.017547,20.603632,17.563379,19.179153,0.015300
,,449.964172,4.023600,4.008300,4.017537,20.603632,17.563379,19.179550,0.015300
450.399994,1.700000,449.959564,4.023600,4.008000,4.017496,20.603632,17.563379,19.179390,0.015600
,,449.955231,4.023600,4.008150,4.017457,20.603632,17.563379,19.179626,0.015450
450.399994,1.700000,449.953369,4.023450,4.007850,4.017441,20.603632,17.563379,19.179155,0.015600
,,449.955505,4.023450,4.008000,4.017460,20.603632,17.563379,19.179310,0.015450
450.299988,1.600000,449.948853,4.023300,4.008000,4.017400,20.603632,17.563379,19.179314,0.015300
450.299988,1.600000,449.950623,4.023300,4.008300,4.017416,20.603632,17.563379,19.179548,0.015000
,,449.979584,4.023600,4.008750,4.017675,20.603632,17.563379,19.179943,0.014850
450.399994,1.600000,449.980988,4.023750,4.008600,4.017687,20.603632,17.563379,19.179941,0.015150
,,449.976685,4.023600,4.008450,4.017649,20.603632,17.563379,19.179785,0.015150
450.399994,1.600000,449.974518,4.023600,4.008300,4.017630,20.603632,17.563379,19.179863,0.015300
,,449.971619,4.023750,4.008150,4.017604,20.603632,17.563379,19.180336,0.015600
450.399994,1.700000,449.968811,4.023750,4.008150,4.017579,20.603632,17.563379,19.180258,0.015600
,,449.969604,4.023750,4.008000,4.017586,20.603632,17.568415,19.180653,0.015750
450.399994,1.700000,449.971649,4.023450,4.008150,4.017604,20.603632,17.563379,19.180101,0.015300
,,449.964783,4.023450,4.008300,4.017543,20.603632,17.563379,19.180260,0.015150
450.399994,1.600000,449.972839,4.023600,4.008450,4.017615,20.603632,17.568415,19.180099,0.015150
,,449.984375,4.023750,4.008600,4.017718,20.603632,17.568415,19.180809,0.015150
450.299988,1.600000,449.961853,4.023750,4.008600,4.017517,20.608698,17.568415,19.180182,0.015150
,,449.959595,4.023600,4.008600,4.017497,20.603632,17.568415,19.180338,0.015000
450.299988,1.600000,449.964050,4.023600,4.008300,4.017536,20.603632,17.563379,19.180496,0.015300
,,449.971222,4.023600,4.008450,4.017600,20.603632,17.563379,19.180496,0.015150
450.299988,1.600000,449.965912,4.023600,4.008150,4.017553,20.603632,17.568415,19.180256,0.015450
,,449.969879,4.023750,4.008150,4.017588,20.603632,17.568415,19.180573,0.015600
450.299988,1.600000,449.980591,4.023600,4.008150,4.017684,20.608698,17.568415,19.180573,0.015450
450.299988,1.600000,449.943573,4.023150,4.008000,4.017354,20.608698,17.568415,19.180889,0.015150
450.399994,1.600000,449.966583,4.023450,4.008300,4.017559,20.608698,17.568415,19.181047,0.015150
,,449.965088,4.023450,4.008450,4.017545,20.608698,17.568415,19.181126,0.015000
450.399994,1.600000,449.973999,4.023900,4.008600,4.017625,20.603632,17.568415,19.180967,0.015300
,,449.976227,4.023750,4.008600,4.017645,20.608698,17.568415,19.180967,0.015150
450.399994,1.600000,449.975098,4.023750,4.008600,4.017635,20.608698,17.568415,19.180887,0.015150
,,449.979767,4.023600,4.008450,4.017676,20.608698,17.568415,19.181597,0.015150
450.299988,1.600000,449.983093,4.023900,4.008150,4.017706,20.608698,17.568415,19.181360,0.015750
,,449.987793,4.023900,4.008300,4.017748,20.608698,17.568415,19.181362,0.015600
450.299988,1.600000,449.988312,4.023600,4.008300,4.017753,20.608698,17.568415,19.181438,0.015300
,,449.958771,4.023450,4.008300,4.017489,20.608698,17.568415,19.181517,0.015150
450.399994,1.600000,449.999634,4.024050,4.008900,4.017854,20.603632,17.568415,19.181362,0.015150
,,449.972076,4.023750,4.008600,4.017608,20.608698,17.568415,19.181599,0.015150
450.299988,1.600000,449.978088,4.023750,4.008300,4.017662,20.608698,17.573450,19.181757,0.015450
,,449.975342,4.023750,4.008150,4.017637,20.608698,17.568415,19.181677,0.015600
450.399994,1.600000,449.977539,4.023750,4.008150,4.017657,20.608698,17.573450,19.181442,0.015600
,,449.979462,4.023600,4.008300,4.017674,20.613764,17.568415,19.181913,0.015300
450.299988,1.600000,449.987823,4.023750,4.008750,4.017748,20.608698,17.568415,19.181833,0.015000
,,449.997528,4.023900,4.008750,4.017835,20.608698,17.573450,19.181837,0.015150
450.299988,1.600000,449.993073,4.023750,4.008450,4.017795,20.608698,17.573450,19.181837,0.015300
450.399994,1.600000,449.987091,4.023750,4.008450,4.017742,20.608698,17.573450,19.181992,0.015300
,,449.979706,4.023600,4.008000,4.017676,20.608698,17.573450,19.182230,0.015600
450.399994,1.600000,449.981445,4.023750,4.008150,4.017692,20.608698,17.573450,19.182074,0.015600
,,449.976105,4.023450,4.008300,4.017644,20.608698,17.573450,19.182308,0.015150
450.399994,1.600000,449.983063,4.023750,4.008450,4.017706,20.608698,17.573450,19.182072,0.015300
,,449.990570,4.023750,4.008750,4.017773,20.608698,17.573450,19.182308,0.015000
450.399994,1.600000,450.003479,4.023750,4.008600,4.017888,20.608698,17.573450,19.182465,0.015150
,,450.007385,4.024050,4.008300,4.017923,20.608698,17.573450,19.182545,0.015750
450.399994,1.600000,450.008148,4.023900,4.008450,4.017930,20.608698,17.573450,19.183016,0.015450
,,449.970612,4.023450,4.008300,4.017595,20.608698,17.573450,19.182467,0.015150
450.399994,1.600000,449.973297,4.023600,4.008450,4.017619,20.608698,17.573450,19.182543,0.015150
,,449.979736,4.023900,4.008750,4.017676,20.613764,17.573450,19.182703,0.015150
450.399994,1.600000,449.985626,4.023600,4.008450,4.017729,20.608698,17.573450,19.182701,0.015150
,,450.007690,4.023900,4.008450,4.017926,20.608698,17.573450,19.182781,0.015450
450.399994,1.500000,449.995544,4.023750,4.008450,4.017817,20.608698,17.573450,19.182545,0.015300
,,449.992798,4.023600,4.008600,4.017793,20.608698,17.573450,19.182859,0.015000
450.399994,1.500000,449.997162,4.023750,4.008600,4.017832,20.613764,17.573450,19.183098,0.015150
,,449.999603,4.024050,4.008750,4.017854,20.613764,17.578485,19.183018,0.015300
450.399994,1.500000,450.006805,4.023900,4.008750,4.017918,20.613764,17.578485,19.183018,0.015150
,,449.990753,4.023750,4.008300,4.017775,20.613764,17.573450,19.183411,0.015450
450.299988,1.500000,449.984253,4.023600,4.008300,4.017716,20.608698,17.578485,19.183331,0.015300
,,449.988190,4.023750,4.008600,4.017752,20.608698,17.578485,19.182938,0.015150
450.399994,1.600000,449.992371,4.024050,4.008900,4.017789,20.613764,17.578485,19.182938,0.015150
,,450.002808,4.024050,4.008900,4.017882,20.613764,17.578485,19.183096,0.015150
450.399994,1.500000,450.018036,4.024200,4.008750,4.018018,20.613764,17.578485,19.183254,0.015450
,,450.012451,4.024050,4.008300,4.017968,20.613764,17.578485,19.183332,0.015750
450.299988,1.500000,450.012177,4.023900,4.008450,4.017966,20.613764,17.578485,19.183096,0.015450
,,450.009277,4.023900,4.008600,4.017940,20.613764,17.578485,19.183805,0.015300
450.399994,1.500000,449.982727,4.023900,4.008750,4.017703,20.613764,17.578485,19.183805,0.015150
,,449.991455,4.023900,4.008600,4.017781,20.613764,17.578485,19.183489,0.015300
450.399994,1.500000,450.023682,4.024050,4.008750,4.018069,20.613764,17.578485,19.183964,0.015300
,,450.003326,4.023900,4.008450,4.017887,20.613764,17.578485,19.183569,0.015450
450.399994,1.500000,450.005127,4.023750,4.008450,4.017903,20.613764,17.578485,19.183569,0.015300
,,450.002594,4.023750,4.008450,4.017880,20.613764,17.578485,19.183647,0.015300
450.399994,1.600000,450.006805,4.024050,4.008900,4.017918,20.613764,17.578485,19.183647,0.015150
,,450.014252,4.024050,4.008750,4.017984,20.613764,17.578485,19.184040,0.015300
450.299988,1.500000,450.014282,4.024050,4.008450,4.017985,20.613764,17.578485,19.183962,0.015600
450.399994,1.500000,450.013702,4.023900,4.008600,4.017980,20.613764,17.578485,19.183804,0.015300
,,450.025909,4.024050,4.008600,4.018088,20.613764,17.578485,19.184040,0.015450
450.399994,1.500000,449.993042,4.023750,4.008600,4.017795,20.618799,17.578485,19.183804,0.015150
,,450.008209,4.024050,4.008900,4.017931,20.613764,17.578485,19.183882,0.015150
450.299988,1.500000,450.026184,4.024050,4.008900,4.018091,20.61,,19.184355,0.015150
,,450.018738,4.024200,4.008600,4.018024,20.613764,17.583490,19.183882,0.015600
450.399994,1.600000,450.0,4.024050,4.008750,4.018036,20.618799,17.583490,19.184353,0.015300
450.399994,1.500000,450.016388,4.023900,4.008750,4.018003,20.613764,17.583490,19.184435,0.015150
,,450.017273,4.023750,4.008900,4.018012,20.613764,17.583490,19.184040,0.014850
450.399994,1.500000,450.022095,4.024050,4.008900,4.018054,20.613764,17.583490,19.184353,0.015150
,,450.024506,4.024200,4.008900,4.018076,20.618799,17.583490,19.184748,0.015300
450.399994,1.500000,450.020538,4.024050,4.008450,4.018041,20.613764,17.583490,19.184435,0.015600
,,450.014465,4.023900,4.008600,4.017986,20.613764,17.583490,19.184830,0.015300
450.399994,1.500000,450.007385,4.023750,4.008600,4.017923,20.613764,17.583490,19.184750,0.015150
,,450.014435,4.024050,4.008900,4.017986,20.618799,17.583490,19.184830,0.015150
450.399994,1.500000,450.051086,4.024500,4.009200,4.018313,20.618799,17.583490,19.185143,0.015300
,,450.020325,4.024050,4.008750,4.018039,20.613764,17.583490,19.184435,0.015300
450.399994,1.500000,450.019775,4.024050,4.008450,4.018034,20.618799,17.583490,19.185062,0.015600
,,450.023041,4.023900,4.008600,4.018063,20.618799,17.583490,19.184982,0.015300
450.299988,1.500000,450.007996,4.023900,4.008450,4.017929,20.613764,17.588526,19.184591,0.015450
450.399994,1.500000,450.006683,4.023900,4.008900,4.017917,20.618799,17.588526,19.184824,0.015000
,,450.019775,4.024200,4.008900,4.018034,20.618799,17.583490,19.185375,0.015300
450.299988,1.500000,450.032867,4.024200,4.008750,4.018151,20.613764,17.583490,19.185379,0.015450
,,450.026917,4.024350,4.008600,4.018097,20.613764,17.588526,19.185299,0.015750
450.399994,1.500000,450.024475,4.023750,4.008750,4.018075,20.618799,17.588526,19.184984,0.015000
,,450.025269,4.024050,4.008900,4.018083,20.618799,17.588526,19.185141,0.015150
450.399994,1.500000,450.034485,4.024200,4.009050,4.018165,20.618799,17.588526,19.185141,0.015150
,,450.040466,4.024200,4.008900,4.018219,20.618799,17.588526,19.185139,0.015300
450.399994,1.500000,450.032257,4.024050,4.008750,4.018145,20.618799,17.583490,19.185772,0.015300
,,450.023590,4.023900,4.008600,4.018068,20.618799,17.583490,19.185299,0.015300
450.399994,1.500000,450.010803,4.023900,4.008750,4.017953,20.618799,17.588526,19.185377,0.015150
,,450.016113,4.024200,4.008900,4.018001,20.618799,17.583490,19.185616,0.015300
450.399994,1.500000,450.021027,4.024200,4.009050,4.018045,20.618799,17.588526,19.185221,0.015150
,,450.027161,4.024200,4.008600,4.018100,20.618799,17.588526,19.185455,0.015600
450.399994,1.500000,450.022644,4.024050,4.008600,4.018059,20.618799,17.588526,19.185299,0.015450
,,450.019806,4.023900,4.008600,4.018034,20.618799,17.588526,19.185692,0.015300
450.399994,1.500000,450.025421,4.023900,4.008750,4.018084,20.618799,17.588526,19.185692,0.015150
,,450.011444,4.024050,4.008900,4.017959,20.618799,17.588526,19.185692,0.015150
450.399994,1.500000,450.046387,4.024350,4.009050,4.018271,20.618799,17.588526,19.186005,0.015300
,,450.036285,4.024050,4.008750,4.018181,20.618799,17.588526,19.185614,0.015300
450.299988,1.400000,450.030396,4.024050,4.008600,4.018128,20.618799,17.588526,19.185772,0.015450
,,450.028809,4.024050,4.008750,4.018115,20.618799,17.588526,19.185457,0.015300
450.399994,1.400000,450.036072,4.024200,4.008900,4.018179,20.618799,17.588526,19.185614,0.015300
,,450.034973,4.024350,4.009050,4.018169,20.618799,17.588526,19.185692,0.015300
450.399994,1.400000,450.042877,4.024200,4.008900,4.018240,20.618799,17.588526,19.185534,0.015300
,,450.034637,4.024200,4.008600,4.018167,20.618799,17.588526,19.185692,0.015600
450.399994,1.500000,450.041870,4.024350,4.008900,4.018231,20.618799,17.588526,19.185928,0.015450
,,450.049133,4.024050,4.009050,4.018296,20.618799,17.593561,19.185772,0.015000
450.399994,1.500000,450.021912,4.024200,4.008900,4.018053,20.623865,17.593561,19.186163,0.015300
,,450.034119,4.024200,4.009050,4.018162,20.618799,17.588526,19.185850,0.015150
450.399994,1.500000,450.026672,4.024200,4.008450,4.018095,20.618799,17.593561,19.186321,0.015750
,,450.030304,4.024050,4.008600,4.018128,20.618799,17.593561,19.186399,0.015450
450.399994,1.400000,450.021210,4.023900,4.008750,4.018046,20.618799,17.593561,19.186241,0.015150
,,450.031708,4.024200,4.009050,4.018140,20.623865,17.593561,19.186323,0.015150
450.399994,1.400000,450.057251,4.024350,4.009050,4.018368,20.623865,17.593561,19.186165,0.015300
,,450.058533,4.024500,4.009050,4.018380,20.623865,17.593561,19.186478,0.015450
450.399994,1.400000,450.050262,4.024350,4.008750,4.018306,20.623865,17.593561,19.186481,0.015600
450.399994,1.500000,450.019440,4.023900,4.008450,4.018031,20.618799,17.593561,19.186480,0.015450
,,450.038910,4.024200,4.009200,4.018205,20.623865,17.593561,19.186560,0.015000
450.299988,1.400000,450.040283,4.024200,4.009050,4.018217,20.623865,17.593561,19.186872,0.015150
,,450.045227,4.024350,4.009050,4.018261,20.623865,17.593561,19.186480,0.015300
450.399994,1.500000,450.040192,4.024200,4.008750,4.018216,20.623865,17.593561,19.186478,0.015450
,,450.042236,4.024050,4.008750,4.018234,20.623865,17.593561,19.186558,0.015300
450.399994,1.400000,450.036469,4.024050,4.008900,4.018183,20.623865,17.593561,19.186558,0.015150
,,450.035248,4.024350,4.009050,4.018172,20.623865,17.593561,19.186792,0.015300
450.399994,1.400000,450.062317,4.024500,4.009350,4.018414,20.623865,17.593561,19.187033,0.015150
,,450.036255,4.024050,4.008750,4.018181,20.623865,17.593561,19.186953,0.015300
450.399994,1.400000,450.033722,4.024200,4.008750,4.018158,20.623865,17.593561,19.186872,0.015450
,,450.021881,4.023900,4.008750,4.018053,20.623865,17.598597,19.186796,0.015150
450.399994,1.400000,450.034332,4.024050,4.009050,4.018164,20.623865,17.598597,19.186638,0.015000
,,450.038208,4.024350,4.009050,4.018198,20.623865,17.598597,19.187111,0.015300
450.399994,1.400000,450.034576,4.024050,4.008900,4.018166,20.623865,17.593561,19.186716,0.015150
,,450.052002,4.024350,4.008900,4.018322,20.623865,17.598597,19.186558,0.015450
450.299988,1.400000,450.054779,4.024200,4.009050,4.018346,20.623865,17.593561,19.187109,0.015150
,,450.052490,4.024350,4.009200,4.018326,20.623865,17.593561,19.186953,0.015150
450.399994,1.400000,450.024750,4.024350,4.009050,4.018078,20.623865,17.593561,19.186796,0.015300
450.399994,1.400000,450.057098,4.024350,4.009050,4.018367,20.623865,17.598597,19.187267,0.015300
450.399994,1.400000,450.053284,4.024350,4.008750,4.018333,20.623865,17.598597,19.187111,0.015600
,,450.046387,4.024200,4.008750,4.018271,20.623865,17.598597,19.187428,0.015450
450.399994,1.400000,450.045746,4.024200,4.008750,4.018266,20.623865,17.598597,19.187346,0.015450
,,450.052246,4.024200,4.008900,4.018323,20.623865,17.598597,19.186951,0.015300
450.299988,1.400000,450.053619,4.024350,4.009050,4.018336,20.623865,17.598597,19.187265,0.015300
,,450.062866,4.024350,4.009350,4.018418,20.623865,17.598597,19.187506,0.015000
450.399994,1.400000,450.035858,4.024350,4.009200,4.018178,20.623865,17.598597,19.186956,0.015150
,,450.070892,4.024350,4.009350,4.018490,20.623865,17.598597,19.187111,0.015000
450.399994,1.400000,450.041870,4.024350,4.008900,4.018231,20.623865,17.598597,19.186874,0.015450
,,450.036835,4.024200,4.008750,4.018186,20.623865,17.598597,19.187111,0.015450
450.399994,1.400000,450.039429,4.024200,4.008600,4.018209,20.623865,17.598597,19.186953,0.015600
,,450.052521,4.024200,4.008900,4.018326,20.623865,17.598597,19.187428,0.015300
450.399994,1.400000,450.051697,4.024350,4.009050,4.018319,20.623865,17.598597,19.187113,0.015300
,,450.055298,4.024500,4.009200,4.018351,20.623865,17.598597,19.187506,0.015300
450.399994,1.400000,450.059174,4.024500,4.009350,4.018385,20.628931,17.598597,19.187033,0.015150
,,450.064514,4.024350,4.009200,4.018433,20.623865,17.598597,19.187111,0.015150
450.399994,1.300000,450.069702,4.024350,4.009050,4.018479,20.623865,17.598597,19.187271,0.015300
,,450.061462,4.024350,4.008750,4.018406,20.623865,17.598597,19.187504,0.015600
450.399994,1.400000,450.076202,4.024350,4.009050,4.018538,20.628931,17.598597,19.187269,0.015300
450.399994,1.400000,450.055878,4.024200,,4.018356,20.623865,17.598597,19.187271,0.015300
450.399994,1.400000,450.036682,4.024200,4.009050,4.018185,20.628931,17.603601,19.187426,0.015150
,,450.067902,4.024500,4.009350,4.018464,20.623865,17.598597,19.187111,0.015150
450.399994,1.400000,450.070892,4.024500,4.009200,4.018490,20.623865,17.598597,19.187504,0.015300
,,450.075134,4.024500,4.009200,4.018528,20.628931,17.598597,19.187349,0.015300
450.399994,1.400000,450.070526,4.024500,4.008900,4.018487,20.628931,17.603601,19.187664,0.015600
,,450.067535,4.024350,4.009050,4.018460,20.628931,17.598597,19.187193,0.015300
450.399994,1.300000,450.041504,4.024050,4.008900,4.018228,20.628931,17.603601,19.187979,0.015150
,,450.053711,4.024350,4.009050,4.018337,20.623865,17.603601,19.187267,0.015300
450.399994,1.400000,450.063446,4.024500,4.009350,4.018424,20.628931,17.598597,19.187584,0.015150
,,450.062927,4.024500,4.009350,4.018419,20.628931,17.598597,19.187269,0.015150
450.299988,1.300000,450.065613,4.024350,4.009050,4.018443,20.628931,17.603601,19.187347,0.015300
,,450.060944,4.024500,4.009050,4.018401,20.628931,17.603601,19.187822,0.015450
450.399994,1.400000,450.061981,4.024200,4.008900,4.018411,20.623865,17.603601,19.187582,0.015300
,,450.056519,4.024200,4.008900,4.018362,20.628931,17.603601,19.187662,0.015300
450.399994,1.400000,450.073822,4.024650,4.009500,4.018516,20.628931,17.603601,19.188059,0.015150
,,450.049927,4.024350,4.009200,4.018303,20.628931,17.603601,19.187820,0.015150
450.399994,1.400000,450.051575,4.024350,4.009050,4.018318,20.628931,17.603601,19.187269,0.015300
450.399994,1.400000,450.061096,4.024350,4.009050,4.018403,20.628931,17.603601,19.187187,0.015300
,,450.071991,4.024500,4.009050,4.018500,20.628931,17.603601,19.187426,0.015450
450.399994,1.300000,450.067169,4.024200,4.008900,4.018457,20.628931,17.603601,19.187899,0.015300
,,450.070312,4.024500,4.009200,4.018485,20.628931,17.603601,19.187582,0.015300
450.299988,1.300000,450.081146,4.024650,4.009350,4.018582,20.628931,17.603601,19.187506,0.015300
,,450.077545,4.024650,4.009500,4.018549,20.628931,17.603601,19.187347,0.015150
450.399994,1.300000,450.067688,4.024350,4.009200,4.018462,20.628931,17.603601,19.187267,0.015150
,,450.066071,4.024350,4.009050,4.018447,20.628931,17.603601,19.187502,0.015300
450.399994,1.400000,450.061035,4.024200,4.009050,4.018402,20.628931,17.603601,19.188057,0.015150
,,450.061401,4.024200,4.008900,4.018405,20.628931,17.603601,19.187660,0.015300
450.399994,1.300000,450.059601,4.024200,4.009050,4.018389,20.628931,17.603601,19.187738,0.015150
,,450.064911,4.024350,4.009350,4.018437,20.628931,17.603601,19.187584,0.015000
450.399994,1.400000,450.069214,4.024500,4.009350,4.018475,20.628931,17.603601,19.187584,0.015150
,,450.081665,4.024650,4.009500,4.018586,20.628931,17.603601,19.187899,0.015150
450.399994,1.300000,450.090118,4.024650,4.009200,4.018662,20.628931,17.603601,19.187662,0.015450
,,450.087494,4.024650,4.009050,4.018638,20.628931,17.603601,19.187820,0.015600
450.399994,1.300000,450.057770,4.024350,4.008900,4.018373,20.628931,17.603601,19.187742,0.015450
,,450.047241,4.024500,4.009050,4.018279,20.628931,17.608637,19.187819,0.015450
450.399994,1.300000,450.056854,4.024350,4.009200,4.018365,20.628931,17.603601,19.187506,0.015150
450.399994,1.400000,450.090607,4.024650,4.009200,4.018666,20.628931,17.603601,19.187428,0.015450
450.399994,1.400000,450.077057,4.024500,4.009200,4.018545,20.628931,17.608637,19.187819,0.015300
,,450.079742,4.024350,4.009200,4.018569,20.628931,17.608637,19.187977,0.015150
450.399994,1.300000,450.082153,4.024500,4.009050,4.018590,20.628931,17.608637,19.187738,0.015450
,,450.060394,4.024350,4.009200,4.018396,20.628931,17.608637,19.187660,0.015150
450.399994,1.300000,450.064941,4.024650,4.009350,4.018437,20.628931,17.608637,19.187819,0.015300
,,450.095764,4.024800,4.009650,4.018712,20.633997,17.608637,19.187346,0.015150
450.399994,1.300000,450.105591,4.024650,4.009500,4.018800,20.628931,17.608637,19.187738,0.015150
,,450.067169,4.024500,4.008900,4.018457,20.633997,17.608637,19.187897,0.015600
450.399994,1.300000,450.065155,4.024200,4.008900,4.018439,20.633997,17.608637,19.187897,0.015300
,,450.064880,4.024500,4.009200,4.018436,20.628931,17.608637,19.187895,0.015300
450.399994,1.300000,450.081146,4.024950,4.009650,4.018582,20.633997,17.608637,19.188215,0.015300
,,450.090729,4.024650,4.009350,4.018667,20.633997,17.608637,19.188135,0.015300
450.399994,1.300000,450.055511,4.024350,4.008750,4.018353,20.633997,17.608637,19.187817,0.015600
,,450.088409,4.024500,4.009050,4.018647,20.628931,17.608637,19.187975,0.015450
450.399994,1.300000,450.087189,4.024650,4.009350,4.018636,20.628931,17.608637,19.187738,0.015300
,,450.089752,4.024800,4.009500,4.018659,20.628931,17.608637,19.187662,0.015300
450.500000,1.300000,450.092682,4.024650,4.009350,4.018685,20.628931,17.608637,19.187899,0.015300
,,450.099701,4.024800,4.009200,4.018747,20.628931,17.608637,19.187975,0.015600
450.399994,1.300000,450.084869,4.024200,4.009050,4.018615,20.628931,17.608637,19.187975,0.015150
450.399994,1.300000,450.078552,4.024500,4.009050,4.018559,20.628931,17.608637,19.188053,0.015450
,,450.075012,4.024500,4.009200,4.018527,20.628931,17.608637,19.187977,0.015300
450.399994,1.300000,450.068939,4.024500,4.009350,4.018473,20.633997,17.608637,19.187817,0.015150
,,450.102997,4.024650,4.009350,4.018777,20.633997,17.608637,19.187975,0.015300
450.399994,1.300000,450.070709,4.024350,4.008900,4.018488,20.633997,17.613672,19.188213,0.015450
,,450.095337,4.024500,4.009500,4.018708,20.633997,17.608637,19.188057,0.015000
450.399994,1.300000,450.068298,4.024500,4.009200,4.018467,20.633997,17.613672,19.187975,0.015300
,,450.104126,4.024800,4.009650,4.018787,20.633997,17.613672,19.188292,0.015150
450.399994,1.300000,450.087280,4.024800,4.009350,4.018636,20.628931,17.613672,19.187660,0.015450
,,450.097137,4.024650,4.009350,4.018724,20.633997,17.608637,19.187977,0.015300
450.399994,1.300000,450.085907,4.024350,4.009050,4.018624,20.633997,17.613672,19.188293,0.015300
,,450.089935,4.024800,4.009500,4.018660,20.633997,17.613672,19.188290,0.015300
450.399994,1.300000,450.095428,4.024800,4.009650,4.018709,20.628931,17.613672,19.188292,0.015150
,,450.096954,4.024800,4.009200,4.018723,20.633997,17.613672,19.188448,0.015600
450.399994,1.300000,450.101715,4.024500,4.009200,4.018765,20.633997,17.613672,19.188526,0.015300
,,450.100616,4.024800,4.009500,4.018755,20.628931,17.613672,19.188211,0.015300
450.399994,1.300000,450.086670,4.024650,4.009500,4.018631,20.633997,17.613672,19.188293,0.015150
,,450.084320,4.024800,4.009050,4.018610,20.633997,17.613672,19.188213,0.015750
450.399994,1.300000,450.082733,4.024650,4.009050,4.018596,20.633997,17.613672,19.188213,0.015600
,,450.063477,4.024350,4.009050,4.018424,20.633997,17.613672,19.187977,0.015300
450.399994,1.300000,450.102203,4.024800,4.009650,4.018770,20.633997,17.613672,19.188055,0.015150
,,450.103210,4.024950,4.009500,4.018779,20.633997,17.613672,19.188057,0.015450
450.399994,1.300000,450.107910,4.024800,4.009500,4.018821,20.633997,17.613672,19.187977,0.015300
,,450.107880,4.024800,4.009200,4.018820,20.633997,17.613672,19.188213,0.015600
450.399994,1.300000,450.069031,4.024350,4.008900,4.018474,20.633997,17.613672,19.188055,0.015450
,,450.104431,4.024650,4.009500,4.018790,20.633997,17.613672,19.188055,0.015150
450.299988,1.200000,450.105438,4.024800,4.009500,4.018798,20.633997,17.613672,19.188135,0.015300
,,450.095184,4.024650,4.009350,4.018707,20.633997,17.613672,19.188292,0.015300
450.399994,1.200000,450.093231,4.024650,4.009350,4.018690,20.633997,17.613672,19.187820,0.015300
,,450.089050,4.024650,4.009050,4.018652,20.633997,17.613672,19.187662,0.015600
450.399994,1.300000,450.084534,4.024650,4.009500,4.018612,20.633997,17.618708,19.188292,0.015150
,,450.101227,4.024800,4.009650,4.018761,20.633997,17.613672,19.188057,0.015150
450.399994,1.300000,450.101379,4.024800,4.009650,4.018762,20.633997,17.613672,19.187742,0.015150
,,450.105957,4.024800,4.009200,4.018803,20.633997,17.613672,19.187899,0.015600
450.399994,1.200000,450.087952,4.024500,4.009050,4.018642,20.633997,17.613672,19.188055,0.015450
,,450.074097,4.024350,4.009350,4.018519,20.633997,17.613672,19.188135,0.015000
450.399994,1.300000,450.084747,4.024800,4.009500,4.018614,20.633997,17.618708,19.187817,0.015300
450.399994,1.300000,450.125031,4.025100,4.009800,4.018973,20.633997,17.613672,19.187899,0.015300
450.399994,1.200000,450.111206,4.024800,4.009350,4.018850,20.633997,17.613672,19.187819,0.015450
,,450.105011,4.024950,4.009350,4.018795,20.633997,17.618708,19.188055,0.015600
450.399994,1.200000,450.100311,4.024650,4.009500,4.018753,20.633997,17.618708,19.187975,0.015150
,,450.106476,4.024800,4.009500,4.018808,20.633997,17.613672,19.188135,0.015300
450.399994,1.200000,450.112244,4.024950,4.009800,4.018859,20.633997,17.618708,19.188133,0.015150
,,450.107391,4.024650,4.009350,4.018816,20.633997,17.618708,19.187975,0.015300
450.399994,1.200000,450.098938,4.024800,4.009350,4.018741,20.633997,17.618708,19.187899,0.015450
,,450.092621,4.024500,4.009200,4.018684,20.633997,17.618708,19.188055,0.015300
450.399994,1.200000,450.096649,4.024650,4.009500,4.018720,20.633997,17.613672,19.187506,0.015150
,,450.100739,4.024950,4.009650,4.018756,20.633997,17.613672,19.187819,0.015300
450.399994,1.200000,450.106812,4.024800,4.009650,4.018811,20.633997,17.618708,19.187740,0.015150
,,450.098419,4.024650,4.009350,4.018736,20.633997,17.618708,19.187584,0.015300
450.399994,1.200000,450.092682,4.024650,4.009350,4.018685,20.633997,17.618708,19.187820,0.015300
,,450.111938,4.024950,4.009650,4.018857,20.633997,17.618708,19.187981,0.015300
450.399994,1.200000,450.122253,4.024950,4.009800,4.018949,20.633997,17.618708,19.187819,0.015150
,,450.121948,4.024800,4.009500,4.018946,20.633997,17.618708,19.187586,0.015300
450.399994,1.200000,450.122650,4.024800,4.009350,4.018952,20.633997,17.618708,19.187740,0.015450
,,450.091736,4.024500,4.009200,4.018676,20.633997,17.618708,19.187897,0.015300
450.399994,1.300000,450.088989,4.024800,4.009350,4.018651,20.639063,17.618708,19.187660,0.015450
450.500000,1.300000,450.109924,4.024950,4.009650,4.018838,20.633997,17.618708,19.187426,0.015300
,,450.116425,4.024800,4.009500,4.018897,20.633997,17.618708,19.187740,0.015300
450.399994,1.200000,450.113678,4.024800,4.009350,4.018872,20.633997,17.618708,19.187584,0.015450
,,450.092804,4.024500,4.009350,4.018686,20.639063,17.618708,19.187506,0.015150
450.399994,1.200000,450.126617,4.025100,4.009800,4.018988,20.633997,17.618708,19.187269,0.015300
,,450.131134,4.025100,4.009650,4.019028,20.639063,17.618708,19.187506,0.015450
450.399994,1.200000,450.101715,4.024650,4.009200,4.018765,20.633997,17.618708,19.187428,0.015450
,,450.128113,4.024800,4.009500,4.019001,20.633997,17.618708,19.187664,0.015300
450.399994,1.200000,450.126465,4.024800,4.009650,4.018986,20.639063,17.623713,19.187662,0.015150
,,450.103577,4.024950,4.009800,4.018782,20.633997,17.618708,19.187742,0.015150
450.399994,1.200000,450.103302,4.024800,4.009500,4.018779,20.633997,17.623713,19.187901,0.015300
,,450.093597,4.024500,4.009350,4.018693,20.639063,17.618708,19.187977,0.015150
450.399994,1.200000,450.114014,4.024800,4.009350,4.018875,20.639063,17.623713,19.187820,0.015450
,,450.116882,4.024800,4.009500,4.018901,20.639063,17.623713,19.187584,0.015300
450.399994,1.200000,450.126129,4.025100,4.009950,4.018983,20.639063,17.623713,19.187664,0.015150
,,450.122406,4.024800,4.009500,4.018950,20.639063,17.623713,19.187820,0.015300
450.399994,1.200000,450.124237,4.024950,4.009500,4.018966,20.633997,17.618708,19.187820,0.015450
,,450.126801,4.024950,4.009650,4.018989,20.639063,17.623713,19.187584,0.015300
450.399994,1.200000,450.111938,4.024950,4.009500,4.018857,20.633997,17.618708,19.187113,0.015450
,,450.110748,4.024800,4.009800,4.018846,20.639063,17.623713,19.187820,0.015000
450.399994,1.200000,450.120758,4.025100,4.009650,4.018935,20.639063,17.623713,19.187662,0.015450
,,450.132477,4.025100,4.009650,4.019040,20.639063,17.623713,19.187742,0.015450
450.399994,1.200000,450.100372,4.024500,4.009350,4.018754,20.639063,17.623713,19.187584,0.015150
,,450.125427,4.024800,4.009500,4.018977,20.639063,17.623713,19.187584,0.015300
450.399994,1.200000,450.132324,4.025250,4.009950,4.019039,20.639063,17.623713,19.187428,0.015300
,,450.136475,4.025250,4.009950,4.019076,20.639063,17.623713,19.187033,0.015300
450.399994,1.200000,450.106323,4.024650,4.009350,4.018806,20.639063,17.623713,19.187662,0.015300
,,450.135101,4.024950,4.009650,4.019063,20.639063,17.623713,19.187111,0.015300
450.399994,1.100000,450.123352,4.024800,4.009500,4.018959,20.639063,17.623713,19.187979,0.015300
,,450.123138,4.025100,4.009950,4.018957,20.639063,17.623713,19.187504,0.015150
450.399994,1.200000,450.126587,4.025100,4.009800,4.018987,20.639063,17.623713,19.187740,0.015300
,,450.127686,4.024950,4.009500,4.018997,20.639063,17.623713,19.187506,0.015450
450.399994,1.200000,450.121368,4.024800,4.009350,4.018941,20.639063,17.623713,19.187349,0.015450
,,450.117920,4.024650,4.009500,4.018910,20.639063,17.623713,19.187664,0.015150
450.399994,1.200000,450.127167,4.024950,4.009800,4.018992,20.639063,17.623713,19.187662,0.015150
,,450.122833,4.025100,4.009800,4.018954,20.639063,17.623713,19.187662,0.015300
450.399994,1.200000,450.145660,4.025100,4.009800,4.019158,20.639063,17.623713,19.187504,0.015300
450.399994,1.200000,450.147186,4.025100,4.009500,4.019171,20.639063,17.628748,19.187664,0.015600
,,450.120850,4.024800,4.009800,4.018936,20.639063,17.623713,19.187895,0.015000
450.399994,1.100000,450.121033,4.024800,4.009650,4.018938,20.639063,17.623713,19.187819,0.015150
,,450.133362,4.025100,4.009800,4.019048,20.639063,17.623713,19.187582,0.015300
450.399994,1.100000,450.135620,4.024950,4.009800,4.019068,20.639063,17.623713,19.187187,0.015150
,,450.128784,4.024950,4.009350,4.019007,20.639063,17.623713,19.187820,0.015600
450.399994,1.100000,450.127960,4.024800,4.009500,4.019000,20.639063,17.623713,19.187582,0.015300
,,450.130981,4.024950,4.009650,4.019027,20.639063,17.623713,19.187582,0.015300
450.399994,1.200000,450.129456,4.024950,4.009950,4.019013,20.639063,17.628748,19.187664,0.015000
,,450.128906,4.024950,4.009500,4.019008,20.639063,17.628748,19.187586,0.015450
450.399994,1.200000,450.125854,4.024950,4.009500,4.018981,20.639063,17.628748,19.187979,0.015450
,,450.118469,4.024800,4.009350,4.018915,20.639063,17.628748,19.187662,0.015450
450.399994,1.200000,450.113464,4.024800,4.009500,4.018870,20.639063,17.628748,19.187584,0.015300
,,450.126007,4.025250,4.009950,4.018982,20.644129,17.628748,19.187979,0.015300
450.399994,1.100000,450.121155,4.024950,4.009650,4.018939,20.644129,17.628748,19.187426,0.015300
,,450.125824,4.025100,4.009500,4.018981,20.639063,17.628748,19.187426,0.015600
450.500000,1.200000,450.114502,4.024500,4.009500,4.018879,20.639063,17.628748,19.187191,0.015000
,,450.133453,4.024950,4.009800,4.019049,20.639063,17.628748,19.187584,0.015150
450.399994,1.100000,450.113373,4.024950,4.009650,4.018869,20.644129,17.628748,19.187582,0.015300
450.399994,1.200000,450.147095,4.025100,4.009950,4.019170,20.639063,17.628748,19.187267,0.015150
450.399994,1.200000,450.139374,4.025100,4.009800,4.019102,20.639063,17.628748,19.187031,0.015300
,,450.138031,4.025250,4.009800,4.019090,20.644129,17.628748,19.187265,0.015450
450.399994,1.100000,450.127899,4.024800,4.009500,4.018999,20.639063,17.628748,19.186949,0.015300
,,450.133301,4.024950,4.009500,4.019047,20.639063,17.628748,19.187347,0.015450
450.399994,1.100000,450.131195,4.024800,4.009650,4.019029,20.644129,17.628748,19.187504,0.015150
,,450.146576,4.025550,4.010100,4.019166,20.644129,17.628748,19.187189,0.015450
450.399994,1.100000,450.152802,4.025400,4.010250,4.019221,20.644129,17.628748,19.187662,0.015150
,,450.126129,4.024950,4.009650,4.018983,20.644129,17.628748,19.187349,0.015300
450.399994,1.100000,450.124207,4.024950,4.009350,4.018966,20.644129,17.628748,19.187660,0.015600
,,450.161896,4.025250,4.009800,4.019303,20.639063,17.628748,19.187504,0.015450
450.399994,1.100000,450.121765,4.024800,4.009350,4.018944,20.639063,17.628748,19.187189,0.015450
,,450.156219,4.025250,4.010100,4.019252,20.644129,17.628748,19.187031,0.015150
450.399994,1.100000,450.157410,4.025250,4.010100,4.019263,20.644129,17.628748,19.187109,0.015150
,,450.141479,4.025100,4.009800,4.019120,20.644129,17.628748,19.187111,0.015300
450.399994,1.100000,450.153748,4.025250,4.009800,4.019230,20.644129,17.628748,19.186872,0.015450
,,450.143890,4.024950,4.009650,4.019142,20.644129,17.628748,19.187109,0.015300
450.399994,1.100000,450.145782,4.025100,4.009800,4.019159,20.644129,17.628748,19.187109,0.015300
,,450.140991,4.024950,4.009650,4.019116,20.644129,17.628748,19.187189,0.015300
450.399994,1.100000,450.114471,4.025100,4.009800,4.018879,20.644129,17.628748,19.186401,0.015300
,,450.133606,4.025100,4.009950,4.019050,20.644129,17.628748,19.186953,0.015150
450.399994,1.000000,450.133789,4.025100,4.009800,4.019052,20.644129,17.633783,19.186716,0.015300
,,450.074463,4.024650,4.009350,4.018522,20.644129,17.628748,19.186718,0.015300
450.399994,1.200000,449.745056,4.021500,4.005750,4.015581,20.644129,17.633783,19.186874,0.015750
,,450.142944,4.025100,4.009650,4.019134,20.644129,17.628748,19.186794,0.015450
450.399994,1.200000,450.176910,4.025100,4.009800,4.019437,20.644129,17.628748,19.186638,0.015300
,,450.146576,4.025100,4.009800,4.019166,20.644129,17.628748,19.187033,0.015300
450.399994,1.100000,450.185211,4.025400,4.010100,4.019511,20.644129,17.633783,19.186953,0.015300
,,450.159607,4.025400,4.010250,4.019282,20.644129,17.633783,19.186714,0.015150
450.399994,1.100000,450.162445,4.025250,4.009950,4.019308,20.644129,17.633783,19.186951,0.015300
,,450.149445,4.025100,4.009800,4.019191,20.644129,17.628748,19.186718,0.015300
450.399994,1.100000,450.176666,4.025400,4.009800,4.019434,20.644129,17.633783,19.186638,0.015600
,,450.147186,4.025100,4.009650,4.019171,20.644129,17.633783,19.186638,0.015450
450.399994,1.100000,450.137634,4.024800,4.009650,4.019086,20.644129,17.633783,19.186636,0.015150
,,450.141632,4.025100,4.009800,4.019122,20.644129,17.633783,19.186716,0.015300
450.399994,1.100000,450.149200,4.025250,4.009950,4.019189,20.644129,17.633783,19.186481,0.015300
,,450.159943,4.025400,4.010100,4.019285,20.644129,17.628748,19.186480,0.015300
450.500000,1.200000,450.163910,4.025250,4.010100,4.019320,20.644129,17.633783,19.186558,0.015150
450.399994,1.100000,450.169159,4.025250,4.009950,4.019368,20.644129,17.633783,19.186636,0.015300
,,450.157806,4.025100,4.009650,4.019266,20.649195,17.633783,19.186558,0.015450
450.399994,1.100000,450.151642,4.025100,4.009800,4.019211,20.644129,17.633783,19.186716,0.015300
,,450.181854,4.025550,4.010250,4.019481,20.644129,17.633783,19.186634,0.015300
450.399994,1.100000,450.155518,4.025250,4.009950,4.019246,20.644129,17.633783,19.186161,0.015300
,,450.163330,4.025400,4.010100,4.019315,20.644129,17.633783,19.186949,0.015300
450.399994,1.100000,450.164215,4.025250,4.009950,4.019323,20.644129,17.633783,19.186636,0.015300
,,450.161316,4.025100,4.009800,4.019298,20.644129,17.633783,19.186319,0.015300
450.399994,1.100000,450.170105,4.025250,4.010100,4.019376,20.644129,17.633783,19.186480,0.015150
,,450.176270,4.025400,4.010250,4.019431,20.644129,17.633783,19.186476,0.015150
450.399994,1.100000,450.183746,4.025550,4.010250,4.019498,20.644129,17.633783,19.186478,0.015300
,,450.183441,4.025550,4.010250,4.019495,20.644129,17.633783,19.186872,0.015300
450.399994,1.100000,450.191071,4.025550,4.010100,4.019563,20.644129,17.633783,19.186554,0.015450
,,450.176849,4.025250,4.009950,4.019436,20.644129,17.633783,19.186243,0.015300
450.399994,1.100000,450.150024,4.024950,4.009800,4.019197,20.644129,17.638819,19.186476,0.015150
,,450.176971,4.025700,4.010100,4.019437,20.644129,17.633783,19.186161,0.015600
450.399994,1.100000,450.176788,4.025550,4.010250,4.019435,20.644129,17.633783,19.186319,0.015300
,,450.177185,4.025400,4.009950,4.019439,20.644129,17.633783,19.186398,0.015450
450.399994,1.100000,450.171478,4.025550,4.009800,4.019388,20.644129,17.638819,19.186399,0.015750
450.399994,1.100000,450.167999,4.025250,4.010100,4.019357,20.644129,17.633783,19.186638,0.015150
450.399994,1.100000,450.148163,4.025250,4.009650,4.019180,20.644129,17.638819,19.186476,0.015600
,,450.159851,4.025250,4.010100,4.019284,20.644129,17.638819,19.186398,0.015150
450.399994,1.100000,450.157837,4.025250,4.009950,4.019267,20.644129,17.633783,19.186163,0.015300
,,450.196655,4.025400,4.010250,4.019613,20.644129,17.638819,19.186239,0.015150
450.399994,1.100000,450.163605,4.025250,4.009950,4.019318,20.644129,17.638819,19.186239,0.015300
,,450.170563,4.025250,4.009950,4.019380,20.644129,17.638819,19.186319,0.015300
450.399994,1.100000,450.182098,4.025400,4.010400,4.019483,20.649195,17.638819,19.186634,0.015000
,,450.181000,4.025700,4.010550,4.019473,20.644129,17.638819,19.186163,0.015150
450.399994,1.100000,450.182861,4.025550,4.010100,4.019490,20.649195,17.633783,19.186319,0.015450
,,450.155487,4.025250,4.009800,4.019246,20.644129,17.638819,19.185768,0.015450
450.399994,1.100000,450.182770,4.025250,4.009800,4.019489,20.644129,17.638819,19.186317,0.015450
,,450.177277,4.025400,4.010100,4.019440,20.649195,17.638819,19.186003,0.015300
450.399994,1.100000,450.157349,4.025400,4.010250,4.019262,20.649195,17.638819,19.186161,0.015150
,,450.170197,4.025700,4.010250,4.019377,20.644129,17.638819,19.185925,0.015450
450.500000,1.100000,450.172455,4.025250,4.009950,4.019397,20.649195,17.638819,19.186476,0.015300
,,450.165039,4.025250,4.009800,4.019331,20.644129,17.638819,19.186003,0.015450
450.399994,1.100000,450.165985,4.025100,4.009950,4.019339,20.649195,17.638819,19.186159,0.015150
,,450.167542,4.025250,4.010100,4.019353,20.644129,17.638819,19.185532,0.015150
450.399994,1.100000,450.173187,4.025400,4.010250,4.019403,20.649195,17.638819,19.186003,0.015150
450.399994,1.100000,450.192841,4.025700,4.010100,4.019579,20.649195,17.638819,19.185688,0.015600
,,450.165863,4.025100,4.009800,4.019338,20.649195,17.638819,19.185843,0.015300
450.399994,1.000000,450.191193,4.025550,4.010100,4.019564,20.649195,17.638819,19.185606,0.015450
,,450.174774,4.025100,4.009950,4.019418,20.649195,17.638819,19.186085,0.015150
450.399994,1.100000,450.178558,4.025550,4.010250,4.019452,20.649195,17.638819,19.185766,0.015300
,,450.180664,4.025550,4.010100,4.019470,20.649195,17.638819,19.185686,0.015450
450.399994,1.100000,450.179901,4.025250,4.009950,4.019464,20.649195,17.638819,19.185844,0.015300
,,450.173828,4.025400,4.010100,4.019409,20.644129,17.638819,19.185688,0.015300
450.399994,1.000000,450.178375,4.025400,4.010100,4.019450,20.649195,17.638819,19.185608,0.015300
,,450.188293,4.025400,4.010400,4.019538,20.649195,17.638819,19.185608,0.015000
450.399994,1.100000,450.189636,4.025550,4.010250,4.019550,20.649195,17.638819,19.185688,0.015300
,,450.176331,4.025250,4.010250,4.019432,20.649195,17.638819,19.185764,0.015000
450.399994,1.000000,450.157623,4.025100,4.009800,4.019265,20.649195,17.638819,19.185453,0.015300
,,450.163971,4.025400,4.010250,4.019321,20.649195,17.638819,19.185452,0.015150
450.399994,1.100000,450.179352,4.025400,4.010100,4.019458,20.649195,17.638819,19.185295,0.015300
,,450.172180,4.025250,4.009950,4.019394,20.649195,17.638819,19.185135,0.015300
450.399994,1.100000,450.169495,4.025250,4.010100,4.019371,20.649195,17.638819,19.185371,0.015150
,,450.171112,4.025400,4.010250,4.019385,20.649195,17.643854,19.185137,0.015150
450.399994,1.000000,450.174744,4.025400,4.010100,4.019417,20.649195,17.638819,19.185135,0.015300
,,450.189392,4.025550,4.010250,4.019548,20.649195,17.643854,19.185452,0.015300
450.399994,1.100000,450.191528,4.025400,4.010250,4.019567,20.649195,17.638819,19.185059,0.015150
,,450.177490,4.025250,4.009950,4.019442,20.649195,17.643854,19.185293,0.015300
450.399994,1.000000,450.180145,4.025550,4.010100,4.019465,20.649195,17.643854,19.185291,0.015450
,,450.175751,4.025550,4.010400,4.019426,20.649195,17.638819,19.184900,0.015150
450.399994,1.000000,450.178833,4.025400,4.010250,4.019454,20.649195,17.643854,19.185293,0.015150
,,450.176514,4.025250,4.009950,4.019433,20.649195,17.643854,19.185057,0.015300
450.399994,1.000000,450.180634,4.025400,4.009950,4.019470,20.649195,17.638819,19.184744,0.015450
,,450.172028,4.025250,4.010100,4.019393,20.649195,17.643854,19.184740,0.015150
450.399994,1.000000,450.183594,4.025400,4.010250,4.019496,20.649195,17.643854,19.185057,0.015150
,,450.191010,4.025550,4.010550,4.019563,20.649195,17.643854,19.184900,0.015000
450.399994,1.000000,450.202820,4.025550,4.010250,4.019668,20.649195,17.638819,19.184980,0.015300
,,450.202850,4.025550,4.010100,4.019668,20.649195,17.643854,19.185061,0.015450
450.399994,1.100000,450.164612,4.025100,4.009950,4.019327,20.649195,17.643854,19.184742,0.015150
,,450.197723,4.025850,4.010550,4.019622,20.649195,17.643854,19.185371,0.015300
450.399994,1.100000,450.210236,4.026000,4.010550,4.019734,20.649195,17.643854,19.184820,0.015450
,,450.207397,4.025550,4.010400,4.019709,20.649195,17.643854,19.184896,0.015150
450.500000,1.100000,450.206146,4.025400,4.010100,4.019698,20.649195,17.643854,19.184898,0.015300
450.399994,1.000000,450.185577,4.025400,4.010100,4.019514,20.649195,17.643854,19.184662,0.015300
450.399994,1.000000,450.175476,4.025100,4.009950,4.019424,20.654261,17.643854,19.184742,0.015150
,,450.175201,4.025250,4.009950,4.019422,20.649195,17.643854,19.184977,0.015300
450.399994,1.000000,450.172180,4.025400,4.010250,4.019394,20.649195,17.643854,19.184582,0.015150
,,450.181641,4.025400,4.010100,4.019479,20.654261,17.643854,19.184584,0.015300
450.399994,1.100000,450.173859,4.025250,4.009950,4.019410,20.654261,17.643854,19.184349,0.015300
,,450.211823,4.025700,4.010400,4.019748,20.649195,17.643854,19.184505,0.015300
450.399994,1.100000,450.179596,4.025400,4.010100,4.019461,20.649195,17.643854,19.184427,0.015300
,,450.214783,4.025850,4.010550,4.019775,20.649195,17.643854,19.184269,0.015300
450.399994,1.000000,450.196960,4.025550,4.010250,4.019616,20.649195,17.643854,19.184345,0.015300
,,450.202423,4.025700,4.010100,4.019664,20.649195,17.643854,19.184896,0.015600
450.399994,1.000000,450.194366,4.025250,4.010100,4.019593,20.649195,17.643854,19.184195,0.015150
,,450.189758,4.025400,4.010100,4.019551,20.649195,17.643854,19.184582,0.015300
450.299988,1.000000,450.167664,4.025400,4.010250,4.019354,20.649195,17.643854,19.184347,0.015150
,,450.167999,4.025250,4.009950,4.019357,20.649195,17.643854,19.184347,0.015300
450.399994,1.000000,450.200745,4.025550,4.010250,4.019650,20.654261,17.643854,19.184111,0.015300
,,450.198547,4.025400,4.010250,4.019630,20.654261,17.643854,19.184111,0.015150
450.399994,1.000000,450.180084,4.025400,4.010100,4.019465,20.649195,17.643854,19.183874,0.015300
,,450.190948,4.025700,4.010250,4.019562,20.649195,17.643854,19.183323,0.015450
450.399994,1.000000,450.187225,4.025700,4.010250,4.019529,20.649195,17.648859,19.183559,0.015450
450.399994,1.000000,450.179443,4.025400,4.009950,4.019459,20.654261,17.643854,19.183796,0.015450
,,450.208801,4.025550,4.010250,4.019722,20.649195,17.643854,19.183558,0.015300
450.399994,1.000000,450.209473,4.025550,4.010400,4.019727,20.654261,17.643854,19.183561,0.015150
,,450.206451,4.025700,4.010400,4.019701,20.649195,17.648859,19.183636,0.015300
450.399994,1.000000,450.178009,4.025550,4.010100,4.019446,20.654261,17.643854,19.183796,0.015450
,,450.208557,4.025550,4.010250,4.019719,20.654261,17.643854,19.183245,0.015300
450.399994,1.000000,450.196991,4.025400,4.009950,4.019616,20.654261,17.643854,19.183401,0.015450
,,450.191864,4.025550,4.010250,4.019570,20.649195,17.643854,19.183243,0.015300
450.399994,1.000000,450.190674,4.025550,4.010400,4.019559,20.654261,17.643854,19.183088,0.015150
,,450.192383,4.025550,4.010400,4.019575,20.654261,17.648859,19.183479,0.015150
450.399994,1.000000,450.205719,4.025550,4.010250,4.019694,20.654261,17.643854,19.183718,0.015300
,,450.196686,4.025550,4.010100,4.019613,20.654261,17.648859,19.183559,0.015450
450.399994,1.000000,450.196381,4.025550,4.010250,4.019610,20.649195,17.643854,19.183165,0.015300
,,450.200592,4.025700,4.010400,4.019648,20.654261,17.643854,19.183008,0.015300
450.399994,1.000000,450.190796,4.025550,4.010250,4.019561,20.654261,17.648859,19.183163,0.015300
,,450.190247,4.025550,4.010100,4.019556,20.649195,17.648859,19.182770,0.015450
450.399994,1.000000,450.213715,4.025700,4.010250,4.019765,20.654261,17.648859,19.183247,0.015450
,,450.182678,4.025250,4.010250,4.019488,20.654261,17.643854,19.183088,0.015000
450.399994,1.000000,450.181580,4.025550,4.010250,4.019478,20.654261,17.643854,19.183245,0.015300
,,450.206757,4.025700,4.010550,4.019703,20.654261,17.643854,19.182774,0.015150
450.399994,1.000000,450.210419,4.025700,4.010550,4.019736,20.654261,17.643854,19.182535,0.015150
,,450.211731,4.025700,4.010400,4.019748,20.654261,17.648859,19.182850,0.015300
450.399994,1.000000,450.207886,4.025550,4.010250,4.019713,20.654261,17.648859,19.182692,0.015300
,,450.201050,4.025250,4.010100,4.019652,20.654261,17.648859,19.182455,0.015150
450.399994,1.000000,450.185089,4.025250,4.010100,4.019510,20.654261,17.648859,19.182693,0.015150
,,450.192261,4.025550,4.010550,4.019574,20.654261,17.648859,19.182692,0.015000
450.399994,1.000000,450.195801,4.025700,4.010400,4.019605,20.654261,17.648859,19.182379,0.015300
,,450.192719,4.025400,4.009950,4.019578,20.654261,17.648859,19.182535,0.015450
450.399994,1.000000,450.198059,4.025400,4.010100,4.019626,20.654261,17.648859,19.182299,0.015300
,,450.201935,4.025400,4.010400,4.019660,20.654261,17.648859,19.182615,0.015000
450.399994,1.000000,450.198425,4.025400,4.010250,4.019629,20.654261,17.648859,19.182142,0.015150
,,450.173920,4.025550,4.010250,4.019410,20.654261,17.648859,19.182692,0.015300
450.399994,1.000000,450.214722,4.025700,4.010550,4.019774,20.654261,17.648859,19.182615,0.015150
,,450.211945,4.025700,4.010550,4.019750,20.654261,17.648859,19.182377,0.015150
450.399994,1.000000,450.215576,4.025700,4.010400,4.019782,20.654261,17.648859,19.182459,0.015300
,,450.217133,4.025700,4.010400,4.019796,20.654261,17.653894,19.182301,0.015300
450.399994,1.000000,450.213776,4.025550,4.010250,4.019766,20.654261,17.648859,19.182455,0.015300
450.399994,1.000000,450.207489,4.025550,4.010250,4.019710,20.654261,17.648859,19.182537,0.015300
,,450.196625,4.025400,4.010400,4.019613,20.654261,17.648859,19.182064,0.015000
450.399994,1.000000,450.219788,4.025850,4.010700,4.019820,20.654261,17.648859,19.181906,0.015150
,,450.219208,4.025850,4.010400,4.019814,20.654261,17.648859,19.182062,0.015450
450.399994,1.000000,450.226074,4.025850,4.010400,4.019876,20.654261,17.648859,19.182222,0.015450
,,450.187897,4.025250,4.010100,4.019535,20.654261,17.648859,19.181906,0.015150
450.399994,1.000000,450.190338,4.025250,4.009950,4.019557,20.654261,17.648859,19.182457,0.015300
,,450.223694,4.025700,4.010550,4.019855,20.654261,17.648859,19.181906,0.015150
450.399994,0.900000,450.196106,4.025700,4.010400,4.019608,20.659327,17.648859,19.181986,0.015300
,,450.202179,4.025700,4.010250,4.019662,20.654261,17.653894,19.181831,0.015450
450.500000,1.000000,450.208496,4.025700,4.010250,4.019719,20.654261,17.648859,19.181749,0.015450
,,450.208252,4.025700,4.010400,4.019717,20.654261,17.648859,19.181988,0.015300
450.399994,1.000000,450.212616,4.025700,4.010400,4.019755,20.654261,17.648859,19.181669,0.015300
,,450.209473,4.025700,4.010400,4.019727,20.654261,17.648859,19.181828,0.015300
450.399994,1.000000,450.216614,4.025700,4.010250,4.019791,20.654261,17.648859,19.181593,0.015450
,,450.218689,4.025700,4.010400,4.019810,20.654261,17.648859,19.181517,0.015300
450.399994,1.000000,450.212494,4.025550,4.010250,4.019754,20.654261,17.653894,19.181751,0.015300
,,450.204803,4.025550,4.010400,4.019686,20.654261,17.648859,19.181671,0.015150
450.399994,1.000000,450.235199,4.026000,4.010850,4.019957,20.654261,17.648859,19.181749,0.015150
450.399994,0.900000,450.207336,4.025700,4.010400,4.019708,20.654261,17.648859,19.181280,0.015300
450.399994,0.900000,450.220795,4.025700,4.010250,4.019828,20.654261,17.648859,19.181751,0.015450
,,450.215271,4.025700,4.010550,4.019779,20.654261,17.653894,19.181671,0.015150
450.399994,0.900000,450.217865,4.025700,4.010400,4.019803,20.654261,17.653894,19.181358,0.015300
,,450.215607,4.025700,4.010250,4.019782,20.654261,17.648859,19.181118,0.015450
450.399994,1.000000,450.220001,4.025850,4.010550,4.019822,20.654261,17.653894,19.180649,0.015300
,,450.219910,4.025850,4.010550,4.019821,20.659327,17.653894,19.181437,0.015300
450.399994,1.000000,450.216614,4.025700,4.010400,4.019791,20.659327,17.653894,19.180885,0.015300
,,450.213013,4.025700,4.010400,4.019759,20.659327,17.653894,19.181122,0.015300
450.399994,0.900000,450.208466,4.025550,4.010250,4.019719,20.654261,17.653894,19.181044,0.015300
,,450.208557,4.025550,4.010400,4.019719,20.659327,17.653894,19.180885,0.015150
450.399994,0.900000,450.205109,4.025700,4.010400,4.019689,20.659327,17.653894,19.181280,0.015300
,,450.210388,4.025700,4.010550,4.019736,20.659327,17.653894,19.180885,0.015150
450.399994,0.900000,450.212982,4.025850,4.010550,4.019759,20.659327,17.653894,19.181122,0.015300
,,450.218781,4.025700,4.010550,4.019811,20.659327,17.653894,19.180727,0.015150
450.399994,0.900000,450.231110,4.025850,4.010550,4.019921,20.654261,17.653894,19.180414,0.015300
,,450.228882,4.025850,4.010400,4.019901,20.659327,17.653894,19.181044,0.015450
450.399994,0.900000,450.199036,4.025400,4.010100,4.019634,20.659327,17.653894,19.180490,0.015300
,,450.224518,4.025700,4.010550,4.019862,20.659327,17.653894,19.180412,0.015150
450.399994,0.900000,450.224731,4.025700,4.010550,4.019864,20.659327,17.653894,19.180647,0.015150
,,450.211395,4.025700,4.010550,4.019744,20.659327,17.653894,19.180492,0.015150
450.399994,0.900000,450.221649,4.026000,4.010700,4.019836,20.659327,17.653894,19.180490,0.015300
,,450.219727,4.025850,4.010700,4.019819,20.659327,17.653894,19.180254,0.015150
450.399994,0.900000,450.218872,4.025700,4.010400,4.019811,20.659327,17.653894,19.180256,0.015300
,,450.238922,4.025850,4.010550,4.019990,20.659327,17.653894,19.180254,0.015300
450.399994,0.900000,450.202393,4.025550,4.010250,4.019664,20.659327,17.653894,19.179779,0.015300
,,450.231720,4.025700,4.010700,4.019926,20.659327,17.653894,19.180174,0.015000
450.399994,0.900000,450.199005,4.025550,4.010400,4.019634,20.659327,17.653894,19.180098,0.015150
,,450.205994,4.025700,4.010550,4.019696,20.659327,17.653894,19.180096,0.015150
450.399994,0.900000,450.206940,4.025700,4.010550,4.019705,20.659327,17.653894,19.179625,0.015150
,,450.211395,4.025550,4.010400,4.019744,20.659327,17.653894,19.179623,0.015150
450.399994,1.000000,450.222168,4.026000,4.010400,4.019841,20.659327,17.653894,19.179939,0.015600
,,450.220642,4.025550,4.010250,4.019827,20.659327,17.653894,19.180017,0.015300
450.399994,0.900000,450.224915,4.025700,4.010550,4.019866,20.659327,17.653894,19.179703,0.015150
,,450.219696,4.025700,4.010400,4.019819,20.659327,17.653894,19.179701,0.015300
450.399994,0.900000,450.226990,4.026000,4.010700,4.019884,20.659327,17.653894,19.179546,0.015300
,,450.229126,4.026000,4.010850,4.019903,20.659327,17.653894,19.179544,0.015150
450.399994,0.900000,450.224762,4.025850,4.010700,4.019864,20.659327,17.653894,19.179384,0.015150
450.399994,0.900000,450.219055,4.025550,4.010400,4.019813,20.659327,17.653894,19.179623,0.015150
,,450.221405,4.025850,4.010400,4.019834,20.659327,17.653894,19.179703,0.015450
450.399994,0.900000,450.224091,4.025700,4.010400,4.019858,20.659327,17.653894,19.179070,0.015300
,,450.231720,4.026150,4.010550,4.019926,20.659327,17.653894,19.178991,0.015600
450.399994,0.900000,450.233246,4.026150,4.010850,4.019940,20.659327,17.653894,19.179070,0.015300
,,450.204346,4.025550,4.010400,4.019681,20.659327,17.653894,19.179306,0.015150
450.399994,0.900000,450.235382,4.025850,4.010550,4.019959,20.659327,17.653894,19.179150,0.015300
,,450.231567,4.025700,4.010550,4.019925,20.659327,17.653894,19.178991,0.015150
450.399994,0.900000,450.227478,4.025700,4.010550,4.019888,20.659327,17.653894,19.178757,0.015150
,,450.229340,4.025850,4.010550,4.019905,20.659327,17.653894,19.178911,0.015300
450.399994,0.900000,450.223206,4.025850,4.010550,4.019850,20.659327,17.653894,19.178831,0.015300
,,450.215851,4.025550,4.010250,4.019784,20.659327,17.653894,19.178520,0.015300
450.399994,0.900000,450.223816,4.025700,4.010400,4.019855,20.659327,17.653894,19.178835,0.015300
,,450.215302,4.025700,4.010550,4.019780,20.659327,17.653894,19.178835,0.015150
450.399994,0.900000,450.226288,4.025850,4.010700,4.019877,20.654261,17.653894,19.178596,0.015150
,,450.222870,4.025850,4.010550,4.019847,20.659327,17.653894,19.178202,0.015300
450.399994,0.900000,450.236053,4.026000,4.010550,4.019965,20.659327,17.653894,19.178362,0.015450
,,450.235504,4.025850,4.010550,4.019960,20.659327,17.653894,19.178598,0.015300
450.399994,0.900000,450.237976,4.025850,4.010700,4.019982,20.659327,17.653894,19.178518,0.015150
450.500000,0.900000,450.212311,4.025850,4.010550,4.019753,20.659327,17.653894,19.178436,0.015300
450.399994,0.900000,450.229462,4.026000,4.010700,4.019906,20.659327,17.653894,19.178358,0.015300
,,450.230988,4.026000,4.010700,4.019919,20.659327,17.653894,19.177889,0.015300
450.399994,0.900000,450.230591,4.025700,4.010400,4.019916,20.659327,17.658930,19.178202,0.015300
,,450.229736,4.025850,4.010550,4.019908,20.659327,17.658930,19.178125,0.015300
450.399994,0.900000,450.224030,4.025850,4.010700,4.019857,20.659327,17.653894,19.177887,0.015150
,,450.231293,4.026000,4.010550,4.019922,20.659327,17.653894,19.177887,0.015450
450.399994,0.900000,450.224426,4.025850,4.010550,4.019861,20.659327,17.653894,19.177887,0.015300
,,450.217957,4.025700,4.010400,4.019803,20.659327,17.658930,19.177729,0.015300
450.399994,0.900000,450.212494,4.025550,4.010250,4.019754,20.659327,17.653894,19.177649,0.015300
,,450.218964,4.025700,4.010250,4.019812,20.659327,17.653894,19.178043,0.015450
450.399994,0.900000,450.210602,4.025850,4.010550,4.019738,20.659327,17.653894,19.177650,0.015300
,,450.222046,4.025850,4.010550,4.019840,20.659327,17.653894,19.177492,0.015300
450.399994,0.900000,450.222931,4.025700,4.010550,4.019847,20.659327,17.653894,19.177097,0.015150
,,450.226166,4.025700,4.010400,4.019876,20.659327,17.653894,19.177650,0.015300
450.399994,0.900000,450.228851,4.025850,4.010400,4.019900,20.659327,17.653894,19.177177,0.015450
,,450.237396,4.025850,4.010700,4.019977,20.659327,17.653894,19.176470,0.015150
450.399994,0.900000,450.238098,4.026000,4.010700,4.019983,20.659327,17.658930,19.177019,0.015300
,,450.238098,4.026000,4.010700,4.019983,20.659327,17.658930,19.177097,0.015300
450.399994,0.900000,450.246643,4.025850,4.010700,4.020059,20.659327,17.658930,19.177019,0.015150
450.399994,0.900000,450.221222,4.025700,4.010250,4.019832,20.659327,17.653894,19.176468,0.015450
,,450.249023,4.025850,4.010700,4.020081,20.659327,17.658930,19.177099,0.015150
450.399994,0.900000,450.225616,4.026000,4.010550,4.019872,20.659327,17.658930,19.176311,0.015450
,,450.236664,4.025850,4.010550,4.019970,20.659327,17.658930,19.176859,0.015300
450.399994,0.900000,450.228729,4.025700,4.010400,4.019899,20.659327,17.658930,19.176546,0.015300
,,450.230316,4.025850,4.010700,4.019914,20.659327,17.658930,19.176626,0.015150
450.399994,0.900000,450.243530,4.026000,4.010850,4.020031,20.659327,17.658930,19.176786,0.015150
,,450.245575,4.026150,4.010850,4.020050,20.659327,17.658930,19.176311,0.015300
450.399994,0.900000,450.218567,4.025700,4.010550,4.019809,20.659327,17.658930,19.176390,0.015150
,,450.210602,4.025550,4.010100,4.019738,20.659327,17.658930,19.176233,0.015450
450.399994,0.800000,450.240753,4.025850,4.010550,4.020007,20.659327,17.658930,19.176233,0.015300
,,450.248444,4.026000,4.010700,4.020075,20.659327,17.658930,19.175995,0.015300
450.399994,0.900000,450.244049,4.026000,4.010850,4.020036,20.659327,17.658930,19.176153,0.015150
,,450.237274,4.025700,4.010550,4.019976,20.659327,17.658930,19.175995,0.015150
450.399994,0.800000,450.229523,4.025700,4.010400,4.019907,20.659327,17.653894,19.176392,0.015300
,,450.234680,4.026000,4.010850,4.019952,20.659327,17.658930,19.176229,0.015150
450.500000,0.900000,450.203552,4.025550,4.010400,4.019675,20.659327,17.658930,19.175840,0.015150
,,450.232361,4.025700,4.010550,4.019932,20.659327,17.658930,19.175837,0.015150
450.399994,0.900000,450.230682,4.025700,4.010550,4.019917,20.659327,17.658930,19.175760,0.015150
,,450.254913,4.026150,4.011000,4.020133,20.664362,17.658930,19.175758,0.015150
450.399994,0.900000,450.221039,4.025850,4.010550,4.019831,20.664362,17.658930,19.175444,0.015300
,,450.222107,4.025700,4.010400,4.019840,20.659327,17.658930,19.175127,0.015300
450.399994,0.900000,450.220520,4.025700,4.010400,4.019826,20.659327,17.658930,19.175602,0.015300
,,450.242767,4.026000,4.010700,4.020025,20.659327,17.658930,19.175444,0.015300
450.399994,0.800000,450.241699,4.026150,4.010700,4.020015,20.659327,17.658930,19.175682,0.015450
,,450.243134,4.025850,4.010850,4.020028,20.659327,17.658930,19.175049,0.015000
450.399994,0.900000,450.245819,4.025850,4.010550,4.020052,20.659327,17.658930,19.175522,0.015300
,,450.244385,4.025850,4.010550,4.020039,20.659327,17.658930,19.175049,0.015300
450.399994,0.900000,450.239624,4.025850,4.010550,4.019997,20.659327,17.658930,19.175049,0.015300
,,450.245483,4.026150,4.010850,4.020049,20.664362,17.658930,19.175365,0.015300
450.399994,0.900000,450.241394,4.026000,4.010700,4.020012,20.659327,17.658930,19.174736,0.015300
,,450.258453,4.026000,4.010550,4.020165,20.659327,17.658930,19.174656,0.015450
450.500000,0.900000,450.263733,4.026000,4.010850,4.020212,20.659327,17.658930,19.175051,0.015150
,,450.261658,4.026150,4.010850,4.020194,20.659327,17.658930,19.175051,0.015300
450.399994,0.800000,450.260254,4.026300,4.010850,4.020181,20.659327,17.658930,19.174421,0.015450
,,450.233978,4.025850,4.010550,4.019946,20.659327,17.658930,19.174892,0.015300
450.500000,0.900000,450.235504,4.025850,4.010550,4.019960,20.659327,17.658930,19.174500,0.015300
450.399994,0.900000,450.228851,4.025700,4.010400,4.019900,20.659327,17.658930,19.174339,0.015300
450.399994,0.900000,450.218445,4.025550,4.010400,4.019807,20.659327,17.658930,19.174187,0.015150
,,450.245789,4.026000,4.010700,4.020051,20.659327,17.658930,19.173792,0.015300
450.399994,0.900000,450.243622,4.026000,4.010700,4.020032,20.659327,17.658930,19.174263,0.015300
,,450.240295,4.025850,4.010550,4.020003,20.659327,17.658930,19.173870,0.015300
450.399994,0.800000,450.235016,4.025850,4.010550,4.019956,20.659327,17.658930,19.173868,0.015300
,,450.236176,4.025700,4.010550,4.019966,20.659327,17.658930,19.173868,0.015150
450.399994,0.800000,450.239014,4.026000,4.010700,4.019991,20.659327,17.658930,19.174107,0.015300
,,450.232086,4.025850,4.010700,4.019929,20.659327,17.658930,19.174107,0.015150
450.399994,0.800000,450.244141,4.025850,4.010700,4.020037,20.659327,17.658930,19.173634,0.015150
,,450.237274,4.026000,4.010550,4.019976,20.659327,17.658930,19.173952,0.015450
450.399994,0.900000,450.248901,4.026000,4.010850,4.020080,20.659327,17.658930,19.173634,0.015150
,,450.257568,4.026150,4.010850,4.020157,20.659327,17.658930,19.173164,0.015300
450.500000,0.900000,450.256989,4.026150,4.010850,4.020152,20.664362,17.658930,19.173082,0.015300
,,450.259521,4.025850,4.010850,4.020175,20.659327,17.658930,19.173477,0.015000
450.500000,0.900000,450.223755,4.025700,4.010400,4.019855,20.664362,17.658930,19.173475,0.015300
,,450.260162,4.026000,4.010700,4.020180,20.664362,17.658930,19.173635,0.015300
450.399994,0.900000,450.225342,4.026000,4.010700,4.019869,20.659327,17.658930,19.173164,0.015300
,,450.254883,4.026300,4.010850,4.020133,20.659327,17.658930,19.173162,0.015450
450.399994,0.800000,450.246613,4.025850,4.010700,4.020059,20.659327,17.658930,19.173241,0.015150
450.399994,0.800000,450.250214,4.026000,4.010700,4.020091,20.659327,17.658930,19.173241,0.015300
,,450.233398,4.025850,4.010700,4.019941,20.664362,17.658930,19.173004,0.015150
450.399994,0.800000,450.261200,4.026150,4.011000,4.020189,20.659327,17.658930,19.172770,0.015150
,,450.263763,4.026000,4.011000,4.020212,20.664362,17.658930,19.172848,0.015000
450.399994,0.800000,450.268982,4.026300,4.010850,4.020259,20.659327,17.658930,19.172611,0.015450
,,450.262207,4.026000,4.010700,4.020198,20.664362,17.658930,19.172611,0.015300
450.500000,0.900000,450.263580,4.026000,4.010850,4.020211,20.659327,17.658930,19.172138,0.015150
,,450.268188,4.026300,4.011150,4.020252,20.664362,17.658930,19.172689,0.015150
450.500000,0.900000,450.263733,4.026150,4.010850,4.020212,20.664362,17.663965,19.172689,0.015300
,,450.251953,4.026000,4.010550,4.020107,20.664362,17.658930,19.172455,0.015450
450.399994,0.800000,450.250336,4.026000,4.010700,4.020092,20.664362,17.658930,19.172297,0.015300
,,450.250732,4.026150,4.011000,4.020096,20.659327,17.658930,19.172060,0.015150
450.500000,0.800000,450.254883,4.026300,4.011000,4.020133,20.664362,17.658930,19.172535,0.015300
,,450.254883,4.026000,4.010850,4.020133,20.664362,17.658930,19.172297,0.015150
450.399994,0.800000,450.257019,4.026000,4.010850,4.020152,20.659327,17.658930,19.171902,0.015150
,,450.252472,4.025850,4.010700,4.020112,20.664362,17.658930,19.172140,0.015150
450.399994,0.800000,450.263428,4.026150,4.010850,4.020209,20.664362,17.658930,19.171982,0.015300
,,450.233459,4.026000,4.010700,4.019942,20.664362,17.658930,19.172058,0.015300
450.399994,0.800000,450.272919,4.026300,4.011000,4.020294,20.664362,17.658930,19.171824,0.015300
,,450.259064,4.026000,4.010700,4.020170,20.664362,17.658930,19.171982,0.015300
450.399994,0.800000,450.259949,4.026000,4.010700,4.020178,20.664362,17.658930,19.172062,0.015300
,,450.259949,4.026000,4.010700,4.020178,20.664362,17.658930,19.171743,0.015300
450.399994,0.800000,450.226807,4.025550,4.010400,4.019882,20.664362,17.658930,19.171513,0.015150
,,450.259033,4.026150,4.011150,4.020170,20.664362,17.658930,19.171507,0.015000
450.399994,0.800000,450.260315,4.026300,4.011000,4.020181,20.664362,17.663965,19.171820,0.015300
,,450.254272,4.026000,4.010700,4.020127,20.664362,17.658930,19.171429,0.015300
450.399994,0.800000,450.247223,4.026000,4.010850,4.020064,20.664362,17.663965,19.171272,0.015150
,,450.243317,4.025700,4.010550,4.020030,20.664362,17.663965,19.171509,0.015150
450.399994,0.800000,450.246704,4.025850,4.010550,4.020060,20.664362,17.663965,19.171272,0.015300
,,450.246765,4.026150,4.010550,4.020061,20.664362,17.663965,19.171431,0.015600
450.399994,0.800000,450.242432,4.026000,4.010700,4.020022,20.664362,17.663965,19.171192,0.015300
,,450.250000,4.026150,4.011000,4.020089,20.664362,17.663965,19.170877,0.015150
450.399994,0.800000,450.258972,4.026000,4.010850,4.020169,20.664362,17.663965,19.171034,0.015150
,,450.267334,4.026000,4.010850,4.020244,20.664362,17.663965,19.170797,0.015150
450.399994,0.800000,450.263580,4.026000,4.010700,4.020211,20.664362,17.663965,19.170797,0.015300
,,450.262207,4.026150,4.010700,4.020198,20.664362,17.663965,19.170719,0.015450
450.399994,0.800000,450.262939,4.026150,4.010850,4.020205,20.664362,17.663965,19.170324,0.015300
450.500000,0.800000,450.266632,4.026300,4.011000,4.020238,20.664362,17.663965,19.170401,0.015300
,,450.255035,4.026150,4.011000,4.020134,20.664362,17.658930,19.170404,0.015150
450.500000,0.800000,450.256897,4.026150,4.010850,4.020151,20.664362,17.658930,19.170086,0.015300
,,450.259949,4.026000,4.010700,4.020178,20.664362,17.658930,19.170088,0.015300
450.399994,0.800000,450.246857,4.025850,4.010550,4.020061,20.664362,17.663965,19.170324,0.015300
,,450.267456,4.026150,4.011000,4.020245,20.664362,17.663965,19.169769,0.015150
450.399994,0.800000,450.237213,4.025850,4.010850,4.019975,20.664362,17.663965,19.169851,0.015000
,,450.244751,4.026000,4.010700,4.020042,20.664362,17.663965,19.170166,0.015300
450.399994,0.800000,450.276825,4.026150,4.010850,4.020329,20.664362,17.663965,19.170006,0.015300
,,450.272064,4.026150,4.011000,4.020286,20.664362,17.663965,19.170403,0.015150
450.500000,0.800000,450.240112,4.025700,4.010550,4.020001,20.664362,17.663965,19.170010,0.015150
,,450.242950,4.026150,4.010850,4.020026,20.664362,17.663965,19.169691,0.015300
450.399994,0.800000,450.267792,4.026150,4.011150,4.020248,20.664362,17.663965,19.169930,0.015000
,,450.261414,4.026150,4.010850,4.020191,20.664362,17.663965,19.169693,0.015300
450.399994,0.800000,450.263885,4.026000,4.010700,4.020213,20.664362,17.663965,19.169535,0.015300
,,450.258881,4.026000,4.010850,4.020169,20.664362,17.663965,19.169376,0.015150
450.500000,0.800000,450.259857,4.026000,4.011000,4.020177,20.664362,17.663965,19.169376,0.015000
,,450.266174,4.026150,4.011000,4.020234,20.664362,17.663965,19.169220,0.015150
450.399994,0.800000,450.267212,4.026150,4.011000,4.020243,20.664362,17.663965,19.169771,0.015150
450.500000,0.800000,450.266144,4.026000,4.011000,4.020234,20.664362,17.663965,19.169142,0.015000
450.399994,0.800000,450.281372,4.026150,4.010700,4.020370,20.664362,17.663965,19.168905,0.015450
,,450.275604,4.026000,4.010850,4.020318,20.664362,17.663965,19.168985,0.015150
450.399994,0.800000,450.259186,4.026000,4.010700,4.020171,20.664362,17.663965,19.168669,0.015300
,,450.262695,4.026300,4.011000,4.020203,20.664362,17.658930,19.168825,0.015300
450.399994,0.800000,450.268036,4.026300,4.011000,4.020250,20.664362,17.663965,19.168432,0.015300
,,450.270081,4.026300,4.011000,4.020268,20.664362,17.663965,19.168747,0.015300
450.399994,0.800000,450.273499,4.026150,4.011000,4.020299,20.664362,17.663965,19.168512,0.015150
,,450.278320,4.026300,4.011000,4.020342,20.664362,17.663965,19.168118,0.015300
450.399994,0.800000,450.267578,4.026000,4.010700,4.020246,20.664362,17.663965,19.168749,0.015300
,,450.258148,4.026000,4.010550,4.020162,20.664362,17.663965,19.168589,0.015450
450.399994,0.800000,450.254028,4.026000,4.010550,4.020125,20.664362,17.663965,19.168510,0.015450
,,450.285065,4.026450,4.011000,4.020402,20.664362,17.663965,19.168118,0.015450
450.399994,0.800000,450.256226,4.026150,4.010850,4.020145,20.664362,17.663965,19.168196,0.015300
,,450.251587,4.026150,4.010850,4.020103,20.664362,17.663965,19.167959,0.015300
450.399994,0.800000,450.258026,4.026300,4.011000,4.020161,20.664362,17.663965,19.167959,0.015300
,,450.265137,4.026150,4.010850,4.020225,20.664362,17.663965,19.167881,0.015300
450.399994,0.800000,450.243622,4.026150,4.010850,4.020032,20.664362,17.663965,19.168037,0.015300
,,450.275970,4.026300,4.011150,4.020321,20.664362,17.663965,19.167879,0.015150
450.500000,0.800000,450.277832,4.026000,4.010700,4.020338,20.664362,17.663965,19.167723,0.015300
,,450.268372,4.026150,4.010850,4.020253,20.664362,17.663965,19.167566,0.015300
450.399994,0.800000,450.294922,4.026300,4.011150,4.020490,20.664362,17.663965,19.167093,0.015150
,,450.261902,4.025850,4.010700,4.020195,20.664362,17.663965,19.167330,0.015150
450.399994,0.800000,450.262665,4.026000,4.010850,4.020202,20.664362,17.663965,19.167566,0.015150
,,450.262878,4.026300,4.010850,4.020204,20.664362,17.663965,19.167173,0.015450
450.399994,0.800000,450.251617,4.025850,4.010550,4.020104,20.664362,17.663965,19.167013,0.015300
,,450.276733,4.026450,4.011150,4.020328,20.664362,17.663965,19.167095,0.015300
450.500000,0.800000,450.253387,4.026150,4.011000,4.020120,20.664362,17.663965,19.167093,0.015150
,,450.285980,4.026450,4.011150,4.020411,20.664362,17.663965,19.167015,0.015300
450.399994,0.700000,450.281586,4.026300,4.011150,4.020371,20.664362,17.663965,19.166779,0.015150
,,450.255768,4.026000,4.010850,4.020141,20.664362,17.663965,19.166779,0.015150
450.399994,0.800000,450.281189,4.026300,4.010850,4.020368,20.664362,17.663965,19.166464,0.015450
,,450.285553,4.026450,4.011150,4.020407,20.664362,17.663965,19.167093,0.015300
450.399994,0.800000,450.269653,4.026300,4.011000,4.020265,20.664362,17.663965,19.166857,0.015300
,,450.272736,4.026300,4.011000,4.020292,20.664362,17.663965,19.166464,0.015300
450.399994,0.800000,450.273468,4.026150,4.011000,4.020299,20.664362,17.663965,19.166859,0.015150
,,450.274750,4.026300,4.011150,4.020310,20.664362,17.663965,19.166307,0.015150
450.399994,0.800000,450.272308,4.026000,4.010850,4.020288,20.664362,17.663965,19.166386,0.015150
450.399994,0.800000,450.270996,4.026000,4.010850,4.020277,20.664362,17.663965,19.166149,0.015150
,,450.252472,4.025850,4.010700,4.020112,20.664362,17.663965,19.165834,0.015150
450.399994,0.800000,450.257996,4.026000,4.010700,4.020161,20.664362,17.663965,19.165600,0.015300
,,450.288483,4.026450,4.011300,4.020433,20.664362,17.663965,19.165913,0.015150
450.399994,0.800000,450.285095,4.026600,4.011150,4.020402,20.664362,17.663965,19.165678,0.015450
,,450.280212,4.026300,4.011150,4.020359,20.664362,17.663965,19.165756,0.015150
450.399994,0.700000,450.283447,4.026300,4.011150,4.020388,20.664362,17.663965,19.165676,0.015150
,,450.276825,4.026000,4.010850,4.020329,20.664362,17.663965,19.165442,0.015150
450.399994,0.700000,450.276489,4.026000,4.010850,4.020326,20.664362,17.663965,19.165520,0.015150
,,450.275574,4.026300,4.011000,4.020318,20.669428,17.663965,19.165678,0.015300
450.500000,0.800000,450.275818,4.026300,4.011150,4.020320,20.664362,17.663965,19.165207,0.015150
,,450.282227,4.026300,4.011150,4.020377,20.664362,17.663965,19.165365,0.015150
450.399994,0.800000,450.272919,4.026150,4.011000,4.020294,20.664362,17.663965,19.165283,0.015150
,,450.261353,4.026150,4.010700,4.020191,20.664362,17.663965,19.165125,0.015450
450.399994,0.700000,450.262634,4.025850,4.010700,4.020202,20.669428,17.663965,19.164968,0.015150
,,450.259186,4.026000,4.010700,4.020171,20.664362,17.669001,19.164968,0.015300
450.399994,0.700000,450.263763,4.026300,4.011150,4.020212,20.664362,17.663965,19.165127,0.015150
,,450.265503,4.026150,4.011000,4.020228,20.664362,17.669001,19.164654,0.015150
450.399994,0.700000,450.267700,4.026000,4.010850,4.020247,20.664362,17.663965,19.164890,0.015150
450.500000,0.800000,450.296021,4.026300,4.011000,4.020500,20.664362,17.663965,19.164732,0.015300
450.399994,0.700000,450.256409,4.026150,4.010850,4.020146,20.664362,17.663965,19.164654,0.015300
,,450.276978,4.026000,4.010850,4.020330,20.664362,17.663965,19.164576,0.015150
450.399994,0.800000,450.272736,4.026000,4.010850,4.020292,20.664362,17.663965,19.164261,0.015150
,,450.264648,4.026300,4.011000,4.020220,20.664362,17.663965,19.164103,0.015300
450.399994,0.700000,450.272369,4.026450,4.011150,4.020289,20.664362,17.663965,19.164181,0.015300
,,450.267029,4.026150,4.010850,4.020241,20.664362,17.663965,19.164261,0.015300
450.500000,0.700000,450.280334,4.026150,4.011000,4.020360,20.664362,17.663965,19.164181,0.015150
,,450.280334,4.026150,4.011000,4.020360,20.664362,17.663965,19.164104,0.015150
450.399994,0.700000,450.270325,4.026000,4.010850,4.020271,20.664362,17.669001,19.164183,0.015150
,,450.270325,4.026000,4.010850,4.020271,20.664362,17.669001,19.164024,0.015150
450.399994,0.800000,450.289368,4.026600,4.011300,4.020441,20.664362,17.663965,19.164104,0.015300
,,450.292053,4.026450,4.011150,4.020465,20.664362,17.669001,19.163866,0.015300
450.399994,0.800000,450.294830,4.026450,4.011150,4.020490,20.664362,17.669001,19.163630,0.015300
,,450.290161,4.026300,4.011000,4.020448,20.664362,17.663965,19.163551,0.015300
450.500000,0.800000,450.291840,4.026300,4.011150,4.020463,20.664362,17.663965,19.163469,0.015150
,,450.290619,4.026450,4.011150,4.020452,20.664362,17.663965,19.163473,0.015300
450.399994,0.700000,450.289642,4.026600,4.011300,4.020443,20.664362,17.663965,19.163000,0.015300
,,450.287628,4.026300,4.011150,4.020425,20.664362,17.669001,19.163395,0.015150
450.399994,0.700000,450.309204,4.026450,4.011150,4.020618,20.664362,17.669001,19.163157,0.015300
450.399994,0.700000,450.298431,4.026450,4.011000,4.020522,20.664362,17.663965,19.163078,0.015450
,,450.292908,4.026450,4.011300,4.020473,20.664362,17.663965,19.163237,0.015150
450.399994,0.700000,450.293488,4.026600,4.011300,4.020478,20.664362,17.669001,19.163315,0.015300
,,450.296997,4.026450,4.011300,4.020509,20.664362,17.663965,19.163157,0.015150
450.399994,0.700000,450.261108,4.026150,4.010850,4.020188,20.669428,17.669001,19.163076,0.015300
,,450.294006,4.026450,4.011150,4.020482,20.664362,17.663965,19.162840,0.015300
450.399994,0.700000,450.296753,4.026450,4.011300,4.020507,20.664362,17.663965,19.162764,0.015150
,,450.298523,4.026600,4.011450,4.020523,20.669428,17.663965,19.162447,0.015150
450.500000,0.800000,450.281525,4.026450,4.011150,4.020371,20.664362,17.663965,19.162447,0.015300
,,450.285767,4.026150,4.010850,4.020409,20.664362,17.663965,19.162605,0.015300
450.500000,0.700000,450.284729,4.026150,4.010850,4.020400,20.664362,17.663965,19.162447,0.015300
,,450.288452,4.026600,4.011300,4.020432,20.669428,17.669001,19.162447,0.015300
450.399994,0.700000,450.284119,4.026450,4.011150,4.020394,20.664362,17.663965,19.162369,0.015300
,,450.287750,4.026300,4.011000,4.020426,20.664362,17.663965,19.161976,0.015300
450.399994,0.700000,450.256622,4.026000,4.010550,4.020148,20.664362,17.663965,19.162054,0.015450
,,450.285736,4.026450,4.011300,4.020408,20.664362,17.663965,19.161816,0.015150
450.399994,0.700000,450.297150,4.026600,4.011450,4.020510,20.664362,17.669001,19.162052,0.015150
,,450.309845,4.026450,4.011150,4.020624,20.664362,17.669001,19.161974,0.015300
450.399994,0.700000,450.285553,4.026300,4.011000,4.020407,20.669428,17.669001,19.161739,0.015300
,,450.290222,4.026150,4.010850,4.020448,20.664362,17.669001,19.161345,0.015300
450.399994,0.700000,450.287567,4.026150,4.011000,4.020425,20.664362,17.669001,19.161423,0.015150
,,450.292938,4.026600,4.011300,4.020473,20.664362,17.669001,19.161343,0.015300
450.399994,0.700000,450.289978,4.026450,4.011300,4.020446,20.664362,17.663965,19.161818,0.015150
,,450.298370,4.026450,4.011000,4.020521,20.669428,17.669001,19.161345,0.015450
450.399994,0.700000,450.292236,4.026450,4.011000,4.020466,20.669428,17.669001,19.161028,0.015450
,,450.288849,4.026150,4.011000,4.020436,20.664362,17.669001,19.161186,0.015150
450.399994,0.700000,450.288361,4.026300,4.011000,4.020432,20.664362,17.669001,19.160950,0.015300
,,450.282043,4.026150,4.011150,4.020375,20.664362,17.669001,19.160793,0.015000
450.399994,0.700000,450.287994,4.026450,4.011150,4.020429,20.669428,17.669001,19.160950,0.015300
,,450.286774,4.026450,4.011000,4.020418,20.664362,17.669001,19.160950,0.015450
450.399994,0.700000,450.282745,4.026150,4.011000,4.020381,20.664362,17.669001,19.160872,0.015150
,,450.289276,4.026150,4.010850,4.020440,20.664362,17.663965,19.160477,0.015300
450.399994,0.700000,450.282684,4.026300,4.011000,4.020381,20.664362,17.663965,19.160480,0.015300
,,450.294647,4.026450,4.011300,4.020488,20.669428,17.669001,19.160875,0.015150
450.399994,0.700000,450.308075,4.026600,4.011300,4.020608,20.669428,17.669001,19.160242,0.015300
,,450.298248,4.026450,4.011150,4.020520,20.669428,17.663965,19.160160,0.015300
450.399994,0.700000,450.299957,4.026300,4.011000,4.020535,20.669428,17.669001,19.160322,0.015300
450.399994,0.700000,450.294189,4.026450,4.011150,4.020484,20.669428,17.669001,19.160320,0.015300
450.399994,0.700000,450.279266,4.026450,4.011000,4.020350,20.669428,17.669001,19.160162,0.015450
,,450.284882,4.026300,4.011150,4.020401,20.669428,17.669001,19.160242,0.015150
450.399994,0.700000,450.281433,4.026300,4.011000,4.020370,20.664362,17.669001,19.160242,0.015300
,,450.288269,4.026450,4.011150,4.020431,20.669428,17.669001,19.159769,0.015300
450.399994,0.700000,450.276733,4.026150,4.010850,4.020328,20.664362,17.669001,19.159847,0.015300
,,450.293762,4.026300,4.011000,4.020480,20.664362,17.669001,19.159689,0.015300
450.500000,0.700000,450.270172,4.026300,4.011000,4.020269,20.669428,17.669001,19.159769,0.015300
,,450.298340,4.026600,4.011300,4.020521,20.669428,17.669001,19.159454,0.015300
450.500000,0.700000,450.313019,4.026600,4.011300,4.020652,20.664362,17.669001,19.159296,0.015300
,,450.308289,4.026450,4.011300,4.020610,20.669428,17.669001,19.159296,0.015150
450.500000,0.700000,450.304474,4.026450,4.011150,4.020576,20.669428,17.669001,19.159296,0.015300
,,450.275299,4.026150,4.011000,4.020315,20.669428,17.669001,19.159136,0.015150
450.399994,0.700000,450.276855,4.026450,4.011150,4.020329,20.669428,17.669001,19.159296,0.015300
,,450.300049,4.026600,4.011300,4.020536,20.669428,17.669001,19.158665,0.015300
450.399994,0.700000,450.298340,4.026450,4.011300,4.020521,20.664362,17.669001,19.158504,0.015150
,,450.293823,4.026300,4.011000,4.020481,20.669428,17.669001,19.158901,0.015300
450.399994,0.700000,450.302460,4.026600,4.011150,4.020558,20.669428,17.669001,19.158823,0.015450
,,450.289062,4.026450,4.011300,4.020438,20.669428,17.669001,19.158821,0.015150
450.399994,0.700000,450.297211,4.026600,4.011150,4.020511,20.669428,17.669001,19.158745,0.015450
450.399994,0.700000,450.312408,4.026750,4.011450,4.020647,20.669428,17.669001,19.158585,0.015300
,,450.282715,4.026150,4.011000,4.020381,20.669428,17.669001,19.158350,0.015150
450.399994,0.700000,450.284668,4.026300,4.011000,4.020399,20.664362,17.669001,19.158350,0.015300
,,450.280273,4.026150,4.011000,4.020360,20.669428,17.669001,19.158428,0.015150
450.500000,0.700000,450.295227,4.026300,4.011150,4.020493,20.669428,17.669001,19.158037,0.015150
,,450.301849,4.026450,4.011150,4.020552,20.669428,17.669001,19.158112,0.015300
450.399994,0.700000,450.285461,4.026300,4.011000,4.020406,20.669428,17.669001,19.157955,0.015300
,,450.298370,4.026450,4.011150,4.020521,20.669428,17.669001,19.157797,0.015300
450.500000,0.700000,450.301361,4.026450,4.011300,4.020548,20.669428,17.669001,19.157562,0.015150
,,450.291931,4.026450,4.011300,4.020463,20.669428,17.669001,19.157326,0.015150
450.399994,0.700000,450.303101,4.026450,4.011300,4.020564,20.669428,17.669001,19.157562,0.015150
,,450.286560,4.026300,4.011150,4.020416,20.669428,17.669001,19.157564,0.015150
450.399994,0.700000,450.315521,4.026450,4.011150,4.020674,20.669428,17.669001,19.157322,0.015300
,,450.290131,4.026300,4.011000,4.020448,20.669428,17.669001,19.157639,0.015300
450.399994,0.700000,450.286102,4.026300,4.011000,4.020411,20.669428,17.669001,19.157326,0.015300
,,450.284088,4.026300,4.011300,4.020394,20.669428,17.669001,19.157248,0.015000
450.399994,0.700000,450.288940,4.026450,4.011150,4.020437,20.669428,17.669001,19.156853,0.015300
,,450.282959,4.026450,4.011150,4.020383,20.669428,17.669001,19.156857,0.015300
450.500000,0.700000,450.301880,4.026600,4.011450,4.020553,20.669428,17.669001,19.157246,0.015150
,,450.305603,4.026450,4.011450,4.020586,20.669428,17.669001,19.156855,0.015000
450.399994,0.700000,450.297180,4.026450,4.011300,4.020511,20.669428,17.669001,19.156460,0.015150
,,450.285736,4.026150,4.011000,4.020408,20.664362,17.669001,19.156775,0.015150
450.399994,0.700000,450.322205,4.026750,4.011300,4.020734,20.669428,17.669001,19.156221,0.015450
,,450.293579,4.026300,4.011000,4.020478,20.664362,17.669001,19.156694,0.015300
450.399994,0.700000,450.290955,4.026300,4.011000,4.020455,20.669428,17.669001,19.156618,0.015300
,,450.299896,4.026450,4.011300,4.020535,20.664362,17.669001,19.156303,0.015150
450.399994,0.700000,450.296783,4.026450,4.011000,4.020507,20.669428,17.669001,19.156225,0.015450
,,450.300720,4.026600,4.011300,4.020542,20.669428,17.669001,19.155436,0.015300
450.399994,0.600000,450.317657,4.026600,4.011300,4.020693,20.664362,17.669001,19.155752,0.015300
,,450.306702,4.026300,4.011150,4.020596,20.669428,17.669001,19.155830,0.015150
450.399994,0.700000,450.278503,4.026150,4.011000,4.020344,20.669428,17.669001,19.155672,0.015150
,,450.309174,4.026450,4.011300,4.020617,20.669428,17.669001,19.155750,0.015150
450.500000,0.700000,450.306488,4.026600,4.011450,4.020594,20.669428,17.669001,19.155436,0.015150
,,450.305420,4.026600,4.011300,4.020584,20.669428,17.669001,19.155672,0.015300
450.399994,0.700000,450.298492,4.026450,4.011300,4.020522,20.669428,17.669001,19.155359,0.015150
,,450.291595,4.026450,4.011150,4.020461,20.669428,17.669001,19.155518,0.015300
450.500000,0.700000,450.300995,4.026450,4.011150,4.020545,20.669428,17.669001,19.155043,0.015300
450.399994,0.700000,450.287933,4.026300,4.011150,4.020428,20.669428,17.669001,19.155199,0.015150
,,450.319611,4.026600,4.011300,4.020711,20.669428,17.669001,19.154884,0.015300
450.399994,0.600000,450.274841,4.026300,4.011150,4.020311,20.669428,17.669001,19.155043,0.015150
,,450.315735,4.026600,4.011450,4.020676,20.669428,17.669001,19.154964,0.015150
450.399994,0.700000,450.317474,4.026600,4.011600,4.020692,20.669428,17.669001,19.154490,0.015000
,,450.320190,4.026600,4.011450,4.020716,20.669428,17.669001,19.154648,0.015150
450.500000,0.700000,450.292145,4.026450,4.011150,4.020465,20.669428,17.669001,19.154728,0.015300
,,450.302948,4.026450,4.011300,4.020562,20.669428,17.669001,19.154728,0.015150
450.399994,0.700000,450.297485,4.026450,4.011150,4.020513,20.669428,17.669001,19.154415,0.015300
,,450.311676,4.026600,4.011450,4.020640,20.669428,17.669001,19.154730,0.015150
450.399994,0.700000,450.299469,4.026450,4.011150,4.020531,20.669428,17.669001,19.154099,0.015300
,,450.310730,4.026600,4.011300,4.020631,20.669428,17.669001,19.154411,0.015300
450.399994,0.700000,450.301941,4.026450,4.011150,4.020553,20.669428,17.669001,19.154097,0.015300
,,450.309265,4.026450,4.011300,4.020618,20.669428,17.669001,19.153942,0.015150
450.399994,0.600000,450.296814,4.026600,4.011300,4.020507,20.669428,17.669001,19.154099,0.015300
,,450.318665,4.026600,4.011300,4.020702,20.669428,17.669001,19.153862,0.015300
450.399994,0.600000,450.319427,4.026750,4.011600,4.020709,20.669428,17.669001,19.154177,0.015150
,,450.289398,4.026300,4.010850,4.020441,20.669428,17.669001,19.153547,0.015450
450.399994,0.600000,450.323700,4.026600,4.011300,4.020747,20.669428,17.669001,19.153471,0.015300
450.500000,0.700000,450.322479,4.026600,4.011600,4.020736,20.669428,17.669001,19.153391,0.015000
450.500000,0.700000,450.299408,4.026450,4.011150,4.020530,20.669428,17.669001,19.153311,0.015300
,,450.309082,4.026600,4.011450,4.020617,20.669428,17.669001,19.152840,0.015150
450.399994,0.600000,450.312988,4.026750,4.011450,4.020652,20.669428,17.669001,19.152996,0.015300
,,450.307678,4.026450,4.011300,4.020604,20.669428,17.669001,19.152916,0.015150
450.399994,0.600000,450.296326,4.026300,4.011000,4.020503,20.669428,17.669001,19.153074,0.015300
,,450.294159,4.026300,4.011150,4.020483,20.669428,17.669001,19.152920,0.015150
450.399994,0.600000,450.297791,4.026450,4.011150,4.020516,20.669428,17.669001,19.153311,0.015300
,,450.291077,4.026450,4.011150,4.020456,20.669428,17.669001,19.152521,0.015300
450.500000,0.600000,450.299652,4.026600,4.011450,4.020533,20.669428,17.669001,19.152760,0.015150
,,450.299347,4.026600,4.011450,4.020530,20.669428,17.669001,19.152443,0.015150
450.399994,0.600000,450.297302,4.026450,4.011000,4.020512,20.669428,17.669001,19.152365,0.015450
,,450.303101,4.026450,4.011150,4.020564,20.669428,17.669001,19.152367,0.015300
450.500000,0.700000,450.317383,4.026450,4.011300,4.020691,20.669428,17.669001,19.152208,0.015150
,,450.306000,4.026600,4.011300,4.020589,20.669428,17.669001,19.152521,0.015300
450.500000,0.700000,450.323761,4.026600,4.011600,4.020748,20.669428,17.669001,19.152128,0.015000
,,450.308655,4.026600,4.011300,4.020613,20.669428,17.669001,19.152206,0.015300
450.500000,0.700000,450.325775,4.026750,4.011450,4.020766,20.669428,17.669001,19.151730,0.015300
,,450.310242,4.026450,4.011150,4.020627,20.669428,17.669001,19.151655,0.015300
450.399994,0.600000,450.307770,4.026450,4.011300,4.020605,20.669428,17.669001,19.151653,0.015150
,,450.292023,4.026300,4.011150,4.020464,20.669428,17.669001,19.151653,0.015150
450.399994,0.600000,450.295654,4.026450,4.011150,4.020497,20.669428,17.669001,19.151812,0.015300
,,450.320038,4.026600,4.011450,4.020715,20.669428,17.669001,19.151653,0.015150
450.500000,0.700000,450.325439,4.026600,4.011300,4.020763,20.669428,17.669001,19.151100,0.015300
,,450.321808,4.026600,4.011450,4.020730,20.669428,17.669001,19.151493,0.015150
450.500000,0.700000,450.292053,4.026300,4.011150,4.020465,20.669428,17.669001,19.151495,0.015150
,,450.311981,4.026750,4.011300,4.020643,20.669428,17.669001,19.151337,0.015450
450.500000,0.700000,450.328644,4.026750,4.011600,4.020792,20.669428,17.669001,19.150866,0.015150
,,450.310638,4.026600,4.011450,4.020631,20.669428,17.669001,19.151102,0.015150
450.500000,0.600000,450.316040,4.026300,4.011150,4.020679,20.669428,17.674006,19.151335,0.015150
,,450.310425,4.026450,4.011150,4.020629,20.669428,17.669001,19.150471,0.015300
450.399994,0.600000,450.301086,4.026450,4.011300,4.020545,20.674494,17.669001,19.151022,0.015150
,,450.310791,4.026600,4.011450,4.020632,20.669428,17.674006,19.150549,0.015150
450.399994,0.600000,450.309692,4.026750,4.011450,4.020622,20.669428,17.669001,19.150156,0.015300
,,450.314484,4.026600,4.011150,4.020665,20.669428,17.669001,19.150393,0.015450
450.399994,0.600000,450.311462,4.026450,4.011300,4.020638,20.669428,17.669001,19.150471,0.015150
,,450.305511,4.026450,4.011150,4.020585,20.669428,17.669001,19.150312,0.015300
450.500000,0.700000,450.314148,4.026600,4.011300,4.020662,20.669428,17.669001,19.150471,0.015300
450.399994,0.600000,450.331665,4.026900,4.011450,4.020818,20.669428,17.669001,19.150156,0.015450
,,450.320923,4.026750,4.011300,4.020722,20.669428,17.674006,19.150312,0.015450
450.500000,0.600000,450.309509,4.026300,4.011150,4.020621,20.669428,17.669001,19.150078,0.015150
,,450.310760,4.026300,4.011300,4.020632,20.669428,17.669001,19.149920,0.015000
450.399994,0.600000,450.306488,4.026450,4.011300,4.020594,20.669428,17.669001,19.149841,0.015150
,,450.312531,4.026750,4.011450,4.020648,20.669428,17.669001,19.149685,0.015300
450.399994,0.600000,450.317230,4.026750,4.011450,4.020689,20.669428,17.669001,19.149683,0.015300
,,450.311066,4.026450,4.011150,4.020635,20.669428,17.669001,19.149920,0.015300
450.500000,0.600000,450.319885,4.026750,4.011450,4.020713,20.669428,17.669001,19.149448,0.015300
,,450.299316,4.026450,4.011150,4.020530,20.669428,17.669001,19.149370,0.015300
450.399994,0.600000,450.292908,4.026600,4.011300,4.020473,20.669428,17.669001,19.149212,0.015300
,,450.302307,4.026600,4.011300,4.020556,20.669428,17.669001,19.149055,0.015300
450.399994,0.600000,450.326019,4.026600,4.011450,4.020768,20.669428,17.669001,19.148895,0.015150
,,450.307617,4.026450,4.011300,4.020604,20.669428,17.669001,19.148975,0.015150
450.500000,0.600000,450.292480,4.026300,4.011000,4.020469,20.669428,17.669001,19.148975,0.015300
,,450.299408,4.026450,4.011150,4.020530,20.669428,17.674006,19.148897,0.015300
450.500000,0.600000,450.317749,4.026600,4.011450,4.020694,20.669428,17.674006,19.148344,0.015150
,,450.317932,4.026750,4.011450,4.020696,20.669428,17.674006,19.148819,0.015300
450.500000,0.600000,450.321838,4.026750,4.011300,4.020730,20.669428,17.669001,19.148268,0.015450
450.500000,0.600000,450.319305,4.026600,4.011300,4.020708,20.669428,17.669001,19.148504,0.015300
450.399994,0.600000,450.298523,4.026450,4.011150,4.020523,20.669428,17.669001,19.148268,0.015300
,,450.301819,4.026600,4.011450,4.020552,20.669428,17.669001,19.148268,0.015150
450.399994,0.600000,450.343658,4.026900,4.011600,4.020926,20.669428,17.669001,19.147718,0.015300
,,450.305908,4.026450,4.011150,4.020588,20.669428,17.669001,19.147720,0.015300
450.399994,0.600000,450.310333,4.026600,4.011300,4.020628,20.669428,17.674006,19.147638,0.015300
,,450.301697,4.026450,4.011150,4.020551,20.669428,17.669001,19.147799,0.015300
450.399994,0.600000,450.315582,4.026600,4.011450,4.020675,20.669428,17.674006,19.147484,0.015150
,,450.319611,4.026750,4.011450,4.020711,20.669428,17.669001,19.147167,0.015300
450.500000,0.600000,450.326935,4.026750,4.011600,4.020776,20.669428,17.669001,19.147324,0.015150
,,450.319336,4.026600,4.011150,4.020709,20.669428,17.669001,19.147324,0.015450
450.500000,0.600000,450.325012,4.026600,4.011300,4.020759,20.669428,17.674006,19.147324,0.015300
,,450.321411,4.026600,4.011450,4.020727,20.669428,17.674006,19.147167,0.015150
450.500000,0.600000,450.326355,4.026900,4.011600,4.020771,20.669428,17.669001,19.146770,0.015300
,,450.326752,4.026750,4.011450,4.020774,20.669428,17.669001,19.146851,0.015300
450.500000,0.600000,450.313934,4.026450,4.011150,4.020660,20.674494,17.669001,19.146929,0.015300
,,450.303467,4.026450,4.011150,4.020566,20.669428,17.669001,19.146933,0.015300
450.399994,0.600000,450.311096,4.026450,4.011300,4.020635,20.674494,17.669001,19.146774,0.015150
,,450.313385,4.026600,4.011450,4.020655,20.669428,17.669001,19.146852,0.015150
450.500000,0.600000,450.310486,4.026750,4.011450,4.020629,20.669428,17.669001,19.146616,0.015300
450.500000,0.600000,450.329926,4.026900,4.011450,4.020803,20.669428,17.674006,19.146379,0.015450
,,450.323212,4.026450,4.011300,4.020743,20.669428,17.674006,19.146219,0.015150
450.399994,0.600000,450.324738,4.026750,4.011450,4.020757,20.669428,17.669001,19.146143,0.015300
,,450.331024,4.026750,4.011600,4.020813,20.674494,17.669001,19.145988,0.015150
450.500000,0.600000,450.304260,4.026450,4.011150,4.020574,20.669428,17.674006,19.145983,0.015300
,,450.316284,4.026600,4.011300,4.020681,20.669428,17.669001,19.145748,0.015300
450.399994,0.600000,450.310364,4.026600,4.011300,4.020628,20.669428,17.669001,19.145828,0.015300
,,450.317017,4.026750,4.011450,4.020688,20.669428,17.674006,19.145670,0.015300
450.500000,0.600000,450.320557,4.026600,4.011300,4.020719,20.669428,17.669001,19.145748,0.015300
,,450.310211,4.026450,4.011300,4.020627,20.669428,17.669001,19.145748,0.015150
450.500000,0.700000,450.319885,4.026600,4.011450,4.020713,20.669428,17.674006,19.145668,0.015150
,,450.318756,4.026750,4.011450,4.020703,20.669428,17.669001,19.145277,0.015300
450.500000,0.600000,450.316742,4.026750,4.011450,4.020685,20.669428,17.669001,19.145197,0.015300
,,450.302155,4.026450,4.011000,4.020555,20.669428,17.669001,19.145039,0.015450
450.399994,0.600000,450.325897,4.026600,4.011600,4.020767,20.674494,17.669001,19.145119,0.015000
,,450.332825,4.027050,4.011600,4.020829,20.669428,17.669001,19.144804,0.015450
450.500000,0.600000,450.334442,4.026750,4.011600,4.020843,20.669428,17.669001,19.145275,0.015150
,,450.305511,4.026450,4.011150,4.020585,20.669428,17.669001,19.145119,0.015300
450.399994,0.600000,450.334473,4.026600,4.011450,4.020844,20.669428,17.669001,19.144962,0.015150
,,450.315948,4.026450,4.011450,4.020678,20.669428,17.674006,19.144802,0.015000
450.500000,0.600000,450.319061,4.026600,4.011300,4.020706,20.674494,17.669001,19.144804,0.015300
,,450.321533,4.026750,4.011600,4.020728,20.669428,17.669001,19.144487,0.015150
450.500000,0.600000,450.317139,4.026450,4.011450,4.020689,20.669428,17.674006,19.144253,0.015000
,,450.312164,4.026300,4.011150,4.020644,20.669428,17.669001,19.144094,0.015150
450.500000,0.600000,450.340912,4.026750,4.011450,4.020901,20.669428,17.674006,19.144253,0.015300
,,450.331177,4.026750,4.011600,4.020814,20.669428,17.669001,19.144175,0.015150
450.399994,0.600000,450.304871,4.026600,4.011450,4.020579,20.669428,17.674006,19.143860,0.015150
,,450.342468,4.026900,4.011600,4.020915,20.669428,17.669001,19.143780,0.015300
450.399994,0.600000,450.309784,4.026600,4.011450,4.020623,20.669428,17.669001,19.143543,0.015150
,,450.339142,4.026750,4.011450,4.020885,20.669428,17.669001,19.143543,0.015300
450.500000,0.600000,450.311829,4.026450,4.011300,4.020641,20.669428,17.674006,19.143467,0.015150
,,450.320160,4.026750,4.011600,4.020716,20.674494,17.674006,19.143621,0.015150
450.399994,0.600000,450.325195,4.026750,4.011600,4.020761,20.674494,17.674006,19.143623,0.015150
,,450.327850,4.026750,4.011600,4.020784,20.669428,17.669001,19.143072,0.015150
450.500000,0.600000,450.328613,4.026750,4.011450,4.020791,20.674494,17.669001,19.143230,0.015300
,,450.321442,4.026450,4.011150,4.020727,20.669428,17.669001,19.143467,0.015300
450.500000,0.600000,450.325378,4.026450,4.011300,4.020762,20.669428,17.674006,19.142916,0.015150
450.500000,0.600000,450.321106,4.026750,4.011600,4.020724,20.669428,17.669001,19.142992,0.015150
450.500000,0.600000,450.311401,4.026600,4.011450,4.020638,20.669428,17.669001,19.142363,0.015150
,,450.322296,4.026900,4.011600,4.020735,20.669428,17.674006,19.142361,0.015300
450.500000,0.600000,450.332397,4.026750,4.011600,4.020825,20.669428,17.674006,19.142675,0.015150
,,450.332550,4.026600,4.011300,4.020826,20.669428,17.674006,19.142834,0.015300
450.500000,0.600000,450.329376,4.026450,4.011450,4.020798,20.674494,17.669001,19.142519,0.015000
,,450.331421,4.026450,4.011300,4.020816,20.669428,17.669001,19.142284,0.015150
450.399994,0.600000,450.328705,4.026600,4.011300,4.020792,20.669428,17.674006,19.142439,0.015300
,,450.326294,4.026750,4.011600,4.020771,20.669428,17.674006,19.142206,0.015150
450.399994,0.600000,450.329773,4.026750,4.011600,4.020802,20.674494,17.669001,19.141890,0.015150
,,450.325836,4.026600,4.011450,4.020766,20.669428,17.674006,19.142048,0.015150
450.399994,0.600000,450.312408,4.026450,4.011150,4.020647,20.669428,17.674006,19.142124,0.015300
,,450.319916,4.026450,4.011150,4.020713,20.674494,17.674006,19.141809,0.015300
450.500000,0.600000,450.317200,4.026450,4.011000,4.020689,20.669428,17.674006,19.141573,0.015450
,,450.313354,4.026300,4.011300,4.020655,20.669428,17.674006,19.141571,0.015000
450.399994,0.500000,450.320251,4.026750,4.011450,4.020717,20.669428,17.669001,19.141258,0.015300
,,450.309143,4.026750,4.011450,4.020617,20.674494,17.674006,19.141575,0.015300
450.500000,0.600000,450.300385,4.026600,4.011450,4.020539,20.674494,17.669001,19.141338,0.015150
,,450.336426,4.026900,4.011600,4.020861,20.669428,17.669001,19.141102,0.015300
450.500000,0.600000,450.342346,4.026900,4.011600,4.020914,20.669428,17.669001,19.141415,0.015300
450.500000,0.600000,450.317780,4.026600,4.011300,4.020694,20.669428,17.669001,19.140942,0.015300
,,450.355988,4.026900,4.011600,4.021036,20.674494,17.674006,19.140944,0.015300
450.500000,0.600000,450.324860,4.026450,4.011150,4.020758,20.674494,17.674006,19.140709,0.015300
,,450.312012,4.026600,4.011300,4.020643,20.674494,17.674006,19.140865,0.015300
450.399994,0.600000,450.318604,4.026600,4.011450,4.020702,20.669428,17.674006,19.140312,0.015150
,,450.329468,4.026750,4.011450,4.020799,20.674494,17.669001,19.140629,0.015300
450.500000,0.600000,450.334381,4.026900,4.011750,4.020843,20.669428,17.674006,19.140390,0.015150
,,450.340027,4.026900,4.011750,4.020893,20.669428,17.674006,19.140472,0.015150
450.500000,0.600000,450.343872,4.027050,4.011600,4.020927,20.669428,17.669001,19.139841,0.015450
,,450.345947,4.026900,4.011600,4.020946,20.674494,17.674006,19.139839,0.015300
450.500000,0.600000,450.342834,4.026750,4.011450,4.020918,20.669428,17.674006,19.139601,0.015300
,,450.337402,4.026600,4.011300,4.020870,20.674494,17.674006,19.139919,0.015300
450.500000,0.600000,450.334656,4.026750,4.011450,4.020845,20.669428,17.669001,19.139526,0.015300
,,450.330505,4.026750,4.011450,4.020808,20.674494,17.674006,19.140076,0.015300
450.500000,0.600000,450.321289,4.026750,4.011600,4.020726,20.669428,17.669001,19.139605,0.015150
,,450.358124,4.027200,4.011750,4.021055,20.674494,17.674006,19.139372,0.015450
450.399994,0.600000,450.332062,4.026600,4.011450,4.020822,20.669428,17.669001,19.139368,0.015150
,,450.326660,4.026750,4.011300,4.020774,20.674494,17.669001,19.139605,0.015450
450.500000,0.600000,450.329498,4.026600,4.011450,4.020799,20.669428,17.674006,19.139526,0.015150
,,450.344360,4.026750,4.011300,4.020932,20.669428,17.669001,19.138895,0.015450
450.500000,0.600000,450.343628,4.026750,4.011600,4.020925,20.674494,17.674006,19.138893,0.015150
,,450.339111,4.026750,4.011600,4.020885,20.669428,17.674006,19.139132,0.015150
450.399994,0.600000,450.328613,4.026900,4.011600,4.020791,20.669428,17.669001,19.138582,0.015300
,,450.339417,4.026750,4.011750,4.020888,20.669428,17.674006,19.138580,0.015000
450.399994,0.600000,450.328064,4.026600,4.011300,4.020786,20.669428,17.669001,19.138659,0.015300
,,450.328796,4.026600,4.011450,4.020793,20.669428,17.669001,19.138500,0.015150
450.399994,0.600000,450.337769,4.026600,4.011450,4.020873,20.674494,17.674006,19.138895,0.015150
,,450.337769,4.026600,4.011450,4.020873,20.674494,17.674006,19.138266,0.015150
450.500000,0.600000,450.331543,4.026750,4.011450,4.020817,20.674494,17.674006,19.138107,0.015300
,,450.323883,4.026600,4.011600,4.020749,20.669428,17.674006,19.138186,0.015000
450.399994,0.500000,450.344238,4.027050,4.011900,4.020931,20.669428,17.674006,19.137945,0.015150
,,450.347656,4.027050,4.011750,4.020961,20.674494,17.669001,19.137869,0.015300
450.399994,0.500000,450.349670,4.027050,4.011750,4.020979,20.669428,17.674006,19.137712,0.015300
,,450.355835,4.027050,4.011750,4.021034,20.674494,17.674006,19.137951,0.015300
450.500000,0.500000,450.310211,4.026450,4.011150,4.020627,20.674494,17.674006,19.137476,0.015300
,,450.323486,4.026600,4.011450,4.020745,20.669428,17.674006,19.137478,0.015150
450.399994,0.600000,450.338806,4.026600,4.011450,4.020882,20.674494,17.669001,19.137478,0.015150
450.500000,0.600000,450.338806,4.026600,4.011450,4.020882,20.674494,17.669001,19.137554,0.015150
,,450.343414,4.026750,4.011450,4.020923,20.674494,17.674006,19.137161,0.015300
450.399994,0.600000,450.348083,4.026900,4.011750,4.020965,20.674494,17.674006,19.136847,0.015150
,,450.350220,4.027050,4.011750,4.020984,20.674494,17.674006,19.136688,0.015300
450.500000,0.600000,450.319092,4.026900,4.011600,4.020706,20.669428,17.674006,19.136845,0.015300
,,450.315979,4.026300,4.011300,4.020679,20.669428,17.669001,19.136530,0.015000
450.399994,0.500000,450.330872,4.026600,4.011450,4.020812,20.674494,17.674006,19.136686,0.015150
,,450.355438,4.027200,4.011900,4.021031,20.674494,17.669001,19.136213,0.015300
450.399994,0.500000,450.326782,4.026750,4.011450,4.020775,20.674494,17.674006,19.136374,0.015300
,,450.339600,4.026750,4.011600,4.020889,20.669428,17.669001,19.136372,0.015150
450.500000,0.600000,450.328552,4.026750,4.011450,4.020791,20.674494,17.669001,19.136217,0.015300
,,450.336334,4.026900,4.011600,4.020860,20.674494,17.674006,19.136610,0.015300
450.399994,0.500000,450.351257,4.027050,4.011750,4.020993,20.674494,17.674006,19.135979,0.015300
,,450.349945,4.026750,4.011600,4.020982,20.669428,17.674006,19.135664,0.015150
450.500000,0.500000,450.329895,4.026600,4.011450,4.020802,20.674494,17.674006,19.136057,0.015150
,,450.335724,4.026900,4.011750,4.020854,20.674494,17.674006,19.135979,0.015150
450.500000,0.600000,450.351135,4.026900,4.011600,4.020992,20.669428,17.674006,19.135584,0.015300
,,450.333160,4.026600,4.011150,4.020832,20.669428,17.674006,19.135504,0.015450
450.500000,0.500000,450.334717,4.026600,4.011450,4.020846,20.674494,17.674006,19.135662,0.015150
450.399994,0.500000,450.359222,4.027200,4.011900,4.021064,20.674494,17.674006,19.135586,0.015300
450.399994,0.600000,450.348938,4.027050,4.011750,4.020973,20.674494,17.674006,19.135349,0.015300
,,450.343903,4.026600,4.011450,4.020928,20.674494,17.674006,19.135191,0.015150
450.500000,0.600000,450.349762,4.026750,4.011750,4.020980,20.669428,17.669001,19.135506,0.015000
,,450.344543,4.026900,4.011600,4.020934,20.674494,17.674006,19.135347,0.015300
450.399994,0.600000,450.343628,4.026900,4.011750,4.020925,20.674494,17.674006,19.134954,0.015150
,,450.350952,4.027050,4.011900,4.020991,20.674494,17.674006,19.134405,0.015150
450.500000,0.500000,450.308807,4.026450,4.011150,4.020614,20.669428,17.674006,19.134718,0.015300
,,450.333435,4.026450,4.011150,4.020834,20.674494,17.674006,19.134954,0.015300
450.399994,0.500000,450.330322,4.026600,4.011450,4.020806,20.674494,17.674006,19.134718,0.015150
,,450.336243,4.026750,4.011600,4.020859,20.674494,17.674006,19.134562,0.015150
450.500000,0.600000,450.323242,4.026900,4.011600,4.020743,20.674494,17.674006,19.134640,0.015300
,,450.342407,4.026900,4.011750,4.020915,20.674494,17.674006,19.134169,0.015150
450.500000,0.500000,450.329010,4.026750,4.011150,4.020795,20.674494,17.674006,19.134012,0.015600
,,450.329041,4.026600,4.011450,4.020795,20.674494,17.674006,19.133932,0.015150
450.500000,0.500000,450.326935,4.026450,4.011300,4.020776,20.674494,17.674006,19.133774,0.015150
,,450.338074,4.027050,4.011900,4.020875,20.674494,17.669001,19.133619,0.015150
450.500000,0.500000,450.355164,4.026750,4.011450,4.021028,20.674494,17.674006,19.134090,0.015300
,,450.319611,4.026600,4.011300,4.020711,20.674494,17.669001,19.133854,0.015300
450.500000,0.500000,450.343140,4.026600,4.011450,4.020921,20.674494,17.674006,19.133461,0.015150
,,450.324219,4.026600,4.011300,4.020752,20.674494,17.674006,19.133619,0.015300
450.399994,0.500000,450.340149,4.026900,4.011600,4.020894,20.674494,17.674006,19.133224,0.015300
,,450.327576,4.026900,4.011750,4.020782,20.674494,17.674006,19.133224,0.015150
450.500000,0.500000,450.348877,4.026900,4.011750,4.020972,20.674494,17.674006,19.133459,0.015150
,,450.334473,4.026750,4.011450,4.020844,20.674494,17.669001,19.132830,0.015300
450.500000,0.500000,450.340393,4.026600,4.011450,4.020896,20.674494,17.674006,19.132830,0.015150
,,450.351166,4.027050,4.011900,4.020993,20.674494,17.674006,19.132750,0.015150
450.399994,0.500000,450.349884,4.026900,4.011900,4.020981,20.674494,17.669001,19.132751,0.015000
,,450.325439,4.026750,4.011600,4.020763,20.674494,17.674006,19.132515,0.015150
450.500000,0.600000,450.357513,4.027050,4.011750,4.021049,20.674494,17.674006,19.132515,0.015300
,,450.352478,4.026750,4.011450,4.021004,20.674494,17.669001,19.132359,0.015300
450.399994,0.500000,450.345245,4.026900,4.011600,4.020940,20.674494,17.674006,19.132751,0.015300
,,450.351440,4.026900,4.011750,4.020995,20.674494,17.674006,19.132278,0.015150
450.500000,0.500000,450.346313,4.027050,4.011750,4.020949,20.674494,17.674006,19.132042,0.015300
,,450.334900,4.026900,4.011750,4.020847,20.669428,17.674006,19.131962,0.015150
450.399994,0.500000,450.344238,4.026900,4.011750,4.020931,20.669428,17.674006,19.131964,0.015150
,,450.340576,4.026600,4.011150,4.020898,20.674494,17.674006,19.132122,0.015450
450.500000,0.600000,450.349701,4.026750,4.011450,4.020979,20.669428,17.674006,19.131962,0.015300
450.399994,0.500000,450.335327,4.026750,4.011450,4.020851,20.674494,17.669001,19.131729,0.015300
,,450.323547,4.026900,4.011600,4.020746,20.674494,17.674006,19.131413,0.015300
450.500000,0.500000,450.366699,4.027050,4.011900,4.021131,20.674494,17.674006,19.131493,0.015150
,,450.337616,4.026600,4.011300,4.020872,20.669428,17.669001,19.131098,0.015300
450.399994,0.500000,450.358398,4.026900,4.011600,4.021057,20.674494,17.674006,19.130939,0.015300
,,450.338928,4.026600,4.011450,4.020883,20.674494,17.669001,19.131414,0.015150
450.399994,0.500000,450.343018,4.027050,4.011750,4.020920,20.674494,17.674006,19.130547,0.015300
,,450.348816,4.027050,4.011750,4.020972,20.674494,17.674006,19.131254,0.015300
450.399994,0.500000,450.347778,4.027050,4.011750,4.020962,20.674494,17.674006,19.130783,0.015300
,,450.345917,4.026600,4.011450,4.020946,20.674494,17.674006,19.130466,0.015150
450.399994,0.500000,450.346222,4.026900,4.011450,4.020948,20.674494,17.669001,19.129995,0.015450
,,450.346619,4.026900,4.011600,4.020952,20.674494,17.674006,19.130312,0.015300
450.500000,0.500000,450.336731,4.026900,4.011600,4.020864,20.674494,17.674006,19.129995,0.015300
,,450.320190,4.026450,4.011150,4.020716,20.674494,17.674006,19.130154,0.015300
450.500000,0.500000,450.368805,4.027050,4.011750,4.021150,20.674494,17.674006,19.129995,0.015300
,,450.327179,4.026300,4.011300,4.020778,20.674494,17.674006,19.129995,0.015000
450.500000,0.500000,450.335693,4.026750,4.011600,4.020854,20.674494,17.669001,19.129522,0.015150
,,450.365479,4.027050,4.011900,4.021121,20.674494,17.674006,19.130074,0.015150
450.500000,0.500000,450.369507,4.027050,4.012050,4.021156,20.674494,17.674006,19.129683,0.015000
450.500000,0.500000,450.346252,4.026900,4.011750,4.020949,20.674494,17.674006,19.129444,0.015150
450.500000,0.500000,450.352081,4.026900,4.011600,4.021001,20.674494,17.674006,19.129210,0.015300
,,450.345276,4.027050,4.011750,4.020940,20.674494,17.674006,19.129444,0.015300
450.399994,0.500000,450.335266,4.026900,4.011600,4.020851,20.674494,17.674006,19.129444,0.015300
,,450.337463,4.026900,4.011750,4.020870,20.674494,17.674006,19.129210,0.015150
450.500000,0.500000,450.325958,4.027050,4.011150,4.020768,20.674494,17.674006,19.129049,0.015900
,,450.363403,4.026900,4.011600,4.021102,20.674494,17.674006,19.128815,0.015300
450.500000,0.500000,450.337646,4.026600,4.011600,4.020872,20.674494,17.669001,19.129128,0.015000
,,450.328369,4.027050,4.011750,4.020789,20.674494,17.674006,19.128893,0.015300
450.500000,0.500000,450.343323,4.026750,4.011600,4.020923,20.674494,17.669001,19.128344,0.015150
,,450.361755,4.026900,4.011750,4.021087,20.674494,17.674006,19.128260,0.015150
450.399994,0.500000,450.346161,4.026600,4.011450,4.020948,20.674494,17.674006,19.128658,0.015150
,,450.349091,4.026750,4.011450,4.020974,20.674494,17.674006,19.128815,0.015300
450.500000,0.500000,450.354462,4.026900,4.011900,4.021022,20.669428,17.674006,19.128105,0.015000
,,450.352631,4.027200,4.011750,4.021006,20.674494,17.674006,19.128105,0.015450
450.399994,0.500000,450.361694,4.027050,4.011750,4.021087,20.674494,17.674006,19.128578,0.015300
,,450.352448,4.026750,4.011600,4.021004,20.669428,17.669001,19.127869,0.015150
450.399994,0.500000,450.366272,4.027050,4.011900,4.021127,20.674494,17.674006,19.127554,0.015150
,,450.360535,4.027200,4.011900,4.021076,20.674494,17.674006,19.127472,0.015300
450.500000,0.500000,450.365509,4.027200,4.011900,4.021121,20.674494,17.674006,19.127712,0.015300
450.500000,0.500000,450.348145,4.027050,4.011750,4.020966,20.674494,17.674006,19.127474,0.015300
,,450.354034,4.026600,4.011450,4.021018,20.674494,17.674006,19.127789,0.015150
450.500000,0.500000,450.365112,4.026900,4.011750,4.021117,20.674494,17.674006,19.127396,0.015150
,,450.351868,4.027200,4.011900,4.020999,20.674494,17.674006,19.127235,0.015300
450.500000,0.500000,450.361176,4.027200,4.011900,4.021082,20.674494,17.669001,19.126762,0.015300
,,450.362000,4.027050,4.011900,4.021089,20.674494,17.674006,19.127001,0.015150
450.399994,0.500000,450.361053,4.026900,4.011750,4.021081,20.674494,17.674006,19.126606,0.015150
,,450.360168,4.026750,4.011450,4.021073,20.674494,17.674006,19.126688,0.015300
450.399994,0.500000,450.343750,4.026750,4.011600,4.020926,20.674494,17.674006,19.126526,0.015150
,,450.337646,4.026900,4.011450,4.020872,20.674494,17.669001,19.126211,0.015450
450.500000,0.500000,450.343018,4.026900,4.011600,4.020920,20.674494,17.674006,19.126530,0.015300
,,450.344147,4.026900,4.011750,4.020930,20.674494,17.674006,19.126135,0.015150
450.399994,0.500000,450.347382,4.026750,4.011600,4.020959,20.674494,17.674006,19.126209,0.015150
,,450.352722,4.026900,4.011750,4.021007,20.669428,17.674006,19.126211,0.015150
450.500000,0.500000,450.342590,4.026600,4.011450,4.020916,20.674494,17.674006,19.126133,0.015150
,,450.352692,4.027050,4.011900,4.021006,20.674494,17.674006,19.126055,0.015150
450.500000,0.500000,450.360504,4.027050,4.011750,4.021076,20.674494,17.674006,19.125738,0.015300
,,450.355652,4.026750,4.011450,4.021033,20.674494,17.674006,19.125584,0.015300
450.500000,0.500000,450.369019,4.026900,4.011750,4.021152,20.674494,17.674006,19.125664,0.015150
,,450.349365,4.026900,4.011900,4.020977,20.674494,17.674006,19.125425,0.015000
450.500000,0.500000,450.355164,4.027050,4.011900,4.021028,20.674494,17.674006,19.125269,0.015150
,,450.357574,4.026750,4.011900,4.021050,20.674494,17.669001,19.125187,0.014850
450.500000,0.500000,450.351746,4.026600,4.011600,4.020998,20.674494,17.674006,19.125187,0.015000
,,450.353271,4.026900,4.011600,4.021011,20.674494,17.674006,19.125109,0.015300
450.500000,0.500000,450.347351,4.026750,4.011600,4.020958,20.674494,17.669001,19.124874,0.015150
,,450.352753,4.026900,4.011750,4.021007,20.674494,17.674006,19.124323,0.015150
450.500000,0.500000,450.359924,4.026900,4.012050,4.021071,20.674494,17.674006,19.124401,0.014850
,,450.374268,4.027200,4.011900,4.021199,20.674494,17.674006,19.124718,0.015300
450.500000,0.500000,450.369751,4.027200,4.012050,4.021159,20.674494,17.674006,19.124557,0.015150
,,450.371033,4.027050,4.011900,4.021170,20.674494,17.674006,19.124243,0.015150
450.399994,0.500000,450.366852,4.026900,4.011600,4.021132,20.674494,17.674006,19.124479,0.015300
,,450.361725,4.026900,4.011600,4.021087,20.674494,17.674006,19.124008,0.015300
450.500000,0.500000,450.367065,4.026900,4.011900,4.021134,20.674494,17.674006,19.123772,0.015000
,,450.351746,4.026900,4.011600,4.020998,20.674494,17.674006,19.123930,0.015300
450.399994,0.500000,450.352509,4.027050,4.011750,4.021005,20.674494,17.674006,19.123695,0.015300
,,450.358093,4.026900,4.011900,4.021054,20.674494,17.674006,19.123535,0.015000
450.500000,0.500000,450.360260,4.027200,4.011900,4.021074,20.674494,17.669001,19.123459,0.015300
450.500000,0.500000,450.352814,4.026600,4.011450,4.021007,20.674494,17.674006,19.123457,0.015150
450.399994,0.400000,450.375305,4.027050,4.011900,4.021208,20.674494,17.674006,19.123144,0.015150
,,450.338928,4.026750,4.011450,4.020883,20.674494,17.674006,19.123457,0.015300
450.399994,0.500000,450.328705,4.026750,4.011150,4.020792,20.674494,17.674006,19.123142,0.015600
,,450.366638,4.027350,4.011900,4.021131,20.674494,17.674006,19.122986,0.015450
450.399994,0.500000,450.352539,4.027050,4.011750,4.021005,20.674494,17.674006,19.122908,0.015300
,,450.358307,4.027050,4.011750,4.021056,20.674494,17.669001,19.122829,0.015300
450.399994,0.500000,450.371155,4.027200,4.011750,4.021171,20.674494,17.674006,19.122986,0.015450
,,450.350342,4.027200,4.012050,4.020985,20.674494,17.674006,19.122671,0.015150
450.500000,0.400000,450.354187,4.026750,4.011450,4.021019,20.674494,17.674006,19.122669,0.015300
,,450.356689,4.026900,4.011450,4.021042,20.674494,17.674006,19.122513,0.015450
450.500000,0.500000,450.357788,4.026900,4.011750,4.021052,20.674494,17.674006,19.122593,0.015150
,,450.368011,4.026750,4.011600,4.021143,20.674494,17.674006,19.122593,0.015150
450.500000,0.500000,450.370667,4.027050,4.011750,4.021167,20.674494,17.669001,19.122356,0.015300
,,450.362488,4.027200,4.012050,4.021094,20.674494,17.674006,19.122356,0.015150
450.399994,0.500000,450.357086,4.027200,4.011750,4.021045,20.674494,17.674006,19.122198,0.015450
,,450.380585,4.027350,4.012050,4.021255,20.674494,17.674006,19.122356,0.015300
450.500000,0.500000,450.382477,4.027050,4.011900,4.021272,20.674494,17.674006,19.121962,0.015150
,,450.345398,4.026600,4.011150,4.020941,20.674494,17.674006,19.121960,0.015450
450.500000,0.500000,450.359833,4.026900,4.011600,4.021070,20.674494,17.674006,19.121805,0.015300
450.500000,0.500000,450.366699,4.027050,4.011600,4.021131,20.674494,17.674006,19.121647,0.015450
,,450.359009,4.027200,4.012050,4.021062,20.674494,17.674006,19.121490,0.015150
450.500000,0.500000,450.357727,4.026900,4.011750,4.021051,20.674494,17.674006,19.121336,0.015150
,,450.343170,4.026900,4.011900,4.020921,20.674494,17.669001,19.121094,0.015000
450.500000,0.400000,450.343353,4.026750,4.011450,4.020923,20.674494,17.674006,19.120939,0.015300
,,450.348419,4.026750,4.011450,4.020968,20.674494,17.674006,19.120703,0.015300
450.500000,0.500000,450.384094,4.027200,4.012050,4.021286,20.674494,17.669001,19.120861,0.015150
,,450.373566,4.026900,4.011750,4.021193,20.674494,17.669001,19.120464,0.015150
450.399994,0.500000,450.355865,4.026900,4.011600,4.021035,20.674494,17.674006,19.121017,0.015300
,,450.318481,4.026600,4.011300,4.020701,20.674494,17.669001,19.120464,0.015300
450.399994,0.500000,450.361633,4.027050,4.011750,4.021086,20.674494,17.669001,19.120310,0.015300
,,450.376343,4.027050,4.011900,4.021217,20.674494,17.669001,19.120386,0.015150
450.500000,0.500000,450.354858,4.026900,4.011600,4.021026,20.674494,17.674006,19.120152,0.015300
,,450.361542,4.026750,4.011450,4.021085,20.674494,17.674006,19.119520,0.015300
450.399994,0.500000,450.366394,4.026900,4.011750,4.021129,20.674494,17.674006,19.119598,0.015150
,,450.362427,4.026750,4.011600,4.021093,20.674494,17.674006,19.119524,0.015150
450.399994,0.400000,450.379883,4.027200,4.012200,4.021249,20.674494,17.674006,19.120148,0.015000
,,450.351715,4.027200,4.012050,4.020998,20.674494,17.674006,19.119761,0.015150
450.399994,0.400000,450.359253,4.026600,4.011750,4.021065,20.674494,17.674006,19.119520,0.014850
,,450.361481,4.027350,4.012050,4.021085,20.674494,17.674006,19.119362,0.015300
450.500000,0.500000,450.370941,4.027050,4.011600,4.021169,20.674494,17.674006,19.119205,0.015450
,,450.359680,4.026900,4.011300,4.021069,20.674494,17.674006,19.119362,0.015600
450.500000,0.500000,450.359863,4.026900,4.011750,4.021070,20.674494,17.674006,19.118969,0.015150
,,450.364136,4.027050,4.011600,4.021108,20.674494,17.674006,19.119284,0.015450
450.500000,0.400000,450.362915,4.027050,4.011750,4.021098,20.674494,17.674006,19.118969,0.015300
,,450.384827,4.027350,4.012050,4.021293,20.674494,17.674006,19.118576,0.015300
450.500000,0.500000,450.360413,4.027200,4.011750,4.021075,20.674494,17.674006,19.118654,0.015450
,,450.360413,4.027200,4.011750,4.021075,20.674494,17.674006,19.118732,0.015450
450.399994,0.400000,450.361328,4.026900,4.011750,4.021083,20.674494,17.674006,19.118103,0.015150
,,450.371521,4.027050,4.011750,4.021174,20.674494,17.669001,19.118341,0.015300
450.500000,0.500000,450.352600,4.027050,4.011900,4.021005,20.674494,17.674006,19.118416,0.015150
,,450.350586,4.026750,4.011750,4.020988,20.674494,17.669001,19.118259,0.015000
450.500000,0.500000,450.376465,4.027350,4.011900,4.021218,20.674494,17.674006,19.118496,0.015450
,,450.364746,4.027050,4.011750,4.021114,20.674494,17.674006,19.118338,0.015300
450.399994,0.400000,450.378418,4.027350,4.012050,4.021236,20.674494,17.674006,19.118103,0.015300
,,450.366669,4.026900,4.011450,4.021131,20.674494,17.674006,19.118103,0.015450
450.399994,0.500000,450.340820,4.026750,4.011600,4.020900,20.674494,17.674006,19.117710,0.015150
450.399994,0.400000,450.371704,4.027050,4.011750,4.021176,20.674494,17.674006,19.118103,0.015300
,,450.358063,4.027050,4.011600,4.021054,20.674494,17.674006,19.117395,0.015450
450.500000,0.500000,450.364410,4.027050,4.011750,4.021111,20.674494,17.669001,19.117237,0.015300
,,450.374023,4.027050,4.011900,4.021197,20.674494,17.669001,19.117472,0.015150
450.500000,0.500000,450.385468,4.027350,4.012050,4.021299,20.674494,17.674006,19.117002,0.015300
,,450.375549,4.027050,4.012050,4.021210,20.674494,17.674006,19.117001,0.015000
450.500000,0.500000,450.374237,4.027200,4.011900,4.021199,20.674494,17.674006,19.116840,0.015300
,,450.376923,4.026900,4.011900,4.021223,20.674494,17.674006,19.116682,0.015000
450.500000,0.500000,450.378113,4.027200,4.011900,4.021233,20.674494,17.674006,19.116604,0.015300
,,450.369141,4.027350,4.012050,4.021153,20.674494,17.674006,19.116524,0.015300
450.399994,0.400000,450.371307,4.027350,4.012200,4.021173,20.674494,17.674006,19.116446,0.015150
,,450.377167,4.027050,4.011750,4.021224,20.674494,17.674006,19.116367,0.015300
450.399994,0.400000,450.349976,4.027050,4.011750,4.020982,20.674494,17.674006,19.115974,0.015300
,,450.355377,4.027050,4.011750,4.021030,20.674494,17.669001,19.116211,0.015300
450.500000,0.400000,450.366608,4.027050,4.011900,4.021131,20.674494,17.674006,19.116446,0.015150
,,450.368347,4.026900,4.011750,4.021146,20.674494,17.669001,19.115580,0.015150
450.500000,0.500000,450.373505,4.026900,4.011450,4.021192,20.674494,17.674006,19.115896,0.015450
,,450.365326,4.026900,4.011750,4.021119,20.674494,17.674006,19.115501,0.015150
450.500000,0.400000,450.367859,4.027200,4.011600,4.021142,20.674494,17.669001,19.115501,0.015600
450.399994,0.500000,450.357727,4.027050,4.011750,4.021051,20.674494,17.674006,19.115343,0.015300
450.399994,0.400000,450.332916,4.026600,4.011450,4.020830,20.674494,17.674006,19.115187,0.015150
,,450.352173,4.026600,4.011450,4.021001,20.674494,17.674006,19.115501,0.015150
450.500000,0.400000,450.378418,4.027350,4.012200,4.021236,20.674494,17.669001,19.114872,0.015150
,,450.372406,4.027050,4.011900,4.021182,20.674494,17.674006,19.114950,0.015150
450.399994,0.400000,450.362366,4.027500,4.011600,4.021092,20.674494,17.669001,19.114872,0.015900
,,450.367676,4.026900,4.011750,4.021140,20.674494,17.669001,19.114716,0.015150
450.399994,0.400000,450.363342,4.027050,4.011900,4.021101,20.674494,17.669001,19.114397,0.015150
,,450.353882,4.027350,4.012050,4.021017,20.674494,17.669001,19.114241,0.015300
450.500000,0.500000,450.372742,4.027350,4.012050,4.021185,20.674494,17.674006,19.114082,0.015300
,,450.372528,4.027350,4.012200,4.021183,20.674494,17.674006,19.114162,0.015150
450.399994,0.400000,450.378662,4.026900,4.011900,4.021238,20.674494,17.674006,19.114397,0.015000
,,450.394440,4.027500,4.012200,4.021379,20.674494,17.669001,19.113926,0.015300
450.399994,0.400000,450.353210,4.027050,4.011900,4.021011,20.674494,17.674006,19.113848,0.015150
,,450.362244,4.027350,4.011900,4.021091,20.674494,17.674006,19.114321,0.015450
450.500000,0.400000,450.379822,4.027500,4.012200,4.021248,20.674494,17.674006,19.114084,0.015300
,,450.394104,4.027350,4.012050,4.021376,20.674494,17.669001,19.113451,0.015300
450.500000,0.400000,450.360443,4.027200,4.012050,4.021075,20.674494,17.674006,19.113846,0.015150
,,450.355804,4.027050,4.011900,4.021034,20.674494,17.669001,19.113531,0.015150
450.500000,0.400000,450.374420,4.026900,4.011900,4.021200,20.674494,17.674006,19.113373,0.015000
,,450.377930,4.027350,4.011900,4.021232,20.674494,17.669001,19.113060,0.015450
450.500000,0.400000,450.386017,4.027350,4.012200,4.021304,20.674494,17.674006,19.113609,0.015150
,,450.346100,4.026750,4.011450,4.020947,20.674494,17.674006,19.113136,0.015300
450.399994,0.400000,450.389160,4.027350,4.012050,4.021332,20.674494,17.674006,19.113136,0.015300
,,450.345398,4.026900,4.011600,4.020941,20.674494,17.674006,19.112822,0.015300
450.399994,0.400000,450.387634,4.027200,4.011900,4.021318,20.674494,17.669001,19.112665,0.015300
,,450.387970,4.027200,4.011900,4.021321,20.674494,17.674006,19.112511,0.015300
450.500000,0.500000,450.385925,4.027200,4.011900,4.021303,20.674494,17.669001,19.112429,0.015300
,,450.372314,4.027050,4.012050,4.021182,20.674494,17.674006,19.112665,0.015000
450.500000,0.400000,450.371796,4.027050,4.011750,4.021177,20.674494,17.674006,19.112507,0.015300
,,450.359314,4.027050,4.011900,4.021065,20.674494,17.674006,19.112270,0.015150
450.399994,0.400000,450.382141,4.027200,4.012050,4.021269,20.674494,17.674006,19.112350,0.015150
,,450.382019,4.027050,4.011900,4.021268,20.674494,17.674006,19.111956,0.015150
450.500000,0.400000,450.373993,4.027200,4.012050,4.021196,20.674494,17.674006,19.112349,0.015150
,,450.359009,4.026900,4.011750,4.021062,20.674494,17.669001,19.111799,0.015150
450.399994,0.400000,450.382416,4.027050,4.011750,4.021272,20.674494,17.674006,19.111954,0.015300
,,450.365753,4.027050,4.011750,4.021123,20.674494,17.674006,19.112034,0.015300
450.500000,0.400000,450.362946,4.026750,4.011450,4.021098,20.674494,17.674006,19.111956,0.015300
450.500000,0.400000,450.399536,4.027500,4.012200,4.021424,20.674494,17.674006,19.111404,0.015300
,,450.375427,4.027200,4.011450,4.021209,20.674494,17.669001,19.111406,0.015750
450.500000,0.400000,450.370117,4.027050,4.011600,4.021162,20.679560,17.669001,19.111170,0.015450
,,450.382996,4.027050,4.011900,4.021277,20.674494,17.674006,19.111012,0.015150
450.500000,0.400000,450.378845,4.027050,4.012200,4.021240,20.674494,17.674006,19.110777,0.014850
,,450.379272,4.027050,4.011600,4.021244,20.674494,17.674006,19.111012,0.015450
450.399994,0.400000,450.380096,4.027200,4.011600,4.021251,20.674494,17.674006,19.110931,0.015600
,,450.367035,4.026750,4.011600,4.021134,20.674494,17.674006,19.110382,0.015150
450.500000,0.400000,450.363647,4.027050,4.011900,4.021104,20.674494,17.674006,19.110460,0.015150
,,450.364075,4.026900,4.011900,4.021108,20.674494,17.674006,19.110617,0.015000
450.500000,0.400000,450.352539,4.026900,4.011750,4.021005,20.674494,17.674006,19.110067,0.015150
,,450.380951,4.027350,4.012200,4.021258,20.674494,17.674006,19.109909,0.015150
450.500000,0.400000,450.358734,4.027350,4.011900,4.021060,20.674494,17.669001,19.110304,0.015450
,,450.364563,4.026750,4.011450,4.021112,20.674494,17.674006,19.109594,0.015300
450.399994,0.400000,450.382080,4.027350,4.012050,4.021268,20.674494,17.669001,19.109987,0.015300
,,450.371918,4.027200,4.011750,4.021178,20.674494,17.674006,19.109987,0.015450
450.500000,0.400000,450.354431,4.026900,4.011600,4.021022,20.674494,17.674006,19.109514,0.015300
,,450.343445,4.027200,4.011750,4.020924,20.674494,17.674006,19.109909,0.015450
450.399994,0.400000,450.371674,4.027200,4.012050,4.021176,20.674494,17.669001,19.109201,0.015150
450.500000,0.400000,450.379211,4.027050,4.011600,4.021243,20.674494,17.674006,19.109280,0.015450
450.500000,0.400000,450.352844,4.027200,4.011450,4.021008,20.674494,17.669001,19.109043,0.015750
,,450.401489,4.027200,4.012050,4.021442,20.674494,17.674006,19.108965,0.015150
450.500000,0.400000,450.347717,4.027050,4.011750,4.020962,20.674494,17.669001,19.108885,0.015300
,,450.356293,4.027050,4.011900,4.021039,20.674494,17.674006,19.108807,0.015150
450.500000,0.400000,450.392365,4.027050,4.012050,4.021360,20.674494,17.674006,19.108646,0.015000
,,450.387329,4.027200,4.012050,4.021316,20.674494,17.669001,19.108570,0.015150
450.500000,0.400000,450.379211,4.026750,4.011450,4.021243,20.674494,17.674006,19.108412,0.015300
,,450.380127,4.027500,4.012200,4.021251,20.674494,17.674006,19.108412,0.015300
450.399994,0.400000,450.390747,4.027200,4.012050,4.021346,20.674494,17.674006,19.108332,0.015150
,,450.386688,4.027500,4.012200,4.021310,20.674494,17.669001,19.107941,0.015300
450.500000,0.400000,450.386475,4.027200,4.012050,4.021308,20.674494,17.674006,19.108255,0.015150
,,450.380768,4.027050,4.012050,4.021257,20.674494,17.669001,19.107782,0.015000
450.500000,0.500000,450.383942,4.027200,4.011900,4.021285,20.674494,17.669001,19.107546,0.015300
,,450.360168,4.026900,4.011750,4.021073,20.674494,17.674006,19.107704,0.015150
450.500000,0.400000,450.389069,4.027200,4.011900,4.021331,20.674494,17.669001,19.107548,0.015300
,,450.369598,4.026900,4.011750,4.021157,20.674494,17.669001,19.107468,0.015150
450.500000,0.400000,450.368256,4.027200,4.011750,4.021145,20.679560,17.669001,19.107548,0.015450
,,450.366730,4.026900,4.011750,4.021132,20.674494,17.674006,19.107233,0.015150
450.500000,0.400000,450.392151,4.027200,4.012050,4.021358,20.674494,17.674006,19.107227,0.015150
450.500000,0.400000,450.390503,4.027350,4.012200,4.021344,20.674494,17.669001,19.106993,0.015150
,,450.376648,4.027350,4.012200,4.021220,20.679560,17.674006,19.106756,0.015150
450.500000,0.400000,450.357910,4.027200,4.011900,4.021053,20.674494,17.674006,19.106916,0.015300
,,450.397705,4.027350,4.011900,4.021408,20.679560,17.669001,19.107075,0.015450
450.399994,0.400000,450.360535,4.027050,4.011600,4.021076,20.674494,17.669001,19.106838,0.015450
,,450.374725,4.026900,4.011900,4.021203,20.674494,17.669001,19.106522,0.015000
450.500000,0.400000,450.370667,4.027050,4.011900,4.021167,20.674494,17.674006,19.106602,0.015150
,,450.375916,4.027500,4.012200,4.021214,20.674494,17.669001,19.106365,0.015300
450.500000,0.400000,450.368469,4.027050,4.011900,4.021147,20.674494,17.674006,19.106522,0.015150
,,450.372009,4.027050,4.011750,4.021179,20.674494,17.669001,19.106209,0.015300
450.399994,0.400000,450.362274,4.026900,4.011900,4.021092,20.679560,17.674006,19.106205,0.015000
,,450.356079,4.026750,4.011450,4.021037,20.674494,17.669001,19.105734,0.015300
450.500000,0.400000,450.380768,4.027200,4.012200,4.021257,20.674494,17.674006,19.106207,0.015000
,,450.396027,4.027500,4.012200,4.021393,20.674494,17.669001,19.105263,0.015300
450.500000,0.400000,450.354187,4.027200,4.012050,4.021019,20.674494,17.669001,19.105345,0.015150
,,450.361908,4.026750,4.011450,4.021089,20.674494,17.674006,19.105185,0.015300
450.500000,0.400000,450.383820,4.027050,,4.021284,20.674494,17.674006,19.105892,0.015300
450.399994,0.400000,450.390625,4.027500,4.012200,4.021345,20.674494,17.669001,19.105421,0.015300
450.399994,0.400000,450.381805,4.027200,4.012200,4.021266,20.674494,17.674006,19.105658,0.015000
,,450.364380,4.027200,4.012200,4.021111,20.674494,17.674006,19.105186,0.015000
450.500000,0.400000,450.395508,4.027350,4.012200,4.021389,20.674494,17.669001,19.104555,0.015150
,,450.362610,4.026750,4.011600,4.021095,20.674494,17.669001,19.104713,0.015150
450.500000,0.400000,450.358765,4.026750,4.011600,4.021060,20.674494,17.669001,19.104635,0.015150
,,450.402100,4.027500,4.012350,4.021447,20.674494,17.669001,19.104948,0.015150
450.500000,0.400000,450.389221,4.027500,4.012200,4.021332,20.674494,17.669001,19.104477,0.015300
,,450.386414,4.027200,4.011900,4.021307,20.674494,17.674006,19.104319,0.015300
450.500000,0.400000,450.388672,4.027500,4.012200,4.021327,20.674494,17.669001,19.104158,0.015300
,,450.376343,4.026900,4.011750,4.021217,20.674494,17.674006,19.103767,0.015150
450.500000,0.400000,450.400269,4.027350,4.012050,4.021431,20.674494,17.674006,19.103846,0.015300
,,450.392792,4.027200,4.011900,4.021364,20.674494,17.669001,19.103535,0.015300
450.500000,0.400000,450.372284,4.026900,4.011600,4.021181,20.674494,17.674006,19.103451,0.015300
,,450.389160,4.027200,4.012050,4.021332,20.674494,17.669001,19.103212,0.015150
450.500000,0.400000,450.396759,4.027350,4.012200,4.021399,20.674494,17.669001,19.103531,0.015150
,,450.372742,4.027200,4.011900,4.021185,20.674494,17.669001,19.103294,0.015300
450.500000,0.400000,450.364349,4.027050,4.011750,4.021110,20.674494,17.669001,19.103607,0.015300
,,450.406555,4.027500,4.012200,4.021487,20.674494,17.674006,19.102978,0.015300
450.500000,0.400000,450.397156,4.027500,4.012350,4.021403,20.674494,17.674006,19.103134,0.015150
450.399994,0.400000,450.373749,4.027050,4.011750,4.021194,20.674494,17.669001,19.102741,0.015300
450.500000,0.400000,450.363647,4.026900,4.011750,4.021104,20.674494,17.669001,19.102585,0.015150
,,450.369293,4.026900,4.011750,4.021154,20.674494,17.674006,19.102583,0.015150
450.399994,0.400000,450.394470,4.027350,4.012200,4.021379,20.674494,17.669001,19.102428,0.015150
,,450.400330,4.027500,4.012350,4.021431,20.674494,17.669001,19.102190,0.015150
450.399994,0.400000,450.378876,4.027350,4.011600,4.021240,20.674494,17.669001,19.102350,0.015750
,,450.369476,4.027200,4.012050,4.021156,20.674494,17.674006,19.102507,0.015150
450.500000,0.400000,450.397675,4.027500,4.012200,4.021408,20.679560,17.674006,19.102430,0.015300
,,450.377625,4.026900,4.011750,4.021229,20.674494,17.669001,19.102110,0.015150
450.500000,0.400000,450.365753,4.026900,4.011600,4.021123,20.674494,17.669001,19.101795,0.015300
,,450.366150,4.027050,4.012050,4.021126,20.674494,17.669001,19.101955,0.015000
450.500000,0.400000,450.366760,4.027050,4.012200,4.021132,20.674494,17.674006,19.101402,0.014850
,,450.369629,4.027350,4.012200,4.021157,20.674494,17.674006,19.101402,0.015150
450.500000,0.400000,450.381744,4.027200,4.011900,4.021266,20.674494,17.669001,19.101875,0.015300
,,450.386292,4.027350,4.012050,4.021306,20.674494,17.669001,19.101561,0.015300
450.500000,0.400000,450.393127,4.027500,4.012200,4.021367,20.679560,17.669001,19.101404,0.015300
,,450.398010,4.027200,4.012350,4.021411,20.674494,17.669001,19.101248,0.014850
450.500000,0.400000,450.390472,4.027050,4.011600,4.021344,20.679560,17.669001,19.101089,0.015450
,,450.388885,4.027200,4.011900,4.021329,20.674494,17.669001,19.100853,0.015300
450.500000,0.400000,450.370361,4.026900,4.011900,4.021164,20.674494,17.669001,19.100853,0.015000
450.500000,0.400000,450.355835,4.026900,4.011600,4.021034,20.679560,17.674006,19.100773,0.015300
,,450.388550,4.027650,4.012350,4.021327,20.679560,17.669001,19.100775,0.015300
450.500000,0.400000,450.403778,4.027650,4.012350,4.021462,20.674494,17.669001,19.100061,0.015300
,,450.384186,4.027050,4.011900,4.021287,20.679560,17.669001,19.100143,0.015150
450.500000,0.400000,450.398560,4.027200,4.011750,4.021416,20.674494,17.669001,19.099909,0.015450
,,450.388672,4.027350,4.011900,4.021327,20.674494,17.669001,19.099909,0.015450
450.500000,0.400000,450.385803,4.026900,4.012050,4.021302,20.674494,17.674006,19.100378,0.014850
,,450.382324,4.027350,4.012200,4.021271,20.674494,17.674006,19.099985,0.015150
450.399994,0.400000,450.383545,4.027050,4.011750,4.021282,20.674494,17.669001,19.099512,0.015300
,,450.379089,4.027050,4.011750,4.021242,20.674494,17.669001,19.099592,0.015300
450.500000,0.400000,450.398865,4.027650,4.012500,4.021419,20.679560,17.674006,19.099907,0.015150
,,450.377625,4.026900,4.011750,4.021229,20.674494,17.674006,19.099514,0.015150
450.399994,0.400000,450.370728,4.027050,4.011750,4.021167,20.674494,17.669001,19.098803,0.015300
,,450.375641,4.027200,4.011900,4.021211,20.674494,17.669001,19.099352,0.015300
450.500000,0.400000,450.367310,4.027050,4.011900,4.021137,20.674494,17.669001,19.098959,0.015150
,,450.380188,4.027200,4.012050,4.021252,20.674494,17.674006,19.099354,0.015150
450.500000,0.400000,450.391418,4.027500,4.012350,4.021352,20.674494,17.669001,19.098883,0.015150
,,450.415283,4.027500,4.012350,4.021565,20.674494,17.669001,19.098644,0.015150
450.500000,0.400000,450.395752,4.027650,4.012200,4.021390,20.674494,17.669001,19.098644,0.015450
,,450.374329,4.026900,4.011600,4.021199,20.679560,17.669001,19.098330,0.015300
450.500000,0.400000,450.373871,4.026900,4.011750,4.021195,20.674494,17.669001,19.098173,0.015150
,,450.380096,4.027050,4.011900,4.021251,20.679560,17.674006,19.098486,0.015150
450.500000,0.400000,450.374420,4.027200,4.011900,4.021200,20.674494,17.669001,19.098173,0.015300
,,450.374420,4.027200,4.011900,4.021200,20.679560,17.669001,19.098408,0.015300
450.500000,0.400000,450.379822,4.027050,4.012200,4.021248,20.674494,17.669001,19.098093,0.014850
,,450.358032,4.026750,4.011600,4.021054,20.674494,17.669001,19.097620,0.015150
450.500000,0.400000,450.388367,4.027350,4.012200,4.021325,20.674494,17.669001,19.097780,0.015150
,,450.398621,4.027050,4.011900,4.021416,20.674494,17.669001,19.097776,0.015150
450.500000,0.400000,450.398712,4.027050,4.012050,4.021417,20.674494,17.669001,19.097698,0.015000
,,450.387329,4.026900,4.011900,4.021316,20.674494,17.674006,19.097538,0.015000
450.500000,0.400000,450.366089,4.027500,4.011750,4.021126,20.674494,17.669001,19.097147,0.015750
,,450.394836,4.027500,4.012200,4.021382,20.674494,17.669001,19.097383,0.015300
450.500000,0.400000,450.384644,4.027200,4.011750,4.021291,20.674494,17.674006,19.097301,0.015450
,,450.384644,4.027200,4.011750,4.021291,20.674494,17.669001,19.097462,0.015450
450.500000,0.400000,450.376709,4.026900,4.011750,4.021221,20.679560,17.669001,19.096910,0.015150
,,450.386261,4.027500,4.012050,4.021306,20.674494,17.669001,19.096989,0.015450
450.500000,0.400000,450.375641,4.026900,4.011750,4.021211,20.674494,17.669001,19.096989,0.015150
450.500000,0.400000,450.382324,4.027200,4.011900,4.021271,20.679560,17.669001,19.096832,0.015300
,,450.405762,4.027500,4.012350,4.021480,20.674494,17.669001,19.096516,0.015150
450.399994,0.300000,450.356384,4.026900,4.011750,4.021039,20.674494,17.669001,19.096361,0.015150
,,450.404602,4.027500,4.012200,4.021470,20.674494,17.669001,19.096201,0.015300
450.500000,0.400000,450.396454,4.027350,4.011900,4.021397,20.679560,17.669001,19.096205,0.015450
,,450.375519,4.026900,4.011750,4.021210,20.674494,17.669001,19.095650,0.015150
450.500000,0.400000,450.381775,4.026900,4.011750,4.021266,20.674494,17.669001,19.095650,0.015150
,,450.389587,4.027500,4.012350,4.021336,20.679560,17.669001,19.095730,0.015150
450.500000,0.400000,450.389771,4.027350,4.011750,4.021337,20.679560,17.669001,19.095886,0.015600
,,450.387634,4.027050,4.011900,4.021318,20.674494,17.669001,19.095493,0.015150
450.500000,0.400000,450.375000,4.027050,4.011750,4.021205,20.674494,17.669001,19.095415,0.015300
,,450.391235,4.027200,4.011900,4.021350,20.674494,17.669001,19.095257,0.015300
450.500000,0.400000,450.403900,4.027350,4.011900,4.021463,20.674494,17.669001,19.094942,0.015450
,,450.412476,4.027350,4.012200,4.021540,20.674494,17.669001,19.095024,0.015150
450.500000,0.400000,450.384613,4.027050,4.011750,4.021291,20.674494,17.674006,19.094940,0.015300
,,450.416870,4.027650,4.012500,4.021579,20.679560,17.669001,19.095100,0.015150
450.500000,0.400000,450.370117,4.027050,4.011900,4.021162,20.674494,17.674006,19.094706,0.015150
,,450.394653,4.027200,4.012200,4.021381,20.674494,17.669001,19.094706,0.015000
450.500000,0.400000,450.367615,4.027050,4.011900,4.021140,20.674494,17.669001,19.094391,0.015150
450.500000,0.400000,450.376617,4.027200,4.012050,4.021220,20.674494,17.669001,19.093998,0.015150
450.500000,0.400000,450.387085,4.027500,4.011900,4.021313,20.674494,17.669001,19.093920,0.015600
,,450.379700,4.027050,4.011900,4.021247,20.674494,17.669001,19.094393,0.015150
450.500000,0.400000,450.367798,4.026900,4.011750,4.021141,20.674494,17.669001,19.094076,0.015150
,,450.363098,4.027050,4.011750,4.021099,20.674494,17.669001,19.093842,0.015300
450.399994,0.300000,450.379547,4.027200,4.012200,4.021246,20.674494,17.669001,19.093447,0.015000
,,450.413940,4.027350,4.012050,4.021553,20.674494,17.669001,19.093763,0.015300
450.500000,0.400000,450.382202,4.027050,4.011750,4.021270,20.674494,17.669001,19.093447,0.015300
,,450.372192,4.027050,4.011900,4.021180,20.674494,17.669001,19.093288,0.015150
450.500000,0.400000,450.395508,4.027500,4.012200,4.021389,20.674494,17.669001,19.092896,0.015300
,,450.376129,4.027050,4.011750,4.021215,20.674494,17.669001,19.093447,0.015300
450.500000,0.400000,450.392609,4.027500,4.012200,4.021363,20.674494,17.669001,19.092896,0.015300
,,450.393372,4.027500,4.011900,4.021369,20.679560,17.674006,19.093212,0.015600
450.500000,0.400000,450.390076,4.027350,4.012050,4.021340,20.674494,17.669001,19.092976,0.015300
,,450.387512,4.027350,4.011900,4.021317,20.674494,17.669001,19.092661,0.015450
450.500000,0.400000,450.377258,4.027350,4.011900,4.021225,20.679560,17.669001,19.092897,0.015450
,,450.393127,4.027200,4.011900,4.021367,20.679560,17.669001,19.092737,0.015300
450.399994,0.300000,450.405579,4.027350,4.012200,4.021478,20.674494,17.669001,19.092579,0.015150
,,450.374664,4.027200,4.011900,4.021203,20.674494,17.669001,19.092505,0.015300
450.399994,0.300000,450.373840,4.027050,4.011900,4.021195,20.674494,17.669001,19.092028,0.015150
,,450.373260,4.027200,4.012050,4.021190,20.674494,17.669001,19.092264,0.015150
450.500000,0.400000,450.392456,4.027500,4.012350,4.021361,20.679560,17.669001,19.092031,0.015150
,,450.383972,4.027500,4.012350,4.021286,20.679560,17.669001,19.091795,0.015150
450.500000,0.400000,450.396667,4.027050,4.011750,4.021399,20.679560,17.669001,19.091951,0.015300
,,450.392426,4.027200,4.011900,4.021361,20.679560,17.669001,19.091635,0.015300
450.500000,0.400000,450.386810,4.027500,4.012050,4.021311,20.679560,17.669001,19.091951,0.015450
,,450.388367,4.027200,4.011900,4.021325,20.674494,17.669001,19.091400,0.015300
450.500000,0.400000,450.390228,4.027500,4.012350,4.021341,20.679560,17.669001,19.091164,0.015150
,,450.404602,4.027500,4.012500,4.021470,20.679560,17.669001,19.091557,0.015000
450.399994,0.300000,450.428009,4.027350,4.012350,4.021678,20.674494,17.669001,19.090769,0.015000
,,450.371521,4.027050,4.011900,4.021174,20.674494,17.669001,19.091164,0.015150
450.500000,0.400000,450.371826,4.027200,4.011900,4.021177,20.674494,17.669001,19.090693,0.015300
,,450.418427,4.027500,4.012350,4.021593,20.674494,17.669001,19.090534,0.015150
450.500000,0.400000,450.406738,4.027500,4.012200,4.021489,20.679560,17.669001,19.090849,0.015300
,,450.381531,4.027050,4.011750,4.021264,20.679560,17.669001,19.090218,0.015300
450.500000,0.400000,450.382690,4.027050,4.011750,4.021274,20.679560,17.669001,19.089905,0.015300
,,450.393860,4.027500,4.012200,4.021374,20.679560,17.669001,19.090141,0.015300
450.500000,0.300000,450.396790,4.027500,4.012200,4.021400,20.674494,17.669001,19.090456,0.015300
450.399994,0.300000,450.394562,4.027200,4.011900,4.021380,20.674494,17.669001,19.089905,0.015300
,,450.388000,4.027050,4.011750,4.021321,20.674494,17.669001,19.089668,0.015300
450.500000,0.300000,450.371887,4.027050,4.011750,4.021178,20.679560,17.669001,19.089592,0.015300
,,450.378143,4.027200,4.012050,4.021234,20.674494,17.669001,19.088959,0.015150
450.500000,0.400000,450.401154,4.027200,4.012200,4.021439,20.679560,17.669001,19.089197,0.015000
,,450.379944,4.027050,4.011750,4.021249,20.679560,17.669001,19.089512,0.015300
450.500000,0.400000,450.386810,4.027200,4.012050,4.021311,20.674494,17.669001,19.089117,0.015150
,,450.387512,4.027050,4.012050,4.021317,20.674494,17.669001,19.089275,0.015000
450.500000,0.400000,450.404327,4.027500,4.012200,4.021467,20.674494,17.669001,19.088961,0.015300
,,450.401764,4.027500,4.012500,4.021444,20.674494,17.669001,19.088961,0.015000
450.500000,0.300000,450.402863,4.027350,4.012200,4.021454,20.674494,17.669001,19.088331,0.015150
,,450.404846,4.027050,4.012050,4.021472,20.674494,17.669001,19.088644,0.015000
450.500000,0.300000,450.393494,4.027350,4.012200,4.021370,20.674494,17.669001,19.088329,0.015150
,,450.399475,4.027350,4.012200,4.021424,20.674494,17.669001,19.088566,0.015150
450.399994,0.300000,450.397461,4.027350,4.012050,4.021406,20.674494,17.669001,19.088568,0.015300
,,450.381500,4.027350,4.012050,4.021264,20.674494,17.669001,19.088646,0.015300
450.399994,0.300000,450.392975,4.027500,4.012350,4.021366,20.674494,17.669001,19.088173,0.015150
,,450.392212,4.027050,4.011900,4.021359,20.679560,17.669001,19.088251,0.015150
450.500000,0.400000,450.374695,4.027200,4.011900,4.021203,20.679560,17.669001,19.088331,0.015300
450.500000,0.400000,450.379791,4.027200,4.012050,4.021248,20.674494,17.669001,19.088095,0.015150
450.500000,0.400000,450.402985,4.027500,4.012350,4.021455,20.674494,17.669001,19.087540,0.015150
,,450.407257,4.027650,4.012350,4.021493,20.674494,17.669001,19.087858,0.015300
450.500000,0.400000,450.402435,4.027500,4.012350,4.021451,20.679560,17.669001,19.087305,0.015150
,,450.401794,4.027500,4.012200,4.021445,20.674494,17.669001,19.087542,0.015300
450.500000,0.300000,450.388184,4.027200,4.012050,4.021323,20.679560,17.669001,19.087543,0.015150
,,450.381073,4.027350,4.012200,4.021260,20.679560,17.669001,19.087307,0.015150
450.500000,0.300000,450.387482,4.027350,4.012200,4.021317,20.674494,17.669001,19.087227,0.015150
,,450.418427,4.027650,4.012650,4.021593,20.674494,17.669001,19.086910,0.015000
450.500000,0.400000,450.393677,4.027050,4.011900,4.021372,20.674494,17.669001,19.086199,0.015150
,,450.387146,4.027350,4.012050,4.021314,20.679560,17.669001,19.086830,0.015300
450.500000,0.400000,450.383545,4.027200,4.012200,4.021282,20.674494,17.669001,19.086515,0.015000
,,450.387329,4.027050,4.012050,4.021316,20.674494,17.669001,19.086283,0.015000
450.500000,0.400000,450.401764,4.027200,4.012050,4.021444,20.679560,17.669001,19.086437,0.015150
,,450.401062,4.027050,4.011900,4.021438,20.679560,17.669001,19.086437,0.015150
450.399994,0.300000,450.401489,4.027200,4.012050,4.021442,20.679560,17.669001,19.086203,0.015150
,,450.397858,4.027500,4.012200,4.021410,20.679560,17.669001,19.086040,0.015300
450.399994,0.300000,450.395142,4.027200,4.012050,4.021385,20.674494,17.669001,19.085808,0.015150
,,450.417358,4.027500,4.012500,4.021584,20.674494,17.669001,19.085571,0.015000
450.399994,0.300000,450.404602,4.027350,4.012050,4.021470,20.674494,17.669001,19.085884,0.015300
450.500000,0.400000,450.392487,4.027200,4.011900,4.021361,20.679560,17.669001,19.085257,0.015300
,,450.387878,4.027200,4.011900,4.021320,20.679560,17.669001,19.085178,0.015300
450.500000,0.400000,450.402649,4.027800,4.012500,4.021452,20.674494,17.669001,19.085176,0.015300
,,450.405670,4.027200,4.012050,4.021479,20.674494,17.669001,19.085018,0.015150
450.500000,0.400000,450.373108,4.027050,4.012050,4.021188,20.679560,17.669001,19.084864,0.015000
,,450.413483,4.027200,4.011900,4.021549,20.679560,17.669001,19.084703,0.015300
450.500000,0.300000,450.400818,4.027350,4.012050,4.021436,20.679560,17.669001,19.084784,0.015300
,,450.406403,4.027650,4.012500,4.021486,20.679560,17.669001,19.085020,0.015150
450.500000,0.300000,450.404694,4.027200,4.012050,4.021471,20.679560,17.669001,19.084703,0.015150
,,450.406647,4.027650,4.012350,4.021488,20.674494,17.669001,19.084309,0.015300
450.500000,0.300000,450.398315,4.027200,4.011900,4.021413,20.679560,17.669001,19.083994,0.015300
,,450.383423,4.027200,4.012050,4.021281,20.679560,17.669001,19.084705,0.015150
450.500000,0.400000,450.392456,4.027200,4.011900,4.021361,,17.669001,19.084387,0.015300
450.500000,0.400000,450.390076,4.027350,4.012200,4.021340,20.674494,17.669001,19.084072,0.015150
,,450.398865,4.027500,4.012050,4.021419,20.679560,17.669001,19.083838,0.015450
450.399994,0.300000,450.393219,4.027200,4.012050,4.021368,20.679560,17.669001,19.083681,0.015150
,,450.398102,4.027200,4.011900,4.021411,20.674494,17.669001,19.084229,0.015300
450.500000,0.300000,450.390747,4.027050,4.011900,4.021346,20.674494,17.669001,19.083677,0.015150
450.500000,0.300000,450.407227,4.027650,4.012500,4.021493,20.674494,17.669001,19.083679,0.015150
,,450.415131,4.027200,4.011900,4.021564,20.679560,17.669001,19.082970,0.015300
450.500000,0.300000,450.392426,4.027050,4.011900,4.021361,20.674494,17.669001,19.082733,0.015150
,,450.391602,4.027200,4.011900,4.021354,20.674494,17.669001,19.082970,0.015300
450.500000,0.400000,450.392792,4.027200,4.012050,4.021364,20.674494,17.669001,19.082575,0.015150
,,450.390961,4.027200,4.012050,4.021348,20.679560,17.669001,19.082811,0.015150
450.399994,0.300000,450.392761,4.027350,4.012200,4.021364,20.674494,17.669001,19.082338,0.015150
,,450.388397,4.027350,4.012050,4.021325,20.679560,17.669001,19.082493,0.015300
450.500000,0.400000,450.399628,4.027650,4.012350,4.021425,20.674494,17.669001,19.082182,0.015300
,,450.404633,4.027200,4.012050,4.021470,20.674494,17.669001,19.082495,0.015150
450.500000,0.300000,450.410339,4.027200,4.012050,4.021521,20.674494,17.669001,19.082258,0.015150
,,450.410034,4.027350,4.011900,4.021518,20.674494,17.669001,19.081707,0.015450
450.500000,0.300000,450.409668,4.027350,4.012500,4.021515,20.674494,17.669001,19.081711,0.014850
,,450.414215,4.027800,4.012500,4.021555,20.679560,17.669001,19.082024,0.015300
450.500000,0.300000,450.408386,4.027200,4.012200,4.021503,20.674494,17.669001,19.081551,0.015000
,,450.410858,4.027800,4.012650,4.021525,20.674494,17.669001,19.081707,0.015150
450.500000,0.300000,450.401520,4.027500,4.012050,4.021442,20.674494,17.669001,19.081314,0.015450
,,450.399811,4.027350,4.012350,4.021427,20.674494,17.669001,19.081314,0.015000
450.500000,0.400000,450.400055,4.027200,4.011900,4.021429,20.674494,17.669001,19.081314,0.015300
450.399994,0.300000,450.396942,4.027350,4.012050,4.021401,20.679560,17.669001,19.081238,0.015300
450.500000,0.400000,450.383179,4.027200,4.011900,4.021278,20.674494,17.669001,19.081079,0.015300
,,450.415405,4.027650,4.012500,4.021566,20.674494,17.669001,19.080685,0.015150
450.500000,0.300000,450.383148,4.027050,4.011900,4.021278,20.674494,17.669001,19.080763,0.015150
,,450.380463,4.027200,4.012050,4.021254,20.674494,17.669001,19.080685,0.015150
450.500000,0.300000,450.411743,4.027200,4.012050,4.021533,20.674494,17.669001,19.080372,0.015150
,,450.396057,4.027200,4.011900,4.021393,20.674494,17.669001,19.080372,0.015300
450.500000,0.300000,450.400055,4.027350,4.012050,4.021429,20.679560,17.669001,19.080526,0.015300
,,450.407013,4.027200,4.012050,4.021491,20.679560,17.669001,19.080288,0.015150
450.399994,0.300000,450.393250,4.027200,4.012050,4.021369,20.679560,17.669001,19.080053,0.015150
,,450.405334,4.027200,4.012050,4.021476,20.674494,17.669001,19.079975,0.015150
450.500000,0.300000,450.401855,4.027500,4.012500,4.021445,20.674494,17.669001,19.079895,0.015000
,,450.386841,4.027350,4.011900,4.021311,20.679560,17.669001,19.079975,0.015450
450.399994,0.300000,450.390594,4.027200,4.011900,4.021345,20.679560,17.663965,19.079269,0.015300
,,450.383911,4.027200,4.012050,4.021285,20.674494,17.669001,19.079819,0.015150
450.500000,0.300000,450.386597,4.027200,4.012050,4.021309,20.679560,17.669001,19.079660,0.015150
,,450.387390,4.027200,4.012050,4.021316,20.679560,17.669001,19.079660,0.015150
450.500000,0.300000,450.385956,4.027050,4.011900,4.021303,20.679560,17.669001,19.079346,0.015150
,,450.417694,4.027800,4.012650,4.021586,20.674494,17.669001,19.078953,0.015150
450.500000,0.300000,450.393677,4.027200,4.012050,4.021372,20.679560,17.669001,19.078953,0.015150
450.399994,0.300000,450.406708,4.027500,4.012650,4.021489,20.679560,17.669001,19.078638,0.014850
,,450.390472,4.027200,4.012050,4.021344,20.679560,17.669001,19.078323,0.015150
450.500000,0.400000,450.389130,4.027350,4.012050,4.021331,20.674494,17.669001,19.078321,0.015300
,,450.388123,4.027200,4.012050,4.021323,20.674494,17.669001,19.078083,0.015150
450.399994,0.300000,450.389130,4.027200,4.012050,4.021331,20.674494,17.669001,19.078087,0.015150
,,450.421631,4.027800,4.012350,4.021622,20.674494,17.669001,19.077929,0.015450
450.500000,0.300000,450.414520,4.027650,4.012350,4.021558,20.679560,17.669001,19.077929,0.015300
,,450.385559,4.027200,4.012050,4.021300,20.674494,17.669001,19.078009,0.015150
450.500000,0.300000,450.423035,4.027500,4.012200,4.021634,20.679560,17.669001,19.077850,0.015300
,,450.408813,4.027350,4.012050,4.021507,20.674494,17.669001,19.077614,0.015300
450.399994,0.300000,450.413788,4.027350,4.012050,4.021552,20.679560,17.669001,19.077457,0.015300
,,450.407654,4.027200,4.012050,4.021497,20.674494,17.669001,19.077375,0.015150
450.399994,0.300000,450.400787,4.027350,4.012200,4.021436,20.674494,17.669001,19.077457,0.015150
,,450.402771,4.027350,4.012050,4.021453,20.679560,17.669001,19.077143,0.015300
450.500000,0.400000,450.405823,4.027500,4.012200,4.021481,20.674494,17.663965,19.077381,0.015300
,,450.399048,4.027350,4.012200,4.021420,20.674494,17.669001,19.077063,0.015150
450.399994,0.300000,450.396729,4.027350,4.012200,4.021399,20.674494,17.669001,19.076984,0.015150
,,450.432770,4.027800,4.012500,4.021721,20.674494,17.669001,19.077143,0.015300
450.500000,0.300000,450.390808,4.027350,4.012050,4.021347,20.674494,17.669001,19.076670,0.015300
,,450.409180,4.027500,4.012050,4.021511,20.679560,17.669001,19.076511,0.015450
450.500000,0.300000,450.410370,4.027500,4.012050,4.021521,20.679560,17.669001,19.076750,0.015450
,,450.404022,4.027500,4.012200,4.021464,20.674494,17.669001,19.076118,0.015300
450.500000,0.300000,450.410095,4.027350,4.012050,4.021519,20.674494,17.663965,19.075962,0.015300
,,450.398865,4.027350,4.012050,4.021419,20.679560,17.669001,19.076355,0.015300
450.399994,0.300000,450.403351,4.027200,4.012050,4.021459,20.679560,17.669001,19.075886,0.015150
,,450.394653,4.027200,4.012050,4.021381,20.674494,17.669001,19.075649,0.015150
450.500000,0.300000,450.393036,4.027350,4.012050,4.021367,20.674494,17.669001,19.075960,0.015300
,,450.393036,4.027350,4.012050,4.021367,20.674494,17.663965,19.075256,0.015300
450.500000,0.300000,450.391693,4.027350,4.012200,4.021354,20.674494,17.669001,19.075647,0.015150
,,450.394318,4.027350,4.012050,4.021378,20.679560,17.669001,19.075493,0.015300
450.500000,0.300000,450.392578,4.027200,4.011900,4.021362,20.679560,17.669001,19.075176,0.015300
,,450.394592,4.027200,4.012050,4.021380,20.674494,17.663965,19.074942,0.015150
450.500000,0.300000,450.419189,4.027650,4.012500,4.021600,20.674494,17.669001,19.075254,0.015150
,,450.410370,4.027650,4.012350,4.021521,20.679560,17.669001,19.074783,0.015300
450.500000,0.300000,450.409973,4.027200,4.012200,4.021518,20.674494,17.669001,19.074471,0.015000
,,450.410339,4.027350,4.012200,4.021521,20.679560,17.669001,19.074707,0.015150
450.399994,0.300000,450.408051,4.027350,4.012200,4.021501,20.679560,17.663965,19.074471,0.015150
450.399994,0.300000,450.404633,4.027500,4.012350,4.021470,20.674494,17.663965,19.074390,0.015150
,,450.392090,4.027200,4.012050,4.021358,20.674494,17.663965,19.073839,0.015150
450.500000,0.300000,450.394592,4.027350,4.012200,4.021380,20.674494,17.669001,19.073919,0.015150
,,450.399017,4.027350,4.012050,4.021420,20.679560,17.663965,19.074078,0.015300
450.500000,0.300000,450.405090,4.027350,4.012050,4.021474,20.679560,17.669001,19.074234,0.015300
,,450.412018,4.027800,4.012200,4.021536,20.679560,17.663965,19.073763,0.015600
450.500000,0.300000,450.418518,4.027500,4.012650,4.021594,20.674494,17.669001,19.073763,0.014850
,,450.417847,4.027500,4.012200,4.021588,20.674494,17.663965,19.073053,0.015300
450.500000,0.300000,450.414001,4.027350,4.012050,4.021554,20.674494,17.669001,19.073524,0.015300
,,450.407867,4.027500,4.012200,4.021499,20.679560,17.663965,19.073448,0.015300
450.500000,0.300000,450.414246,4.027350,4.012200,4.021556,20.674494,17.663965,19.073053,0.015150
,,450.419891,4.027350,4.012350,4.021606,20.674494,17.669001,19.072975,0.015000
450.500000,0.300000,450.405518,4.027350,4.012200,4.021478,20.679560,17.663965,19.073212,0.015150
,,450.398651,4.027200,4.012050,4.021417,20.674494,17.663965,19.073132,0.015150
450.500000,0.300000,450.398926,4.027350,4.012050,4.021419,20.674494,17.663965,19.073133,0.015300
,,450.398987,4.027350,4.012200,4.021420,20.674494,17.663965,19.072975,0.015150
450.500000,0.300000,450.397400,4.027350,4.012200,4.021405,20.674494,17.669001,19.073053,0.015150
,,450.399414,4.027200,4.012050,4.021423,20.679560,17.663965,19.072819,0.015150
450.500000,0.300000,450.399872,4.027200,4.012050,4.021428,20.679560,17.669001,19.072739,0.015150
450.500000,0.300000,450.398132,4.027350,4.012200,4.021412,20.674494,17.663965,19.072660,0.015150
450.500000,0.300000,450.411163,4.027350,4.012200,4.021528,20.674494,17.669001,19.072187,0.015150
,,450.417419,4.027350,4.012200,4.021584,20.674494,17.663965,19.072266,0.015150
450.500000,0.300000,450.412201,4.027350,4.012200,4.021537,20.674494,17.669001,19.071554,0.015150
,,450.402649,4.027350,4.012050,4.021452,20.679560,17.663965,19.071480,0.015300
450.500000,0.300000,450.401794,4.027350,4.012050,4.021445,20.679560,17.669001,19.071714,0.015300
,,450.400208,4.027350,4.012200,4.021430,20.679560,17.669001,19.071634,0.015150
450.500000,0.300000,450.401489,4.027500,4.012200,4.021442,20.679560,17.669001,19.071318,0.015300
,,450.402039,4.027350,4.012200,4.021447,20.674494,17.663965,19.071398,0.015150
450.500000,0.300000,450.438416,4.027350,4.012200,4.021771,20.679560,17.669001,19.071161,0.015150
,,450.399628,4.027350,4.012200,4.021425,20.679560,17.669001,19.070688,0.015150
450.500000,0.300000,450.412750,4.027800,4.012650,4.021543,20.674494,17.663965,19.070768,0.015150
,,450.416962,4.027350,4.012200,4.021580,20.679560,17.663965,19.070690,0.015150
450.500000,0.300000,450.386353,4.027200,4.012050,4.021307,20.674494,17.669001,19.070372,0.015150
,,450.414642,4.027500,4.012350,4.021559,20.674494,17.669001,19.070450,0.015150
450.500000,0.300000,450.420135,4.027350,4.012200,4.021608,20.674494,17.669001,19.070293,0.015150
,,450.415466,4.027500,4.012350,4.021567,20.679560,17.663965,19.070215,0.015150
450.600006,0.400000,450.387482,4.027350,4.012050,4.021317,20.679560,17.663965,19.070135,0.015300
,,450.415009,4.027350,4.012350,4.021563,20.679560,17.663965,19.070295,0.015000
450.500000,0.300000,450.399078,4.027350,4.012200,4.021420,20.679560,17.663965,19.070135,0.015150
,,450.410522,4.027500,4.012200,4.021523,20.679560,17.669001,19.069664,0.015300
450.500000,0.300000,450.390930,4.027200,4.012050,4.021348,20.674494,17.669001,19.069820,0.015150
,,450.413208,4.027500,4.012200,4.021546,20.674494,17.663965,19.069506,0.015300
450.500000,0.300000,450.412079,4.027350,4.012200,4.021536,20.679560,17.663965,19.069506,0.015150
,,450.416718,4.027350,4.012200,4.021578,20.679560,17.663965,19.069582,0.015150
450.500000,0.300000,450.426788,4.027500,4.012350,4.021668,20.679560,17.669001,19.069347,0.015150
,,450.417114,4.027500,4.012200,4.021581,20.674494,17.669001,19.069426,0.015300
450.500000,0.300000,450.415710,4.027500,4.012200,4.021569,20.679560,17.663965,19.069109,0.015300
,,450.422607,4.027350,4.012050,4.021630,20.679560,17.663965,19.069269,0.015300
450.500000,0.300000,450.405579,4.027500,4.012200,4.021478,20.674494,17.663965,19.068872,0.015300
,,450.407104,4.027500,4.012200,4.021492,20.674494,17.669001,19.068792,0.015300
450.500000,0.300000,450.409332,4.027500,4.012200,4.021512,20.674494,17.669001,19.068874,0.015300
,,450.408417,4.027350,4.012200,4.021504,20.679560,17.669001,19.068872,0.015150
450.500000,0.300000,450.407227,4.027350,4.012200,4.021493,20.679560,17.663965,19.068401,0.015150
,,450.405487,4.027350,4.012200,4.021478,20.674494,17.663965,19.068325,0.015150
450.500000,0.300000,450.406555,4.027500,4.012200,4.021487,20.679560,17.663965,19.068087,0.015300
,,450.416168,4.027500,4.012350,4.021573,20.674494,17.663965,19.067928,0.015150
450.500000,0.300000,450.390259,4.027200,4.012050,4.021342,20.679560,17.663965,19.068010,0.015150
450.500000,0.300000,450.419373,4.027500,4.012200,4.021602,20.679560,17.663965,19.068010,0.015300
,,450.408051,4.027350,4.012200,4.021501,20.679560,17.663965,19.067457,0.015150
450.500000,0.300000,450.408752,4.027500,4.012200,4.021507,20.674494,17.663965,19.067455,0.015300
,,450.406036,4.027350,4.012200,4.021482,20.679560,17.663965,19.067301,0.015150
450.500000,0.300000,450.408325,4.027350,4.012200,4.021503,20.674494,17.669001,19.067535,0.015150
,,450.406830,4.027350,4.012200,4.021490,20.679560,17.663965,19.066906,0.015150
450.500000,0.300000,450.410278,4.027350,4.012200,4.021520,20.679560,17.663965,19.067221,0.015150
,,450.412323,4.027500,4.012350,4.021539,20.679560,17.663965,19.066671,0.015150
450.500000,0.300000,450.395630,4.027200,4.012050,4.021389,20.679560,17.663965,19.066748,0.015150
,,450.427826,4.027350,4.012200,4.021677,20.679560,17.663965,19.066984,0.015150
450.500000,0.300000,450.420959,4.027650,4.012350,4.021616,20.674494,17.663965,19.066511,0.015300
,,450.393524,4.027350,4.012050,4.021371,20.679560,17.663965,19.065960,0.015300
450.500000,0.300000,450.391113,4.027200,4.012050,4.021349,20.674494,17.663965,19.066355,0.015150
,,450.421906,4.027350,4.012200,4.021624,20.674494,17.663965,19.066116,0.015150
450.500000,0.300000,450.422943,4.027500,4.012200,4.021634,20.679560,17.663965,19.065958,0.015300
,,450.422882,4.027350,4.012200,4.021633,20.679560,17.663965,19.065880,0.015150
450.500000,0.300000,450.407776,4.027350,4.012200,4.021498,20.674494,17.663965,19.065880,0.015150
,,450.409058,4.027500,4.012200,4.021510,20.679560,17.663965,19.065956,0.015300
450.500000,0.300000,450.411835,4.027500,4.012200,4.021534,20.674494,17.663965,19.065723,0.015300
450.500000,0.300000,450.410278,4.027350,4.012200,4.021520,20.679560,17.663965,19.065723,0.015150
450.500000,0.300000,450.433014,4.027350,4.012200,4.021723,20.674494,17.663965,19.065252,0.015150
,,450.394531,4.027200,4.012050,4.021380,20.674494,17.663965,19.065094,0.015150
450.500000,0.300000,450.396210,4.027350,4.012050,4.021395,20.674494,17.663965,19.064934,0.015300
,,450.395721,4.027200,4.012050,4.021390,20.674494,17.663965,19.064856,0.015150
450.500000,0.300000,450.399780,4.027350,4.012200,4.021427,20.679560,17.663965,19.064777,0.015150
,,450.408569,4.027350,4.012200,4.021505,20.674494,17.663965,19.064934,0.015150
450.500000,0.300000,450.411621,4.027500,4.012200,4.021533,20.674494,17.663965,19.064306,0.015300
,,450.411621,4.027500,4.012200,4.021533,20.674494,17.663965,19.064148,0.015300
450.500000,0.300000,450.413879,4.027500,4.012200,4.021553,20.679560,17.663965,19.064541,0.015300
,,450.411255,4.027500,4.012200,4.021529,20.674494,17.663965,19.064306,0.015300
450.500000,0.300000,450.414154,4.027500,4.012200,4.021555,20.674494,17.663965,19.064070,0.015300
,,450.412201,4.027350,4.012200,4.021537,20.679560,17.663965,19.064621,0.015150
450.500000,0.300000,450.414429,4.027500,4.012200,4.021557,20.679560,17.663965,19.063913,0.015300
,,450.399597,4.027200,4.012050,4.021425,20.674494,17.663965,19.063833,0.015150
450.500000,0.300000,450.427185,4.027500,4.012200,4.021671,20.679560,17.663965,19.063282,0.015300
,,450.397247,4.027350,4.012050,4.021404,20.679560,17.663965,19.063519,0.015300
450.500000,0.300000,450.435455,4.027350,4.012200,4.021745,20.674494,17.663965,19.062965,0.015150
,,450.397949,4.027350,4.012050,4.021410,20.679560,17.663965,19.063360,0.015300
450.500000,0.300000,450.391174,4.027350,4.012050,4.021350,20.674494,17.663965,19.063517,0.015300
450.500000,0.300000,450.414948,4.027500,4.012350,4.021562,20.679560,17.663965,19.062729,0.015150
,,450.414978,4.027500,4.012200,4.021562,20.674494,17.663965,19.062574,0.015300
450.500000,0.300000,450.415009,4.027500,4.012200,4.021563,20.679560,17.663965,19.062729,0.015300
,,450.418365,4.027500,4.012350,4.021593,20.674494,17.663965,19.062494,0.015150
450.500000,0.300000,450.401459,4.027350,4.012200,4.021441,20.679560,17.663965,19.062416,0.015150
,,450.425354,4.027500,4.012350,4.021655,20.679560,17.663965,19.062258,0.015150
450.500000,0.300000,450.399841,4.027350,4.012200,4.021427,20.679560,17.663965,19.062416,
,,450.399841,4.027350,4.012050,4.021427,20.679560,17.663965,19.062416,0.015300
450.500000,0.300000,450.400513,4.027350,4.012200,4.021433,20.674494,17.663965,,0.015150
,,450.400726,4.027350,4.012200,4.021435,20.674494,17.663965,19.061865,0.015150
450.500000,0.300000,,4.027200,4.012050,4.021319,20.674494,17.663965,19.061865,0.015150
450.500000,0.300000,450.424622,4.027500,4.012350,4.021648,20.679560,17.663965,19.061707,0.015150
,,450.417786,4.027500,4.012350,4.021587,20.679560,17.663965,19.061708,0.015150
450.500000,0.300000,450.417480,4.027500,4.012200,4.021585,20.679560,17.663965,19.061628,0.015300
,,450.417297,4.027500,4.012200,4.021583,20.679560,17.663965,19.061394,0.015300
450.399994,0.300000,450.416687,4.027500,4.012350,4.021577,20.674494,17.663965,19.061470,0.015150
,,450.420074,4.027650,4.012350,4.021608,20.679560,17.663965,19.061314,0.015300
450.500000,0.300000,450.418732,4.027500,4.012200,4.021596,20.674494,17.663965,19.060921,0.015300
450.500000,0.300000,450.422180,4.027500,4.012200,4.021626,20.674494,17.663965,19.060921,0.015300
,,450.402771,4.027350,4.012200,4.021453,20.679560,17.663965,19.060762,0.015150
450.500000,0.300000,450.441620,4.027950,4.012950,4.021800,20.679560,17.663965,19.060450,0.015000
,,450.418030,4.027650,4.012350,4.021590,20.679560,17.663965,19.060213,0.015300
450.500000,0.300000,450.418793,4.027500,4.012350,4.021596,20.679560,17.663965,19.060448,0.015150
,,450.423340,4.027500,4.012350,4.021637,20.674494,17.663965,19.060133,0.015150
450.500000,0.300000,450.418457,4.027500,4.012200,4.021594,20.679560,17.663965,19.059977,0.015300
,,450.418610,4.027500,4.012200,4.021595,20.679560,17.663965,19.059742,0.015300
450.500000,0.300000,450.419586,4.027500,4.012200,4.021604,20.674494,17.663965,19.059584,0.015300
,,450.416962,4.027500,4.012350,4.021580,20.679560,17.663965,19.059582,0.015150
450.500000,0.300000,450.413422,4.027350,4.012200,4.021548,20.674494,17.663965,19.059423,0.015150
,,450.406219,4.027350,4.012200,4.021484,20.674494,17.663965,19.059425,0.015150
450.500000,0.300000,450.405945,4.027350,4.012200,4.021482,20.679560,17.663965,19.059032,0.015150
,,450.406464,4.027350,4.012200,4.021486,20.679560,17.663965,19.058876,0.015150
450.500000,0.300000,450.405579,4.027350,4.012200,4.021478,20.674494,17.663965,19.058640,0.015150
,,450.407043,4.027350,4.012200,4.021492,20.674494,17.663965,19.058954,0.015150
450.500000,0.300000,450.405518,4.027350,4.012200,4.021478,20.679560,17.663965,19.058481,0.015150
,,450.415161,4.027650,4.012350,4.021564,20.679560,17.663965,19.058481,0.015300
450.500000,0.300000,450.420624,4.027500,4.012350,4.021613,20.674494,17.663965,19.058718,0.015150
450.500000,0.300000,450.391205,4.027200,4.012050,4.021350,20.674494,17.663965,19.058640,0.015150
450.500000,0.300000,450.406281,4.027500,4.012200,4.021485,20.674494,17.663965,19.058481,0.015300
,,450.406891,4.027350,4.012200,4.021490,20.679560,17.663965,19.058481,0.015150
450.500000,0.300000,450.406677,4.027350,4.012200,4.021488,20.674494,17.663965,19.058325,0.015150
,,450.406525,4.027350,4.012200,4.021487,20.679560,17.663965,19.057772,0.015150
450.500000,0.300000,450.400482,4.027350,4.012200,4.021433,20.674494,17.663965,19.057930,0.015150
,,450.407623,4.027500,4.012200,4.021497,20.679560,17.663965,19.058167,0.015300
450.500000,0.300000,450.415527,4.027500,4.012350,4.021567,20.674494,17.663965,19.057692,0.015150
,,450.421295,4.027500,4.012350,4.021619,20.674494,17.663965,19.057690,0.015150
450.500000,0.300000,450.421478,4.027500,4.012350,4.021620,20.674494,17.663965,19.057535,0.015150
,,450.421631,4.027500,4.012200,4.021622,20.674494,17.663965,19.057533,0.015300
450.399994,0.300000,450.423065,4.027500,4.012350,4.021635,20.679560,17.663965,19.057220,0.015150
,,450.422455,4.027500,4.012350,4.021629,20.674494,17.663965,19.057375,0.015150
450.500000,0.300000,450.426117,4.027650,4.012350,4.021662,20.674494,17.663965,19.056982,0.015300
,,450.402985,4.027350,4.012200,4.021455,20.674494,17.663965,19.057060,0.015150
450.500000,0.300000,450.412354,4.027500,4.012200,4.021539,20.674494,17.663965,19.056822,0.015300
,,450.410461,4.027500,4.012200,4.021522,20.674494,17.663965,19.056589,0.015300
450.399994,0.200000,450.409668,4.027350,4.012200,4.021515,20.679560,17.663965,19.056509,0.015150
,,450.408325,4.027350,4.012200,4.021503,20.674494,17.663965,19.056196,0.015150
450.500000,0.300000,450.409851,4.027500,4.012200,4.021516,20.674494,17.663965,19.055958,0.015300
450.500000,0.300000,450.394989,4.027350,4.012200,4.021384,20.674494,17.663965,19.056034,0.015150
,,450.426849,4.027500,4.012350,4.021668,20.674494,17.663965,19.055559,0.015150
450.399994,0.300000,450.427917,4.027650,4.012500,4.021678,20.674494,17.663965,19.055561,0.015150
,,450.420258,4.027500,4.012200,4.021609,20.674494,17.663965,19.055563,0.015300
450.500000,0.300000,450.412933,4.027500,4.012200,4.021544,20.674494,17.663965,19.055405,0.015300
,,450.410858,4.027350,4.012200,4.021525,20.674494,17.663965,19.055010,0.015150
450.500000,0.300000,450.411896,4.027350,4.012200,4.021535,20.674494,17.663965,19.055088,0.015150
,,450.410004,4.027350,4.012200,4.021518,20.674494,17.663965,19.054930,0.015150
450.500000,0.300000,450.407135,4.027350,4.012200,4.021492,20.674494,17.663965,19.054615,0.015150
,,450.412109,4.027500,4.012200,4.021537,20.674494,17.663965,19.054693,0.015300
450.500000,0.300000,450.416931,4.027500,4.012350,4.021580,20.679560,17.658930,19.054617,0.015150
,,450.424133,4.027500,4.012350,4.021644,20.679560,17.663965,19.054695,0.015150
450.399994,0.200000,450.397827,4.027350,4.012050,4.021409,20.674494,17.663965,19.054457,0.015300
,,450.427185,4.027500,4.012350,4.021671,20.679560,17.663965,19.054693,0.015150
450.500000,0.300000,450.427155,4.027500,4.012350,4.021671,20.679560,17.663965,19.054461,0.015150
,,450.427887,4.027500,4.012350,4.021677,20.674494,17.663965,19.054218,0.015150
450.500000,0.300000,450.427429,4.027650,4.012350,4.021674,20.674494,17.663965,19.054144,0.015300
,,450.404327,4.027350,4.012200,4.021467,20.674494,17.658930,19.054222,0.015150
450.500000,0.300000,450.412964,4.027500,4.012200,4.021544,20.674494,17.663965,19.053749,0.015300
,,450.412964,4.027500,4.012200,4.021544,20.674494,17.663965,19.053827,0.015300
450.500000,0.300000,450.399841,4.027350,4.012200,4.021427,20.674494,17.663965,19.053751,0.015150
,,450.427887,4.027500,4.012350,4.021677,20.674494,17.663965,19.053593,0.015150
450.399994,0.200000,450.428802,4.027650,4.012350,4.021686,20.674494,17.663965,19.053514,0.015300
,,450.428040,4.027500,4.012350,4.021679,20.674494,17.663965,19.053200,0.015150
450.399994,0.300000,450.399963,4.027350,4.012050,4.021428,20.674494,17.663965,19.053358,0.015300
,,450.402344,4.027350,4.012200,4.021450,20.679560,17.658930,19.053202,0.015150
450.500000,0.300000,450.428986,4.027500,4.012350,4.021688,20.674494,17.663965,19.053122,0.015150
,,450.413116,4.027500,4.012200,4.021546,20.679560,17.663965,19.052885,0.015300
450.399994,0.300000,450.411438,4.027350,4.012200,4.021531,20.679560,17.663965,19.052965,0.015150
,,450.411438,4.027350,4.012200,4.021531,20.674494,17.663965,19.052729,0.015150
450.500000,0.300000,450.414703,4.027500,4.012200,4.021560,20.674494,17.658930,19.052492,0.015300
,,450.410370,4.027500,4.012200,4.021521,20.674494,17.663965,19.052492,0.015300
450.500000,0.300000,450.408875,4.027500,4.012200,4.021508,20.674494,17.663965,19.052019,0.015300
,,450.417236,4.027500,4.012350,4.021583,20.674494,17.663965,19.052177,0.015150
450.500000,0.300000,450.400909,4.027350,4.012050,4.021437,20.674494,17.663965,19.052336,0.015300
,,450.434082,4.027650,4.012350,4.021733,20.674494,17.663965,19.052258,0.015300
450.500000,0.300000,450.431366,4.027500,4.012350,4.021708,20.674494,17.658930,19.051865,0.015150
450.500000,0.300000,450.432678,4.027500,4.012500,4.021720,20.674494,17.663965,19.051785,0.015000
,,450.416687,4.027500,4.012350,4.021577,20.679560,17.658930,19.051157,0.015150
450.500000,0.300000,450.417847,4.027500,4.012350,4.021588,20.674494,17.663965,19.051077,0.015150
,,450.418060,4.027500,4.012200,4.021590,20.674494,17.663965,19.051311,0.015300
450.500000,0.300000,450.402832,4.027350,4.012200,4.021454,20.679560,17.658930,19.051157,0.015150
,,450.416260,4.027500,4.012350,4.021574,20.679560,17.663965,19.050764,0.015150
450.500000,0.300000,450.421295,4.027500,4.012350,4.021619,20.674494,17.663965,19.050680,0.015150
,,450.429504,4.027650,4.012350,4.021692,20.674494,17.658930,19.050840,0.015300
450.500000,0.300000,450.434052,4.027650,4.012350,4.021733,20.679560,17.658930,19.050684,0.015300
,,450.404480,4.027350,4.012200,4.021469,20.674494,17.663965,19.050367,0.015150
450.500000,0.200000,450.437286,4.027800,4.012500,4.021761,20.674494,17.658930,19.050447,0.015300
,,450.435822,4.027650,4.012350,4.021749,20.674494,17.658930,19.049976,0.015300
450.500000,0.300000,450.405029,4.027350,4.012200,4.021473,20.674494,17.658930,19.049974,0.015150
,,450.434814,4.027650,4.012500,4.021739,20.679560,17.663965,19.050526,0.015150
450.500000,0.300000,450.410461,4.027500,4.012200,4.021522,20.674494,17.658930,19.049658,0.015300
,,450.428558,4.027500,4.012200,4.021684,20.674494,17.663965,19.049973,0.015300
450.500000,0.300000,450.418701,4.027500,4.012350,4.021595,20.674494,17.663965,19.049660,0.015150
,,450.419647,4.027500,4.012350,4.021604,20.674494,17.658930,19.049189,0.015150
450.500000,0.300000,450.419830,,4.012350,4.021605,20.679560,17.663965,19.049658,0.015150
450.500000,0.300000,450.420441,4.027500,4.012350,4.021611,20.679560,17.663965,19.049580,0.015150
450.399994,0.200000,450.406403,4.027350,4.012200,4.021486,20.674494,17.663965,19.049028,0.015150
,,450.405762,4.027350,4.012200,4.021480,20.679560,17.658930,19.048874,0.015150
450.399994,0.200000,450.406403,4.027350,4.012200,4.021486,20.674494,17.663965,19.048714,0.015150
,,450.407623,4.027500,4.012200,4.021497,20.674494,17.658930,19.048477,0.015300
450.500000,0.300000,450.393982,4.027200,4.012050,4.021375,20.674494,17.663965,19.048874,0.015150
,,450.425171,4.027500,4.012350,4.021653,20.674494,17.658930,19.048243,0.015150
450.399994,0.200000,450.421021,4.027500,4.012200,4.021616,20.674494,17.658930,19.048321,0.015300
,,450.420563,4.027500,4.012350,4.021612,20.679560,17.658930,19.048557,0.015150
450.399994,0.200000,450.386627,4.027200,4.012050,4.021309,20.674494,17.658930,19.048006,0.015150
,,450.418854,4.027500,4.012350,4.021597,20.679560,17.658930,19.047770,0.015150
450.500000,0.300000,450.421783,4.027500,4.012350,4.021623,20.679560,17.658930,19.047928,0.015150
,,450.413727,4.027500,4.012200,4.021551,20.674494,17.658930,19.048006,0.015300
450.500000,0.200000,450.408691,4.027350,4.012200,4.021506,20.674494,17.658930,19.047771,0.015150
,,450.434540,4.027650,4.012500,4.021737,20.674494,17.658930,19.047928,0.015150
450.500000,0.300000,450.439484,4.027800,4.012500,4.021781,20.674494,17.663965,19.047848,0.015300
,,450.407318,4.027500,4.012200,4.021494,20.674494,17.658930,19.047142,0.015300
450.500000,0.300000,450.441681,4.027650,4.012500,4.021801,20.674494,17.658930,19.047531,0.015150
,,450.437805,4.027650,4.012500,4.021766,20.679560,17.658930,19.046824,0.015150
450.500000,0.300000,450.437805,4.027500,4.012500,4.021766,20.674494,17.658930,19.047298,0.015000
,,450.422607,4.027500,4.012350,4.021630,20.674494,17.658930,19.046589,0.015150
450.500000,0.200000,450.416412,4.027500,4.012200,4.021575,20.674494,17.658930,19.046745,0.015300
,,450.410004,4.027500,4.012200,4.021518,20.674494,17.658930,19.046429,0.015300
450.500000,0.300000,450.409363,4.027350,4.012200,4.021512,20.674494,17.663965,19.046350,0.015150
,,450.437775,4.027650,4.012500,4.021766,20.679560,17.658930,19.046749,0.015150
450.500000,0.300000,450.438263,4.027650,4.012500,4.021770,20.674494,17.658930,19.046036,0.015150
,,450.439972,4.027650,4.012500,4.021785,20.674494,17.658930,19.046114,0.015150
450.500000,0.300000,450.410950,4.027350,4.012200,4.021526,20.674494,17.658930,19.045801,0.015150
,,450.441254,4.027650,4.012500,4.021797,20.674494,17.658930,19.045326,0.015150
450.500000,0.300000,450.439453,4.027650,4.012500,4.021781,20.674494,17.658930,19.045563,0.015150
,,450.419525,4.027500,4.012350,4.021603,20.674494,17.658930,19.045563,0.015150
450.500000,0.300000,450.393036,4.027200,4.012050,4.021367,20.674494,17.658930,19.045170,0.015150
,,450.424835,4.027650,4.012350,4.021650,20.679560,17.658930,19.045248,0.015300
450.399994,0.200000,450.420929,4.027500,4.012350,4.021616,20.674494,17.658930,19.044775,0.015150
,,450.414429,4.027500,4.012200,4.021557,20.674494,17.658930,19.044775,0.015300
450.500000,0.200000,450.425812,4.027500,4.012350,4.021659,20.679560,17.658930,19.044937,0.015150
,,450.419037,4.027500,4.012200,4.021598,20.679560,17.658930,19.044935,0.015300
450.500000,0.300000,450.411011,4.027500,4.012200,4.021527,20.674494,17.658930,19.045013,0.015300
450.500000,0.300000,450.433777,4.027650,4.012500,4.021730,20.679560,17.658930,19.044384,0.015150
,,450.416626,4.027500,4.012200,4.021577,20.679560,17.658930,19.044540,0.015300
450.500000,0.300000,450.433258,4.027500,4.012350,4.021726,20.674494,17.658930,19.044146,0.015150
,,450.424652,4.027500,4.012350,4.021649,20.674494,17.658930,19.044304,0.015150
450.500000,0.300000,450.397400,4.027350,4.012050,4.021405,20.674494,17.658930,19.044067,0.015300
,,450.392670,4.027200,4.012050,4.021363,20.674494,17.658930,19.044224,0.015150
450.500000,0.200000,450.426849,4.027500,4.012350,4.021668,20.674494,17.658930,19.043911,0.015150
,,450.423065,4.027500,4.012350,4.021635,20.679560,17.658930,19.043833,0.015150
450.500000,0.200000,450.419220,4.027500,4.012200,4.021600,20.674494,17.658930,19.043753,0.015300
,,450.411896,4.027350,4.012200,4.021535,20.674494,17.658930,19.043596,0.015150
450.500000,0.300000,450.438141,4.027800,4.012650,4.021769,20.674494,17.658930,19.043673,0.015150
,,450.414093,4.027500,4.012200,4.021554,20.674494,17.658930,19.043516,0.015300
450.399994,0.200000,450.444519,4.027650,4.012500,4.021826,20.679560,17.658930,19.043282,0.015150
,,450.409607,4.027350,4.012200,4.021514,20.674494,17.658930,19.043123,0.015150
450.500000,0.300000,450.413971,4.027500,4.012200,4.021554,20.674494,17.658930,19.042809,0.015300
,,450.444275,4.027800,4.012500,4.021824,20.679560,17.658930,19.042652,0.015300
450.500000,0.200000,450.444244,4.027650,4.012500,4.021823,20.674494,17.658930,19.042887,0.015150
,,450.399872,4.027350,4.012050,4.021428,20.679560,17.658930,19.042572,0.015300
450.500000,0.300000,450.425781,4.027500,4.012350,4.021659,20.674494,17.658930,19.042885,0.015150
450.500000,0.200000,450.394867,4.027350,4.012050,4.021383,20.674494,17.658930,19.042099,0.015300
450.500000,0.200000,450.441498,4.027650,4.012500,4.021799,20.674494,17.658930,19.042097,0.015150
,,450.445435,4.027800,4.012650,4.021834,20.674494,17.658930,19.041943,0.015150
450.500000,0.200000,450.444855,4.027650,4.012650,4.021829,20.674494,17.658930,19.042099,0.015000
,,450.409485,4.027500,4.012200,4.021513,20.679560,17.658930,19.041859,0.015300
450.500000,0.300000,450.445557,4.027650,4.012500,4.021835,20.674494,17.658930,19.041704,0.015150
,,450.407349,4.027350,4.012200,4.021494,20.674494,17.658930,19.041309,0.015150
450.500000,0.300000,450.421844,4.027500,4.012350,4.021624,20.674494,17.658930,19.040760,0.015150
,,450.425507,4.027650,4.012350,4.021657,20.674494,17.658930,19.041073,0.015300
450.500000,0.300000,450.429718,4.027650,4.012500,4.021694,20.674494,17.658930,19.040600,0.015150
,,450.431061,4.027650,4.012350,4.021706,20.674494,17.658930,19.041073,0.015300
450.500000,0.200000,450.403259,4.027350,4.012200,4.021458,20.674494,17.658930,19.040522,0.015150
,,450.430145,4.027500,4.012350,4.021698,20.674494,17.658930,19.040836,0.015150
450.500000,0.200000,450.426697,4.027500,4.012350,4.021667,20.674494,17.658930,19.040127,0.015150
,,450.425079,4.027500,4.012350,4.021653,20.674494,17.658930,19.039892,0.015150
450.399994,0.200000,450.434784,4.027650,4.012350,4.021739,20.674494,17.658930,19.040443,0.015300
,,450.418060,4.027500,4.012200,4.021590,20.674494,17.658930,19.039890,0.015300
450.500000,0.300000,450.412933,4.027500,4.012200,4.021544,20.674494,17.658930,19.040127,0.015300
,,450.413086,4.027500,4.012200,4.021545,20.679560,17.658930,19.039890,0.015300
450.399994,0.200000,450.446686,4.027800,4.012500,4.021845,20.674494,17.658930,19.040047,0.015300
450.500000,0.300000,450.431091,4.027650,4.012500,4.021706,20.679560,17.658930,19.040129,0.015150
,,450.423309,4.027500,4.012350,4.021636,20.674494,17.658930,19.039419,0.015150
450.399994,0.200000,450.408539,4.027500,4.012200,4.021505,20.679560,17.658930,19.039497,0.015300
,,450.402771,4.027500,4.012200,4.021453,20.674494,17.658930,19.039259,0.015300
450.399994,0.200000,450.425018,4.027500,4.012350,4.021652,20.679560,17.658930,19.039341,0.015150
,,450.419281,4.027500,4.012350,4.021601,20.674494,17.658930,19.039259,0.015150
450.500000,0.200000,450.417725,4.027500,4.012200,,20.674494,17.658930,19.038866,0.015300
450.500000,0.300000,450.384094,4.027200,4.012050,4.021286,20.674494,17.658930,19.039103,0.015150
,,450.446655,4.027650,4.012500,4.021845,20.679560,17.658930,19.039024,0.015150
450.500000,0.300000,450.447876,4.027650,4.012500,4.021856,20.674494,17.658930,19.038630,0.015150
,,450.418152,4.027500,4.012200,4.021591,20.674494,17.658930,19.038946,0.015300
450.500000,0.300000,450.412292,4.027350,4.012200,4.021538,20.679560,17.658930,19.038626,0.015150
,,450.422760,4.027500,4.012350,4.021632,20.674494,17.658930,19.038313,0.015150
450.500000,0.200000,450.404022,4.027350,4.012200,4.021464,20.674494,17.658930,19.038237,0.015150
,,450.399963,4.027350,4.012200,4.021428,20.679560,17.658930,19.038391,0.015150
450.500000,0.200000,450.431488,4.027500,4.012350,4.021710,20.674494,17.658930,19.038235,0.015150
,,450.403564,4.027350,4.012200,4.021461,20.674494,17.658930,19.038078,0.015150
450.500000,0.300000,450.431091,4.027650,4.012500,4.021706,20.674494,17.658930,19.038000,0.015150
450.500000,0.300000,450.429718,4.027650,4.012350,4.021694,20.674494,17.658930,19.038000,0.015300
,,450.415741,4.027500,4.012200,4.021569,20.674494,17.658930,19.037529,0.015300
450.500000,0.200000,450.420563,4.027500,4.012350,4.021612,20.674494,17.658930,19.037683,0.015150
,,450.421295,4.027500,4.012350,4.021619,20.674494,17.658930,19.037527,0.015150
450.500000,0.300000,450.450165,4.027800,4.012650,4.021876,20.674494,17.658930,19.036976,0.015150
,,450.442902,4.027650,4.012500,4.021811,20.674494,17.658930,19.036898,0.015150
450.500000,0.200000,450.436005,4.027650,4.012500,4.021750,20.674494,17.658930,19.036819,0.015150
,,450.435791,4.027650,4.012350,4.021748,20.674494,17.658930,19.036741,0.015300
450.500000,0.200000,450.407562,4.027350,4.012200,4.021496,20.674494,17.658930,19.036900,0.015150
,,450.433014,4.027500,4.012350,4.021723,20.674494,17.658930,19.036346,0.015150
450.500000,0.200000,450.420197,4.027500,4.012350,4.021609,20.674494,17.658930,19.036112,0.015150
,,450.430725,4.027650,4.012350,4.021703,20.674494,17.658930,19.036190,0.015300
450.399994,0.200000,450.423676,4.027500,4.012350,4.021640,20.679560,17.658930,19.035875,0.015150
,,450.421722,4.027500,4.012350,4.021623,20.674494,17.658930,19.035719,0.015150
450.399994,0.200000,450.417236,4.027500,4.012350,4.021583,20.679560,17.658930,19.036034,0.015150
,,450.416809,4.027500,4.012200,4.021579,20.679560,17.658930,19.035955,0.015300
450.500000,0.300000,450.416840,4.027500,4.012350,4.021579,20.674494,17.658930,19.035484,0.015150
,,450.421722,4.027500,4.012350,4.021623,20.674494,17.658930,19.035170,0.015150
450.500000,0.300000,450.422943,4.027500,4.012500,4.021634,20.674494,17.658930,19.035643,0.015000
450.500000,0.200000,450.412231,4.027350,4.012200,4.021538,20.674494,17.653894,19.035484,0.015150
450.500000,0.200000,450.430206,4.027500,4.012500,4.021698,20.679560,17.658930,19.035406,0.015000
,,450.420624,4.027500,4.012350,4.021613,20.674494,17.658930,19.035170,0.015150
450.399994,0.200000,450.422211,4.027500,4.012350,4.021627,20.674494,17.658930,19.034855,0.015150
,,450.389954,4.027200,4.012050,4.021339,20.674494,17.658930,19.034775,0.015150
450.500000,0.300000,450.423065,4.027500,4.012350,4.021635,20.674494,17.658930,19.034462,0.015150
,,450.454163,4.027800,4.012650,4.021912,20.674494,17.658930,19.034306,0.015150
450.500000,0.200000,450.419159,4.027500,4.012350,4.021600,20.674494,17.658930,19.034225,0.015150
,,450.393768,4.027350,4.012050,4.021373,20.674494,17.658930,19.034384,0.015300
450.500000,0.300000,450.449982,4.027800,4.012650,4.021875,20.679560,17.658930,19.034227,0.015150
,,450.440643,4.027650,4.012500,4.021791,20.674494,17.658930,19.033833,0.015150
450.500000,0.200000,450.406982,4.027350,4.012200,4.021491,20.674494,17.658930,19.033913,0.015150
,,450.410553,4.027350,4.012200,4.021523,20.674494,17.658930,19.034071,0.015150
450.399994,0.200000,450.436920,4.027650,4.012350,4.021758,20.674494,17.658930,19.033520,0.015300
,,450.422821,4.027500,4.012350,4.021632,20.674494,17.653894,19.033598,0.015150
450.500000,0.200000,450.424774,4.027500,4.012350,4.021650,20.674494,17.653894,19.033283,0.015150
,,450.417786,4.027500,4.012350,4.021587,20.674494,17.653894,19.033676,0.015150
450.500000,0.300000,450.418945,4.027500,4.012350,4.021598,20.674494,17.653894,19.033203,0.015150
,,450.424042,4.027500,4.012350,4.021643,20.674494,17.658930,19.032890,0.015150
450.500000,0.300000,450.460358,4.027800,4.012650,4.021967,20.674494,17.653894,19.032810,0.015150
450.500000,0.200000,450.440216,4.027650,4.012500,4.021788,20.674494,17.658930,19.032652,0.015150
,,450.434784,4.027650,4.012500,4.021739,20.674494,17.658930,19.033047,0.015150
450.500000,0.200000,450.437225,4.027650,4.012350,4.021761,20.674494,17.658930,19.032415,0.015300
,,450.402802,4.027350,4.012200,4.021453,20.674494,17.658930,19.031946,0.015150
450.500000,0.300000,450.398346,4.027350,4.012050,4.021414,20.674494,17.653894,19.031944,0.015300
,,450.426422,4.027650,4.012500,4.021665,20.674494,17.658930,19.032103,0.015150
450.500000,0.200000,450.453674,4.027800,4.012800,4.021908,20.674494,17.658930,19.031866,0.015000
,,450.458221,4.027800,4.012650,4.021948,20.674494,17.653894,19.031626,0.015150
450.500000,0.300000,450.423248,4.027500,4.012350,4.021636,20.674494,17.653894,19.031631,0.015150
,,450.427582,4.027500,4.012350,4.021675,20.674494,17.658930,19.031393,0.015150
450.500000,0.200000,450.422638,4.027500,4.012350,4.021631,20.674494,17.653894,19.031395,0.015150
,,450.427948,4.027500,4.012350,4.021678,20.674494,17.658930,19.031233,0.015150
450.500000,0.300000,450.434845,4.027800,4.012500,4.021739,20.674494,17.653894,19.030766,0.015300
,,450.441132,4.027800,4.012500,4.021796,20.674494,17.653894,19.031078,0.015300
450.500000,0.300000,450.409637,4.027500,4.012200,4.021514,20.674494,17.658930,19.031000,0.015300
,,450.438110,4.027650,4.012500,4.021769,20.674494,17.653894,19.030766,0.015150
450.399994,0.200000,450.433594,4.027650,4.012500,4.021729,20.674494,17.658930,19.030760,0.015150
,,450.431152,4.027500,4.012350,4.021707,20.674494,17.653894,19.030523,0.015150
450.399994,0.200000,450.437958,4.027650,4.012500,4.021768,20.679560,17.653894,19.030605,0.015150
,,450.422089,4.027500,4.012350,4.021626,20.674494,17.653894,19.029818,0.015150
450.500000,0.200000,450.428864,4.027500,4.012350,4.021686,20.674494,17.653894,19.029739,0.015150
,,450.401794,4.027350,4.012200,4.021445,20.674494,17.658930,19.030130,0.015150
450.500000,0.200000,450.440186,4.027650,4.012500,4.021787,20.674494,17.653894,19.030056,0.015150
,,450.409943,4.027500,4.012200,4.021517,20.674494,17.658930,19.029581,0.015300
450.500000,0.100000,450.374756,4.027050,4.011900,4.021203,20.674494,17.658930,19.029737,0.015150
,,450.373291,4.027200,4.011900,4.021190,20.674494,17.653894,19.029659,0.015300
450.500000,0.200000,450.371582,4.027050,4.011900,4.021175,20.679560,17.658930,19.029501,0.015150
,,450.370850,4.027050,4.011900,4.021168,20.674494,17.653894,19.029106,0.015150
450.500000,0.200000,450.373413,4.027050,4.011900,4.021191,20.674494,17.653894,19.029345,0.015150
,,450.380432,4.027050,4.012050,4.021254,20.674494,17.653894,19.029419,0.015000
450.500000,0.200000,450.384338,4.027200,4.012050,4.021289,20.674494,17.653894,19.028950,0.015150
,,450.384338,4.027200,4.012050,4.021289,20.674494,17.653894,19.028870,0.015150
450.500000,0.100000,450.382996,4.027200,4.012050,4.021277,20.674494,17.653894,19.028477,0.015150
,,450.383759,4.027200,4.012050,4.021284,20.674494,17.653894,19.028475,0.015150
450.500000,0.100000,450.383606,4.027200,4.011900,4.021282,20.674494,17.653894,19.028635,0.015300
,,450.384827,4.027200,4.012050,4.021293,20.674494,17.653894,19.028162,0.015150
450.500000,0.200000,450.390930,4.027350,4.012200,4.021348,20.674494,17.653894,19.028162,0.015150
450.500000,0.200000,450.366638,4.027050,4.011900,4.021131,20.679560,17.653894,19.028395,0.015150
,,450.376404,4.027200,4.011900,4.021218,20.674494,17.653894,19.027531,0.015300
450.500000,0.200000,450.380554,4.027200,4.011900,4.021255,20.674494,17.653894,19.027767,0.015300
,,450.367371,4.027050,4.011900,4.021137,20.674494,17.653894,19.028158,0.015150
450.500000,0.300000,450.409088,4.027350,4.012200,4.021510,20.674494,17.658930,19.027372,0.015150
,,450.417114,4.027500,4.012350,4.021581,20.674494,17.653894,19.027216,0.015150
450.500000,0.300000,450.447571,4.027800,4.012650,4.021853,20.674494,17.653894,19.027452,0.015150
,,450.389618,4.027200,4.012050,4.021336,20.674494,17.653894,19.027218,0.015150
450.500000,0.300000,450.428497,4.027650,4.012350,4.021683,20.674494,17.653894,19.026901,0.015300
,,450.440674,4.027650,4.012500,4.021792,20.674494,17.653894,19.026665,0.015150
450.500000,0.300000,450.403900,4.027350,4.012200,4.021463,20.674494,17.653894,19.027060,0.015150
,,450.436157,4.027650,4.012500,4.021751,20.679560,17.653894,19.026745,0.015150
450.399994,0.200000,450.437378,4.027650,4.012500,4.021762,20.674494,17.658930,19.026506,0.015150
,,450.426849,4.027500,4.012350,4.021668,20.674494,17.653894,19.026510,0.015150
450.500000,0.200000,450.425934,4.027500,4.012350,4.021660,20.674494,17.653894,19.026508,0.015150
,,450.419983,4.027500,4.012350,4.021607,20.674494,17.653894,19.026270,0.015150
450.500000,0.300000,450.424713,4.027500,4.012350,4.021649,20.674494,17.653894,19.025953,0.015150
,,450.424347,4.027650,4.012350,4.021646,20.674494,17.653894,19.026114,0.015300
450.500000,0.300000,450.422485,4.027500,,4.021629,20.674494,17.653894,19.026035,0.015150
450.500000,0.200000,450.428070,4.027650,4.012350,4.021679,20.674494,17.653894,19.025404,0.015300
450.500000,0.200000,450.411133,4.027500,4.012200,4.021528,20.674494,17.653894,19.025404,0.015300
,,450.436798,4.027650,4.012350,4.021757,20.674494,17.653894,19.025562,0.015300
450.500000,0.300000,450.433838,4.027650,4.012500,4.021731,20.674494,17.653894,19.025560,0.015150
,,450.413605,4.027500,4.012200,4.021550,20.674494,17.653894,19.024931,0.015300
450.500000,0.200000,450.428864,4.027500,4.012350,4.021686,20.674494,17.653894,19.024931,0.015150
,,450.436401,4.027650,4.012350,4.021754,20.674494,17.653894,19.024696,0.015300
450.500000,0.200000,450.423798,4.027500,4.012350,4.021641,20.674494,17.658930,19.024851,0.015150
,,450.431061,4.027650,4.012350,4.021706,20.674494,17.653894,19.024931,0.015300
450.500000,0.200000,450.427887,4.027500,4.012350,4.021677,20.674494,17.653894,19.024221,0.015150
,,450.397400,4.027350,4.012200,4.021405,20.674494,17.653894,19.024618,0.015150
450.500000,0.200000,450.426544,4.027500,4.012350,4.021666,20.674494,17.653894,19.024538,0.015150
,,450.427643,4.027500,4.012350,4.021676,20.674494,17.653894,19.024458,0.015150
450.500000,0.200000,450.424896,4.027500,4.012350,4.021651,20.674494,17.653894,19.024143,0.015150
,,450.422394,4.027500,4.012350,4.021628,20.674494,17.653894,19.023989,0.015150
450.500000,0.300000,450.442932,4.027650,4.012500,4.021812,20.674494,17.653894,19.023279,0.015150
,,450.415466,4.027500,4.012200,4.021567,20.674494,17.653894,19.023750,0.015300
450.500000,0.200000,450.413239,4.027350,4.012200,4.021547,20.674494,17.653894,19.023750,0.015150
,,450.441132,4.027650,4.012500,4.021796,20.674494,17.653894,19.023438,0.015150
450.399994,0.200000,450.448364,4.027800,4.012650,4.021861,20.674494,17.653894,19.023592,0.015150
,,450.429718,4.027500,4.012350,4.021694,20.679560,17.653894,19.023279,0.015150
450.600006,0.300000,450.434631,4.027650,4.012500,4.021738,20.674494,17.653894,19.022884,0.015150
,,450.435883,4.027650,4.012500,4.021749,20.674494,17.653894,19.022884,0.015150
450.500000,0.200000,450.428497,4.027500,4.012350,4.021683,20.674494,17.653894,19.022648,0.015150
,,450.424591,4.027500,4.012350,4.021648,20.674494,17.653894,19.022806,0.015150
450.500000,0.200000,450.418732,4.027500,4.012200,4.021596,20.674494,17.653894,19.022333,0.015300
,,450.417236,4.027500,4.012350,4.021583,20.674494,17.653894,19.022335,0.015150
450.500000,0.300000,450.444519,4.027800,4.012500,4.021826,20.674494,17.653894,19.022411,0.015300
,,450.447815,4.027650,4.012500,4.021855,20.674494,17.653894,19.022335,0.015150
450.500000,0.200000,450.436279,4.027650,4.012350,4.021752,20.674494,17.653894,19.022491,0.015300
,,450.436310,4.027650,4.012500,4.021753,20.674494,17.648859,19.021624,0.015150
450.399994,0.200000,450.434998,4.027650,4.012500,4.021741,20.674494,17.653894,19.021784,0.015150
,,450.405640,4.027350,4.012200,4.021479,20.674494,17.653894,19.021704,0.015150
450.500000,0.200000,450.404633,4.027350,4.012200,4.021470,20.674494,17.653894,19.021704,0.015150
,,450.432983,4.027650,4.012350,4.021723,20.674494,17.653894,19.021784,0.015300
450.500000,0.200000,450.437225,4.027650,4.012500,4.021761,20.674494,17.653894,19.021309,0.015150
,,450.431671,4.027650,4.012500,4.021711,20.674494,17.653894,19.021311,0.015150
450.500000,0.200000,450.430939,4.027650,4.012350,4.021705,20.674494,17.653894,19.021231,0.015300
450.500000,0.200000,450.429230,4.027500,4.012350,4.021689,20.674494,17.653894,19.021154,0.015150
,,450.438965,4.027650,4.012500,4.021777,20.674494,17.653894,19.020840,0.015150
450.500000,0.200000,450.447632,4.027800,4.012650,4.021854,20.674494,17.653894,19.020758,0.015150
,,450.426605,4.027500,4.012350,4.021666,20.674494,17.653894,19.020761,0.015150
450.500000,0.200000,450.435425,4.027650,4.012350,4.021745,20.674494,17.653894,19.020206,0.015300
,,450.433594,4.027650,4.012500,4.021729,20.674494,17.653894,19.020128,0.015150
450.399994,0.200000,450.438416,4.027650,4.012500,4.021771,20.674494,17.653894,19.020525,0.015150
,,450.433807,4.027650,4.012500,4.021730,20.674494,17.653894,19.019974,0.015150
450.500000,0.200000,450.434235,4.027650,4.012350,4.021734,20.674494,17.648859,19.019968,0.015300
,,450.469849,4.027950,4.012800,4.022052,20.674494,17.653894,19.019814,0.015150
450.500000,0.200000,450.431549,4.027500,4.012500,4.021710,20.674494,17.653894,19.019735,0.015000
,,450.430634,4.027500,4.012500,4.021702,20.674494,17.653894,19.019102,0.015000
450.500000,0.200000,450.425232,4.027500,4.012350,4.021654,20.674494,17.653894,19.019733,0.015150
,,450.420868,4.027500,4.012350,4.021615,20.674494,17.653894,19.019419,0.015150
450.500000,0.200000,450.421783,4.027500,4.012350,4.021623,20.674494,17.653894,19.019421,0.015150
,,450.453796,4.027800,4.012650,4.021909,20.674494,17.648859,19.019655,0.015150
450.500000,0.200000,450.422028,4.027500,4.012350,4.021625,20.674494,17.648859,19.019262,0.015150
,,450.420013,4.027500,4.012350,4.021607,20.674494,17.648859,19.018707,0.015150
450.500000,0.200000,450.440094,4.027650,4.012500,4.021787,20.674494,17.653894,19.018869,0.015150
450.500000,0.200000,450.439758,4.027650,4.012500,4.021783,20.674494,17.653894,19.018553,0.015150
450.500000,0.300000,450.432861,4.027500,4.012500,4.021722,20.674494,17.653894,19.018393,0.015000
,,450.430756,4.027500,4.012500,4.021703,20.674494,17.653894,19.018158,0.015000
450.500000,0.200000,450.425201,4.027500,4.012350,4.021654,20.674494,17.648859,19.018158,0.015150
,,450.423004,4.027500,4.012350,4.021634,20.679560,17.653894,19.018236,0.015150
450.500000,0.300000,450.422638,4.027500,4.012350,4.021631,20.674494,17.648859,19.018234,0.015150
,,450.425507,4.027500,4.012350,4.021657,20.674494,17.653894,19.017761,0.015150
450.500000,0.200000,450.423859,4.027650,4.012350,4.021642,20.674494,17.653894,19.018000,0.015300
,,450.420563,4.027500,4.012350,4.021612,20.674494,17.648859,19.017527,0.015150
450.500000,0.200000,450.428680,4.027500,4.012350,4.021685,20.674494,17.653894,19.017525,0.015150
,,450.432526,4.027650,4.012500,4.021719,20.674494,17.653894,19.017056,0.015150
450.500000,0.200000,450.437042,4.027650,4.012500,4.021760,20.674494,17.648859,19.017607,0.015150
,,450.408905,4.027500,4.012200,4.021508,20.674494,17.653894,19.017054,0.015300
450.500000,0.200000,450.438232,4.027650,4.012500,4.021770,20.674494,17.648859,19.016895,0.015150
,,450.437805,4.027650,4.012500,4.021766,20.674494,17.648859,19.016817,0.015150
450.500000,0.200000,450.409210,4.027350,4.012200,4.021511,20.674494,17.648859,19.016502,0.015150
,,450.435883,4.027650,4.012500,4.021749,20.674494,17.653894,19.016346,0.015150
450.500000,0.200000,450.445038,4.027800,4.012500,4.021831,20.674494,17.648859,19.016422,0.015300
,,450.431061,4.027500,4.012350,4.021706,20.674494,17.653894,19.016424,0.015150
450.500000,0.200000,450.424774,4.027500,4.012350,4.021650,20.674494,17.648859,19.016186,0.015150
450.500000,0.200000,450.434723,4.027650,4.012500,4.021739,20.674494,17.648859,19.016344,0.015150
,,450.438080,4.027650,4.012500,4.021769,20.674494,17.648859,19.015793,0.015150
450.500000,0.200000,450.409363,4.027350,4.012200,4.021512,20.674494,17.648859,19.015474,0.015150
,,450.443054,4.027650,4.012500,4.021813,20.674494,17.648859,19.015635,0.015150
450.500000,0.200000,450.441986,4.027650,4.012500,4.021803,20.674494,17.653894,19.015083,0.015150
,,450.439636,4.027650,4.012500,4.021782,20.674494,17.653894,19.015795,0.015150
450.500000,0.200000,450.439758,4.027650,4.012500,,20.674494,17.648859,19.015242,0.015150
450.500000,0.200000,450.438843,4.027650,4.012500,4.021775,20.674494,17.648859,19.015793,0.015150
,,450.413116,4.027500,4.012350,4.021546,20.674494,17.648859,19.015085,0.015150
450.500000,0.200000,450.426361,4.027500,4.012350,4.021664,20.674494,17.653894,19.014929,0.015150
,,450.424469,4.027500,4.012350,4.021647,20.674494,17.648859,19.014849,0.015150
450.500000,0.200000,450.423676,4.027500,4.012350,4.021640,20.674494,17.648859,19.014849,0.015150
,,450.424316,4.027500,4.012350,4.021646,20.674494,17.648859,19.014612,0.015150
450.500000,0.200000,450.426544,4.027500,4.012350,4.021666,20.674494,17.648859,19.014534,0.015150
,,450.421295,4.027500,4.012350,4.021619,20.674494,17.653894,19.014454,0.015150
450.500000,0.200000,450.431122,4.027650,4.012500,4.021707,20.674494,17.648859,19.014221,0.015150
,,450.443909,4.027650,4.012500,4.021821,20.674494,17.648859,19.014219,0.015150
450.399994,0.200000,450.441162,4.027650,4.012500,4.021796,20.674494,17.648859,19.013592,0.015150
450.500000,0.200000,450.412750,4.027350,4.012350,4.021543,20.674494,17.648859,19.013983,0.015000
,,450.428345,4.027500,4.012350,4.021682,20.674494,17.648859,19.013590,0.015150
450.500000,0.300000,450.455872,4.027800,4.012650,4.021927,20.674494,17.648859,19.013197,0.015150
,,450.428131,4.027500,4.012350,4.021680,20.674494,17.648859,19.013197,0.015150
450.500000,0.200000,450.425507,4.027500,4.012350,4.021657,20.674494,17.653894,19.013044,0.015150
,,450.426971,4.027500,4.012350,4.021669,20.674494,17.653894,19.012964,0.015150
450.500000,0.200000,450.426849,4.027500,4.012350,4.021668,20.674494,17.648859,19.012648,0.015150
,,450.429596,4.027650,4.012500,4.021693,20.674494,17.648859,19.013277,0.015150
450.500000,0.200000,450.420135,4.027500,4.012350,4.021608,20.674494,17.648859,19.012726,0.015150
,,450.413177,4.027350,4.012200,4.021546,20.674494,17.653894,19.012571,0.015150
450.500000,0.200000,450.410858,4.027500,4.012200,4.021525,20.674494,17.648859,19.012259,0.015300
,,450.442627,4.027650,4.012500,4.021809,20.674494,17.648859,19.012177,0.015150
450.500000,0.200000,450.410858,4.027500,4.012200,4.021525,20.674494,17.648859,19.011784,0.015300
,,450.443542,4.027800,4.012650,4.021817,20.674494,17.648859,19.011864,0.015150
450.500000,0.200000,450.411011,4.027350,4.012200,4.021527,20.674494,17.648859,19.012177,0.015150
,,450.441010,4.027650,4.012500,4.021795,20.674494,17.648859,19.011705,0.015150
450.500000,0.200000,450.419250,4.027500,4.012350,4.021600,20.674494,17.648859,19.011705,0.015150
,,450.429138,4.027500,4.012350,4.021689,20.674494,17.648859,19.011784,0.015150
450.500000,0.200000,450.427277,4.027500,4.012350,4.021672,20.674494,17.648859,19.011234,0.015150
450.500000,0.200000,450.425995,4.027500,4.012350,4.021661,20.674494,17.648859,19.011549,0.015150
450.500000,0.200000,450.411346,4.027500,4.012200,4.021530,20.674494,17.648859,19.011154,0.015300
,,450.444061,4.027650,4.012500,4.021822,20.674494,17.648859,19.011391,0.015150
450.500000,0.200000,450.412170,4.027500,4.012200,4.021537,20.674494,17.648859,19.010605,0.015300
,,450.441406,4.027650,4.012500,4.021798,20.674494,17.648859,19.010839,0.015150
450.500000,0.200000,450.411713,4.027500,4.012200,4.021533,20.674494,17.648859,19.010920,0.015300
,,450.419495,4.027500,4.012350,4.021603,20.679560,17.648859,19.011156,0.015150
450.500000,0.200000,450.428833,4.027500,4.012350,4.021686,20.674494,17.648859,19.010761,0.015150
,,450.427948,4.027650,4.012350,4.021678,20.674494,17.648859,19.010527,0.015300
450.500000,0.200000,450.427887,4.027650,4.012350,4.021677,20.674494,17.648859,19.010525,0.015300
,,450.428497,4.027500,4.012350,4.021683,20.674494,17.648859,19.010288,0.015150
450.500000,0.200000,450.428986,4.027650,4.012350,4.021688,20.674494,17.648859,19.010132,0.015300
,,450.427887,4.027500,4.012350,4.021677,20.674494,17.648859,19.009659,0.015150
450.500000,0.200000,450.424103,4.027500,4.012350,4.021644,20.674494,17.648859,19.010288,0.015150
,,450.415009,4.027500,4.012200,4.021563,20.674494,17.648859,19.009813,0.015300
450.500000,0.200000,450.445007,4.027650,4.012500,4.021831,20.674494,17.648859,19.009735,0.015150
,,450.445251,4.027650,4.012500,4.021832,20.674494,17.648859,19.009340,0.015150
450.500000,0.200000,450.411774,4.027500,4.012200,4.021533,20.674494,17.648859,19.009342,0.015300
,,450.444550,4.027800,4.012500,4.021826,20.674494,17.648859,19.009735,0.015300
450.500000,0.300000,450.448273,4.027800,4.012650,4.021860,20.674494,17.648859,19.009184,0.015150
450.500000,0.200000,450.442810,4.027800,4.012650,4.021811,20.674494,17.648859,19.008709,0.015150
,,450.436981,4.027650,4.012500,4.021759,20.674494,17.648859,19.008633,0.015150
450.500000,0.200000,450.448944,4.027800,4.012500,4.021865,20.674494,17.648859,19.008791,0.015300
,,450.444702,4.027800,4.012500,4.021828,20.674494,17.648859,19.008001,0.015300
450.500000,0.200000,450.414520,4.027500,4.012200,4.021558,20.674494,17.648859,19.007767,0.015300
,,450.447510,4.027650,4.012500,4.021853,20.674494,17.648859,19.008003,0.015150
450.500000,0.200000,450.446777,4.027650,4.012500,4.021846,20.674494,17.648859,19.008396,0.015150
,,450.444855,4.027650,4.012500,4.021829,20.674494,17.648859,19.008081,0.015150
450.500000,0.200000,450.418457,4.027500,4.012350,4.021594,20.674494,17.648859,19.007843,0.015150
,,450.440338,4.027650,4.012500,4.021789,20.674494,17.648859,19.007765,0.015150
450.500000,0.200000,450.434631,4.027650,4.012350,4.021738,20.674494,17.648859,19.007448,0.015300
,,450.432556,4.027650,4.012350,4.021719,20.674494,17.648859,19.007687,0.015300
450.500000,0.200000,450.430756,4.027500,4.012350,4.021703,20.674494,17.648859,19.007370,0.015150
,,450.431671,4.027650,4.012350,4.021711,20.674494,17.648859,19.007452,0.015300
450.500000,0.200000,450.431976,4.027650,4.012500,4.021714,20.674494,17.648859,19.007370,0.015150
,,450.431061,4.027650,4.012500,4.021706,20.674494,17.648859,19.006821,0.015150
450.500000,0.200000,450.401978,4.027350,4.012200,4.021446,20.674494,17.648859,19.007212,0.015150
,,450.441711,4.027800,4.012650,4.021801,20.674494,17.648859,19.006979,0.015150
450.500000,0.200000,450.448090,4.027800,4.012650,4.021858,20.674494,17.648859,19.006739,0.015150
,,450.429138,4.027650,4.012500,4.021689,20.674494,17.648859,19.006739,0.015150
450.500000,0.200000,450.432831,4.027500,4.012350,4.021722,20.674494,17.648859,19.006660,0.015150
,,450.401123,4.027350,4.012200,4.021439,20.674494,17.648859,19.006502,0.015150
450.500000,0.100000,450.434540,4.027650,4.012500,4.021737,20.674494,17.648859,19.006187,0.015150
,,450.433685,4.027650,4.012350,4.021729,20.674494,17.648859,19.006342,0.015300
450.500000,0.200000,450.432983,4.027650,4.012350,4.021723,20.674494,17.648859,19.006027,0.015300
,,450.436188,4.027650,4.012500,4.021752,20.674494,17.648859,19.005871,0.015150
450.500000,0.200000,450.410553,4.027500,4.012350,4.021523,20.674494,17.648859,19.005558,0.015150
,,450.447693,4.027800,4.012500,4.021854,20.674494,17.648859,19.005636,0.015300
450.500000,0.200000,450.449371,4.027650,4.012500,4.021869,20.674494,17.648859,19.005636,0.015150
,,450.416931,4.027500,4.012350,4.021580,20.674494,17.648859,19.005402,0.015150
450.500000,0.200000,450.416229,4.027500,4.012350,4.021574,20.674494,17.648859,19.005320,0.015150
,,450.417175,4.027500,4.012350,4.021582,20.674494,17.648859,19.005400,0.015150
450.500000,0.200000,450.447388,4.027800,4.012500,4.021852,20.674494,17.648859,19.005318,0.015300
,,450.424469,4.027500,4.012500,4.021647,20.674494,17.643854,19.004772,0.015000
450.500000,0.200000,450.435547,4.027650,4.012500,4.021746,20.674494,17.648859,19.005243,0.015150
,,450.435425,4.027650,4.012500,4.021745,20.674494,17.648859,19.004925,0.015150
450.500000,0.200000,450.434387,4.027500,4.012500,4.021736,20.674494,17.648859,19.004139,0.015000
450.500000,0.200000,450.435394,4.027650,4.012500,4.021745,20.674494,17.648859,19.004454,0.015150
,,450.418274,4.027500,4.012200,4.021592,20.674494,17.648859,19.003826,0.015300
450.500000,0.200000,450.418549,4.027500,4.012350,4.021594,20.674494,17.648859,19.004219,0.015150
,,450.418152,4.027500,4.012350,4.021591,20.674494,17.648859,19.003590,0.015150
450.500000,0.200000,450.450562,4.027800,4.012650,4.021880,20.674494,17.643854,19.003983,0.015150
,,450.448334,4.027800,4.012500,4.021860,20.674494,17.643854,19.003748,0.015300
450.500000,0.200000,450.429321,4.027500,4.012500,4.021690,20.674494,17.648859,19.003510,0.015000
,,450.434814,4.027650,4.012500,4.021739,20.674494,17.648859,19.003431,0.015150
450.399994,0.100000,450.434845,4.027650,4.012500,4.021739,20.674494,17.643854,19.002958,0.015150
,,450.434631,4.027650,4.012500,4.021738,20.674494,17.643854,19.003197,0.015150
450.500000,0.200000,450.401642,4.027350,4.012200,4.021443,20.674494,17.643854,19.002800,0.015150
,,450.435608,4.027650,4.012500,4.021747,20.674494,17.648859,19.003193,0.015150
450.500000,0.200000,450.434937,4.027650,4.012350,4.021740,20.674494,17.648859,19.002724,0.015300
,,450.406708,4.027350,4.012200,4.021489,20.674494,17.643854,19.002962,0.015150
450.500000,0.200000,450.421722,4.027500,4.012350,4.021623,20.674494,17.648859,19.002171,
,,450.417236,4.027500,4.012350,4.021583,20.674494,17.643854,19.002487,0.015150
450.500000,0.100000,450.418823,4.027500,4.012350,4.021596,20.674494,,19.002487,0.015150
,,450.418274,4.027500,4.012350,4.021592,20.674494,17.648859,19.002251,0.015150
450.500000,0.200000,450.418732,,4.012350,4.021596,20.674494,17.643854,19.002174,0.015150
450.500000,0.100000,450.417236,4.027500,4.012200,4.021583,20.674494,17.648859,19.001778,0.015300
450.500000,0.200000,450.434906,4.027650,4.012500,4.021740,20.674494,17.643854,19.001858,0.015150
,,450.403259,4.027350,4.012200,4.021458,20.674494,17.643854,19.001383,0.015150
450.500000,0.200000,450.403564,4.027350,4.012200,4.021461,20.674494,17.643854,19.001541,0.015150
,,450.410706,4.027500,4.012200,4.021524,20.674494,17.648859,19.001543,0.015300
450.500000,0.200000,450.451904,4.027800,4.012650,4.021892,20.674494,17.643854,19.001148,0.015150
,,450.419342,4.027500,4.012350,4.021601,20.674494,17.643854,19.000910,0.015150
450.500000,0.200000,450.420074,4.027500,4.012200,4.021608,20.674494,17.648859,19.001070,0.015300
,,450.452393,4.027800,4.012650,4.021896,20.674494,17.643854,19.000677,0.015150
450.500000,0.200000,450.420502,4.027500,4.012350,4.021612,20.674494,17.643854,19.000753,0.015150
,,450.420685,4.027500,4.012350,4.021613,20.674494,17.648859,19.000832,0.015150
450.500000,0.200000,450.422302,4.027500,4.012350,4.021628,20.674494,17.643854,19.000441,0.015150
,,450.428497,4.027650,4.012500,4.021683,20.674494,17.648859,19.000521,0.015150
450.500000,0.100000,450.406067,4.027350,4.012200,4.021483,20.674494,17.643854,19.000519,0.015150
,,450.437073,4.027650,4.012500,4.021760,20.674494,17.643854,19.000204,0.015150
450.500000,0.200000,450.438110,4.027650,4.012350,4.021769,20.674494,17.643854,18.999969,0.015300
,,450.436462,4.027650,4.012500,4.021754,20.674494,17.643854,19.000204,0.015150
450.500000,0.200000,450.438385,4.027650,4.012500,4.021771,20.674494,17.643854,19.000360,0.015150
,,450.438110,4.027650,4.012500,4.021769,20.674494,17.643854,18.999811,0.015150
450.500000,0.200000,450.441498,4.027650,4.012500,4.021799,20.674494,17.643854,18.999657,0.015150
,,450.421844,4.027500,4.012350,4.021624,20.674494,17.643854,18.999733,0.015150
450.500000,0.200000,450.450470,4.027800,4.012500,4.021879,20.674494,17.643854,18.999653,0.015300
,,450.432281,4.027650,4.012500,4.021717,20.674494,17.643854,18.998947,0.015150
450.500000,0.200000,450.438110,4.027650,4.012500,4.021769,20.674494,17.643854,18.998867,0.015150
,,450.438263,4.027650,4.012500,4.021770,20.674494,17.643854,18.998709,0.015150
450.500000,0.200000,450.440247,4.027650,4.012500,4.021788,20.674494,17.643854,18.998945,0.015150
,,450.438416,4.027650,4.012500,4.021771,20.674494,17.643854,18.998947,0.015150
450.500000,0.200000,450.436768,4.027650,4.012500,4.021757,20.674494,17.643854,18.998787,0.015150
,,450.406860,4.027350,4.012200,4.021490,20.674494,17.643854,18.998316,0.015150
450.500000,0.200000,450.433319,4.027650,4.012350,4.021726,20.674494,17.643854,18.998316,0.015300
,,450.424713,4.027500,4.012350,4.021649,20.674494,17.643854,18.998241,0.015150
450.500000,0.200000,450.423553,4.027500,4.012350,4.021639,20.674494,17.643854,18.998711,0.015150
,,450.421600,4.027500,4.012350,4.021621,20.674494,17.643854,18.997925,0.015150
450.500000,0.200000,450.421417,4.027500,4.012350,4.021620,20.674494,17.643854,18.997768,0.015150
,,450.454926,4.027800,4.012650,4.021919,20.674494,17.643854,18.997768,0.015150
450.500000,0.200000,450.422791,4.027500,4.012350,4.021632,20.674494,17.643854,18.997690,0.015150
,,450.424164,4.027500,4.012350,4.021644,20.674494,17.643854,18.997297,0.015150
450.500000,0.200000,450.446198,4.027800,4.012500,4.021841,20.674494,17.643854,18.997452,0.015300
450.500000,0.200000,450.437805,4.027650,4.012500,4.021766,20.674494,17.643854,18.997456,0.015150
,,450.432098,4.027500,4.012350,4.021715,20.674494,17.643854,18.997061,0.015150
450.500000,0.200000,450.420410,4.027500,4.012350,4.021611,20.674494,17.643854,18.997137,0.015150
,,450.421600,4.027500,4.012350,4.021621,20.674494,17.643854,18.996822,0.015150
450.500000,0.200000,450.421844,4.027500,4.012350,4.021624,20.674494,17.643854,18.996510,0.015150
,,450.421661,4.027500,4.012350,4.021622,20.674494,17.643854,18.996510,0.015150
450.500000,0.200000,450.422638,4.027500,4.012350,4.021631,20.674494,17.643854,18.996586,0.015150
,,450.423126,4.027500,4.012350,4.021635,20.674494,17.643854,18.996271,0.015150
450.500000,0.200000,450.425323,4.027500,4.012350,4.021655,20.674494,17.643854,18.995958,0.015150
,,450.431244,4.027650,4.012500,4.021708,20.674494,17.643854,18.995720,0.015150
450.500000,0.200000,450.408630,4.027350,4.012200,4.021506,20.674494,17.643854,18.995956,0.015150
,,450.440094,4.027650,4.012500,4.021787,20.674494,17.643854,18.995718,0.015150
450.500000,0.200000,450.440674,4.027650,4.012500,4.021792,20.674494,17.643854,18.995800,0.015150
,,450.439606,4.027650,4.012500,4.021782,20.674494,17.643854,18.995562,0.015150
450.399994,0.200000,450.440704,4.027800,4.012500,4.021792,20.674494,17.643854,18.995876,0.015300
,,450.440979,4.027650,4.012500,4.021794,20.674494,17.638819,18.995167,0.015150
450.500000,0.200000,450.445251,4.027800,4.012650,4.021832,20.674494,17.643854,18.995087,0.015150
,,450.452393,4.027800,4.012650,4.021896,20.674494,17.643854,18.995087,0.015150
450.500000,0.200000,450.427032,4.027500,4.012350,4.021670,20.674494,17.643854,18.995325,0.015150
450.500000,0.200000,450.458221,4.027800,4.012650,4.021948,20.674494,17.643854,18.995247,0.015150
450.500000,0.200000,450.444122,4.027650,4.012500,4.021822,20.674494,17.643854,18.994377,0.015150
,,450.443634,4.027650,4.012500,4.021818,20.674494,17.643854,18.994301,0.015150
450.500000,0.200000,450.442444,4.027650,4.012500,4.021808,20.674494,17.643854,18.994377,0.015150
,,450.442902,4.027650,4.012500,4.021811,20.674494,17.643854,18.994457,0.015150
450.500000,0.200000,450.409729,4.027350,4.012200,4.021515,20.674494,17.643854,18.994143,0.015150
,,450.443329,4.027650,4.012500,4.021815,20.674494,17.643854,18.994061,0.015150
450.500000,0.200000,450.441895,4.027650,4.012500,4.021802,20.674494,17.643854,18.993670,0.015150
,,450.419495,4.027500,4.012350,4.021603,20.674494,17.643854,18.993591,0.015150
450.500000,0.200000,450.427643,4.027500,4.012350,4.021676,20.674494,17.643854,18.993670,0.015150
,,450.426300,4.027650,4.012350,4.021663,20.669428,17.643854,18.993589,0.015300
450.500000,0.100000,450.425812,4.027500,4.012350,4.021659,20.674494,17.643854,18.993351,0.015150
,,450.425385,4.027500,4.012350,4.021655,20.674494,17.643854,18.993193,0.015150
450.500000,0.200000,450.427002,4.027500,4.012350,4.021670,20.674494,17.643854,18.993275,0.015150
,,450.427460,4.027500,4.012350,4.021674,20.674494,17.643854,18.992958,0.015150
450.500000,0.200000,450.422394,4.027500,4.012350,4.021628,20.674494,17.643854,18.993036,0.015150
,,450.417114,4.027500,4.012200,4.021581,20.674494,17.643854,18.992798,0.015300
450.500000,0.200000,450.442291,4.027650,4.012500,4.021806,20.669428,17.643854,18.992563,0.015150
,,450.442322,4.027650,4.012500,4.021806,20.674494,17.643854,18.992168,0.015150
450.399994,0.200000,450.442291,4.027800,4.012500,4.021806,20.674494,17.643854,18.992168,0.015300
450.500000,0.200000,450.460541,4.027800,4.012650,4.021969,20.674494,17.643854,18.992092,0.015150
,,450.426300,4.027500,4.012350,4.021663,20.674494,17.643854,18.992249,0.015150
450.500000,0.200000,450.425934,4.027650,4.012350,4.021660,20.674494,17.643854,18.991856,0.015300
,,450.426788,4.027650,4.012350,4.021668,20.674494,17.643854,18.991697,0.015300
450.500000,0.200000,450.427216,4.027500,4.012500,4.021672,20.674494,17.643854,18.991304,0.015000
,,450.456818,4.027800,4.012650,4.021936,20.674494,17.643854,18.991228,0.015150
450.500000,0.100000,450.419037,4.027500,4.012350,,20.674494,17.643854,18.991228,0.015150
450.500000,0.200000,450.440338,4.027650,4.012500,4.021789,20.674494,17.638819,18.991383,0.015150
,,450.443665,4.027650,4.012500,4.021819,20.674494,17.643854,18.990990,0.015150
450.500000,0.200000,450.411316,4.027500,4.012200,4.021530,20.674494,17.643854,18.990910,0.015300
,,450.411957,4.027350,4.012200,4.021535,20.674494,17.643854,18.991148,0.015150
450.500000,0.200000,450.443817,4.027650,4.012500,4.021820,20.674494,17.643854,18.990753,0.015150
,,450.444244,4.027800,4.012500,4.021823,20.674494,17.643854,18.990988,0.015300
450.500000,0.200000,450.414612,4.027350,4.012200,4.021559,20.674494,17.643854,18.990595,0.015150
,,450.436005,4.027650,4.012500,4.021750,20.674494,17.643854,18.990519,0.015150
450.500000,0.200000,450.427032,4.027500,4.012350,4.021670,20.674494,17.638819,18.990360,0.015150
,,450.427704,4.027650,4.012350,4.021676,20.674494,17.643854,18.990755,0.015300
450.500000,0.200000,450.429108,4.027650,4.012500,4.021688,20.674494,17.643854,18.990124,0.015150
450.399994,0.100000,450.429169,4.027650,4.012500,4.021689,20.674494,17.638819,18.990360,0.015150
,,450.413239,4.027500,4.012200,4.021547,20.674494,17.638819,18.989889,0.015300
450.500000,0.200000,450.445496,4.027800,4.012500,4.021835,20.674494,17.643854,18.989885,0.015300
,,450.444702,4.027800,4.012500,4.021828,20.674494,17.638819,18.989573,0.015300
450.500000,0.200000,450.412354,4.027350,4.012350,4.021539,20.674494,17.638819,18.989416,0.015000
,,450.415771,4.027500,4.012350,4.021569,20.674494,17.638819,18.989180,0.015150
450.500000,0.200000,450.437927,4.027650,4.012500,4.021767,20.674494,17.638819,18.989021,0.015150
,,450.431763,4.027500,4.012350,4.021712,20.674494,17.643854,18.988865,0.015150
450.500000,0.200000,450.429840,4.027500,4.012350,4.021695,20.674494,17.638819,18.989416,0.015150
,,450.429413,4.027500,4.012350,4.021691,20.674494,17.643854,18.989100,0.015150
450.500000,0.100000,450.429474,4.027500,4.012350,4.021692,20.674494,17.638819,18.989101,0.015150
,,450.428986,4.027500,4.012500,4.021688,20.674494,17.638819,18.988550,0.015000
450.500000,0.200000,450.429108,4.027500,4.012350,4.021688,20.674494,17.638819,18.988628,0.015150
,,450.429596,4.027500,4.012350,4.021693,20.674494,17.638819,18.988235,0.015150
450.500000,0.200000,450.437225,4.027650,4.012500,4.021761,20.674494,17.643854,18.988392,0.015150
,,450.415131,4.027500,4.012200,4.021564,20.674494,17.643854,18.988707,0.015300
450.500000,0.200000,450.446320,4.027800,4.012500,4.021842,20.674494,17.643854,18.988235,0.015300
,,450.446350,4.027650,4.012500,4.021842,20.674494,17.643854,18.988155,0.015150
450.500000,0.200000,450.445892,4.027650,4.012500,4.021838,20.669428,17.643854,18.987997,0.015150
450.500000,0.100000,450.414429,4.027350,4.012200,4.021557,20.674494,17.643854,18.987682,0.015150
450.500000,0.100000,450.429169,4.027650,4.012350,4.021689,20.674494,17.638819,18.987526,0.015300
,,450.429596,4.027650,4.012350,4.021693,20.674494,17.638819,18.987370,0.015300
450.500000,0.100000,450.429718,4.027650,4.012500,4.021694,20.674494,17.638819,18.987289,0.015150
,,450.426971,4.027500,4.012350,4.021669,20.674494,17.638819,18.987370,0.015150
450.500000,0.200000,450.420197,4.027500,4.012350,4.021609,20.674494,17.638819,18.986975,0.015150
,,450.445587,4.027800,4.012650,4.021836,20.669428,17.638819,18.987133,0.015150
450.500000,0.200000,450.447845,4.027800,4.012500,4.021856,20.674494,17.638819,18.986660,0.015300
,,450.415375,4.027500,4.012200,4.021566,20.674494,17.643854,18.986975,0.015300
450.500000,0.200000,450.446350,4.027650,4.012500,4.021842,20.669428,17.638819,18.986423,0.015150
,,450.447388,4.027800,4.012650,4.021852,20.674494,17.638819,18.986425,0.015150
450.500000,0.200000,450.415955,4.027500,4.012200,4.021571,20.674494,17.638819,18.986111,0.015300
,,450.420105,4.027500,4.012350,4.021608,20.674494,17.638819,18.986189,0.015150
450.500000,0.200000,450.435547,4.027650,4.012350,4.021746,20.674494,17.638819,18.986031,0.015300
,,450.431854,4.027650,4.012350,4.021713,20.674494,17.643854,18.986345,0.015300
450.500000,0.200000,450.431335,4.027650,4.012350,4.021708,20.674494,17.638819,18.985952,0.015300
,,450.432770,4.027650,4.012350,4.021721,20.674494,17.638819,18.985640,0.015300
450.500000,0.100000,450.432068,4.027650,4.012350,4.021715,20.674494,17.638819,18.985874,0.015300
,,450.430908,4.027500,4.012350,4.021705,20.669428,17.638819,18.985401,0.015150
450.500000,0.200000,450.434540,4.027650,4.012500,4.021737,20.674494,17.638819,18.985323,0.015150
450.500000,0.200000,450.448914,4.027800,4.012650,4.021865,20.674494,17.638819,18.985323,0.015150
,,450.420441,4.027500,4.012350,4.021611,20.674494,17.638819,18.984772,0.015150
450.399994,0.200000,450.428131,4.027650,4.012500,4.021680,20.674494,17.638819,18.984615,0.015150
,,450.432587,4.027650,4.012500,4.021719,20.674494,17.638819,18.984301,0.015150
450.500000,0.100000,450.432281,4.027650,4.012500,4.021717,20.674494,17.638819,18.984066,0.015150
,,450.432526,4.027650,4.012500,4.021719,20.674494,17.638819,18.984221,0.015150
450.500000,0.200000,450.434052,4.027650,4.012500,4.021733,20.674494,17.638819,18.984457,0.015150
,,450.433167,4.027650,4.012350,4.021725,20.674494,17.638819,18.984303,0.015300
450.500000,0.100000,450.434113,4.027650,4.012500,4.021733,20.674494,17.638819,18.984064,0.015150
,,450.441864,4.027800,4.012500,4.021802,20.674494,17.638819,18.984221,0.015300
450.500000,0.200000,450.448456,4.027650,4.012500,4.021861,20.674494,17.638819,18.983435,0.015150
,,450.448914,4.027650,4.012650,4.021865,20.674494,17.638819,18.983198,0.015000
450.500000,0.200000,450.449310,4.027800,4.012650,4.021869,20.674494,17.638819,18.983515,0.015150
,,450.449829,4.027800,4.012500,4.021873,20.674494,17.638819,18.983278,0.015300
450.500000,0.200000,450.417908,4.027500,4.012200,4.021588,20.674494,17.638819,18.983120,0.015300
,,450.419769,4.027500,4.012350,4.021605,20.669428,17.638819,18.983200,0.015150
450.500000,0.200000,450.423523,4.027500,4.012350,4.021638,20.674494,17.638819,18.983751,0.015150
,,450.429474,4.027650,4.012500,4.021692,20.674494,17.638819,18.982885,0.015150
450.500000,0.100000,450.435699,4.027650,4.012500,4.021747,20.674494,17.638819,18.983120,0.015150
,,450.420013,4.027650,4.012200,4.021607,20.674494,17.638819,18.982489,0.015450
450.500000,0.200000,450.417755,4.027500,4.012350,4.021587,20.674494,17.638819,18.982569,0.015150
,,450.417419,4.027500,4.012200,4.021584,20.674494,17.638819,18.982569,0.015300
450.500000,0.200000,450.417908,4.027500,4.012350,4.021588,20.669428,17.638819,18.982491,0.015150
,,450.450714,4.027800,4.012650,4.021882,20.674494,17.638819,18.982254,0.015150
450.500000,0.200000,450.450287,4.027800,4.012650,4.021878,20.669428,17.638819,18.982176,0.015150
,,450.459045,4.027800,4.012650,4.021956,20.669428,17.638819,18.981543,0.015150
450.500000,0.200000,450.431976,4.027650,4.012500,4.021714,20.669428,17.638819,18.981859,0.015150
,,450.434387,4.027650,4.012500,4.021736,20.674494,17.638819,18.981625,0.015150
450.500000,0.200000,450.435150,4.027650,4.012500,4.021742,20.674494,17.638819,18.981623,0.015150
,,450.435699,4.027650,4.012500,4.021747,20.669428,17.638819,18.981071,0.015150
450.500000,0.200000,450.435791,4.027650,4.012500,4.021748,20.674494,17.638819,18.981308,0.015150
,,450.435791,4.027650,4.012500,4.021748,20.669428,17.638819,18.980993,0.015150
450.500000,0.100000,450.433716,4.027650,4.012500,4.021729,20.669428,17.638819,18.980913,0.015150
,,450.426270,4.027500,4.012200,4.021663,20.669428,17.638819,18.981070,0.015300
450.500000,0.200000,450.419952,4.027500,4.012350,4.021607,20.674494,17.638819,18.980677,0.015150
,,450.419647,4.027500,4.012350,4.021604,20.669428,17.638819,18.980679,0.015150
450.500000,0.200000,450.420380,4.027500,4.012350,4.021611,20.674494,17.638819,18.980442,0.015150
450.500000,0.200000,450.452545,4.027800,4.012650,4.021898,20.669428,17.638819,18.980047,0.015150
,,450.437042,4.027650,4.012500,4.021760,20.674494,17.638819,18.979891,0.015150
450.500000,0.200000,450.436005,4.027650,4.012500,4.021750,20.669428,17.638819,18.980049,0.015150
,,450.436798,4.027650,4.012500,4.021757,20.669428,17.638819,18.979418,0.015150
450.500000,0.100000,450.434631,4.027650,4.012500,4.021738,20.674494,17.638819,18.979729,0.015150
,,450.427917,4.027500,4.012350,4.021678,20.674494,17.633783,18.979654,0.015150
450.500000,0.200000,450.421112,4.027500,4.012350,4.021617,20.669428,17.633783,18.979652,0.015150
,,450.454041,4.027800,4.012650,4.021911,20.674494,17.638819,18.979496,0.015150
450.500000,0.200000,450.421478,4.027500,4.012350,4.021620,20.674494,17.638819,18.979259,0.015150
,,450.453308,4.027800,4.012650,4.021904,20.669428,17.638819,18.979021,0.015150
450.500000,0.200000,450.420685,4.027500,4.012350,4.021613,20.669428,17.638819,18,0.015150
,,450.421173,4.027500,4.012350,4.021617,20.669428,17.638819,18.979103,0.015150
450.500000,0.200000,450.424774,4.027500,4.012350,,20.669428,17.633783,18.978785,0.015150
450.500000,0.200000,450.434662,4.027650,4.012500,4.021738,20.669428,17.633783,18.978468,0.015150
,,450.436432,4.027650,4.012500,4.021754,20.674494,17.638819,18.978704,0.015150
450.500000,0.100000,450.437378,4.027650,4.012350,4.021762,20.674494,17.633783,18.978706,0.015300
,,450.436890,4.027650,4.012500,4.021758,20.674494,17.633783,18.978312,0.015150
450.500000,0.200000,450.436005,4.027650,4.012500,4.021750,20.674494,17.638819,18.978313,0.015150
,,450.435852,4.027650,4.012500,4.021749,20.674494,17.633783,18.978392,0.015150
450.500000,0.200000,450.439728,4.027650,4.012500,4.021783,20.669428,17.638819,18.978390,0.015150
450.500000,0.200000,450.421539,4.027500,4.012350,4.021621,20.669428,17.638819,18.977680,0.015150
,,450.425323,4.027500,4.012350,4.021655,20.674494,17.638819,18.977524,0.015150
450.500000,0.200000,450.445709,4.027650,4.012500,4.021837,20.669428,17.633783,18.977209,0.015150
,,450.436798,4.027650,4.012500,4.021757,20.674494,17.638819,18.977606,0.015150
450.500000,0.200000,450.438141,4.027650,4.012500,4.021769,20.669428,17.638819,18.977444,0.015150
,,450.437469,4.027650,4.012500,4.021763,20.674494,17.638819,18.977526,0.015150
450.500000,0.200000,450.438263,4.027650,4.012500,4.021770,20.669428,17.633783,18.976973,0.015150
,,450.438843,4.027650,4.012500,4.021775,20.669428,17.638819,18.976341,0.015150
450.500000,0.200000,450.437225,4.027650,4.012500,4.021761,20.669428,17.638819,18.977053,0.015150
,,450.444794,4.027650,4.012500,4.021829,20.669428,17.638819,18.976421,0.015150
450.500000,0.100000,450.424316,4.027500,4.012350,4.021646,20.674494,17.638819,18.976656,0.015150
,,450.455109,4.027800,4.012650,4.021921,20.674494,17.633783,18.976265,0.015150
450.500000,0.200000,450.422821,4.027500,4.012350,4.021632,20.669428,17.633783,18.976421,0.015150
,,450.423126,4.027500,4.012350,4.021635,20.674494,17.633783,18.976030,0.015150
450.500000,0.200000,450.455109,4.027800,4.012650,4.021921,20.669428,17.633783,18.975868,0.015150
,,450.423248,4.027500,4.012350,4.021636,20.674494,17.633783,18.976025,0.015150
450.500000,0.200000,450.425201,4.027500,4.012350,4.021654,20.669428,17.633783,18.976030,0.015150
,,450.446838,4.027650,4.012650,4.021847,20.674494,17.633783,18.975794,0.015000
450.500000,0.100000,450.436920,4.027650,4.012500,4.021758,20.669428,17.638819,18.975790,0.015150
,,450.430267,4.027500,4.012350,4.021699,20.674494,17.633783,18.975555,0.015150
450.500000,0.100000,450.424896,4.027500,4.012350,4.021651,20.669428,17.633783,18.975555,0.015150
,,450.423065,4.027500,4.012350,4.021635,20.669428,17.633783,18.975555,0.015150
450.500000,0.100000,450.423248,4.027500,4.012350,4.021636,20.674494,17.633783,18.975084,0.015150
,,450.423431,4.027500,4.012350,4.021638,20.669428,17.633783,18.974691,0.015150
450.500000,0.200000,450.423492,4.027500,4.012350,4.021638,20.669428,17.633783,18.975164,0.015150
,,450.424042,4.027500,4.012500,4.021643,20.669428,17.633783,18.974373,0.015000
450.500000,0.200000,450.428680,4.027650,4.012350,4.021685,20.674494,17.633783,18.974142,0.015300
,,450.436737,4.027650,4.012500,4.021757,20.674494,17.633783,18.974693,0.015150
450.500000,0.200000,450.439270,4.027650,4.012500,4.021779,20.674494,17.633783,18.974535,0.015150
,,450.440186,4.027650,4.012500,4.021787,20.674494,17.638819,18.974770,0.015150
450.500000,0.100000,450.439178,4.027650,4.012500,4.021779,20.669428,17.633783,18.974060,0.015150
,,450.440155,4.027650,4.012500,4.021787,20.669428,17.633783,18.974062,0.015150
450.500000,0.100000,450.440643,4.027650,4.012500,4.021791,20.674494,17.633783,18.973984,0.015150
,,450.439453,4.027650,4.012500,4.021781,20.674494,17.633783,18.973352,0.015150
450.500000,0.100000,450.434937,4.027650,4.012500,4.021740,20.674494,17.633783,18.973276,0.015150
,,450.427368,4.027500,4.012350,4.021673,20.669428,17.633783,18.973669,0.015150
450.500000,0.200000,450.424103,4.027500,4.012350,4.021644,20.669428,17.633783,18.973198,0.015150
450.500000,0.200000,450.424530,4.027500,4.012350,4.021647,20.674494,17.638819,18.973431,0.015150
,,450.440643,4.027650,4.012500,4.021791,20.669428,17.633783,18.972723,0.015150
450.500000,0.200000,450.441559,4.027800,4.012500,4.021800,20.669428,17.633783,18.972960,0.015300
,,450.441193,4.027650,4.012500,4.021796,20.669428,17.633783,18.972252,0.015150
450.500000,0.100000,450.440979,4.027650,4.012500,4.021794,20.669428,17.633783,18.971933,0.015150
,,450.440491,4.027650,4.012500,4.021790,20.669428,17.633783,18.971935,0.015150
450.500000,0.100000,450.441040,4.027650,4.012500,4.021795,20.669428,17.633783,18.972406,0.015150
,,450.447144,4.027800,4.012650,4.021850,20.669428,17.633783,18.972094,0.015150
450.500000,0.200000,450.428162,4.027500,4.012350,4.021680,20.674494,17.633783,18.971933,0.015150
,,450.426239,4.027500,4.012350,4.021663,20.669428,17.633783,18.972013,0.015150
450.500000,0.200000,450.425629,4.027500,4.012350,4.021657,20.669428,17.633783,18.971857,0.015150
,,450.426605,4.027500,4.012350,4.021666,20.669428,17.633783,18.971462,0.015150
450.500000,0.200000,450.426666,4.027500,4.012350,4.021667,20.674494,17.633783,18.972170,0.015150
,,450.426544,4.027500,4.012350,4.021666,20.669428,17.633783,18.971462,0.015150
450.500000,0.200000,450.428406,4.027500,4.012350,4.021682,20.669428,17.633783,18.971304,0.015150
,,450.452881,4.027800,4.012500,4.021901,20.674494,17.633783,18.971542,0.015300
450.500000,0.200000,450.446228,4.027650,4.012650,4.021842,20.674494,17.633783,18.971306,0.015000
,,450.444122,4.027650,4.012500,4.021822,20.669428,17.633783,18.970755,0.015150
450.500000,0.100000,450.444122,4.027800,4.012500,4.021822,20.674494,17.633783,18.970753,0.015300
450.500000,0.200000,450.444946,4.027650,4.012500,4.021830,20.669428,17.633783,18.970833,0.015150
450.500000,0.100000,450.427032,4.027500,4.012350,4.021670,20.674494,17.633783,18.970755,0.015150
,,450.428497,4.027500,4.012350,4.021683,20.669428,17.633783,18.970360,0.015150
450.500000,0.200000,450.427155,4.027500,4.012350,4.021671,20.669428,17.633783,18.970362,0.015150
,,450.459320,4.027950,4.012650,4.021958,20.674494,17.633783,18.969969,0.015300
450.500000,0.200000,450.428558,4.027650,4.012350,4.021684,20.669428,17.633783,18.970360,0.015300
,,450.436310,4.027650,4.012500,4.021753,20.669428,17.633783,18.969730,0.015150
450.500000,0.200000,450.442474,4.027650,4.012500,4.021808,20.669428,17.633783,18.969967,0.015150
,,450.444061,4.027650,4.012650,4.021822,20.674494,17.633783,18.969967,0.015000
450.500000,0.100000,450.444946,4.027650,4.012650,4.021830,20.674494,17.633783,18.969496,0.015000
,,450.444427,4.027800,4.012500,4.021825,20.674494,17.633783,18.969652,0.015300
450.500000,0.100000,450.445190,4.027650,4.012500,4.021832,20.669428,17.633783,18.969259,0.015150
,,450.445465,4.027800,4.012500,4.021834,20.669428,17.633783,18.969337,0.015300
450.299988,0.000000,450.348389,4.026900,4.011750,4.020968,20.669428,17.633783,18.969179,0.015150
,,450.426849,4.027500,4.012350,4.021668,20.669428,17.633783,18.969019,0.015150
450.500000,0.200000,450.429413,4.027500,4.012350,4.021691,20.669428,17.633783,18.968864,0.015150
,,450.342072,4.026750,4.011750,4.020911,20.669428,17.633783,18.968945,0.015000
450.500000,0.200000,450.341705,4.026750,4.011600,4.020908,20.674494,17.633783,18.968866,0.015150
,,450.427155,4.027500,4.012350,4.021671,20.669428,17.633783,18.968393,0.015150
450.500000,0.200000,450.350494,4.026750,4.011600,4.020987,20.669428,17.633783,18.968550,0.015150
450.600006,0.300000,450.339874,4.026750,4.011600,4.020892,20.669428,17.633783,18.968155,0.015150
,,450.424774,4.027500,4.012500,4.021650,20.669428,17.633783,18.968393,0.015000
450.500000,0.100000,450.426178,4.027650,4.012350,4.021662,20.669428,17.633783,18.967684,0.015300
,,450.424164,4.027500,4.012350,4.021644,20.669428,17.633783,18.967684,0.015150
450.299988,0.000000,450.347198,4.026750,4.011600,4.020957,20.669428,17.633783,18.967289,0.015150
,,450.425140,4.027500,4.012350,4.021653,20.669428,17.633783,18.967447,0.015150
450.299988,0.000000,450.425812,4.027500,4.012350,,20.669428,17.633783,18.967369,0.015150
450.500000,0.100000,450.804413,4.043400,4.015200,4.025039,20.669428,17.633783,18.967525,0.028200
,,450.425690,4.027500,4.012350,4.021658,20.669428,17.628748,18.967289,0.015150
450.500000,0.200000,450.426422,4.027650,4.012350,4.021665,20.669428,17.628748,18.967213,0.015300
,,450.442810,4.027650,4.012500,,,,,
