total_v: 113.236794	max_v: 4.048350	min_v: 4.038450	avg_v: 4.044171	max-min: 0.009900
C1=4.039650V	C2=4.041150V	C3=4.042650V	C4=4.043700V	C5=4.042500V	C6=4.041450V	C7=4.048350V	C8=4.045950V	C9=4.046850V	C10=4.043100V	C11=4.044000V	C12=4.044600V	C13=4.047150V	C14=4.048050V	C15=4.043250V	C16=4.041900V	C17=4.042050V	C18=4.043250V	C19=4.043700V	C20=4.044750V	C21=4.046400V	C22=4.044000V	C23=4.038450V	C24=4.045200V	C25=4.045650V	C26=4.045650V	C27=4.047150V	C28=4.046250V	
max_temp: 16.698755	min_temp: 13.544184	avg_temp: 14.067043
undervoltage: 0	overvoltage: 0	pec: 0	overtemperature: 0	openwire: 0	openwire_temp: 0
dcc1: 00	dcc2: 00	
Time: 3457
Current: -0.117950
SOC: 0.839314
total_v: 113.237251	max_v: 4.048350	min_v: 4.038450	avg_v: 4.044188	max-min: 0.009900
C1=4.039650V	C2=4.041300V	C3=4.042650V	C4=4.043700V	C5=4.042500V	C6=4.041450V	C7=4.048350V	C8=4.045800V	C9=4.046850V	C10=4.043100V	C11=4.044150V	C12=4.044600V	C13=4.047150V	C14=4.048050V	C15=4.043400V	C16=4.041900V	C17=4.042050V	C18=4.043250V	C19=4.043700V	C20=4.044750V	C21=4.046400V	C22=4.044000V	C23=4.038450V	C24=4.045200V	C25=4.045650V	C26=4.045800V	C27=4.047150V	C28=4.046250V	
max_temp: 16.698755	min_temp: 13.544184	avg_temp: 14.067989
undervoltage: 0	overvoltage: 0	pec: 0	overtemperature: 0	openwire: 0	openwire_temp: 0
dcc1: 00	dcc2: 00	
Time: 3658
Current: -0.117950
SOC: 0.839315
total_v: 113.237091	max_v: 4.048350	min_v: 4.038450	avg_v: 4.044182	max-min: 0.009900
C1=4.039650V	C2=4.041150V	C3=4.042650V	C4=4.043550V	C5=4.042500V	C6=4.041450V	C7=4.048350V	C8=4.045950V	C9=4.047000V	C10=4.042950V	C11=4.044000V	C12=4.044600V	C13=4.047150V	C14=4.048050V	C15=4.043400V	C16=4.041900V	C17=4.042050V	C18=4.043250V	C19=4.043700V	C20=4.044900V	C21=4.046550V	C22=4.044000V	C23=4.038450V	C24=4.045200V	C25=4.045650V	C26=4.045650V	C27=4.047150V	C28=4.046250V	
max_temp: 16.698755	min_temp: 13.544184	avg_temp: 14.068304
undervoltage: 0	overvoltage: 0	pec: 0	overtemperature: 0	openwire: 0	openwire_temp: 0
dcc1: 00	dcc2: 00	
Time: 3859
Current: -0.117950
SOC: 0.839315
total_v: 113.236794	max_v: 4.048350	min_v: 4.038450	avg_v: 4.044171	max-min: 0.009900
C1=4.039650V	C2=4.041150V	C3=4.042650V	C4=4.043700V	C5=4.042500V	C6=4.041450V	C7=4.048350V	C8=4.045800V	C9=4.046850V	C10=4.043100V	C11=4.044000V	C12=4.044600V	C13=4.047150V	C14=4.048050V	C15=4.043250V	C16=4.041900V	C17=4.042050V	C18=4.043250V	C19=4.043700V	C20=4.044750V	C21=4.046400V	C22=4.044150V	C23=4.038450V	C24=4.045200V	C25=4.045650V	C26=4.045650V	C27=4.047150V	C28=4.046250V	
max_temp: 16.698755	min_temp: 13.544184	avg_temp: 14.068304
undervoltage: 0	overvoltage: 0	pec: 0	overtemperature: 0	openwire: 0	openwire_temp: 0
dcc1: 00	dcc2: 00	
Time: 4060
Current: -0.117950
SOC: 0.839316
total_v: 113.237396	max_v: 4.048350	min_v: 4.038300	avg_v: 4.044193	max-min: 0.010050
C1=4.039650V	C2=4.041150V	C3=4.042800V	C4=4.043550V	C5=4.042500V	C6=4.041450V	C7=4.048350V	C8=4.045800V	C9=4.046850V	C10=4.043100V	C11=4.044150V	C12=4.044750V	C13=4.047150V	C14=4.048050V	C15=4.043250V	C16=4.041900V	C17=4.042050V	C18=4.043400V	C19=4.043700V	C20=4.044900V	C21=4.046400V	C22=4.044150V	C23=4.038300V	C24=4.045200V	C25=4.045650V	C26=4.045650V	C27=4.047300V	C28=4.046250V	
max_temp: 16.698755	min_temp: 13.544184	avg_temp: 14.067989
undervoltage: 0	overvoltage: 0	pec: 0	overtemperature: 0	openwire: 0	openwire_temp: 0
dcc1: 00	dcc2: 00	
Time: 4261
Current: -0.117950
SOC: 0.839316
total_v: 113.237396	max_v: 4.048350	min_v: 4.038450	avg_v: 4.044193	max-min: 0.009900
C1=4.039650V	C2=4.041150V	C3=4.042800V	C4=4.043700V	C5=4.042500V	C6=4.041450V	C7=4.048350V	C8=4.045800V	C9=4.046850V	C10=4.043100V	C11=4.044000V	C12=4.044750V	C13=4.047150V	C14=4.048050V	C15=4.043250V	C16=4.041900V	C17=4.042050V	C18=4.043400V	C19=4.043700V	C20=4.044900V	C21=4.046400V	C22=4.044150V	C23=4.038450V	C24=4.045200V	C25=4.045650V	C26=4.045650V	C27=4.047150V	C28=4.046250V	
max_temp: 16.703791	min_temp: 13.544184	avg_temp: 14.067987
undervoltage: 0	overvoltage: 0	pec: 0	overtemperature: 0	openwire: 0	openwire_temp: 0
dcc1: 00	dcc2: 00	
Time: 4462
Current: -0.117950
SOC: 0.839317
total_v: 113.237549	max_v: 4.048350	min_v: 4.038450	avg_v: 4.044198	max-min: 0.009900
C1=4.039650V	C2=4.041150V	C3=4.042800V	C4=4.043700V	C5=4.042500V	C6=4.041600V	C7=4.048350V	C8=4.045800V	C9=4.046850V	C10=4.043100V	C11=4.044000V	C12=4.044600V	C13=4.047300V	C14=4.048050V	C15=4.043400V	C16=4.041900V	C17=4.042050V	C18=4.043250V	C19=4.043700V	C20=4.044750V	C21=4.046550V	C22=4.044150V	C23=4.038450V	C24=4.045200V	C25=4.045650V	C26=4.045650V	C27=4.047150V	C28=4.046250V	
max_temp: 16.703791	min_temp: 13.544184	avg_temp: 14.067987
undervoltage: 0	overvoltage: 0	pec: 0	overtemperature: 0	openwire: 0	openwire_temp: 0
dcc1: 00	dcc2: 00	
Time: 4663
Current: -0.117950
SOC: 0.839317
total_v: 113.237083	max_v: 4.048350	min_v: 4.038450	avg_v: 4.044181	max-min: 0.009900
C1=4.039650V	C2=4.041150V	C3=4.042650V	C4=4.043700V	C5=4.042500V	C6=4.041450V	C7=4.048350V	C8=4.045800V	C9=4.046850V	C10=4.042950V	C11=4.044000V	C12=4.044600V	C13=4.047150V	C14=4.048050V	C15=4.043400V	C16=4.041900V	C17=4.042050V	C18=4.043400V	C19=4.043700V	C20=4.044900V	C21=4.046550V	C22=4.044000V	C23=4.038450V	C24=4.045200V	C25=4.045650V	C26=4.045650V	C27=4.047150V	C28=4.046250V	
max_temp: 16.703791	min_temp: 13.549219	avg_temp: 14.069248
undervoltage: 0	overvoltage: 0	pec: 0	overtemperature: 0	openwire: 0	openwire_temp: 0
dcc1: 00	dcc2: 00	
Time: 4864
Current: -0.216232
SOC: 0.839318
total_v: 113.237099	max_v: 4.048350	min_v: 4.038450	avg_v: 4.044182	max-min: 0.009900
C1=4.039650V	C2=4.041150V	C3=4.042800V	C4=4.043700V	C5=4.042500V	C6=4.041450V	C7=4.048350V	C8=4.045800V	C9=4.046850V	C10=4.043100V	C11=4.044000V	C12=4.044600V	C13=4.047150V	C14=4.048050V	C15=4.043250V	C16=4.041900V	C17=4.042050V	C18=4.043250V	C19=4.043700V	C20=4.044900V	C21=4.046400V	C22=4.044150V	C23=4.038450V	C24=4.045200V	C25=4.045650V	C26=4.045650V	C27=4.047150V	C28=4.046250V	
max_temp: 16.698755	min_temp: 13.544184	avg_temp: 14.068619
undervoltage: 0	overvoltage: 0	pec: 0	overtemperature: 0	openwire: 0	openwire_temp: 0
dcc1: 00	dcc2: 00	
Time: 5065
Current: -0.117950
SOC: 0.839319
total_v: 113.237541	max_v: 4.048350	min_v: 4.038450	avg_v: 4.044198	max-min: 0.009900
C1=4.039650V	C2=4.041150V	C3=4.042650V	C4=4.043700V	C5=4.042500V	C6=4.041450V	C7=4.048350V	C8=4.045800V	C9=4.046850V	C10=4.043100V	C11=4.044150V	C12=4.044600V	C13=4.047150V	C14=4.048050V	C15=4.043250V	C16=4.041900V	C17=4.042050V	C18=4.043400V	C19=4.043700V	C20=4.044900V	C21=4.046550V	C22=4.044150V	C23=4.038450V	C24=4.045200V	C25=4.045650V	C26=4.045800V	C27=4.047150V	C28=4.046250V	
max_temp: 16.703791	min_temp: 13.549219	avg_temp: 14.069565
undervoltage: 0	overvoltage: 0	pec: 0	overtemperature: 0	openwire: 0	openwire_temp: 0
dcc1: 00	dcc2: 00	
Time: 5266
Current: 0.176865
SOC: 0.839318
total_v: 113.237396	max_v: 4.048350	min_v: 4.038450	avg_v: 4.044193	max-min: 0.009900
C1=4.039650V	C2=4.041150V	C3=4.042650V	C4=4.043700V	C5=4.042500V	C6=4.041450V	C7=4.048350V	C8=4.045800V	C9=4.046850V	C10=4.043100V	C11=4.044150V	C12=4.044600V	C13=4.047150V	C14=4.048050V	C15=4.043400V	C16=4.042050V	C17=4.042050V	C18=4.043400V	C19=4.043550V	C20=4.044750V	C21=4.046550V	C22=4.044150V	C23=4.038450V	C24=4.045200V	C25=4.045650V	C26=4.045650V	C27=4.047150V	C28=4.046250V	
max_temp: 16.703791	min_temp: 13.549219	avg_temp: 14.070507
undervoltage: 0	overvoltage: 0	pec: 0	overtemperature: 0	openwire: 0	openwire_temp: 0
dcc1: 00	dcc2: 00	
Time: 5467
Current: -0.117950
SOC: 0.839318
total_v: 113.237244	max_v: 4.048200	min_v: 4.038450	avg_v: 4.044187	max-min: 0.009750
C1=4.039650V	C2=4.041150V	C3=4.042650V	C4=4.043700V	C5=4.042500V	C6=4.041450V	C7=4.048200V	C8=4.045800V	C9=4.046850V	C10=4.043100V	C11=4.044150V	C12=4.044600V	C13=4.047150V	C14=4.048050V	C15=4.043400V	C16=4.041900V	C17=4.042050V	C18=4.043250V	C19=4.043700V	C20=4.044900V	C21=4.046550V	C22=4.044150V	C23=4.038450V	C24=4.045200V	C25=4.045650V	C26=4.045650V	C27=4.047150V	C28=4.046250V	
max_temp: 16.703791	min_temp: 13.549219	avg_temp: 14.070190
undervoltage: 0	overvoltage: 0	pec: 0	overtemperature: 0	openwire: 0	openwire_temp: 0
dcc1: 00	dcc2: 00	
Time: 5668
Current: -0.117950
SOC: 0.839319
total_v: 113.237099	max_v: 4.048350	min_v: 4.038450	avg_v: 4.044182	max-min: 0.009900
C1=4.039650V	C2=4.041150V	C3=4.042800V	C4=4.043700V	C5=4.042500V	C6=4.041450V	C7=4.048350V	C8=4.045800V	C9=4.046850V	C10=4.043100V	C11=4.044150V	C12=4.044600V	C13=4.047300V	C14=4.048050V	C15=4.043250V	C16=4.041900V	C17=4.042050V	C18=4.043250V	C19=4.043700V	C20=4.044750V	C21=4.046400V	C22=4.044000V	C23=4.038450V	C24=4.045200V	C25=4.045650V	C26=4.045650V	C27=4.047150V	C28=4.046250V	
max_temp: 16.703791	min_temp: 13.544184	avg_temp: 14.069248
undervoltage: 0	overvoltage: 0	pec: 0	overtemperature: 0	openwire: 0	openwire_temp: 0
dcc1: 00	dcc2: 00	
Time: 5869
Current: -0.117950
SOC: 0.839319
total_v: 113.237396	max_v: 4.048350	min_v: 4.038450	avg_v: 4.044193	max-min: 0.009900
C1=4.039650V	C2=4.041150V	C3=4.042800V	C4=4.043700V	C5=4.042500V	C6=4.041450V	C7=4.048350V	C8=4.045950V	C9=4.046850V	C10=4.043100V	C11=4.044150V	C12=4.044600V	C13=4.047300V	C14=4.048050V	C15=4.043250V	C16=4.041900V	C17=4.042050V	C18=4.043250V	C19=4.043700V	C20=4.044900V	C21=4.046400V	C22=4.044000V	C23=4.038450V	C24=4.045200V	C25=4.045650V	C26=4.045650V	C27=4.047150V	C28=4.046250V	
max_temp: 16.703791	min_temp: 13.544184	avg_temp: 14.069880
undervoltage: 0	overvoltage: 0	pec: 0	overtemperature: 0	openwire: 0	openwire_temp: 0
dcc1: 00	dcc2: 00	
Time: 6070
Current: -0.216232
SOC: 0.839320
total_v: 113.237549	max_v: 4.048350	min_v: 4.038450	avg_v: 4.044198	max-min: 0.009900
C1=4.039650V	C2=4.041150V	C3=4.042800V	C4=4.043700V	C5=4.042500V	C6=4.041450V	C7=4.048350V	C8=4.045800V	C9=4.046850V	C10=4.043100V	C11=4.044150V	C12=4.044600V	C13=4.047300V	C14=4.048050V	C15=4.043250V	C16=4.041900V	C17=4.042050V	C18=4.043400V	C19=4.043550V	C20=4.044750V	C21=4.046550V	C22=4.044150V	C23=4.038450V	C24=4.045200V	C25=4.045650V	C26=4.045800V	C27=4.047150V	C28=4.046250V	
max_temp: 16.703791	min_temp: 13.549219	avg_temp: 14.070507
undervoltage: 0	overvoltage: 0	pec: 0	overtemperature: 0	openwire: 0	openwire_temp: 0
dcc1: 00	dcc2: 00	
Time: 6271
Current: -0.216232
SOC: 0.839321
total_v: 113.237106	max_v: 4.048200	min_v: 4.038450	avg_v: 4.044182	max-min: 0.009750
C1=4.039650V	C2=4.041150V	C3=4.042800V	C4=4.043700V	C5=4.042500V	C6=4.041450V	C7=4.048200V	C8=4.045800V	C9=4.046850V	C10=4.043100V	C11=4.044150V	C12=4.044600V	C13=4.047150V	C14=4.048050V	C15=4.043250V	C16=4.041900V	C17=4.042050V	C18=4.043250V	C19=4.043700V	C20=4.044750V	C21=4.046550V	C22=4.044000V	C23=4.038450V	C24=4.045350V	C25=4.045650V	C26=4.045650V	C27=4.047150V	C28=4.046250V	
max_temp: 16.703791	min_temp: 13.544184	avg_temp: 14.069880
undervoltage: 0	overvoltage: 0	pec: 0	overtemperature: 0	openwire: 0	openwire_temp: 0
dcc1: 00	dcc2: 00	
Time: 6472
Current: -0.216232
SOC: 0.839322
total_v: 113.237396	max_v: 4.048200	min_v: 4.038450	avg_v: 4.044193	max-min: 0.009750
C1=4.039650V	C2=4.041150V	C3=4.042800V	C4=4.043700V	C5=4.042500V	C6=4.041450V	C7=4.048200V	C8=4.045800V	C9=4.046850V	C10=4.043100V	C11=4.044150V	C12=4.044600V	C13=4.047300V	C14=4.048050V	C15=4.043250V	C16=4.041900V	C17=4.042050V	C18=4.043250V	C19=4.043700V	C20=4.044900V	C21=4.046550V	C22=4.044150V	C23=4.038450V	C24=4.045200V	C25=4.045650V	C26=4.045650V	C27=4.047150V	C28=4.046250V	
max_temp: 16.703791	min_temp: 13.549219	avg_temp: 14.070822
undervoltage: 0	overvoltage: 0	pec: 0	overtemperature: 0	openwire: 0	openwire_temp: 0
dcc1: 00	dcc2: 00	
Time: 6673
Current: -0.216232
SOC: 0.839323
total_v: 113.236649	max_v: 4.048200	min_v: 4.038450	avg_v: 4.044166	max-min: 0.009750
C1=4.039650V	C2=4.041150V	C3=4.042650V	C4=4.043700V	C5=4.042500V	C6=4.041450V	C7=4.048200V	C8=4.045800V	C9=4.046850V	C10=4.042950V	C11=4.044000V	C12=4.044600V	C13=4.047150V	C14=4.048050V	C15=4.043250V	C16=4.041900V	C17=4.042050V	C18=4.043400V	C19=4.043700V	C20=4.044900V	C21=4.046400V	C22=4.044000V	C23=4.038450V	C24=4.045200V	C25=4.045650V	C26=4.045650V	C27=4.047150V	C28=4.046250V	
max_temp: 16.703791	min_temp: 13.549219	avg_temp: 14.070824
undervoltage: 0	overvoltage: 0	pec: 0	overtemperature: 0	openwire: 0	openwire_temp: 0
dcc1: 00	dcc2: 00	
Time: 6874
Current: -0.117950
SOC: 0.839323
total_v: 113.237099	max_v: 4.048350	min_v: 4.038450	avg_v: 4.044182	max-min: 0.009900
C1=4.039650V	C2=4.041150V	C3=4.042800V	C4=4.043700V	C5=4.042500V	C6=4.041450V	C7=4.048350V	C8=4.045800V	C9=4.047000V	C10=4.043100V	C11=4.044150V	C12=4.044600V	C13=4.047150V	C14=4.048050V	C15=4.043250V	C16=4.041900V	C17=4.042050V	C18=4.043250V	C19=4.043700V	C20=4.044750V	C21=4.046400V	C22=4.044000V	C23=4.038450V	C24=4.045200V	C25=4.045650V	C26=4.045650V	C27=4.047150V	C28=4.046250V	
max_temp: 16.703791	min_temp: 13.549219	avg_temp: 14.071451
undervoltage: 0	overvoltage: 0	pec: 0	overtemperature: 0	openwire: 0	openwire_temp: 0
dcc1: 00	dcc2: 00	
Time: 7075
Current: -0.117950
SOC: 0.839324
total_v: 113.237389	max_v: 4.048350	min_v: 4.038450	avg_v: 4.044192	max-min: 0.009900
C1=4.039650V	C2=4.041150V	C3=4.042650V	C4=4.043700V	C5=4.042500V	C6=4.041450V	C7=4.048350V	C8=4.045800V	C9=4.046850V	C10=4.043100V	C11=4.044150V	C12=4.044750V	C13=4.047150V	C14=4.048050V	C15=4.043400V	C16=4.041900V	C17=4.042050V	C18=4.043250V	C19=4.043700V	C20=4.044900V	C21=4.046550V	C22=4.044000V	C23=4.038450V	C24=4.045200V	C25=4.045650V	C26=4.045650V	C27=4.047150V	C28=4.046250V	
max_temp: 16.708826	min_temp: 13.549219	avg_temp: 14.071766
undervoltage: 0	overvoltage: 0	pec: 0	overtemperature: 0	openwire: 0	openwire_temp: 0
dcc1: 00	dcc2: 00	
Time: 7276
Current: 0.963089
SOC: 0.839320
total_v: 113.237099	max_v: 4.048350	min_v: 4.038450	avg_v: 4.044182	max-min: 0.009900
C1=4.039650V	C2=4.041150V	C3=4.042800V	C4=4.043700V	C5=4.042500V	C6=4.041450V	C7=4.048350V	C8=4.045800V	C9=4.046850V	C10=4.043100V	C11=4.044000V	C12=4.044600V	C13=4.047300V	C14=4.048050V	C15=4.043250V	C16=4.041900V	C17=4.042050V	C18=4.043400V	C19=4.043700V	C20=4.044750V	C21=4.046550V	C22=4.044000V	C23=4.038450V	C24=4.045200V	C25=4.045500V	C26=4.045650V	C27=4.047150V	C28=4.046250V	
max_temp: 16.708826	min_temp: 13.549219	avg_temp: 14.071766
undervoltage: 0	overvoltage: 0	pec: 0	overtemperature: 0	openwire: 0	openwire_temp: 0
dcc1: 00	dcc2: 00	
Time: 7477
Current: -0.117950
SOC: 0.839320
total_v: 113.237396	max_v: 4.048200	min_v: 4.038450	avg_v: 4.044193	max-min: 0.009750
C1=4.039650V	C2=4.041150V	C3=4.042800V	C4=4.043700V	C5=4.042500V	C6=4.041450V	C7=4.048200V	C8=4.045800V	C9=4.046850V	C10=4.043100V	C11=4.044150V	C12=4.044600V	C13=4.047150V	C14=4.048050V	C15=4.043400V	C16=4.041900V	C17=4.042050V	C18=4.043250V	C19=4.043700V	C20=4.044900V	C21=4.046550V	C22=4.044000V	C23=4.038450V	C24=4.045200V	C25=4.045650V	C26=4.045800V	C27=4.047150V	C28=4.046250V	
max_temp: 16.708826	min_temp: 13.549219	avg_temp: 14.071766
undervoltage: 0	overvoltage: 0	pec: 0	overtemperature: 0	openwire: 0	openwire_temp: 0
dcc1: 00	dcc2: 00	
Time: 7678
Current: -0.117950
SOC: 0.839321
total_v: 113.237251	max_v: 4.048350	min_v: 4.038450	avg_v: 4.044188	max-min: 0.009900
C1=4.039650V	C2=4.041150V	C3=4.042650V	C4=4.043700V	C5=4.042500V	C6=4.041450V	C7=4.048350V	C8=4.045950V	C9=4.046850V	C10=4.043100V	C11=4.044150V	C12=4.044600V	C13=4.047300V	C14=4.048050V	C15=4.043400V	C16=4.041900V	C17=4.042050V	C18=4.043250V	C19=4.043700V	C20=4.044750V	C21=4.046400V	C22=4.044000V	C23=4.038450V	C24=4.045200V	C25=4.045650V	C26=4.045650V	C27=4.047150V	C28=4.046250V	
max_temp: 16.708826	min_temp: 13.549219	avg_temp: 14.071136
undervoltage: 0	overvoltage: 0	pec: 0	overtemperature: 0	openwire: 0	openwire_temp: 0
dcc1: 00	dcc2: 00	
Time: 7879
Current: -0.216232
SOC: 0.839322
total_v: 113.237846	max_v: 4.048350	min_v: 4.038450	avg_v: 4.044209	max-min: 0.009900
C1=4.039650V	C2=4.041300V	C3=4.042800V	C4=4.043700V	C5=4.042500V	C6=4.041450V	C7=4.048350V	C8=4.045800V	C9=4.046850V	C10=4.043100V	C11=4.044150V	C12=4.044750V	C13=4.047150V	C14=4.048050V	C15=4.043400V	C16=4.041900V	C17=4.042050V	C18=4.043250V	C19=4.043700V	C20=4.044900V	C21=4.046550V	C22=4.044150V	C23=4.038450V	C24=4.045200V	C25=4.045650V	C26=4.045650V	C27=4.047150V	C28=4.046250V	
max_temp: 16.708826	min_temp: 13.549219	avg_temp: 14.071136
undervoltage: 0	overvoltage: 0	pec: 0	overtemperature: 0	openwire: 0	openwire_temp: 0
dcc1: 00	dcc2: 00	
Time: 8080
Current: 3.911346
SOC: 0.839306
total_v: 113.237091	max_v: 4.048350	min_v: 4.038450	avg_v: 4.044182	max-min: 0.009900
C1=4.039650V	C2=4.041150V	C3=4.042650V	C4=4.043700V	C5=4.042500V	C6=4.041450V	C7=4.048350V	C8=4.045800V	C9=4.046850V	C10=4.043100V	C11=4.044150V	C12=4.044600V	C13=4.047150V	C14=4.048050V	C15=4.043250V	C16=4.041900V	C17=4.042050V	C18=4.043250V	C19=4.043700V	C20=4.044750V	C21=4.046550V	C22=4.044000V	C23=4.038450V	C24=4.045350V	C25=4.045650V	C26=4.045650V	C27=4.047150V	C28=4.046250V	
max_temp: 16.708826	min_temp: 13.549219	avg_temp: 14.071451
undervoltage: 0	overvoltage: 0	pec: 0	overtemperature: 0	openwire: 0	openwire_temp: 0
dcc1: 00	dcc2: 00	
Time: 8281
Current: -0.117950
SOC: 0.839306
total_v: 113.237549	max_v: 4.048350	min_v: 4.038450	avg_v: 4.044198	max-min: 0.009900
C1=4.039650V	C2=4.041150V	C3=4.042800V	C4=4.043700V	C5=4.042500V	C6=4.041450V	C7=4.048350V	C8=4.045800V	C9=4.046850V	C10=4.043100V	C11=4.044150V	C12=4.044750V	C13=4.047300V	C14=4.048050V	C15=4.043250V	C16=4.041900V	C17=4.042050V	C18=4.043250V	C19=4.043700V	C20=4.044750V	C21=4.046550V	C22=4.044000V	C23=4.038450V	C24=4.045200V	C25=4.045650V	C26=4.045800V	C27=4.047150V	C28=4.046250V	
max_temp: 16.708826	min_temp: 13.549219	avg_temp: 14.071766
undervoltage: 0	overvoltage: 0	pec: 0	overtemperature: 0	openwire: 0	openwire_temp: 0
dcc1: 00	dcc2: 00	
Time: 8482
Current: 2.338943
SOC: 0.839296
total_v: 113.236946	max_v: 4.048350	min_v: 4.038300	avg_v: 4.044177	max-min: 0.010050
C1=4.039650V	C2=4.041150V	C3=4.042650V	C4=4.043700V	C5=4.042500V	C6=4.041450V	C7=4.048350V	C8=4.045800V	C9=4.046850V	C10=4.043100V	C11=4.044150V	C12=4.044750V	C13=4.047150V	C14=4.048050V	C15=4.043400V	C16=4.041900V	C17=4.042050V	C18=4.043250V	C19=4.043700V	C20=4.044750V	C21=4.046400V	C22=4.044000V	C23=4.038300V	C24=4.045200V	C25=4.045650V	C26=4.045650V	C27=4.047150V	C28=4.046250V	
max_temp: 16.708826	min_temp: 13.549219	avg_temp: 14.071766
undervoltage: 0	overvoltage: 0	pec: 0	overtemperature: 0	openwire: 0	openwire_temp: 0
dcc1: 00	dcc2: 00	
Time: 8683
Current: -0.117950
SOC: 0.839297
total_v: 113.237099	max_v: 4.048350	min_v: 4.038450	avg_v: 4.044182	max-min: 0.009900
C1=4.039650V	C2=4.041150V	C3=4.042650V	C4=4.043700V	C5=4.042650V	C6=4.041450V	C7=4.048350V	C8=4.045800V	C9=4.046850V	C10=4.043100V	C11=4.044150V	C12=4.044750V	C13=4.047150V	C14=4.048050V	C15=4.043250V	C16=4.041900V	C17=4.042050V	C18=4.043250V	C19=4.043700V	C20=4.044750V	C21=4.046400V	C22=4.044000V	C23=4.038450V	C24=4.045200V	C25=4.045650V	C26=4.045650V	C27=4.047150V	C28=4.046250V	
max_temp: 16.708826	min_temp: 13.549219	avg_temp: 14.072397
undervoltage: 0	overvoltage: 0	pec: 0	overtemperature: 0	openwire: 0	openwire_temp: 0
dcc1: 00	dcc2: 00	
Time: 8884
Current: 0.275146
SOC: 0.839296
total_v: 113.237541	max_v: 4.048350	min_v: 4.038450	avg_v: 4.044198	max-min: 0.009900
C1=4.039650V	C2=4.041150V	C3=4.042800V	C4=4.043700V	C5=4.042500V	C6=4.041450V	C7=4.048350V	C8=4.045800V	C9=4.046850V	C10=4.043100V	C11=4.044150V	C12=4.044600V	C13=4.047300V	C14=4.048050V	C15=4.043400V	C16=4.041900V	C17=4.042050V	C18=4.043250V	C19=4.043700V	C20=4.044900V	C21=4.046550V	C22=4.044000V	C23=4.038450V	C24=4.045200V	C25=4.045650V	C26=4.045650V	C27=4.047150V	C28=4.046250V	
max_temp: 16.708826	min_temp: 13.549219	avg_temp: 14.071766
undervoltage: 0	overvoltage: 0	pec: 0	overtemperature: 0	openwire: 0	openwire_temp: 0
dcc1: 00	dcc2: 00	
Time: 9085
Current: -0.216232
SOC: 0.839297
total_v: 113.237389	max_v: 4.048350	min_v: 4.038450	avg_v: 4.044192	max-min: 0.009900
C1=4.039650V	C2=4.041150V	C3=4.042650V	C4=4.043700V	C5=4.042500V	C6=4.041450V	C7=4.048350V	C8=4.045800V	C9=4.046850V	C10=4.043100V	C11=4.044150V	C12=4.044600V	C13=4.047300V	C14=4.048050V	C15=4.043250V	C16=4.041900V	C17=4.042050V	C18=4.043250V	C19=4.043700V	C20=4.044900V	C21=4.046550V	C22=4.044150V	C23=4.038450V	C24=4.045200V	C25=4.045650V	C26=4.045650V	C27=4.047150V	C28=4.046250V	
max_temp: 16.708826	min_temp: 13.549219	avg_temp: 14.071766
undervoltage: 0	overvoltage: 0	pec: 0	overtemperature: 0	openwire: 0	openwire_temp: 0
dcc1: 00	dcc2: 00	
Time: 9286
Current: -0.117950
SOC: 0.839297
total_v: 113.236786	max_v: 4.048350	min_v: 4.038450	avg_v: 4.044171	max-min: 0.009900
C1=4.039650V	C2=4.041150V	C3=4.042650V	C4=4.043700V	C5=4.042500V	C6=4.041450V	C7=4.048350V	C8=4.045800V	C9=4.046850V	C10=4.042950V	C11=4.044000V	C12=4.044600V	C13=4.047150V	C14=4.048050V	C15=4.043250V	C16=4.041900V	C17=4.042050V	C18=4.043250V	C19=4.043700V	C20=4.044900V	C21=4.046550V	C22=4.044150V	C23=4.038450V	C24=4.045200V	C25=4.045650V	C26=4.045650V	C27=4.047000V	C28=4.046250V	
max_temp: 16.708826	min_temp: 13.549219	avg_temp: 14.071766
undervoltage: 0	overvoltage: 0	pec: 0	overtemperature: 0	openwire: 0	openwire_temp: 0
dcc1: 00	dcc2: 00	
Time: 9487
Current: -0.117950
SOC: 0.839298
total_v: 113.237099	max_v: 4.048350	min_v: 4.038450	avg_v: 4.044182	max-min: 0.009900
C1=4.039650V	C2=4.041150V	C3=4.042650V	C4=4.043700V	C5=4.042500V	C6=4.041450V	C7=4.048350V	C8=4.045800V	C9=4.046850V	C10=4.042950V	C11=4.044000V	C12=4.044600V	C13=4.047300V	C14=4.048050V	C15=4.043250V	C16=4.041900V	C17=4.042050V	C18=4.043400V	C19=4.043700V	C20=4.044750V	C21=4.046400V	C22=4.044150V	C23=4.038450V	C24=4.045200V	C25=4.045650V	C26=4.045800V	C27=4.047150V	C28=4.046250V	
max_temp: 16.708826	min_temp: 13.549219	avg_temp: 14.072081
undervoltage: 0	overvoltage: 0	pec: 0	overtemperature: 0	openwire: 0	openwire_temp: 0
dcc1: 00	dcc2: 00	
Time: 9688
Current: -0.117950
SOC: 0.839298
total_v: 113.237694	max_v: 4.048350	min_v: 4.038450	avg_v: 4.044203	max-min: 0.009900
C1=4.039650V	C2=4.041150V	C3=4.042800V	C4=4.043550V	C5=4.042500V	C6=4.041450V	C7=4.048350V	C8=4.045800V	C9=4.046850V	C10=4.043100V	C11=4.044150V	C12=4.044600V	C13=4.047300V	C14=4.048050V	C15=4.043400V	C16=4.041900V	C17=4.042050V	C18=4.043400V	C19=4.043700V	C20=4.044900V	C21=4.046550V	C22=4.044150V	C23=4.038450V	C24=4.045200V	C25=4.045650V	C26=4.045650V	C27=4.047150V	C28=4.046250V	
max_temp: 16.708826	min_temp: 13.549219	avg_temp: 14.072397
undervoltage: 0	overvoltage: 0	pec: 0	overtemperature: 0	openwire: 0	openwire_temp: 0
dcc1: 00	dcc2: 00	
Time: 9889
Current: -0.019684
SOC: 0.839298
total_v: 113.232880	max_v: 4.049700	min_v: 4.038000	avg_v: 4.044032	max-min: 0.011700
C1=4.038000V	C2=4.041000V	C3=4.042500V	C4=4.043400V	C5=4.042350V	C6=4.039800V	C7=4.049700V	C8=4.045800V	C9=4.046850V	C10=4.043100V	C11=4.044000V	C12=4.044600V	C13=4.047150V	C14=4.049400V	C15=4.041750V	C16=4.041750V	C17=4.041750V	C18=4.043100V	C19=4.043400V	C20=4.043250V	C21=4.047900V	C22=4.044000V	C23=4.038450V	C24=4.045200V	C25=4.045650V	C26=4.045650V	C27=4.047150V	C28=4.046250V	
max_temp: 16.708826	min_temp: 13.549219	avg_temp: 14.073027
undervoltage: 0	overvoltage: 0	pec: 0	overtemperature: 0	openwire: 0	openwire_temp: 0
dcc1: 3f	dcc2: 3f	
Time: 10090
Current: -0.117950
SOC: 0.839299
total_v: 113.232880	max_v: 4.049700	min_v: 4.038000	avg_v: 4.044032	max-min: 0.011700
C1=4.038000V	C2=4.041000V	C3=4.042500V	C4=4.043400V	C5=4.042200V	C6=4.039950V	C7=4.049700V	C8=4.045800V	C9=4.046850V	C10=4.043100V	C11=4.044000V	C12=4.044600V	C13=4.047150V	C14=4.049400V	C15=4.041750V	C16=4.041600V	C17=4.041750V	C18=4.043100V	C19=4.043400V	C20=4.043250V	C21=4.047900V	C22=4.044150V	C23=4.038450V	C24=4.045200V	C25=4.045650V	C26=4.045650V	C27=4.047150V	C28=4.046250V	
max_temp: 16.754053	min_temp: 13.579493	avg_temp: 14.107670
undervoltage: 0	overvoltage: 0	pec: 0	overtemperature: 0	openwire: 0	openwire_temp: 0
dcc1: 3f	dcc2: 3f	
Time: 10291
Current: 1.159637
SOC: 0.839294
total_v: 113.232742	max_v: 4.049700	min_v: 4.038000	avg_v: 4.044026	max-min: 0.011700
C1=4.038000V	C2=4.041000V	C3=4.042500V	C4=4.043400V	C5=4.042200V	C6=4.039800V	C7=4.049700V	C8=4.045800V	C9=4.046850V	C10=4.043100V	C11=4.044150V	C12=4.044600V	C13=4.047150V	C14=4.049400V	C15=4.041750V	C16=4.041600V	C17=4.041750V	C18=4.043100V	C19=4.043400V	C20=4.043100V	C21=4.047900V	C22=4.044150V	C23=4.038450V	C24=4.045200V	C25=4.045650V	C26=4.045650V	C27=4.047150V	C28=4.046250V	
max_temp: 16.754053	min_temp: 13.579493	avg_temp: 14.107040
undervoltage: 0	overvoltage: 0	pec: 0	overtemperature: 0	openwire: 0	openwire_temp: 0
dcc1: 3f	dcc2: 3f	
Time: 10492
Current: -0.216232
SOC: 0.839295
total_v: 113.233337	max_v: 4.049700	min_v: 4.038000	avg_v: 4.044048	max-min: 0.011700
C1=4.038000V	C2=4.041000V	C3=4.042650V	C4=4.043400V	C5=4.042350V	C6=4.039800V	C7=4.049700V	C8=4.045800V	C9=4.046850V	C10=4.043100V	C11=4.044150V	C12=4.044750V	C13=4.047300V	C14=4.049250V	C15=4.041750V	C16=4.041600V	C17=4.041750V	C18=4.043100V	C19=4.043400V	C20=4.043250V	C21=4.047900V	C22=4.044150V	C23=4.038450V	C24=4.045200V	C25=4.045650V	C26=4.045650V	C27=4.047150V	C28=4.046250V	
max_temp: 16.754053	min_temp: 13.579493	avg_temp: 14.107355
undervoltage: 0	overvoltage: 0	pec: 0	overtemperature: 0	openwire: 0	openwire_temp: 0
dcc1: 3f	dcc2: 3f	
Time: 10693
Current: -0.117950
SOC: 0.839295
total_v: 113.232880	max_v: 4.049700	min_v: 4.038000	avg_v: 4.044032	max-min: 0.011700
C1=4.038000V	C2=4.041000V	C3=4.042500V	C4=4.043400V	C5=4.042200V	C6=4.039800V	C7=4.049700V	C8=4.045800V	C9=4.046850V	C10=4.043100V	C11=4.044150V	C12=4.044750V	C13=4.047150V	C14=4.049400V	C15=4.041750V	C16=4.041750V	C17=4.041750V	C18=4.043100V	C19=4.043400V	C20=4.043100V	C21=4.047900V	C22=4.044000V	C23=4.038450V	C24=4.045200V	C25=4.045650V	C26=4.045650V	C27=4.047150V	C28=4.046250V	
max_temp: 16.754053	min_temp: 13.579493	avg_temp: 14.107985
undervoltage: 0	overvoltage: 0	pec: 0	overtemperature: 0	openwire: 0	openwire_temp: 0
dcc1: 3f	dcc2: 3f	
Time: 10894
Current: -0.216232
SOC: 0.839296
total_v: 113.233032	max_v: 4.049700	min_v: 4.038000	avg_v: 4.044037	max-min: 0.011700
C1=4.038000V	C2=4.041000V	C3=4.042500V	C4=4.043400V	C5=4.042200V	C6=4.039800V	C7=4.049700V	C8=4.045800V	C9=4.046850V	C10=4.043100V	C11=4.044000V	C12=4.044750V	C13=4.047300V	C14=4.049400V	C15=4.041750V	C16=4.041600V	C17=4.041750V	C18=4.043100V	C19=4.043400V	C20=4.043250V	C21=4.047900V	C22=4.044150V	C23=4.038450V	C24=4.045200V	C25=4.045650V	C26=4.045650V	C27=4.047150V	C28=4.046250V	
max_temp: 16.754053	min_temp: 13.579493	avg_temp: 14.107983
undervoltage: 0	overvoltage: 0	pec: 0	overtemperature: 0	openwire: 0	openwire_temp: 0
dcc1: 3f	dcc2: 3f	
Time: 11095
Current: -0.216232
SOC: 0.839297
total_v: 113.232880	max_v: 4.049700	min_v: 4.038000	avg_v: 4.044032	max-min: 0.011700
C1=4.038000V	C2=4.041000V	C3=4.042500V	C4=4.043400V	C5=4.042350V	C6=4.039800V	C7=4.049700V	C8=4.045800V	C9=4.046850V	C10=4.043100V	C11=4.044000V	C12=4.044600V	C13=4.047300V	C14=4.049400V	C15=4.041750V	C16=4.041600V	C17=4.041750V	C18=4.043100V	C19=4.043400V	C20=4.043250V	C21=4.047900V	C22=4.044000V	C23=4.038450V	C24=4.045200V	C25=4.045650V	C26=4.045650V	C27=4.047150V	C28=4.046250V	
max_temp: 16.754053	min_temp: 13.579493	avg_temp: 14.107985
undervoltage: 0	overvoltage: 0	pec: 0	overtemperature: 0	openwire: 0	openwire_temp: 0
dcc1: 3f	dcc2: 3f	
Time: 11296
Current: -0.216232
SOC: 0.839298
total_v: 113.232880	max_v: 4.049700	min_v: 4.038000	avg_v: 4.044032	max-min: 0.011700
C1=4.038000V	C2=4.041000V	C3=4.042500V	C4=4.043550V	C5=4.042200V	C6=4.039800V	C7=4.049700V	C8=4.045950V	C9=4.046850V	C10=4.042950V	C11=4.044000V	C12=4.044600V	C13=4.047300V	C14=4.049400V	C15=4.041750V	C16=4.041600V	C17=4.041750V	C18=4.043100V	C19=4.043400V	C20=4.043250V	C21=4.047900V	C22=4.044000V	C23=4.038450V	C24=4.045200V	C25=4.045650V	C26=4.045650V	C27=4.047150V	C28=4.046250V	
max_temp: 16.754053	min_temp: 13.579493	avg_temp: 14.107670
undervoltage: 0	overvoltage: 0	pec: 0	overtemperature: 0	openwire: 0	openwire_temp: 0
dcc1: 3f	dcc2: 3f	
Time: 11497
Current: -0.216232
SOC: 0.839299
total_v: 113.232742	max_v: 4.049700	min_v: 4.038000	avg_v: 4.044026	max-min: 0.011700
C1=4.038000V	C2=4.041000V	C3=4.042500V	C4=4.043400V	C5=4.042200V	C6=4.039800V	C7=4.049700V	C8=4.045800V	C9=4.046850V	C10=4.043100V	C11=4.044150V	C12=4.044600V	C13=4.047300V	C14=4.049250V	C15=4.041750V	C16=4.041600V	C17=4.041750V	C18=4.043100V	C19=4.043400V	C20=4.043250V	C21=4.047900V	C22=4.044000V	C23=4.038450V	C24=4.045200V	C25=4.045650V	C26=4.045650V	C27=4.047150V	C28=4.046250V	
max_temp: 16.754053	min_temp: 13.579493	avg_temp: 14.107670
undervoltage: 0	overvoltage: 0	pec: 0	overtemperature: 0	openwire: 0	openwire_temp: 0
dcc1: 3f	dcc2: 3f	
Time: 11698
Current: 1.159637
SOC: 0.839294
total_v: 113.233047	max_v: 4.049700	min_v: 4.038000	avg_v: 4.044037	max-min: 0.011700
C1=4.038000V	C2=4.041000V	C3=4.042500V	C4=4.043400V	C5=4.042200V	C6=4.039800V	C7=4.049700V	C8=4.045800V	C9=4.046850V	C10=4.043100V	C11=4.044150V	C12=4.044600V	C13=4.047300V	C14=4.049400V	C15=4.041750V	C16=4.041600V	C17=4.041750V	C18=4.043100V	C19=4.043400V	C20=4.043250V	C21=4.047900V	C22=4.044150V	C23=4.038450V	C24=4.045200V	C25=4.045650V	C26=4.045650V	C27=4.047150V	C28=4.046250V	
max_temp: 16.754053	min_temp: 13.579493	avg_temp: 14.107670
undervoltage: 0	overvoltage: 0	pec: 0	overtemperature: 0	openwire: 0	openwire_temp: 0
dcc1: 3f	dcc2: 3f	
Time: 11899
Current: -0.117950
SOC: 0.839294
total_v: 113.232895	max_v: 4.049700	min_v: 4.038000	avg_v: 4.044032	max-min: 0.011700
C1=4.038000V	C2=4.041000V	C3=4.042500V	C4=4.043400V	C5=4.042200V	C6=4.039800V	C7=4.049700V	C8=4.045950V	C9=4.046850V	C10=4.043100V	C11=4.044150V	C12=4.044600V	C13=4.047150V	C14=4.049400V	C15=4.041750V	C16=4.041600V	C17=4.041750V	C18=4.043100V	C19=4.043400V	C20=4.043250V	C21=4.047900V	C22=4.044000V	C23=4.038450V	C24=4.045200V	C25=4.045650V	C26=4.045650V	C27=4.047150V	C28=4.046250V	
max_temp: 16.754053	min_temp: 13.579493	avg_temp: 14.107670
undervoltage: 0	overvoltage: 0	pec: 0	overtemperature: 0	openwire: 0	openwire_temp: 0
dcc1: 3f	dcc2: 3f	
Time: 12100
Current: -0.117950
SOC: 0.839295
total_v: 113.232132	max_v: 4.049700	min_v: 4.038000	avg_v: 4.044005	max-min: 0.011700
C1=4.038000V	C2=4.040850V	C3=4.042500V	C4=4.043400V	C5=4.042200V	C6=4.039800V	C7=4.049700V	C8=4.045800V	C9=4.046850V	C10=4.043100V	C11=4.044000V	C12=4.044600V	C13=4.047150V	C14=4.049400V	C15=4.041750V	C16=4.041600V	C17=4.041750V	C18=4.043100V	C19=4.043400V	C20=4.043100V	C21=4.047900V	C22=4.044000V	C23=4.038450V	C24=4.045200V	C25=4.045650V	C26=4.045650V	C27=4.047000V	C28=4.046250V	
max_temp: 16.754053	min_temp: 13.579493	avg_temp: 14.108616
undervoltage: 0	overvoltage: 0	pec: 0	overtemperature: 0	openwire: 0	openwire_temp: 0
dcc1: 3f	dcc2: 3f	
Time: 12301
Current: -0.117950
SOC: 0.839295
total_v: 113.232292	max_v: 4.049700	min_v: 4.038000	avg_v: 4.044011	max-min: 0.011700
C1=4.038000V	C2=4.041000V	C3=4.042500V	C4=4.043400V	C5=4.042200V	C6=4.039800V	C7=4.049700V	C8=4.045800V	C9=4.046850V	C10=4.043100V	C11=4.044150V	C12=4.044600V	C13=4.047150V	C14=4.049400V	C15=4.041750V	C16=4.041600V	C17=4.041750V	C18=4.043100V	C19=4.043250V	C20=4.043100V	C21=4.047900V	C22=4.044000V	C23=4.038450V	C24=4.045200V	C25=4.045500V	C26=4.045650V	C27=4.047150V	C28=4.046250V	
max_temp: 16.754053	min_temp: 13.579493	avg_temp: 14.108614
undervoltage: 0	overvoltage: 0	pec: 0	overtemperature: 0	openwire: 0	openwire_temp: 0
dcc1: 3f	dcc2: 3f	
Time: 12502
Current: -0.117950
SOC: 0.839296
total_v: 113.233032	max_v: 4.049700	min_v: 4.038000	avg_v: 4.044037	max-min: 0.011700
C1=4.038000V	C2=4.041000V	C3=4.042500V	C4=4.043400V	C5=4.042200V	C6=4.039800V	C7=4.049700V	C8=4.045800V	C9=4.046850V	C10=4.043100V	C11=4.044150V	C12=4.044750V	C13=4.047300V	C14=4.049400V	C15=4.041750V	C16=4.041600V	C17=4.041750V	C18=4.043100V	C19=4.043400V	C20=4.043250V	C21=4.047900V	C22=4.044000V	C23=4.038450V	C24=4.045200V	C25=4.045650V	C26=4.045650V	C27=4.047150V	C28=4.046250V	
max_temp: 16.754053	min_temp: 13.579493	avg_temp: 14.107985
undervoltage: 0	overvoltage: 0	pec: 0	overtemperature: 0	openwire: 0	openwire_temp: 0
dcc1: 3f	dcc2: 3f	
Time: 12703
Current: -0.117950
SOC: 0.839296
total_v: 113.232742	max_v: 4.049700	min_v: 4.038000	avg_v: 4.044026	max-min: 0.011700
C1=4.038000V	C2=4.041000V	C3=4.042500V	C4=4.043400V	C5=4.042200V	C6=4.039800V	C7=4.049700V	C8=4.045800V	C9=4.046850V	C10=4.043100V	C11=4.044150V	C12=4.044600V	C13=4.047150V	C14=4.049250V	C15=4.041750V	C16=4.041600V	C17=4.041750V	C18=4.043100V	C19=4.043400V	C20=4.043250V	C21=4.047900V	C22=4.044150V	C23=4.038450V	C24=4.045200V	C25=4.045650V	C26=4.045650V	C27=4.047150V	C28=4.046250V	
max_temp: 16.754053	min_temp: 13.579493	avg_temp: 14.108299
undervoltage: 0	overvoltage: 0	pec: 0	overtemperature: 0	openwire: 0	openwire_temp: 0
dcc1: 3f	dcc2: 3f	
Time: 12904
Current: 0.176865
SOC: 0.839296
total_v: 113.232437	max_v: 4.049700	min_v: 4.037850	avg_v: 4.044015	max-min: 0.011850
C1=4.037850V	C2=4.040850V	C3=4.042500V	C4=4.043400V	C5=4.042200V	C6=4.039800V	C7=4.049700V	C8=4.045800V	C9=4.046850V	C10=4.043100V	C11=4.044150V	C12=4.044600V	C13=4.047150V	C14=4.049400V	C15=4.041750V	C16=4.041600V	C17=4.041750V	C18=4.043100V	C19=4.043400V	C20=4.043250V	C21=4.047900V	C22=4.044000V	C23=4.038450V	C24=4.045200V	C25=4.045650V	C26=4.045800V	C27=4.047000V	C28=4.046250V	
max_temp: 16.754053	min_temp: 13.579493	avg_temp: 14.108931
undervoltage: 0	overvoltage: 0	pec: 0	overtemperature: 0	openwire: 0	openwire_temp: 0
dcc1: 3f	dcc2: 3f	
Time: 13105
Current: -0.216232
SOC: 0.839297
total_v: 113.232590	max_v: 4.049850	min_v: 4.038000	avg_v: 4.044021	max-min: 0.011850
C1=4.038000V	C2=4.040850V	C3=4.042500V	C4=4.043400V	C5=4.042200V	C6=4.039800V	C7=4.049850V	C8=4.045800V	C9=4.046850V	C10=4.043100V	C11=4.044000V	C12=4.044600V	C13=4.047300V	C14=4.049400V	C15=4.041750V	C16=4.041600V	C17=4.041750V	C18=4.043100V	C19=4.043400V	C20=4.043100V	C21=4.047900V	C22=4.044000V	C23=4.038450V	C24=4.045200V	C25=4.045650V	C26=4.045650V	C27=4.047150V	C28=4.046250V	
max_temp: 16.754053	min_temp: 13.579493	avg_temp: 14.108301
undervoltage: 0	overvoltage: 0	pec: 0	overtemperature: 0	openwire: 0	openwire_temp: 0
dcc1: 3f	dcc2: 3f	
Time: 13306
Current: -0.216232
SOC: 0.839297
total_v: 113.232285	max_v: 4.049700	min_v: 4.038000	avg_v: 4.044010	max-min: 0.011700
C1=4.038000V	C2=4.040850V	C3=4.042500V	C4=4.043400V	C5=4.042200V	C6=4.039800V	C7=4.049700V	C8=4.045800V	C9=4.046850V	C10=4.043100V	C11=4.044000V	C12=4.044600V	C13=4.047150V	C14=4.049400V	C15=4.041750V	C16=4.041600V	C17=4.041750V	C18=4.043100V	C19=4.043400V	C20=4.043100V	C21=4.047900V	C22=4.044000V	C23=4.038450V	C24=4.045200V	C25=4.045650V	C26=4.045650V	C27=4.047150V	C28=4.046250V	
max_temp: 16.754053	min_temp: 13.579493	avg_temp: 14.108614
undervoltage: 0	overvoltage: 0	pec: 0	overtemperature: 0	openwire: 0	openwire_temp: 0
dcc1: 3f	dcc2: 3f	
Time: 13507
Current: -0.117950
SOC: 0.839298
total_v: 113.232895	max_v: 4.049700	min_v: 4.038000	avg_v: 4.044032	max-min: 0.011700
C1=4.038000V	C2=4.041000V	C3=4.042500V	C4=4.043400V	C5=4.042200V	C6=4.039800V	C7=4.049700V	C8=4.045800V	C9=4.046850V	C10=4.043100V	C11=4.044150V	C12=4.044750V	C13=4.047300V	C14=4.049250V	C15=4.041750V	C16=4.041600V	C17=4.041750V	C18=4.043100V	C19=4.043400V	C20=4.043250V	C21=4.047900V	C22=4.044000V	C23=4.038450V	C24=4.045200V	C25=4.045650V	C26=4.045650V	C27=4.047150V	C28=4.046250V	
max_temp: 16.754053	min_temp: 13.579493	avg_temp: 14.108929
undervoltage: 0	overvoltage: 0	pec: 0	overtemperature: 0	openwire: 0	openwire_temp: 0
dcc1: 3f	dcc2: 3f	
Time: 13708
Current: -0.216232
SOC: 0.839299
total_v: 113.232742	max_v: 4.049700	min_v: 4.038000	avg_v: 4.044026	max-min: 0.011700
C1=4.038000V	C2=4.041000V	C3=4.042500V	C4=4.043400V	C5=4.042200V	C6=4.039800V	C7=4.049700V	C8=4.045800V	C9=4.046850V	C10=4.043100V	C11=4.044150V	C12=4.044600V	C13=4.047300V	C14=4.049250V	C15=4.041750V	C16=4.041600V	C17=4.041750V	C18=4.043100V	C19=4.043400V	C20=4.043100V	C21=4.047900V	C22=4.044150V	C23=4.038450V	C24=4.045200V	C25=4.045650V	C26=4.045650V	C27=4.047150V	C28=4.046250V	
max_temp: 16.759058	min_temp: 13.579493	avg_temp: 14.109243
undervoltage: 0	overvoltage: 0	pec: 0	overtemperature: 0	openwire: 0	openwire_temp: 0
dcc1: 3f	dcc2: 3f	
Time: 13909
Current: -0.117950
SOC: 0.839299
total_v: 113.232742	max_v: 4.049700	min_v: 4.038000	avg_v: 4.044026	max-min: 0.011700
C1=4.038000V	C2=4.041000V	C3=4.042500V	C4=4.043400V	C5=4.042200V	C6=4.039650V	C7=4.049700V	C8=4.045800V	C9=4.046850V	C10=4.043100V	C11=4.044150V	C12=4.044600V	C13=4.047150V	C14=4.049400V	C15=4.041750V	C16=4.041600V	C17=4.041750V	C18=4.043100V	C19=4.043400V	C20=4.043250V	C21=4.047900V	C22=4.044150V	C23=4.038450V	C24=4.045200V	C25=4.045650V	C26=4.045650V	C27=4.047150V	C28=4.046250V	
max_temp: 16.759058	min_temp: 13.579493	avg_temp: 14.108927
undervoltage: 0	overvoltage: 0	pec: 0	overtemperature: 0	openwire: 0	openwire_temp: 0
dcc1: 3f	dcc2: 3f	
Time: 14110
Current: -0.117950
SOC: 0.839300
total_v: 113.232437	max_v: 4.049700	min_v: 4.038000	avg_v: 4.044015	max-min: 0.011700
C1=4.038000V	C2=4.040850V	C3=4.042500V	C4=4.043400V	C5=4.042350V	C6=4.039800V	C7=4.049700V	C8=4.045800V	C9=4.046850V	C10=4.043100V	C11=4.044000V	C12=4.044600V	C13=4.047150V	C14=4.049400V	C15=4.041750V	C16=4.041600V	C17=4.041750V	C18=4.043100V	C19=4.043400V	C20=4.043100V	C21=4.047900V	C22=4.044000V	C23=4.038450V	C24=4.045200V	C25=4.045650V	C26=4.045650V	C27=4.047150V	C28=4.046250V	
max_temp: 16.754053	min_temp: 13.579493	avg_temp: 14.108931
undervoltage: 0	overvoltage: 0	pec: 0	overtemperature: 0	openwire: 0	openwire_temp: 0
dcc1: 3f	dcc2: 3f	
Time: 14311
Current: 0.963089
SOC: 0.839296
total_v: 113.232735	max_v: 4.049700	min_v: 4.038000	avg_v: 4.044026	max-min: 0.011700
C1=4.038000V	C2=4.040850V	C3=4.042500V	C4=4.043400V	C5=4.042200V	C6=4.039800V	C7=4.049700V	C8=4.045800V	C9=4.046850V	C10=4.043100V	C11=4.044150V	C12=4.044750V	C13=4.047300V	C14=4.049400V	C15=4.041750V	C16=4.041600V	C17=4.041750V	C18=4.043100V	C19=4.043250V	C20=4.043250V	C21=4.047900V	C22=4.044000V	C23=4.038450V	C24=4.045200V	C25=4.045650V	C26=4.045650V	C27=4.047150V	C28=4.046250V	
max_temp: 16.759058	min_temp: 13.579493	avg_temp: 14.109241
undervoltage: 0	overvoltage: 0	pec: 0	overtemperature: 0	openwire: 0	openwire_temp: 0
dcc1: 3f	dcc2: 3f	
Time: 14512
Current: -0.117950
SOC: 0.839296
total_v: 113.232292	max_v: 4.049700	min_v: 4.038000	avg_v: 4.044011	max-min: 0.011700
C1=4.038000V	C2=4.041000V	C3=4.042500V	C4=4.043400V	C5=4.042200V	C6=4.039800V	C7=4.049700V	C8=4.045800V	C9=4.046850V	C10=4.043100V	C11=4.044150V	C12=4.044600V	C13=4.047150V	C14=4.049400V	C15=4.041750V	C16=4.041600V	C17=4.041750V	C18=4.042950V	C19=4.043400V	C20=4.043100V	C21=4.047900V	C22=4.044000V	C23=4.038450V	C24=4.045200V	C25=4.045500V	C26=4.045650V	C27=4.047150V	C28=4.046250V	
max_temp: 16.759058	min_temp: 13.579493	avg_temp: 14.109558
undervoltage: 0	overvoltage: 0	pec: 0	overtemperature: 0	openwire: 0	openwire_temp: 0
dcc1: 3f	dcc2: 3f	
Time: 14713
Current: -0.117950
SOC: 0.839297
total_v: 113.232895	max_v: 4.049700	min_v: 4.038000	avg_v: 4.044032	max-min: 0.011700
C1=4.038000V	C2=4.041000V	C3=4.042500V	C4=4.043400V	C5=4.042200V	C6=4.039800V	C7=4.049700V	C8=4.045800V	C9=4.046850V	C10=4.043100V	C11=4.044150V	C12=4.044600V	C13=4.047300V	C14=4.049400V	C15=4.041750V	C16=4.041600V	C17=4.041750V	C18=4.043100V	C19=4.043400V	C20=4.043100V	C21=4.047900V	C22=4.044150V	C23=4.038450V	C24=4.045200V	C25=4.045650V	C26=4.045650V	C27=4.047150V	C28=4.046250V	
max_temp: 16.759058	min_temp: 13.579493	avg_temp: 14.108927
undervoltage: 0	overvoltage: 0	pec: 0	overtemperature: 0	openwire: 0	openwire_temp: 0
dcc1: 3f	dcc2: 3f	
Time: 14914
Current: -0.216232
SOC: 0.839298
total_v: 113.232590	max_v: 4.049700	min_v: 4.038000	avg_v: 4.044021	max-min: 0.011700
C1=4.038000V	C2=4.041000V	C3=4.042500V	C4=4.043400V	C5=4.042200V	C6=4.039800V	C7=4.049700V	C8=4.045800V	C9=4.046850V	C10=4.043100V	C11=4.044150V	C12=4.044750V	C13=4.047150V	C14=4.049250V	C15=4.041750V	C16=4.041600V	C17=4.041750V	C18=4.043100V	C19=4.043250V	C20=4.043100V	C21=4.047900V	C22=4.044000V	C23=4.038450V	C24=4.045200V	C25=4.045650V	C26=4.045800V	C27=4.047150V	C28=4.046250V	
max_temp: 16.759058	min_temp: 13.579493	avg_temp: 14.109558
undervoltage: 0	overvoltage: 0	pec: 0	overtemperature: 0	openwire: 0	openwire_temp: 0
dcc1: 3f	dcc2: 3f	
Time: 15115
Current: 0.668259
SOC: 0.839295
total_v: 113.231979	max_v: 4.049700	min_v: 4.038000	avg_v: 4.043999	max-min: 0.011700
C1=4.038000V	C2=4.040850V	C3=4.042500V	C4=4.043400V	C5=4.042200V	C6=4.039650V	C7=4.049700V	C8=4.045800V	C9=4.046850V	C10=4.043100V	C11=4.044150V	C12=4.044600V	C13=4.047150V	C14=4.049400V	C15=4.041750V	C16=4.041600V	C17=4.041750V	C18=4.042950V	C19=4.043400V	C20=4.043100V	C21=4.047900V	C22=4.044000V	C23=4.038300V	C24=4.045200V	C25=4.045650V	C26=4.045650V	C27=4.047150V	C28=4.046250V	
max_temp: 16.759058	min_temp: 13.579493	avg_temp: 14.109556
undervoltage: 0	overvoltage: 0	pec: 0	overtemperature: 0	openwire: 0	openwire_temp: 0
dcc1: 3f	dcc2: 3f	
Time: 15316
Current: -0.117950
SOC: 0.839295
total_v: 113.232590	max_v: 4.049700	min_v: 4.038000	avg_v: 4.044021	max-min: 0.011700
C1=4.038000V	C2=4.041000V	C3=4.042500V	C4=4.043400V	C5=4.042200V	C6=4.039800V	C7=4.049700V	C8=4.045800V	C9=4.046850V	C10=4.043100V	C11=4.044150V	C12=4.044750V	C13=4.047150V	C14=4.049400V	C15=4.041600V	C16=4.041600V	C17=4.041750V	C18=4.042950V	C19=4.043400V	C20=4.043250V	C21=4.047900V	C22=4.044000V	C23=4.038450V	C24=4.045200V	C25=4.045650V	C26=4.045650V	C27=4.047150V	C28=4.046250V	
max_temp: 16.759058	min_temp: 13.579493	avg_temp: 14.109873
undervoltage: 0	overvoltage: 0	pec: 0	overtemperature: 0	openwire: 0	openwire_temp: 0
dcc1: 3f	dcc2: 3f	
Time: 15517
Current: -0.117950
SOC: 0.839296
total_v: 113.232437	max_v: 4.049700	min_v: 4.038000	avg_v: 4.044015	max-min: 0.011700
C1=4.038000V	C2=4.040850V	C3=4.042500V	C4=4.043400V	C5=4.042200V	C6=4.039800V	C7=4.049700V	C8=4.045800V	C9=4.046850V	C10=4.043100V	C11=4.044000V	C12=4.044600V	C13=4.047300V	C14=4.049400V	C15=4.041750V	C16=4.041600V	C17=4.041750V	C18=4.042950V	C19=4.043400V	C20=4.043100V	C21=4.047900V	C22=4.044000V	C23=4.038450V	C24=4.045200V	C25=4.045650V	C26=4.045800V	C27=4.047150V	C28=4.046250V	
max_temp: 16.759058	min_temp: 13.579493	avg_temp: 14.108612
undervoltage: 0	overvoltage: 0	pec: 0	overtemperature: 0	openwire: 0	openwire_temp: 0
dcc1: 3f	dcc2: 3f	
Time: 15718
Current: -0.216232
SOC: 0.839297
total_v: 113.231842	max_v: 4.049700	min_v: 4.038000	avg_v: 4.043994	max-min: 0.011700
C1=4.038000V	C2=4.040850V	C3=4.042500V	C4=4.043400V	C5=4.042200V	C6=4.039800V	C7=4.049700V	C8=4.045800V	C9=4.046850V	C10=4.042950V	C11=4.044000V	C12=4.044600V	C13=4.047150V	C14=4.049400V	C15=4.041750V	C16=4.041600V	C17=4.041750V	C18=4.042950V	C19=4.043400V	C20=4.043100V	C21=4.047900V	C22=4.044000V	C23=4.038450V	C24=4.045200V	C25=4.045650V	C26=4.045650V	C27=4.047000V	C28=4.046250V	
max_temp: 16.759058	min_temp: 13.579493	avg_temp: 14.109873
undervoltage: 0	overvoltage: 0	pec: 0	overtemperature: 0	openwire: 0	openwire_temp: 0
dcc1: 3f	dcc2: 3f	
Time: 15919
Current: -0.117950
SOC: 0.839297
total_v: 113.232437	max_v: 4.049700	min_v: 4.038000	avg_v: 4.044015	max-min: 0.011700
C1=4.038000V	C2=4.040850V	C3=4.042500V	C4=4.043400V	C5=4.042200V	C6=4.039800V	C7=4.049700V	C8=4.045800V	C9=4.046850V	C10=4.043100V	C11=4.044150V	C12=4.044600V	C13=4.047150V	C14=4.049250V	C15=4.041750V	C16=4.041600V	C17=4.041750V	C18=4.043100V	C19=4.043400V	C20=4.043250V	C21=4.047900V	C22=4.044000V	C23=4.038450V	C24=4.045200V	C25=4.045650V	C26=4.045650V	C27=4.047150V	C28=4.046250V	
max_temp: 16.759058	min_temp: 13.579493	avg_temp: 14.109873
undervoltage: 0	overvoltage: 0	pec: 0	overtemperature: 0	openwire: 0	openwire_temp: 0
dcc1: 3f	dcc2: 3f	
Time: 16120
Current: -0.117950
SOC: 0.839298
total_v: 113.232147	max_v: 4.049700	min_v: 4.038000	avg_v: 4.044005	max-min: 0.011700
C1=4.038000V	C2=4.040850V	C3=4.042500V	C4=4.043400V	C5=4.042200V	C6=4.039800V	C7=4.049700V	C8=4.045800V	C9=4.046850V	C10=4.042950V	C11=4.044150V	C12=4.044600V	C13=4.047150V	C14=4.049400V	C15=4.041750V	C16=4.041600V	C17=4.041750V	C18=4.042950V	C19=4.043400V	C20=4.043100V	C21=4.047900V	C22=4.044000V	C23=4.038450V	C24=4.045200V	C25=4.045650V	C26=4.045650V	C27=4.047150V	C28=4.046250V	
max_temp: 16.754053	min_temp: 13.579493	avg_temp: 14.109875
undervoltage: 0	overvoltage: 0	pec: 0	overtemperature: 0	openwire: 0	openwire_temp: 0
dcc1: 3f	dcc2: 3f	
Time: 16321
Current: -0.117950
SOC: 0.839298
total_v: 113.232147	max_v: 4.049700	min_v: 4.037850	avg_v: 4.044005	max-min: 0.011850
C1=4.037850V	C2=4.040850V	C3=4.042500V	C4=4.043400V	C5=4.042200V	C6=4.039800V	C7=4.049700V	C8=4.045800V	C9=4.046850V	C10=4.043100V	C11=4.044150V	C12=4.044600V	C13=4.047150V	C14=4.049400V	C15=4.041750V	C16=4.041600V	C17=4.041750V	C18=4.042950V	C19=4.043250V	C20=4.043100V	C21=4.047900V	C22=4.044150V	C23=4.038450V	C24=4.045200V	C25=4.045650V	C26=4.045650V	C27=4.047150V	C28=4.046250V	
max_temp: 16.759058	min_temp: 13.579493	avg_temp: 14.109873
undervoltage: 0	overvoltage: 0	pec: 0	overtemperature: 0	openwire: 0	openwire_temp: 0
dcc1: 3f	dcc2: 3f	
Time: 16522
Current: -0.117950
SOC: 0.839299
total_v: 113.232285	max_v: 4.049700	min_v: 4.038000	avg_v: 4.044010	max-min: 0.011700
C1=4.038000V	C2=4.040850V	C3=4.042500V	C4=4.043400V	C5=4.042200V	C6=4.039800V	C7=4.049700V	C8=4.045800V	C9=4.046850V	C10=4.043100V	C11=4.044000V	C12=4.044600V	C13=4.047150V	C14=4.049400V	C15=4.041750V	C16=4.041600V	C17=4.041750V	C18=4.043100V	C19=4.043250V	C20=4.043100V	C21=4.047900V	C22=4.044000V	C23=4.038450V	C24=4.045350V	C25=4.045650V	C26=4.045650V	C27=4.047150V	C28=4.046250V	
max_temp: 16.759058	min_temp: 13.579493	avg_temp: 14.110188
undervoltage: 0	overvoltage: 0	pec: 0	overtemperature: 0	openwire: 0	openwire_temp: 0
dcc1: 3f	dcc2: 3f	
Time: 16723
Current: -0.216232
SOC: 0.839300
total_v: 113.231995	max_v: 4.049700	min_v: 4.037850	avg_v: 4.044000	max-min: 0.011850
C1=4.037850V	C2=4.040850V	C3=4.042500V	C4=4.043400V	C5=4.042200V	C6=4.039650V	C7=4.049700V	C8=4.045800V	C9=4.046850V	C10=4.043100V	C11=4.044150V	C12=4.044600V	C13=4.047150V	C14=4.049250V	C15=4.041600V	C16=4.041600V	C17=4.041750V	C18=4.043100V	C19=4.043400V	C20=4.043250V	C21=4.047900V	C22=4.044000V	C23=4.038450V	C24=4.045200V	C25=4.045650V	C26=4.045650V	C27=4.047150V	C28=4.046250V	
max_temp: 16.759058	min_temp: 13.579493	avg_temp: 14.109871
undervoltage: 0	overvoltage: 0	pec: 0	overtemperature: 0	openwire: 0	openwire_temp: 0
dcc1: 3f	dcc2: 3f	
Time: 16924
Current: -0.216232
SOC: 0.839300
total_v: 113.231697	max_v: 4.049700	min_v: 4.037850	avg_v: 4.043989	max-min: 0.011850
C1=4.037850V	C2=4.040850V	C3=4.042500V	C4=4.043400V	C5=4.042200V	C6=4.039800V	C7=4.049700V	C8=4.045800V	C9=4.046850V	C10=4.043100V	C11=4.044000V	C12=4.044600V	C13=4.047150V	C14=4.049250V	C15=4.041750V	C16=4.041600V	C17=4.041750V	C18=4.042950V	C19=4.043400V	C20=4.043100V	C21=4.047900V	C22=4.044150V	C23=4.038450V	C24=4.045200V	C25=4.045500V	C26=4.045650V	C27=4.047000V	C28=4.046250V	
max_temp: 16.759058	min_temp: 13.579493	avg_temp: 14.109875
undervoltage: 0	overvoltage: 0	pec: 0	overtemperature: 0	openwire: 0	openwire_temp: 0
dcc1: 3f	dcc2: 3f	
Time: 17125
Current: -0.216232
SOC: 0.839301
total_v: 113.231995	max_v: 4.049700	min_v: 4.038000	avg_v: 4.044000	max-min: 0.011700
C1=4.038000V	C2=4.040850V	C3=4.042500V	C4=4.043400V	C5=4.042200V	C6=4.039650V	C7=4.049700V	C8=4.045800V	C9=4.046700V	C10=4.043100V	C11=4.044150V	C12=4.044600V	C13=4.047150V	C14=4.049400V	C15=4.041750V	C16=4.041600V	C17=4.041750V	C18=4.042950V	C19=4.043400V	C20=4.043100V	C21=4.047900V	C22=4.044000V	C23=4.038450V	C24=4.045200V	C25=4.045650V	C26=4.045650V	C27=4.047150V	C28=4.046250V	
max_temp: 16.754053	min_temp: 13.579493	avg_temp: 14.109875
undervoltage: 0	overvoltage: 0	pec: 0	overtemperature: 0	openwire: 0	openwire_temp: 0
dcc1: 3f	dcc2: 3f	
Time: 17326
Current: -0.117950
SOC: 0.839302
total_v: 113.232140	max_v: 4.049700	min_v: 4.038000	avg_v: 4.044005	max-min: 0.011700
C1=4.038000V	C2=4.040850V	C3=4.042500V	C4=4.043400V	C5=4.042200V	C6=4.039800V	C7=4.049700V	C8=4.045800V	C9=4.046850V	C10=4.042950V	C11=4.044000V	C12=4.044600V	C13=4.047300V	C14=4.049400V	C15=4.041750V	C16=4.041600V	C17=4.041750V	C18=4.042950V	C19=4.043400V	C20=4.043100V	C21=4.047900V	C22=4.044150V	C23=4.038450V	C24=4.045200V	C25=4.045500V	C26=4.045650V	C27=4.047150V	C28=4.046250V	
max_temp: 16.759058	min_temp: 13.579493	avg_temp: 14.109873
undervoltage: 0	overvoltage: 0	pec: 0	overtemperature: 0	openwire: 0	openwire_temp: 0
dcc1: 3f	dcc2: 3f	
Time: 17527
Current: -0.216232
SOC: 0.839303
total_v: 113.231537	max_v: 4.049700	min_v: 4.037850	avg_v: 4.043983	max-min: 0.011850
C1=4.037850V	C2=4.041000V	C3=4.042500V	C4=4.043400V	C5=4.042050V	C6=4.039800V	C7=4.049700V	C8=4.045800V	C9=4.046850V	C10=4.043100V	C11=4.044000V	C12=4.044600V	C13=4.047150V	C14=4.049400V	C15=4.041600V	C16=4.041600V	C17=4.041750V	C18=4.042950V	C19=4.043250V	C20=4.043100V	C21=4.047900V	C22=4.044000V	C23=4.038450V	C24=4.045200V	C25=4.045500V	C26=4.045650V	C27=4.047150V	C28=4.046250V	
max_temp: 16.759058	min_temp: 13.579493	avg_temp: 14.109873
undervoltage: 0	overvoltage: 0	pec: 0	overtemperature: 0	openwire: 0	openwire_temp: 0
dcc1: 3f	dcc2: 3f	
Time: 17728
Current: -0.117950
SOC: 0.839303
total_v: 113.232285	max_v: 4.049700	min_v: 4.038000	avg_v: 4.044010	max-min: 0.011700
C1=4.038000V	C2=4.040850V	C3=4.042500V	C4=4.043400V	C5=4.042200V	C6=4.039800V	C7=4.049700V	C8=4.045800V	C9=4.046850V	C10=4.043100V	C11=4.044150V	C12=4.044600V	C13=4.047150V	C14=4.049400V	C15=4.041750V	C16=4.041600V	C17=4.041750V	C18=4.042950V	C19=4.043400V	C20=4.043100V	C21=4.047900V	C22=4.044000V	C23=4.038450V	C24=4.045200V	C25=4.045650V	C26=4.045650V	C27=4.047150V	C28=4.046250V	
max_temp: 16.759058	min_temp: 13.579493	avg_temp: 14.109873
undervoltage: 0	overvoltage: 0	pec: 0	overtemperature: 0	openwire: 0	openwire_temp: 0
dcc1: 3f	dcc2: 3f	
Time: 17929
Current: -0.117950
SOC: 0.839304
total_v: 113.232452	max_v: 4.049700	min_v: 4.038000	avg_v: 4.044016	max-min: 0.011700
C1=4.038000V	C2=4.040850V	C3=4.042500V	C4=4.043400V	C5=4.042200V	C6=4.039800V	C7=4.049700V	C8=4.045800V	C9=4.046850V	C10=4.043100V	C11=4.044150V	C12=4.044600V	C13=4.047300V	C14=4.049400V	C15=4.041750V	C16=4.041600V	C17=4.041750V	C18=4.042950V	C19=4.043250V	C20=4.043250V	C21=4.047900V	C22=4.044150V	C23=4.038450V	C24=4.045200V	C25=4.045500V	C26=4.045650V	C27=4.047150V	C28=4.046250V	
max_temp: 16.759058	min_temp: 13.579493	avg_temp: 14.110502
undervoltage: 0	overvoltage: 0	pec: 0	overtemperature: 0	openwire: 0	openwire_temp: 0
dcc1: 3f	dcc2: 3f	
Time: 18130
Current: -0.216232
SOC: 0.839305
total_v: 113.231689	max_v: 4.049700	min_v: 4.037850	avg_v: 4.043989	max-min: 0.011850
C1=4.037850V	C2=4.040850V	C3=4.042350V	C4=4.043400V	C5=4.042200V	C6=4.039800V	C7=4.049700V	C8=4.045800V	C9=4.046850V	C10=4.043100V	C11=4.044150V	C12=4.044600V	C13=4.047150V	C14=4.049250V	C15=4.041600V	C16=4.041600V	C17=4.041750V	C18=4.042950V	C19=4.043400V	C20=4.043100V	C21=4.047900V	C22=4.044000V	C23=4.038450V	C24=4.045200V	C25=4.045650V	C26=4.045650V	C27=4.047150V	C28=4.046250V	
max_temp: 16.759058	min_temp: 13.579493	avg_temp: 14.109556
undervoltage: 0	overvoltage: 0	pec: 0	overtemperature: 0	openwire: 0	openwire_temp: 0
dcc1: 3f	dcc2: 3f	
Time: 18331
Current: -0.117950
SOC: 0.839305
total_v: 113.232147	max_v: 4.049700	min_v: 4.038000	avg_v: 4.044005	max-min: 0.011700
C1=4.038000V	C2=4.040850V	C3=4.042350V	C4=4.043400V	C5=4.042200V	C6=4.039800V	C7=4.049700V	C8=4.045800V	C9=4.046850V	C10=4.043100V	C11=4.044150V	C12=4.044600V	C13=4.047150V	C14=4.049250V	C15=4.041750V	C16=4.041600V	C17=4.041750V	C18=4.042950V	C19=4.043400V	C20=4.043100V	C21=4.047900V	C22=4.044150V	C23=4.038450V	C24=4.045200V	C25=4.045650V	C26=4.045650V	C27=4.047150V	C28=4.046250V	
max_temp: 16.759058	min_temp: 13.579493	avg_temp: 14.110189
undervoltage: 0	overvoltage: 0	pec: 0	overtemperature: 0	openwire: 0	openwire_temp: 0
dcc1: 3f	dcc2: 3f	
Time: 18532
Current: -0.216232
SOC: 0.839306
total_v: 113.231995	max_v: 4.049700	min_v: 4.037850	avg_v: 4.044000	max-min: 0.011850
C1=4.037850V	C2=4.040850V	C3=4.042350V	C4=4.043400V	C5=4.042200V	C6=4.039800V	C7=4.049700V	C8=4.045950V	C9=4.046850V	C10=4.042950V	C11=4.044000V	C12=4.044750V	C13=4.047300V	C14=4.049400V	C15=4.041600V	C16=4.041600V	C17=4.041750V	C18=4.042950V	C19=4.043400V	C20=4.043100V	C21=4.047900V	C22=4.044000V	C23=4.038450V	C24=4.045200V	C25=4.045650V	C26=4.045650V	C27=4.047150V	C28=4.046250V	
max_temp: 16.759058	min_temp: 13.579493	avg_temp: 14.110188
undervoltage: 0	overvoltage: 0	pec: 0	overtemperature: 0	openwire: 0	openwire_temp: 0
dcc1: 3f	dcc2: 3f	
Time: 18733
Current: -0.117950
SOC: 0.839306
total_v: 113.231537	max_v: 4.049700	min_v: 4.037850	avg_v: 4.043983	max-min: 0.011850
C1=4.037850V	C2=4.040850V	C3=4.042350V	C4=4.043400V	C5=4.042200V	C6=4.039800V	C7=4.049700V	C8=4.045800V	C9=4.046850V	C10=4.042950V	C11=4.044000V	C12=4.044600V	C13=4.047150V	C14=4.049250V	C15=4.041600V	C16=4.041600V	C17=4.041750V	C18=4.042950V	C19=4.043400V	C20=4.043100V	C21=4.047900V	C22=4.044150V	C23=4.038450V	C24=4.045200V	C25=4.045650V	C26=4.045650V	C27=4.047150V	C28=4.046250V	
max_temp: 16.759058	min_temp: 13.579493	avg_temp: 14.110819
undervoltage: 0	overvoltage: 0	pec: 0	overtemperature: 0	openwire: 0	openwire_temp: 0
dcc1: 3f	dcc2: 3f	
Time: 18934
Current: -0.117950
SOC: 0.839307
total_v: 113.232285	max_v: 4.049700	min_v: 4.038000	avg_v: 4.044010	max-min: 0.011700
C1=4.038000V	C2=4.040850V	C3=4.042500V	C4=4.043400V	C5=4.042200V	C6=4.039800V	C7=4.049700V	C8=4.045800V	C9=4.046850V	C10=4.043100V	C11=4.044150V	C12=4.044600V	C13=4.047300V	C14=4.049400V	C15=4.041600V	C16=4.041600V	C17=4.041750V	C18=4.042950V	C19=4.043400V	C20=4.043100V	C21=4.047900V	C22=4.044000V	C23=4.038450V	C24=4.045200V	C25=4.045650V	C26=4.045650V	C27=4.047150V	C28=4.046250V	
max_temp: 16.759058	min_temp: 13.579493	avg_temp: 14.110188
undervoltage: 0	overvoltage: 0	pec: 0	overtemperature: 0	openwire: 0	openwire_temp: 0
dcc1: 3f	dcc2: 3f	
Time: 19135
Current: 0.766541
SOC: 0.839304
total_v: 113.231842	max_v: 4.049700	min_v: 4.037850	avg_v: 4.043994	max-min: 0.011850
C1=4.037850V	C2=4.040850V	C3=4.042500V	C4=4.043400V	C5=4.042200V	C6=4.039800V	C7=4.049700V	C8=4.045800V	C9=4.046850V	C10=4.043100V	C11=4.044150V	C12=4.044600V	C13=4.047150V	C14=4.049250V	C15=4.041600V	C16=4.041600V	C17=4.041750V	C18=4.042950V	C19=4.043400V	C20=4.043100V	C21=4.047900V	C22=4.044000V	C23=4.038450V	C24=4.045200V	C25=4.045650V	C26=4.045650V	C27=4.047150V	C28=4.046250V	
max_temp: 16.759058	min_temp: 13.579493	avg_temp: 14.110188
undervoltage: 0	overvoltage: 0	pec: 0	overtemperature: 0	openwire: 0	openwire_temp: 0
dcc1: 3f	dcc2: 3f	
Time: 19336
Current: -0.117950
SOC: 0.839304
total_v: 113.231842	max_v: 4.049700	min_v: 4.038000	avg_v: 4.043994	max-min: 0.011700
C1=4.038000V	C2=4.040850V	C3=4.042350V	C4=4.043400V	C5=4.042200V	C6=4.039800V	C7=4.049700V	C8=4.045800V	C9=4.046850V	C10=4.043100V	C11=4.044000V	C12=4.044600V	C13=4.047300V	C14=4.049400V	C15=4.041600V	C16=4.041450V	C17=4.041750V	C18=4.042950V	C19=4.043400V	C20=4.043100V	C21=4.047900V	C22=4.044000V	C23=4.038450V	C24=4.045200V	C25=4.045650V	C26=4.045650V	C27=4.047150V	C28=4.046250V	
max_temp: 16.764093	min_temp: 13.579493	avg_temp: 14.110502
undervoltage: 0	overvoltage: 0	pec: 0	overtemperature: 0	openwire: 0	openwire_temp: 0
dcc1: 3f	dcc2: 3f	
Time: 19537
Current: -0.019684
SOC: 0.839304
total_v: 113.231094	max_v: 4.049700	min_v: 4.038000	avg_v: 4.043968	max-min: 0.011700
C1=4.038000V	C2=4.040850V	C3=4.042350V	C4=4.043400V	C5=4.042200V	C6=4.039650V	C7=4.049700V	C8=4.045800V	C9=4.046850V	C10=4.043100V	C11=4.044000V	C12=4.044600V	C13=4.047150V	C14=4.049250V	C15=4.041750V	C16=4.041450V	C17=4.041750V	C18=4.042950V	C19=4.043250V	C20=4.043100V	C21=4.047900V	C22=4.044000V	C23=4.038450V	C24=4.045200V	C25=4.045500V	C26=4.045650V	C27=4.047000V	C28=4.046250V	
max_temp: 16.759058	min_temp: 13.579493	avg_temp: 14.110500
undervoltage: 0	overvoltage: 0	pec: 0	overtemperature: 0	openwire: 0	openwire_temp: 0
dcc1: 3f	dcc2: 3f	
Time: 19738
Current: -0.117950
SOC: 0.839305
total_v: 113.231384	max_v: 4.049700	min_v: 4.037850	avg_v: 4.043978	max-min: 0.011850
C1=4.037850V	C2=4.040850V	C3=4.042500V	C4=4.043400V	C5=4.042050V	C6=4.039650V	C7=4.049700V	C8=4.045950V	C9=4.046850V	C10=4.043100V	C11=4.044000V	C12=4.044600V	C13=4.047150V	C14=4.049400V	C15=4.041600V	C16=4.041450V	C17=4.041750V	C18=4.042950V	C19=4.043250V	C20=4.043100V	C21=4.047900V	C22=4.044000V	C23=4.038450V	C24=4.045200V	C25=4.045650V	C26=4.045650V	C27=4.047150V	C28=4.046250V	
max_temp: 16.759058	min_temp: 13.579493	avg_temp: 14.109873
undervoltage: 0	overvoltage: 0	pec: 0	overtemperature: 0	openwire: 0	openwire_temp: 0
dcc1: 3f	dcc2: 3f	
Time: 19939
Current: -0.216232
SOC: 0.839306
total_v: 113.231392	max_v: 4.049700	min_v: 4.037850	avg_v: 4.043978	max-min: 0.011850
C1=4.037850V	C2=4.040850V	C3=4.042500V	C4=4.043400V	C5=4.042200V	C6=4.039800V	C7=4.049700V	C8=4.045800V	C9=4.046850V	C10=4.043100V	C11=4.044150V	C12=4.044600V	C13=4.047150V	C14=4.049400V	C15=4.041600V	C16=4.041450V	C17=4.041750V	C18=4.042950V	C19=4.043250V	C20=4.043100V	C21=4.047900V	C22=4.044000V	C23=4.038450V	C24=4.045200V	C25=4.045500V	C26=4.045650V	C27=4.047000V	C28=4.046250V	
max_temp: 16.759058	min_temp: 13.579493	avg_temp: 14.110502
undervoltage: 0	overvoltage: 0	pec: 0	overtemperature: 0	openwire: 0	openwire_temp: 0
dcc1: 3f	dcc2: 3f	
Time: 20140
Current: -0.117950
SOC: 0.839306
total_v: 113.231384	max_v: 4.049550	min_v: 4.037850	avg_v: 4.043978	max-min: 0.011700
C1=4.037850V	C2=4.040850V	C3=4.042350V	C4=4.043400V	C5=4.042200V	C6=4.039650V	C7=4.049550V	C8=4.045800V	C9=4.046850V	C10=4.043100V	C11=4.044000V	C12=4.044600V	C13=4.047150V	C14=4.049400V	C15=4.041750V	C16=4.041600V	C17=4.041750V	C18=4.042950V	C19=4.043250V	C20=4.043100V	C21=4.047900V	C22=4.044000V	C23=4.038450V	C24=4.045200V	C25=4.045650V	C26=4.045650V	C27=4.047150V	C28=4.046250V	
max_temp: 16.764093	min_temp: 13.579493	avg_temp: 14.110502
undervoltage: 0	overvoltage: 0	pec: 0	overtemperature: 0	openwire: 0	openwire_temp: 0
dcc1: 3f	dcc2: 3f	
Time: 20341
Current: -0.117950
SOC: 0.839307
total_v: 113.231247	max_v: 4.049700	min_v: 4.037850	avg_v: 4.043973	max-min: 0.011850
C1=4.037850V	C2=4.040850V	C3=4.042500V	C4=4.043250V	C5=4.042050V	C6=4.039800V	C7=4.049700V	C8=4.045800V	C9=4.046850V	C10=4.043100V	C11=4.044000V	C12=4.044600V	C13=4.047150V	C14=4.049250V	C15=4.041600V	C16=4.041600V	C17=4.041600V	C18=4.042950V	C19=4.043400V	C20=4.043100V	C21=4.047900V	C22=4.044150V	C23=4.038300V	C24=4.045200V	C25=4.045650V	C26=4.045650V	C27=4.047150V	C28=4.046250V	
max_temp: 16.764093	min_temp: 13.579493	avg_temp: 14.110817
undervoltage: 0	overvoltage: 0	pec: 0	overtemperature: 0	openwire: 0	openwire_temp: 0
dcc1: 3f	dcc2: 3f	
Time: 20542
Current: -0.117950
SOC: 0.839307
total_v: 113.231537	max_v: 4.049700	min_v: 4.037850	avg_v: 4.043983	max-min: 0.011850
C1=4.037850V	C2=4.040850V	C3=4.042350V	C4=4.043400V	C5=4.042050V	C6=4.039800V	C7=4.049700V	C8=4.045800V	C9=4.046850V	C10=4.043100V	C11=4.044150V	C12=4.044600V	C13=4.047150V	C14=4.049250V	C15=4.041600V	C16=4.041600V	C17=4.041750V	C18=4.042950V	C19=4.043400V	C20=4.043100V	C21=4.047900V	C22=4.044000V	C23=4.038450V	C24=4.045200V	C25=4.045650V	C26=4.045650V	C27=4.047150V	C28=4.046250V	
max_temp: 16.764093	min_temp: 13.579493	avg_temp: 14.110502
undervoltage: 0	overvoltage: 0	pec: 0	overtemperature: 0	openwire: 0	openwire_temp: 0
dcc1: 3f	dcc2: 3f	
Time: 20743
Current: -0.216232
SOC: 0.839308
total_v: 113.231842	max_v: 4.049850	min_v: 4.037850	avg_v: 4.043994	max-min: 0.012000
C1=4.037850V	C2=4.040850V	C3=4.042500V	C4=4.043400V	C5=4.042200V	C6=4.039650V	C7=4.049850V	C8=4.045800V	C9=4.046850V	C10=4.043100V	C11=4.044150V	C12=4.044600V	C13=4.047150V	C14=4.049400V	C15=4.041600V	C16=4.041600V	C17=4.041750V	C18=4.042950V	C19=4.043250V	C20=4.043100V	C21=4.047900V	C22=4.044000V	C23=4.038450V	C24=4.045200V	C25=4.045650V	C26=4.045650V	C27=4.047150V	C28=4.046250V	
max_temp: 16.764093	min_temp: 13.579493	avg_temp: 14.110502
undervoltage: 0	overvoltage: 0	pec: 0	overtemperature: 0	openwire: 0	openwire_temp: 0
dcc1: 3f	dcc2: 3f	
Time: 20944
Current: -0.216232
SOC: 0.839309
total_v: 113.231689	max_v: 4.049700	min_v: 4.037850	avg_v: 4.043989	max-min: 0.011850
C1=4.037850V	C2=4.040850V	C3=4.042350V	C4=4.043400V	C5=4.042200V	C6=4.039650V	C7=4.049700V	C8=4.045800V	C9=4.046850V	C10=4.043100V	C11=4.044000V	C12=4.044750V	C13=4.047300V	C14=4.049250V	C15=4.041750V	C16=4.041600V	C17=4.041750V	C18=4.042950V	C19=4.043400V	C20=4.043100V	C21=4.047900V	C22=4.044000V	C23=4.038300V	C24=4.045200V	C25=4.045650V	C26=4.045650V	C27=4.047150V	C28=4.046250V	
max_temp: 16.764093	min_temp: 13.579493	avg_temp: 14.110188
undervoltage: 0	overvoltage: 0	pec: 0	overtemperature: 0	openwire: 0	openwire_temp: 0
dcc1: 3f	dcc2: 3f	
Time: 21145
Current: 3.911346
SOC: 0.839293
total_v: 113.230942	max_v: 4.049700	min_v: 4.037850	avg_v: 4.043962	max-min: 0.011850
C1=4.037850V	C2=4.040850V	C3=4.042350V	C4=4.043400V	C5=4.042200V	C6=4.039650V	C7=4.049700V	C8=4.045800V	C9=4.046850V	C10=4.042950V	C11=4.044150V	C12=4.044600V	C13=4.047150V	C14=4.049250V	C15=4.041600V	C16=4.041600V	C17=4.041750V	C18=4.042950V	C19=4.043250V	C20=4.043100V	C21=4.047900V	C22=4.044000V	C23=4.038450V	C24=4.045200V	C25=4.045500V	C26=4.045650V	C27=4.047000V	C28=4.046250V	
max_temp: 16.764093	min_temp: 13.579493	avg_temp: 14.111132
undervoltage: 0	overvoltage: 0	pec: 0	overtemperature: 0	openwire: 0	openwire_temp: 0
dcc1: 3f	dcc2: 3f	
Time: 21346
Current: -0.117950
SOC: 0.839293
total_v: 113.231537	max_v: 4.049700	min_v: 4.038000	avg_v: 4.043983	max-min: 0.011700
C1=4.038000V	C2=4.040850V	C3=4.042500V	C4=4.043400V	C5=4.042200V	C6=4.039800V	C7=4.049700V	C8=4.045800V	C9=4.046850V	C10=4.042950V	C11=4.044000V	C12=4.044600V	C13=4.047150V	C14=4.049250V	C15=4.041600V	C16=4.041450V	C17=4.041750V	C18=4.042950V	C19=4.043400V	C20=4.043100V	C21=4.047900V	C22=4.044000V	C23=4.038450V	C24=4.045200V	C25=4.045650V	C26=4.045650V	C27=4.047150V	C28=4.046250V	
max_temp: 16.764093	min_temp: 13.579493	avg_temp: 14.111132
undervoltage: 0	overvoltage: 0	pec: 0	overtemperature: 0	openwire: 0	openwire_temp: 0
dcc1: 3f	dcc2: 3f	
Time: 21547
Current: -0.117950
SOC: 0.839294
total_v: 113.231834	max_v: 4.049700	min_v: 4.037850	avg_v: 4.043994	max-min: 0.011850
C1=4.037850V	C2=4.040850V	C3=4.042350V	C4=4.043400V	C5=4.042200V	C6=4.039650V	C7=4.049700V	C8=4.045800V	C9=4.046850V	C10=4.043100V	C11=4.044150V	C12=4.044600V	C13=4.047300V	C14=4.049250V	C15=4.041750V	C16=4.041600V	C17=4.041750V	C18=4.043100V	C19=4.043400V	C20=4.043100V	C21=4.047900V	C22=4.044000V	C23=4.038450V	C24=4.045200V	C25=4.045500V	C26=4.045650V	C27=4.047150V	C28=4.046250V	
max_temp: 16.764093	min_temp: 13.579493	avg_temp: 14.111134
undervoltage: 0	overvoltage: 0	pec: 0	overtemperature: 0	openwire: 0	openwire_temp: 0
dcc1: 3f	dcc2: 3f	
Time: 21748
Current: -0.117950
SOC: 0.839294
total_v: 113.231544	max_v: 4.049700	min_v: 4.037850	avg_v: 4.043984	max-min: 0.011850
C1=4.037850V	C2=4.040850V	C3=4.042500V	C4=4.043400V	C5=4.042200V	C6=4.039650V	C7=4.049700V	C8=4.045950V	C9=4.046850V	C10=4.043100V	C11=4.044000V	C12=4.044600V	C13=4.047150V	C14=4.049250V	C15=4.041600V	C16=4.041600V	C17=4.041750V	C18=4.042950V	C19=4.043250V	C20=4.043100V	C21=4.047900V	C22=4.044000V	C23=4.038450V	C24=4.045200V	C25=4.045650V	C26=4.045650V	C27=4.047150V	C28=4.046250V	
max_temp: 16.764093	min_temp: 13.579493	avg_temp: 14.111446
undervoltage: 0	overvoltage: 0	pec: 0	overtemperature: 0	openwire: 0	openwire_temp: 0
dcc1: 3f	dcc2: 3f	
Time: 21949
Current: 1.552734
SOC: 0.839288
total_v: 113.231689	max_v: 4.049700	min_v: 4.037850	avg_v: 4.043989	max-min: 0.011850
C1=4.037850V	C2=4.040850V	C3=4.042350V	C4=4.043400V	C5=4.042200V	C6=4.039650V	C7=4.049700V	C8=4.045800V	C9=4.046850V	C10=4.043100V	C11=4.044000V	C12=4.044600V	C13=4.047150V	C14=4.049250V	C15=4.041600V	C16=4.041600V	C17=4.041750V	C18=4.043100V	C19=4.043400V	C20=4.043100V	C21=4.047900V	C22=4.044000V	C23=4.038450V	C24=4.045200V	C25=4.045650V	C26=4.045800V	C27=4.047150V	C28=4.046250V	
max_temp: 16.764093	min_temp: 13.579493	avg_temp: 14.110817
undervoltage: 0	overvoltage: 0	pec: 0	overtemperature: 0	openwire: 0	openwire_temp: 0
dcc1: 3f	dcc2: 3f	
Time: 22150
Current: -0.117950
SOC: 0.839288
total_v: 113.231537	max_v: 4.049700	min_v: 4.037850	avg_v: 4.043983	max-min: 0.011850
C1=4.037850V	C2=4.040850V	C3=4.042500V	C4=4.043400V	C5=4.042200V	C6=4.039650V	C7=4.049700V	C8=4.045800V	C9=4.046850V	C10=4.043100V	C11=4.044000V	C12=4.044600V	C13=4.047150V	C14=4.049400V	C15=4.041600V	C16=4.041450V	C17=4.041750V	C18=4.042950V	C19=4.043250V	C20=4.043100V	C21=4.047900V	C22=4.044000V	C23=4.038450V	C24=4.045350V	C25=4.045650V	C26=4.045650V	C27=4.047150V	C28=4.046250V	
max_temp: 16.764093	min_temp: 13.579493	avg_temp: 14.111448
undervoltage: 0	overvoltage: 0	pec: 0	overtemperature: 0	openwire: 0	openwire_temp: 0
dcc1: 3f	dcc2: 3f	
Time: 22351
Current: -0.216232
SOC: 0.839289
total_v: 113.231087	max_v: 4.049700	min_v: 4.037850	avg_v: 4.043967	max-min: 0.011850
C1=4.037850V	C2=4.040850V	C3=4.042350V	C4=4.043400V	C5=4.042200V	C6=4.039650V	C7=4.049700V	C8=4.045800V	C9=4.046850V	C10=4.043100V	C11=4.044000V	C12=4.044600V	C13=4.047150V	C14=4.049400V	C15=4.041600V	C16=4.041600V	C17=4.041600V	C18=4.042950V	C19=4.043250V	C20=4.043100V	C21=4.047900V	C22=4.044000V	C23=4.038450V	C24=4.045200V	C25=4.045650V	C26=4.045650V	C27=4.047000V	C28=4.046250V	
max_temp: 16.764093	min_temp: 13.584528	avg_temp: 14.111446
undervoltage: 0	overvoltage: 0	pec: 0	overtemperature: 0	openwire: 0	openwire_temp: 0
dcc1: 3f	dcc2: 3f	
Time: 22552
Current: -0.117950
SOC: 0.839290
total_v: 113.231239	max_v: 4.049700	min_v: 4.037850	avg_v: 4.043973	max-min: 0.011850
C1=4.037850V	C2=4.040850V	C3=4.042350V	C4=4.043250V	C5=4.042200V	C6=4.039800V	C7=4.049700V	C8=4.045800V	C9=4.046850V	C10=4.042950V	C11=4.044000V	C12=4.044600V	C13=4.047150V	C14=4.049250V	C15=4.041600V	C16=4.041600V	C17=4.041750V	C18=4.042950V	C19=4.043250V	C20=4.043100V	C21=4.047900V	C22=4.044150V	C23=4.038450V	C24=4.045200V	C25=4.045650V	C26=4.045650V	C27=4.047150V	C28=4.046250V	
max_temp: 16.764093	min_temp: 13.584528	avg_temp: 14.111763
undervoltage: 0	overvoltage: 0	pec: 0	overtemperature: 0	openwire: 0	openwire_temp: 0
dcc1: 3f	dcc2: 3f	
Time: 22753
Current: -0.117950
SOC: 0.839290
total_v: 113.231689	max_v: 4.049700	min_v: 4.037850	avg_v: 4.043989	max-min: 0.011850
C1=4.037850V	C2=4.040850V	C3=4.042350V	C4=4.043400V	C5=4.042200V	C6=4.039800V	C7=4.049700V	C8=4.045800V	C9=4.046850V	C10=4.043100V	C11=4.044150V	C12=4.044600V	C13=4.047150V	C14=4.049250V	C15=4.041600V	C16=4.041600V	C17=4.041750V	C18=4.042950V	C19=4.043400V	C20=4.043100V	C21=4.047900V	C22=4.044000V	C23=4.038450V	C24=4.045200V	C25=4.045650V	C26=4.045650V	C27=4.047150V	C28=4.046250V	
max_temp: 16.764093	min_temp: 13.579493	avg_temp: 14.111446
undervoltage: 0	overvoltage: 0	pec: 0	overtemperature: 0	openwire: 0	openwire_temp: 0
dcc1: 3f	dcc2: 3f	
Time: 22954
Current: 0.569992
SOC: 0.839288
total_v: 113.231689	max_v: 4.049700	min_v: 4.037850	avg_v: 4.043989	max-min: 0.011850
C1=4.037850V	C2=4.040850V	C3=4.042350V	C4=4.043400V	C5=4.042200V	C6=4.039650V	C7=4.049700V	C8=4.045800V	C9=4.046850V	C10=4.043100V	C11=4.044150V	C12=4.044600V	C13=4.047150V	C14=4.049250V	C15=4.041750V	C16=4.041600V	C17=4.041750V	C18=4.042950V	C19=4.043400V	C20=4.043100V	C21=4.047900V	C22=4.044000V	C23=4.038450V	C24=4.045200V	C25=4.045650V	C26=4.045650V	C27=4.047150V	C28=4.046250V	
max_temp: 16.764093	min_temp: 13.579493	avg_temp: 14.110817
undervoltage: 0	overvoltage: 0	pec: 0	overtemperature: 0	openwire: 0	openwire_temp: 0
dcc1: 3f	dcc2: 3f	
Time: 23155
Current: 0.766541
SOC: 0.839284
total_v: 113.231689	max_v: 4.049700	min_v: 4.037850	avg_v: 4.043989	max-min: 0.011850
C1=4.037850V	C2=4.040850V	C3=4.042350V	C4=4.043400V	C5=4.042200V	C6=4.039650V	C7=4.049700V	C8=4.045800V	C9=4.046850V	C10=4.043100V	C11=4.044150V	C12=4.044600V	C13=4.047150V	C14=4.049400V	C15=4.041600V	C16=4.041600V	C17=4.041750V	C18=4.042950V	C19=4.043250V	C20=4.043100V	C21=4.047900V	C22=4.044150V	C23=4.038450V	C24=4.045200V	C25=4.045650V	C26=4.045650V	C27=4.047150V	C28=4.046250V	
max_temp: 16.764093	min_temp: 13.579493	avg_temp: 14.111761
undervoltage: 0	overvoltage: 0	pec: 0	overtemperature: 0	openwire: 0	openwire_temp: 0
dcc1: 3f	dcc2: 3f	
Time: 23356
Current: 0.176865
SOC: 0.839284
total_v: 113.231689	max_v: 4.049700	min_v: 4.038000	avg_v: 4.043989	max-min: 0.011700
C1=4.038000V	C2=4.040850V	C3=4.042350V	C4=4.043250V	C5=4.042200V	C6=4.039650V	C7=4.049700V	C8=4.045800V	C9=4.046850V	C10=4.043100V	C11=4.044150V	C12=4.044600V	C13=4.047150V	C14=4.049400V	C15=4.041750V	C16=4.041600V	C17=4.041750V	C18=4.042950V	C19=4.043250V	C20=4.043100V	C21=4.047900V	C22=4.044000V	C23=4.038450V	C24=4.045200V	C25=4.045650V	C26=4.045650V	C27=4.047150V	C28=4.046250V	
max_temp: 16.764093	min_temp: 13.579493	avg_temp: 14.111448
undervoltage: 0	overvoltage: 0	pec: 0	overtemperature: 0	openwire: 0	openwire_temp: 0
dcc1: 3f	dcc2: 3f	
Time: 23557
Current: -0.117950
SOC: 0.839284
total_v: 113.231689	max_v: 4.049700	min_v: 4.037850	avg_v: 4.043989	max-min: 0.011850
C1=4.037850V	C2=4.040850V	C3=4.042350V	C4=4.043400V	C5=4.042200V	C6=4.039650V	C7=4.049700V	C8=4.045800V	C9=4.046850V	C10=4.043100V	C11=4.044150V	C12=4.044600V	C13=4.047150V	C14=4.049400V	C15=4.041600V	C16=4.041600V	C17=4.041750V	C18=4.042950V	C19=4.043250V	C20=4.043100V	C21=4.047900V	C22=4.044150V	C23=4.038450V	C24=4.045200V	C25=4.045650V	C26=4.045650V	C27=4.047150V	C28=4.046250V	
max_temp: 16.764093	min_temp: 13.579493	avg_temp: 14.111132
undervoltage: 0	overvoltage: 0	pec: 0	overtemperature: 0	openwire: 0	openwire_temp: 0
dcc1: 3f	dcc2: 3f	
Time: 23758
Current: -0.117950
SOC: 0.839285
total_v: 113.231537	max_v: 4.049700	min_v: 4.037850	avg_v: 4.043983	max-min: 0.011850
C1=4.037850V	C2=4.040850V	C3=4.042350V	C4=4.043400V	C5=4.042050V	C6=4.039650V	C7=4.049700V	C8=4.045800V	C9=4.046850V	C10=4.043100V	C11=4.044150V	C12=4.044600V	C13=4.047150V	C14=4.049400V	C15=4.041600V	C16=4.041600V	C17=4.041750V	C18=4.042950V	C19=4.043400V	C20=4.043100V	C21=4.047900V	C22=4.044000V	C23=4.038450V	C24=4.045200V	C25=4.045650V	C26=4.045650V	C27=4.047150V	C28=4.046250V	
max_temp: 16.764093	min_temp: 13.579493	avg_temp: 14.111450
undervoltage: 0	overvoltage: 0	pec: 0	overtemperature: 0	openwire: 0	openwire_temp: 0
dcc1: 3f	dcc2: 3f	
Time: 23959
Current: -0.117950
SOC: 0.839285
total_v: 113.231239	max_v: 4.049700	min_v: 4.037850	avg_v: 4.043973	max-min: 0.011850
C1=4.037850V	C2=4.040850V	C3=4.042500V	C4=4.043400V	C5=4.042200V	C6=4.039650V	C7=4.049700V	C8=4.045800V	C9=4.046850V	C10=4.043100V	C11=4.044000V	C12=4.044600V	C13=4.047150V	C14=4.049400V	C15=4.041600V	C16=4.041450V	C17=4.041600V	C18=4.042950V	C19=4.043250V	C20=4.043100V	C21=4.047900V	C22=4.044000V	C23=4.038450V	C24=4.045200V	C25=4.045650V	C26=4.045650V	C27=4.047150V	C28=4.046250V	
max_temp: 16.764093	min_temp: 13.579493	avg_temp: 14.112078
undervoltage: 0	overvoltage: 0	pec: 0	overtemperature: 0	openwire: 0	openwire_temp: 0
dcc1: 3f	dcc2: 3f	
Time: 24160
Current: -0.216232
SOC: 0.839286
total_v: 113.231239	max_v: 4.049700	min_v: 4.037850	avg_v: 4.043973	max-min: 0.011850
C1=4.037850V	C2=4.040850V	C3=4.042350V	C4=4.043250V	C5=4.042050V	C6=4.039800V	C7=4.049700V	C8=4.045800V	C9=4.046850V	C10=4.043100V	C11=4.044150V	C12=4.044600V	C13=4.047300V	C14=4.049400V	C15=4.041600V	C16=4.041450V	C17=4.041600V	C18=4.042950V	C19=4.043250V	C20=4.043100V	C21=4.047900V	C22=4.044000V	C23=4.038450V	C24=4.045200V	C25=4.045650V	C26=4.045650V	C27=4.047150V	C28=4.046250V	
max_temp: 16.764093	min_temp: 13.579493	avg_temp: 14.111763
undervoltage: 0	overvoltage: 0	pec: 0	overtemperature: 0	openwire: 0	openwire_temp: 0
dcc1: 3f	dcc2: 3f	
Time: 24361
Current: 0.373444
SOC: 0.839285
total_v: 113.231079	max_v: 4.049700	min_v: 4.037850	avg_v: 4.043967	max-min: 0.011850
C1=4.037850V	C2=4.040850V	C3=4.042350V	C4=4.043400V	C5=4.042050V	C6=4.039650V	C7=4.049700V	C8=4.045800V	C9=4.046850V	C10=4.043100V	C11=4.044000V	C12=4.044600V	C13=4.047300V	C14=4.049250V	C15=4.041600V	C16=4.041450V	C17=4.041750V	C18=4.042950V	C19=4.043250V	C20=4.043100V	C21=4.047900V	C22=4.044000V	C23=4.038450V	C24=4.045200V	C25=4.045650V	C26=4.045650V	C27=4.047150V	C28=4.046250V	
max_temp: 16.764093	min_temp: 13.584528	avg_temp: 14.110817
undervoltage: 0	overvoltage: 0	pec: 0	overtemperature: 0	openwire: 0	openwire_temp: 0
dcc1: 3f	dcc2: 3f	
Time: 24562
Current: -0.117950
SOC: 0.839285
total_v: 113.230942	max_v: 4.049700	min_v: 4.037850	avg_v: 4.043962	max-min: 0.011850
C1=4.037850V	C2=4.040850V	C3=4.042350V	C4=4.043250V	C5=4.042050V	C6=4.039800V	C7=4.049700V	C8=4.045800V	C9=4.046850V	C10=4.042950V	C11=4.044000V	C12=4.044750V	C13=4.047150V	C14=4.049250V	C15=4.041600V	C16=4.041600V	C17=4.041750V	C18=4.042950V	C19=4.043250V	C20=4.043100V	C21=4.047750V	C22=4.044000V	C23=4.038450V	C24=4.045200V	C25=4.045650V	C26=4.045650V	C27=4.047150V	C28=4.046250V	
max_temp: 16.764093	min_temp: 13.579493	avg_temp: 14.112392
undervoltage: 0	overvoltage: 0	pec: 0	overtemperature: 0	openwire: 0	openwire_temp: 0
dcc1: 3f	dcc2: 3f	
Time: 24763
Current: -0.117950
SOC: 0.839285
total_v: 113.231384	max_v: 4.049700	min_v: 4.037850	avg_v: 4.043978	max-min: 0.011850
C1=4.037850V	C2=4.040850V	C3=4.042350V	C4=4.043400V	C5=4.042200V	C6=4.039650V	C7=4.049700V	C8=4.045800V	C9=4.046850V	C10=4.043100V	C11=4.044000V	C12=4.044600V	C13=4.047150V	C14=4.049400V	C15=4.041600V	C16=4.041600V	C17=4.041750V	C18=4.042950V	C19=4.043250V	C20=4.043100V	C21=4.047900V	C22=4.044000V	C23=4.038450V	C24=4.045200V	C25=4.045650V	C26=4.045650V	C27=4.047150V	C28=4.046250V	
max_temp: 16.769129	min_temp: 13.584528	avg_temp: 14.113651
undervoltage: 0	overvoltage: 0	pec: 0	overtemperature: 0	openwire: 0	openwire_temp: 0
dcc1: 3f	dcc2: 3f	
Time: 24964
Current: -0.117950
SOC: 0.839286
total_v: 113.231537	max_v: 4.049700	min_v: 4.037850	avg_v: 4.043983	max-min: 0.011850
C1=4.037850V	C2=4.040850V	C3=4.042500V	C4=4.043250V	C5=4.042200V	C6=4.039650V	C7=4.049700V	C8=4.045800V	C9=4.046850V	C10=4.043100V	C11=4.044150V	C12=4.044600V	C13=4.047150V	C14=4.049400V	C15=4.041600V	C16=4.041450V	C17=4.041750V	C18=4.042950V	C19=4.043400V	C20=4.043100V	C21=4.047900V	C22=4.044000V	C23=4.038450V	C24=4.045200V	C25=4.045650V	C26=4.045650V	C27=4.047150V	C28=4.046250V	
max_temp: 16.769129	min_temp: 13.584528	avg_temp: 14.112076
undervoltage: 0	overvoltage: 0	pec: 0	overtemperature: 0	openwire: 0	openwire_temp: 0
dcc1: 3f	dcc2: 3f	
Time: 25165
Current: 0.864807
SOC: 0.839282
total_v: 113.231537	max_v: 4.049700	min_v: 4.037850	avg_v: 4.043983	max-min: 0.011850
C1=4.037850V	C2=4.040850V	C3=4.042350V	C4=4.043400V	C5=4.042050V	C6=4.039650V	C7=4.049700V	C8=4.045950V	C9=4.046850V	C10=4.043100V	C11=4.044150V	C12=4.044600V	C13=4.047150V	C14=4.049400V	C15=4.041600V	C16=4.041600V	C17=4.041750V	C18=4.042950V	C19=4.043250V	C20=4.043100V	C21=4.047900V	C22=4.044000V	C23=4.038450V	C24=4.045200V	C25=4.045650V	C26=4.045650V	C27=4.047150V	C28=4.046250V	
max_temp: 16.769129	min_temp: 13.579493	avg_temp: 14.112392
undervoltage: 0	overvoltage: 0	pec: 0	overtemperature: 0	openwire: 0	openwire_temp: 0
dcc1: 3f	dcc2: 3f	
Time: 25366
Current: -0.117950
SOC: 0.839283
total_v: 113.231392	max_v: 4.049700	min_v: 4.037850	avg_v: 4.043978	max-min: 0.011850
C1=4.037850V	C2=4.040850V	C3=4.042500V	C4=4.043400V	C5=4.042200V	C6=4.039800V	C7=4.049700V	C8=4.045800V	C9=4.046850V	C10=4.043100V	C11=4.044000V	C12=4.044600V	C13=4.047150V	C14=4.049250V	C15=4.041600V	C16=4.041450V	C17=4.041750V	C18=4.042950V	C19=4.043250V	C20=4.043100V	C21=4.047900V	C22=4.044000V	C23=4.038450V	C24=4.045200V	C25=4.045650V	C26=4.045650V	C27=4.047150V	C28=4.046250V	
max_temp: 16.769129	min_temp: 13.584528	avg_temp: 14.113022
undervoltage: 0	overvoltage: 0	pec: 0	overtemperature: 0	openwire: 0	openwire_temp: 0
dcc1: 3f	dcc2: 3f	
Time: 25567
Current: -0.216232
SOC: 0.839284
total_v: 113.231094	max_v: 4.049700	min_v: 4.037850	avg_v: 4.043968	max-min: 0.011850
C1=4.037850V	C2=4.040850V	C3=4.042500V	C4=4.043400V	C5=4.042200V	C6=4.039650V	C7=4.049700V	C8=4.045800V	C9=4.046850V	C10=4.043100V	C11=4.044000V	C12=4.044600V	C13=4.047150V	C14=4.049250V	C15=4.041600V	C16=4.041600V	C17=4.041750V	C18=4.042950V	C19=4.043250V	C20=4.043100V	C21=4.047750V	C22=4.044000V	C23=4.038300V	C24=4.045200V	C25=4.045650V	C26=4.045650V	C27=4.047150V	C28=4.046250V	
max_temp: 16.774164	min_temp: 13.584528	avg_temp: 14.113338
undervoltage: 0	overvoltage: 0	pec: 0	overtemperature: 0	openwire: 0	openwire_temp: 0
dcc1: 3f	dcc2: 3f	
Time: 25768
Current: -0.117950
SOC: 0.839284
total_v: 113.230789	max_v: 4.049700	min_v: 4.037850	avg_v: 4.043957	max-min: 0.011850
C1=4.037850V	C2=4.040850V	C3=4.042350V	C4=4.043400V	C5=4.042200V	C6=4.039650V	C7=4.049700V	C8=4.045800V	C9=4.046850V	C10=4.043100V	C11=4.044000V	C12=4.044600V	C13=4.047150V	C14=4.049250V	C15=4.041600V	C16=4.041450V	C17=4.041600V	C18=4.042950V	C19=4.043250V	C20=4.043100V	C21=4.047900V	C22=4.044000V	C23=4.038300V	C24=4.045200V	C25=4.045650V	C26=4.045650V	C27=4.047150V	C28=4.046250V	
max_temp: 16.769129	min_temp: 13.579493	avg_temp: 14.112709
undervoltage: 0	overvoltage: 0	pec: 0	overtemperature: 0	openwire: 0	openwire_temp: 0
dcc1: 3f	dcc2: 3f	
Time: 25969
Current: -0.117950
SOC: 0.839285
total_v: 113.231689	max_v: 4.049700	min_v: 4.037850	avg_v: 4.043989	max-min: 0.011850
C1=4.037850V	C2=4.040850V	C3=4.042500V	C4=4.043400V	C5=4.042050V	C6=4.039800V	C7=4.049700V	C8=4.045800V	C9=4.046850V	C10=4.043100V	C11=4.044150V	C12=4.044600V	C13=4.047150V	C14=4.049400V	C15=4.041600V	C16=4.041600V	C17=4.041750V	C18=4.042950V	C19=4.043250V	C20=4.043100V	C21=4.047900V	C22=4.044150V	C23=4.038450V	C24=4.045200V	C25=4.045650V	C26=4.045650V	C27=4.047000V	C28=4.046250V	
max_temp: 16.774164	min_temp: 13.579493	avg_temp: 14.113020
undervoltage: 0	overvoltage: 0	pec: 0	overtemperature: 0	openwire: 0	openwire_temp: 0
dcc1: 3f	dcc2: 3f	
Time: 26170
Current: -0.216232
SOC: 0.839286
total_v: 113.231087	max_v: 4.049700	min_v: 4.037850	avg_v: 4.043967	max-min: 0.011850
C1=4.037850V	C2=4.040850V	C3=4.042350V	C4=4.043250V	C5=4.042200V	C6=4.039800V	C7=4.049700V	C8=4.045800V	C9=4.046850V	C10=4.043100V	C11=4.044000V	C12=4.044600V	C13=4.047150V	C14=4.049400V	C15=4.041600V	C16=4.041450V	C17=4.041600V	C18=4.042950V	C19=4.043250V	C20=4.043100V	C21=4.047900V	C22=4.044000V	C23=4.038450V	C24=4.045200V	C25=4.045650V	C26=4.045650V	C27=4.047150V	C28=4.046250V	
max_temp: 16.774164	min_temp: 13.579493	avg_temp: 14.113022
undervoltage: 0	overvoltage: 0	pec: 0	overtemperature: 0	openwire: 0	openwire_temp: 0
dcc1: 3f	dcc2: 3f	
Time: 26371
Current: -0.216232
SOC: 0.839287
total_v: 113.231384	max_v: 4.049700	min_v: 4.037850	avg_v: 4.043978	max-min: 0.011850
C1=4.037850V	C2=4.040850V	C3=4.042350V	C4=4.043400V	C5=4.042200V	C6=4.039650V	C7=4.049700V	C8=4.045800V	C9=4.046850V	C10=4.043100V	C11=4.044000V	C12=4.044600V	C13=4.047150V	C14=4.049400V	C15=4.041600V	C16=4.041600V	C17=4.041750V	C18=4.042950V	C19=4.043250V	C20=4.043100V	C21=4.047900V	C22=4.044000V	C23=4.038450V	C24=4.045200V	C25=4.045650V	C26=4.045650V	C27=4.047150V	C28=4.046250V	
max_temp: 16.774164	min_temp: 13.579493	avg_temp: 14.112707
undervoltage: 0	overvoltage: 0	pec: 0	overtemperature: 0	openwire: 0	openwire_temp: 0
dcc1: 3f	dcc2: 3f	
Time: 26572
Current: -0.117950
SOC: 0.839287
total_v: 113.231400	max_v: 4.049700	min_v: 4.038000	avg_v: 4.043979	max-min: 0.011700
C1=4.038000V	C2=4.040850V	C3=4.042350V	C4=4.043400V	C5=4.042200V	C6=4.039650V	C7=4.049700V	C8=4.045800V	C9=4.046850V	C10=4.043100V	C11=4.044150V	C12=4.044600V	C13=4.047150V	C14=4.049250V	C15=4.041600V	C16=4.041450V	C17=4.041600V	C18=4.042950V	C19=4.043250V	C20=4.043100V	C21=4.047900V	C22=4.044150V	C23=4.038450V	C24=4.045200V	C25=4.045650V	C26=4.045650V	C27=4.047150V	C28=4.046250V	
max_temp: 16.774164	min_temp: 13.579493	avg_temp: 14.112392
undervoltage: 0	overvoltage: 0	pec: 0	overtemperature: 0	openwire: 0	openwire_temp: 0
dcc1: 3f	dcc2: 3f	
Time: 26773
Current: -0.117950
SOC: 0.839287
total_v: 113.231087	max_v: 4.049700	min_v: 4.037850	avg_v: 4.043967	max-min: 0.011850
C1=4.037850V	C2=4.040850V	C3=4.042350V	C4=4.043400V	C5=4.042200V	C6=4.039650V	C7=4.049700V	C8=4.045800V	C9=4.046850V	C10=4.043100V	C11=4.044000V	C12=4.044600V	C13=4.047150V	C14=4.049400V	C15=4.041600V	C16=4.041450V	C17=4.041600V	C18=4.042950V	C19=4.043250V	C20=4.043100V	C21=4.047900V	C22=4.044000V	C23=4.038450V	C24=4.045200V	C25=4.045650V	C26=4.045650V	C27=4.047150V	C28=4.046250V	
max_temp: 16.779169	min_temp: 13.579493	avg_temp: 14.112703
undervoltage: 0	overvoltage: 0	pec: 0	overtemperature: 0	openwire: 0	openwire_temp: 0
dcc1: 3f	dcc2: 3f	
Time: 26974
Current: -0.117950
SOC: 0.839288
total_v: 113.231392	max_v: 4.049700	min_v: 4.037850	avg_v: 4.043978	max-min: 0.011850
C1=4.037850V	C2=4.040850V	C3=4.042350V	C4=4.043400V	C5=4.042200V	C6=4.039800V	C7=4.049700V	C8=4.045800V	C9=4.046850V	C10=4.043100V	C11=4.044000V	C12=4.044600V	C13=4.047300V	C14=4.049250V	C15=4.041600V	C16=4.041600V	C17=4.041750V	C18=4.042950V	C19=4.043250V	C20=4.043100V	C21=4.047900V	C22=4.044150V	C23=4.038450V	C24=4.045200V	C25=4.045500V	C26=4.045650V	C27=4.047000V	C28=4.046250V	
max_temp: 16.774164	min_temp: 13.584528	avg_temp: 14.113024
undervoltage: 0	overvoltage: 0	pec: 0	overtemperature: 0	openwire: 0	openwire_temp: 0
dcc1: 3f	dcc2: 3f	
Time: 27175
Current: 0.078598
SOC: 0.839288
total_v: 113.231087	max_v: 4.049700	min_v: 4.037850	avg_v: 4.043967	max-min: 0.011850
C1=4.037850V	C2=4.040850V	C3=4.042350V	C4=4.043250V	C5=4.042200V	C6=4.039650V	C7=4.049700V	C8=4.045800V	C9=4.046850V	C10=4.043100V	C11=4.044000V	C12=4.044600V	C13=4.047150V	C14=4.049400V	C15=4.041600V	C16=4.041600V	C17=4.041750V	C18=4.042950V	C19=4.043250V	C20=4.043100V	C21=4.047900V	C22=4.044000V	C23=4.038450V	C24=4.045200V	C25=4.045500V	C26=4.045650V	C27=4.047150V	C28=4.046250V	
max_temp: 16.779169	min_temp: 13.584528	avg_temp: 14.114279
undervoltage: 0	overvoltage: 0	pec: 0	overtemperature: 0	openwire: 0	openwire_temp: 0
dcc1: 3f	dcc2: 3f	
Time: 27376
Current: 0.078598
SOC: 0.839287
total_v: 113.230637	max_v: 4.049700	min_v: 4.037850	avg_v: 4.043952	max-min: 0.011850
C1=4.037850V	C2=4.040850V	C3=4.042350V	C4=4.043400V	C5=4.042050V	C6=4.039650V	C7=4.049700V	C8=4.045800V	C9=4.046850V	C10=4.042950V	C11=4.044000V	C12=4.044600V	C13=4.047150V	C14=4.049250V	C15=4.041600V	C16=4.041450V	C17=4.041600V	C18=4.042950V	C19=4.043250V	C20=4.043100V	C21=4.047900V	C22=4.044000V	C23=4.038450V	C24=4.045200V	C25=4.045650V	C26=4.045650V	C27=4.047150V	C28=4.046250V	
max_temp: 16.779169	min_temp: 13.579493	avg_temp: 14.113649
undervoltage: 0	overvoltage: 0	pec: 0	overtemperature: 0	openwire: 0	openwire_temp: 0
dcc1: 3f	dcc2: 3f	
Time: 27577
Current: -0.117950
SOC: 0.839288
total_v: 113.231239	max_v: 4.049700	min_v: 4.037850	avg_v: 4.043973	max-min: 0.011850
C1=4.037850V	C2=4.040850V	C3=4.042350V	C4=4.043400V	C5=4.042050V	C6=4.039650V	C7=4.049700V	C8=4.045800V	C9=4.046850V	C10=4.043100V	C11=4.044150V	C12=4.044600V	C13=4.047150V	C14=4.049400V	C15=4.041600V	C16=4.041450V	C17=4.041600V	C18=4.042950V	C19=4.043250V	C20=4.043100V	C21=4.047900V	C22=4.044150V	C23=4.038450V	C24=4.045200V	C25=4.045650V	C26=4.045650V	C27=4.047150V	C28=4.046250V	
max_temp: 16.779169	min_temp: 13.579493	avg_temp: 14.113649
undervoltage: 0	overvoltage: 0	pec: 0	overtemperature: 0	openwire: 0	openwire_temp: 0
dcc1: 3f	dcc2: 3f	
Time: 27778
Current: -0.216232
SOC: 0.839289
total_v: 113.231239	max_v: 4.049700	min_v: 4.037850	avg_v: 4.043973	max-min: 0.011850
C1=4.037850V	C2=4.040850V	C3=4.042350V	C4=4.043250V	C5=4.042200V	C6=4.039650V	C7=4.049700V	C8=4.045950V	C9=4.046850V	C10=4.043100V	C11=4.044000V	C12=4.044600V	C13=4.047150V	C14=4.049250V	C15=4.041600V	C16=4.041450V	C17=4.041750V	C18=4.042950V	C19=4.043250V	C20=4.043100V	C21=4.047900V	C22=4.044150V	C23=4.038450V	C24=4.045200V	C25=4.045650V	C26=4.045650V	C27=4.047150V	C28=4.046250V	
max_temp: 16.779169	min_temp: 13.584528	avg_temp: 14.113649
undervoltage: 0	overvoltage: 0	pec: 0	overtemperature: 0	openwire: 0	openwire_temp: 0
dcc1: 3f	dcc2: 3f	
Time: 27979
Current: -0.117950
SOC: 0.839289
total_v: 113.230934	max_v: 4.049700	min_v: 4.037850	avg_v: 4.043962	max-min: 0.011850
C1=4.037850V	C2=4.040850V	C3=4.042350V	C4=4.043250V	C5=4.042200V	C6=4.039650V	C7=4.049700V	C8=4.045800V	C9=4.046850V	C10=4.042950V	C11=4.044000V	C12=4.044600V	C13=4.047150V	C14=4.049400V	C15=4.041600V	C16=4.041450V	C17=4.041750V	C18=4.042950V	C19=4.043250V	C20=4.043100V	C21=4.047900V	C22=4.044000V	C23=4.038450V	C24=4.045200V	C25=4.045650V	C26=4.045650V	C27=4.047150V	C28=4.046250V	
max_temp: 16.779169	min_temp: 13.584528	avg_temp: 14.113647
undervoltage: 0	overvoltage: 0	pec: 0	overtemperature: 0	openwire: 0	openwire_temp: 0
dcc1: 3f	dcc2: 3f	
Time: 28180
Current: -0.117950
SOC: 0.839290
total_v: 113.231087	max_v: 4.049700	min_v: 4.037850	avg_v: 4.043967	max-min: 0.011850
C1=4.037850V	C2=4.040850V	C3=4.042350V	C4=4.043400V	C5=4.042200V	C6=4.039650V	C7=4.049700V	C8=4.045800V	C9=4.046850V	C10=4.043100V	C11=4.044000V	C12=4.044600V	C13=4.047150V	C14=4.049250V	C15=4.041600V	C16=4.041450V	C17=4.041750V	C18=4.042950V	C19=4.043250V	C20=4.043100V	C21=4.047900V	C22=4.044000V	C23=4.038450V	C24=4.045200V	C25=4.045650V	C26=4.045650V	C27=4.047150V	C28=4.046250V	
max_temp: 16.784204	min_temp: 13.584528	avg_temp: 14.114594
undervoltage: 0	overvoltage: 0	pec: 0	overtemperature: 0	openwire: 0	openwire_temp: 0
dcc1: 3f	dcc2: 3f	
Time: 28381
Current: -0.117950
SOC: 0.839290
total_v: 113.231239	max_v: 4.049700	min_v: 4.037850	avg_v: 4.043973	max-min: 0.011850
C1=4.037850V	C2=4.040850V	C3=4.042350V	C4=4.043250V	C5=4.042200V	C6=4.039650V	C7=4.049700V	C8=4.045800V	C9=4.046850V	C10=4.043100V	C11=4.044150V	C12=4.044600V	C13=4.047150V	C14=4.049250V	C15=4.041600V	C16=4.041450V	C17=4.041750V	C18=4.042950V	C19=4.043250V	C20=4.043100V	C21=4.047900V	C22=4.044150V	C23=4.038450V	C24=4.045200V	C25=4.045650V	C26=4.045650V	C27=4.047150V	C28=4.046250V	
max_temp: 16.784204	min_temp: 13.579493	avg_temp: 14.113966
undervoltage: 0	overvoltage: 0	pec: 0	overtemperature: 0	openwire: 0	openwire_temp: 0
dcc1: 3f	dcc2: 3f	
Time: 28582
Current: -0.117950
SOC: 0.839291
total_v: 113.231087	max_v: 4.049700	min_v: 4.037850	avg_v: 4.043967	max-min: 0.011850
C1=4.037850V	C2=4.040850V	C3=4.042350V	C4=4.043400V	C5=4.042050V	C6=4.039650V	C7=4.049700V	C8=4.045800V	C9=4.046850V	C10=4.043100V	C11=4.044000V	C12=4.044600V	C13=4.047150V	C14=4.049400V	C15=4.041600V	C16=4.041600V	C17=4.041750V	C18=4.042950V	C19=4.043250V	C20=4.043100V	C21=4.047900V	C22=4.044000V	C23=4.038450V	C24=4.045200V	C25=4.045500V	C26=4.045650V	C27=4.047150V	C28=4.046250V	
max_temp: 16.784204	min_temp: 13.584528	avg_temp: 14.114908
undervoltage: 0	overvoltage: 0	pec: 0	overtemperature: 0	openwire: 0	openwire_temp: 0
dcc1: 3f	dcc2: 3f	
Time: 28783
Current: -0.117950
SOC: 0.839291
total_v: 113.230652	max_v: 4.049700	min_v: 4.037850	avg_v: 4.043952	max-min: 0.011850
C1=4.037850V	C2=4.040850V	C3=4.042350V	C4=4.043250V	C5=4.042050V	C6=4.039650V	C7=4.049700V	C8=4.045800V	C9=4.046850V	C10=4.043100V	C11=4.044150V	C12=4.044600V	C13=4.047150V	C14=4.049250V	C15=4.041600V	C16=4.041450V	C17=4.041600V	C18=4.042950V	C19=4.043250V	C20=4.043100V	C21=4.047900V	C22=4.044000V	C23=4.038450V	C24=4.045200V	C25=4.045500V	C26=4.045650V	C27=4.047150V	C28=4.046250V	
max_temp: 16.784204	min_temp: 13.579493	avg_temp: 14.113649
undervoltage: 0	overvoltage: 0	pec: 0	overtemperature: 0	openwire: 0	openwire_temp: 0
dcc1: 3f	dcc2: 3f	
Time: 28984
Current: 2.044113
SOC: 0.839283
total_v: 113.231094	max_v: 4.049700	min_v: 4.037850	avg_v: 4.043968	max-min: 0.011850
C1=4.037850V	C2=4.040850V	C3=4.042500V	C4=4.043400V	C5=4.042050V	C6=4.039800V	C7=4.049700V	C8=4.045800V	C9=4.046850V	C10=4.043100V	C11=4.044150V	C12=4.044600V	C13=4.047150V	C14=4.049250V	C15=4.041600V	C16=4.041450V	C17=4.041750V	C18=4.042950V	C19=4.043250V	C20=4.043100V	C21=4.047900V	C22=4.044000V	C23=4.038450V	C24=4.045200V	C25=4.045500V	C26=4.045650V	C27=4.047000V	C28=4.046250V	
max_temp: 16.784204	min_temp: 13.579493	avg_temp: 14.113649
undervoltage: 0	overvoltage: 0	pec: 0	overtemperature: 0	openwire: 0	openwire_temp: 0
dcc1: 3f	dcc2: 3f	
Time: 29185
Current: -0.117950
SOC: 0.839283
total_v: 113.231079	max_v: 4.049700	min_v: 4.037850	avg_v: 4.043967	max-min: 0.011850
C1=4.037850V	C2=4.040850V	C3=4.042350V	C4=4.043400V	C5=4.042200V	C6=4.039650V	C7=4.049700V	C8=4.045800V	C9=4.046850V	C10=4.043100V	C11=4.044000V	C12=4.044750V	C13=4.047150V	C14=4.049250V	C15=4.041600V	C16=4.041450V	C17=4.041750V	C18=4.042950V	C19=4.043250V	C20=4.043100V	C21=4.047900V	C22=4.044000V	C23=4.038450V	C24=4.045200V	C25=4.045650V	C26=4.045650V	C27=4.047000V	C28=4.046250V	
max_temp: 16.784204	min_temp: 13.584528	avg_temp: 14.114910
undervoltage: 0	overvoltage: 0	pec: 0	overtemperature: 0	openwire: 0	openwire_temp: 0
dcc1: 3f	dcc2: 3f	
Time: 29386
Current: -0.216232
SOC: 0.839284
total_v: 113.230942	max_v: 4.049700	min_v: 4.037850	avg_v: 4.043962	max-min: 0.011850
C1=4.037850V	C2=4.040850V	C3=4.042350V	C4=4.043250V	C5=4.042050V	C6=4.039650V	C7=4.049700V	C8=4.045800V	C9=4.046850V	C10=4.043100V	C11=4.044000V	C12=4.044600V	C13=4.047300V	C14=4.049400V	C15=4.041600V	C16=4.041450V	C17=4.041600V	C18=4.042950V	C19=4.043250V	C20=4.043100V	C21=4.047900V	C22=4.044000V	C23=4.038450V	C24=4.045200V	C25=4.045650V	C26=4.045650V	C27=4.047150V	C28=4.046250V	
max_temp: 16.784204	min_temp: 13.584528	avg_temp: 14.114279
undervoltage: 0	overvoltage: 0	pec: 0	overtemperature: 0	openwire: 0	openwire_temp: 0
dcc1: 3f	dcc2: 3f	
Time: 29587
Current: -0.216232
SOC: 0.839285
total_v: 113.231087	max_v: 4.049700	min_v: 4.037850	avg_v: 4.043967	max-min: 0.011850
C1=4.037850V	C2=4.040850V	C3=4.042350V	C4=4.043400V	C5=4.042050V	C6=4.039650V	C7=4.049700V	C8=4.045800V	C9=4.046850V	C10=4.043100V	C11=4.044150V	C12=4.044600V	C13=4.047150V	C14=4.049400V	C15=4.041600V	C16=4.041450V	C17=4.041750V	C18=4.042950V	C19=4.043250V	C20=4.043100V	C21=4.047900V	C22=4.044000V	C23=4.038450V	C24=4.045200V	C25=4.045500V	C26=4.045650V	C27=4.047150V	C28=4.046250V	
max_temp: 16.784204	min_temp: 13.584528	avg_temp: 14.114595
undervoltage: 0	overvoltage: 0	pec: 0	overtemperature: 0	openwire: 0	openwire_temp: 0
dcc1: 3f	dcc2: 3f	
Time: 29788
Current: -0.117950
SOC: 0.839285
total_v: 113.230942	max_v: 4.049700	min_v: 4.037850	avg_v: 4.043962	max-min: 0.011850
C1=4.037850V	C2=4.040850V	C3=4.042350V	C4=4.043250V	C5=4.042200V	C6=4.039650V	C7=4.049700V	C8=4.045800V	C9=4.046850V	C10=4.043100V	C11=4.044000V	C12=4.044600V	C13=4.047150V	C14=4.049250V	C15=4.041600V	C16=4.041600V	C17=4.041600V	C18=4.042950V	C19=4.043250V	C20=4.043100V	C21=4.047900V	C22=4.044000V	C23=4.038450V	C24=4.045200V	C25=4.045650V	C26=4.045650V	C27=4.047150V	C28=4.046250V	
max_temp: 16.784204	min_temp: 13.584528	avg_temp: 14.115225
undervoltage: 0	overvoltage: 0	pec: 0	overtemperature: 0	openwire: 0	openwire_temp: 0
dcc1: 3f	dcc2: 3f	
Time: 29989
Current: 0.078598
SOC: 0.839285
total_v: 113.231247	max_v: 4.049700	min_v: 4.037850	avg_v: 4.043973	max-min: 0.011850
C1=4.037850V	C2=4.040850V	C3=4.042350V	C4=4.043400V	C5=4.042200V	C6=4.039800V	C7=4.049700V	C8=4.045800V	C9=4.046850V	C10=4.043100V	C11=4.044000V	C12=4.044600V	C13=4.047150V	C14=4.049400V	C15=4.041600V	C16=4.041450V	C17=4.041600V	C18=4.042950V	C19=4.043250V	C20=4.043100V	C21=4.047900V	C22=4.044150V	C23=4.038450V	C24=4.045200V	C25=4.045500V	C26=4.045650V	C27=4.047150V	C28=4.046250V	
max_temp: 16.784204	min_temp: 13.579493	avg_temp: 14.114281
undervoltage: 0	overvoltage: 0	pec: 0	overtemperature: 0	openwire: 0	openwire_temp: 0
dcc1: 3f	dcc2: 3f	
Time: 30190
Current: -0.216232
SOC: 0.839286
total_v: 113.231239	max_v: 4.049700	min_v: 4.037850	avg_v: 4.043973	max-min: 0.011850
C1=4.037850V	C2=4.040850V	C3=4.042350V	C4=4.043400V	C5=4.042050V	C6=4.039650V	C7=4.049700V	C8=4.045800V	C9=4.046850V	C10=4.042950V	C11=4.044150V	C12=4.044600V	C13=4.047150V	C14=4.049400V	C15=4.041600V	C16=4.041600V	C17=4.041750V	C18=4.042950V	C19=4.043250V	C20=4.043100V	C21=4.047900V	C22=4.044000V	C23=4.038450V	C24=4.045200V	C25=4.045650V	C26=4.045650V	C27=4.047150V	C28=4.046250V	
max_temp: 16.779169	min_temp: 13.579493	avg_temp: 14.114281
undervoltage: 0	overvoltage: 0	pec: 0	overtemperature: 0	openwire: 0	openwire_temp: 0
dcc1: 3f	dcc2: 3f	
Time: 30391
Current: -0.117950
SOC: 0.839286
total_v: 113.230934	max_v: 4.049700	min_v: 4.037850	avg_v: 4.043962	max-min: 0.011850
C1=4.037850V	C2=4.040850V	C3=4.042350V	C4=4.043250V	C5=4.042200V	C6=4.039650V	C7=4.049700V	C8=4.045800V	C9=4.046850V	C10=4.042950V	C11=4.044000V	C12=4.044600V	C13=4.047150V	C14=4.049400V	C15=4.041600V	C16=4.041450V	C17=4.041750V	C18=4.042950V	C19=4.043250V	C20=4.043100V	C21=4.047900V	C22=4.044000V	C23=4.038450V	C24=4.045200V	C25=4.045650V	C26=4.045650V	C27=4.047150V	C28=4.046250V	
max_temp: 16.784204	min_temp: 13.579493	avg_temp: 14.113964
undervoltage: 0	overvoltage: 0	pec: 0	overtemperature: 0	openwire: 0	openwire_temp: 0
dcc1: 3f	dcc2: 3f	
Time: 30592
Current: -0.216232
SOC: 0.839287
total_v: 113.230934	max_v: 4.049700	min_v: 4.037850	avg_v: 4.043962	max-min: 0.011850
C1=4.037850V	C2=4.040850V	C3=4.042350V	C4=4.043250V	C5=4.042200V	C6=4.039650V	C7=4.049700V	C8=4.045800V	C9=4.046850V	C10=4.043100V	C11=4.044000V	C12=4.044600V	C13=4.047150V	C14=4.049400V	C15=4.041600V	C16=4.041450V	C17=4.041750V	C18=4.042950V	C19=4.043250V	C20=4.043100V	C21=4.047900V	C22=4.044000V	C23=4.038450V	C24=4.045200V	C25=4.045500V	C26=4.045650V	C27=4.047150V	C28=4.046250V	
max_temp: 16.779169	min_temp: 13.584528	avg_temp: 14.115225
undervoltage: 0	overvoltage: 0	pec: 0	overtemperature: 0	openwire: 0	openwire_temp: 0
dcc1: 3f	dcc2: 3f	
Time: 30793
Current: -0.216232
SOC: 0.839288
total_v: 113.230499	max_v: 4.049700	min_v: 4.037850	avg_v: 4.043946	max-min: 0.011850
C1=4.037850V	C2=4.040850V	C3=4.042500V	C4=4.043250V	C5=4.042050V	C6=4.039650V	C7=4.049700V	C8=4.045800V	C9=4.046850V	C10=4.043100V	C11=4.044000V	C12=4.044600V	C13=4.047150V	C14=4.049250V	C15=4.041600V	C16=4.041450V	C17=4.041600V	C18=4.042950V	C19=4.043250V	C20=4.043100V	C21=4.047900V	C22=4.044000V	C23=4.038300V	C24=4.045200V	C25=4.045500V	C26=4.045650V	C27=4.047150V	C28=4.046250V	
max_temp: 16.784204	min_temp: 13.584528	avg_temp: 14.114595
undervoltage: 0	overvoltage: 0	pec: 0	overtemperature: 0	openwire: 0	openwire_temp: 0
dcc1: 3f	dcc2: 3f	
Time: 30994
Current: -0.117950
SOC: 0.839289
total_v: 113.230644	max_v: 4.049700	min_v: 4.037850	avg_v: 4.043952	max-min: 0.011850
C1=4.037850V	C2=4.040850V	C3=4.042350V	C4=4.043250V	C5=4.042050V	C6=4.039650V	C7=4.049700V	C8=4.045800V	C9=4.046850V	C10=4.043100V	C11=4.044000V	C12=4.044600V	C13=4.047150V	C14=4.049250V	C15=4.041600V	C16=4.041450V	C17=4.041750V	C18=4.042950V	C19=4.043250V	C20=4.043100V	C21=4.047900V	C22=4.044000V	C23=4.038450V	C24=4.045200V	C25=4.045500V	C26=4.045650V	C27=4.047150V	C28=4.046250V	
max_temp: 16.779169	min_temp: 13.584528	avg_temp: 14.115540
undervoltage: 0	overvoltage: 0	pec: 0	overtemperature: 0	openwire: 0	openwire_temp: 0
dcc1: 3f	dcc2: 3f	
Time: 31195
Current: -0.117950
SOC: 0.839289
total_v: 113.231239	max_v: 4.049700	min_v: 4.037850	avg_v: 4.043973	max-min: 0.011850
C1=4.037850V	C2=4.040850V	C3=4.042350V	C4=4.043400V	C5=4.042200V	C6=4.039650V	C7=4.049700V	C8=4.045800V	C9=4.046850V	C10=4.042950V	C11=4.044150V	C12=4.044600V	C13=4.047300V	C14=4.049400V	C15=4.041600V	C16=4.041450V	C17=4.041600V	C18=4.042950V	C19=4.043250V	C20=4.043100V	C21=4.047900V	C22=4.044150V	C23=4.038300V	C24=4.045200V	C25=4.045650V	C26=4.045650V	C27=4.047150V	C28=4.046250V	
max_temp: 16.779169	min_temp: 13.579493	avg_temp: 14.113966
undervoltage: 0	overvoltage: 0	pec: 0	overtemperature: 0	openwire: 0	openwire_temp: 0
dcc1: 3f	dcc2: 3f	
Time: 31396
Current: 1.454468
SOC: 0.839283
total_v: 113.230942	max_v: 4.049700	min_v: 4.037850	avg_v: 4.043962	max-min: 0.011850
C1=4.037850V	C2=4.040850V	C3=4.042350V	C4=4.043250V	C5=4.042050V	C6=4.039650V	C7=4.049700V	C8=4.045800V	C9=4.046850V	C10=4.043100V	C11=4.044150V	C12=4.044600V	C13=4.047150V	C14=4.049400V	C15=4.041600V	C16=4.041450V	C17=4.041600V	C18=4.042950V	C19=4.043250V	C20=4.043100V	C21=4.047900V	C22=4.044000V	C23=4.038450V	C24=4.045200V	C25=4.045650V	C26=4.045650V	C27=4.047150V	C28=4.046250V	
max_temp: 16.779169	min_temp: 13.584528	avg_temp: 14.114595
undervoltage: 0	overvoltage: 0	pec: 0	overtemperature: 0	openwire: 0	openwire_temp: 0
dcc1: 3f	dcc2: 3f	
Time: 31597
Current: 0.864807
SOC: 0.839280
total_v: 113.230949	max_v: 4.049550	min_v: 4.037850	avg_v: 4.043962	max-min: 0.011700
C1=4.037850V	C2=4.040850V	C3=4.042350V	C4=4.043250V	C5=4.042200V	C6=4.039650V	C7=4.049550V	C8=4.045800V	C9=4.046850V	C10=4.043100V	C11=4.044150V	C12=4.044750V	C13=4.047150V	C14=4.049250V	C15=4.041600V	C16=4.041450V	C17=4.041600V	C18=4.042950V	C19=4.043250V	C20=4.043100V	C21=4.047900V	C22=4.044150V	C23=4.038450V	C24=4.045200V	C25=4.045500V	C26=4.045650V	C27=4.047150V	C28=4.046250V	
max_temp: 16.784204	min_temp: 13.579493	avg_temp: 14.113335
undervoltage: 0	overvoltage: 0	pec: 0	overtemperature: 0	openwire: 0	openwire_temp: 0
dcc1: 3f	dcc2: 3f	
Time: 31798
Current: -0.117950
SOC: 0.839280
total_v: 113.230949	max_v: 4.049700	min_v: 4.037850	avg_v: 4.043962	max-min: 0.011850
C1=4.037850V	C2=4.040850V	C3=4.042350V	C4=4.043250V	C5=4.042050V	C6=4.039800V	C7=4.049700V	C8=4.045950V	C9=4.046850V	C10=4.043100V	C11=4.044000V	C12=4.044600V	C13=4.047150V	C14=4.049250V	C15=4.041600V	C16=4.041450V	C17=4.041600V	C18=4.042950V	C19=4.043250V	C20=4.043100V	C21=4.047900V	C22=4.044150V	C23=4.038450V	C24=4.045200V	C25=4.045500V	C26=4.045650V	C27=4.047150V	C28=4.046250V	
max_temp: 16.779169	min_temp: 13.584528	avg_temp: 14.114910
undervoltage: 0	overvoltage: 0	pec: 0	overtemperature: 0	openwire: 0	openwire_temp: 0
dcc1: 3f	dcc2: 3f	
Time: 31999
Current: -0.117950
SOC: 0.839281
total_v: 113.230492	max_v: 4.049700	min_v: 4.037850	avg_v: 4.043946	max-min: 0.011850
C1=4.037850V	C2=4.040850V	C3=4.042350V	C4=4.043250V	C5=4.042050V	C6=4.039650V	C7=4.049700V	C8=4.045800V	C9=4.046850V	C10=4.043100V	C11=4.044000V	C12=4.044600V	C13=4.047150V	C14=4.049250V	C15=4.041600V	C16=4.041450V	C17=4.041600V	C18=4.042950V	C19=4.043250V	C20=4.043100V	C21=4.047900V	C22=4.044000V	C23=4.038450V	C24=4.045200V	C25=4.045650V	C26=4.045650V	C27=4.047000V	C28=4.046250V	
max_temp: 16.779169	min_temp: 13.584528	avg_temp: 14.114595
undervoltage: 0	overvoltage: 0	pec: 0	overtemperature: 0	openwire: 0	openwire_temp: 0
dcc1: 3f	dcc2: 3f	
Time: 32200
Current: 2.142380
SOC: 0.839272
total_v: 113.230637	max_v: 4.049700	min_v: 4.037850	avg_v: 4.043952	max-min: 0.011850
C1=4.037850V	C2=4.040850V	C3=4.042350V	C4=4.043250V	C5=4.042050V	C6=4.039800V	C7=4.049700V	C8=4.045800V	C9=4.046850V	C10=4.042950V	C11=4.044000V	C12=4.044600V	C13=4.047150V	C14=4.049250V	C15=4.041600V	C16=4.041450V	C17=4.041600V	C18=4.042950V	C19=4.043250V	C20=4.043100V	C21=4.047900V	C22=4.044000V	C23=4.038450V	C24=4.045200V	C25=4.045650V	C26=4.045650V	C27=4.047150V	C28=4.046250V	
max_temp: 16.779169	min_temp: 13.579493	avg_temp: 14.114281
undervoltage: 0	overvoltage: 0	pec: 0	overtemperature: 0	openwire: 0	openwire_temp: 0
dcc1: 3f	dcc2: 3f	
Time: 32401
Current: -0.117950
SOC: 0.839272
total_v: 113.230789	max_v: 4.049700	min_v: 4.037850	avg_v: 4.043957	max-min: 0.011850
C1=4.037850V	C2=4.040850V	C3=4.042350V	C4=4.043250V	C5=4.042050V	C6=4.039650V	C7=4.049700V	C8=4.045800V	C9=4.046850V	C10=4.043100V	C11=4.044000V	C12=4.044600V	C13=4.047150V	C14=4.049400V	C15=4.041600V	C16=4.041600V	C17=4.041600V	C18=4.042950V	C19=4.043250V	C20=4.043100V	C21=4.047900V	C22=4.044000V	C23=4.038450V	C24=4.045200V	C25=4.045650V	C26=4.045650V	C27=4.047000V	C28=4.046250V	
max_temp: 16.779169	min_temp: 13.584528	avg_temp: 14.114281
undervoltage: 0	overvoltage: 0	pec: 0	overtemperature: 0	openwire: 0	openwire_temp: 0
dcc1: 3f	dcc2: 3f	
Time: 32602
Current: -0.117950
SOC: 0.839273
total_v: 113.231087	max_v: 4.049700	min_v: 4.037850	avg_v: 4.043967	max-min: 0.011850
C1=4.037850V	C2=4.040850V	C3=4.042350V	C4=4.043250V	C5=4.042050V	C6=4.039650V	C7=4.049700V	C8=4.045800V	C9=4.046850V	C10=4.043100V	C11=4.044150V	C12=4.044750V	C13=4.047150V	C14=4.049250V	C15=4.041600V	C16=4.041450V	C17=4.041750V	C18=4.042950V	C19=4.043250V	C20=4.043100V	C21=4.047900V	C22=4.044000V	C23=4.038450V	C24=4.045200V	C25=4.045650V	C26=4.045650V	C27=4.047150V	C28=4.046250V	
max_temp: 16.779169	min_temp: 13.584528	avg_temp: 14.114910
undervoltage: 0	overvoltage: 0	pec: 0	overtemperature: 0	openwire: 0	openwire_temp: 0
dcc1: 3f	dcc2: 3f	
Time: 32803
Current: -0.117950
SOC: 0.839273
total_v: 113.231247	max_v: 4.049700	min_v: 4.037850	avg_v: 4.043973	max-min: 0.011850
C1=4.037850V	C2=4.040850V	C3=4.042350V	C4=4.043250V	C5=4.042050V	C6=4.039650V	C7=4.049700V	C8=4.045800V	C9=4.046850V	C10=4.043100V	C11=4.044150V	C12=4.044750V	C13=4.047150V	C14=4.049400V	C15=4.041600V	C16=4.041450V	C17=4.041750V	C18=4.042950V	C19=4.043250V	C20=4.043100V	C21=4.047900V	C22=4.044150V	C23=4.038450V	C24=4.045200V	C25=4.045500V	C26=4.045650V	C27=4.047150V	C28=4.046250V	
max_temp: 16.779169	min_temp: 13.584528	avg_temp: 14.115225
undervoltage: 0	overvoltage: 0	pec: 0	overtemperature: 0	openwire: 0	openwire_temp: 0
dcc1: 3f	dcc2: 3f	
Time: 33004
Current: -0.117950
SOC: 0.839274
total_v: 113.231544	max_v: 4.049700	min_v: 4.037850	avg_v: 4.043984	max-min: 0.011850
C1=4.037850V	C2=4.040850V	C3=4.042350V	C4=4.043400V	C5=4.042200V	C6=4.039650V	C7=4.049700V	C8=4.045950V	C9=4.046850V	C10=4.042950V	C11=4.044150V	C12=4.044600V	C13=4.047300V	C14=4.049400V	C15=4.041600V	C16=4.041450V	C17=4.041600V	C18=4.042950V	C19=4.043250V	C20=4.043100V	C21=4.047900V	C22=4.044150V	C23=4.038450V	C24=4.045200V	C25=4.045650V	C26=4.045650V	C27=4.047150V	C28=4.046250V	
max_temp: 16.779169	min_temp: 13.579493	avg_temp: 14.114910
undervoltage: 0	overvoltage: 0	pec: 0	overtemperature: 0	openwire: 0	openwire_temp: 0
dcc1: 3f	dcc2: 3f	
Time: 33205
Current: -0.117950
SOC: 0.839274
total_v: 113.230637	max_v: 4.049700	min_v: 4.037850	avg_v: 4.043952	max-min: 0.011850
C1=4.037850V	C2=4.040850V	C3=4.042350V	C4=4.043250V	C5=4.042200V	C6=4.039650V	C7=4.049700V	C8=4.045800V	C9=4.046850V	C10=4.043100V	C11=4.044000V	C12=4.044600V	C13=4.047150V	C14=4.049250V	C15=4.041600V	C16=4.041450V	C17=4.041750V	C18=4.042950V	C19=4.043250V	C20=4.043100V	C21=4.047900V	C22=4.044000V	C23=4.038450V	C24=4.045200V	C25=4.045500V	C26=4.045650V	C27=4.047000V	C28=4.046250V	
max_temp: 16.779169	min_temp: 13.579493	avg_temp: 14.114595
undervoltage: 0	overvoltage: 0	pec: 0	overtemperature: 0	openwire: 0	openwire_temp: 0
dcc1: 3f	dcc2: 3f	
Time: 33406
Current: -0.216232
SOC: 0.839275
total_v: 113.230331	max_v: 4.049700	min_v: 4.037850	avg_v: 4.043941	max-min: 0.011850
C1=4.037850V	C2=4.040850V	C3=4.042350V	C4=4.043250V	C5=4.042050V	C6=4.039650V	C7=4.049700V	C8=4.045800V	C9=4.046850V	C10=4.042950V	C11=4.044000V	C12=4.044600V	C13=4.047150V	C14=4.049250V	C15=4.041600V	C16=4.041450V	C17=4.041750V	C18=4.042950V	C19=4.043250V	C20=4.043100V	C21=4.047900V	C22=4.044000V	C23=4.038300V	C24=4.045200V	C25=4.045650V	C26=4.045650V	C27=4.047000V	C28=4.046250V	
max_temp: 16.779169	min_temp: 13.584528	avg_temp: 14.115225
undervoltage: 0	overvoltage: 0	pec: 0	overtemperature: 0	openwire: 0	openwire_temp: 0
dcc1: 3f	dcc2: 3f	
Time: 33607
Current: -0.216232
SOC: 0.839276
total_v: 113.230484	max_v: 4.049700	min_v: 4.037850	avg_v: 4.043946	max-min: 0.011850
C1=4.037850V	C2=4.040850V	C3=4.042350V	C4=4.043250V	C5=4.042200V	C6=4.039650V	C7=4.049700V	C8=4.045800V	C9=4.046850V	C10=4.043100V	C11=4.044150V	C12=4.044600V	C13=4.047150V	C14=4.049250V	C15=4.041600V	C16=4.041450V	C17=4.041600V	C18=4.042950V	C19=4.043250V	C20=4.043100V	C21=4.047900V	C22=4.044000V	C23=4.038300V	C24=4.045200V	C25=4.045650V	C26=4.045650V	C27=4.047000V	C28=4.046100V	
max_temp: 16.779169	min_temp: 13.584528	avg_temp: 14.115225
undervoltage: 0	overvoltage: 0	pec: 0	overtemperature: 0	openwire: 0	openwire_temp: 0
dcc1: 3f	dcc2: 3f	
Time: 33808
Current: -0.216232
SOC: 0.839277
total_v: 113.231087	max_v: 4.049700	min_v: 4.037850	avg_v: 4.043967	max-min: 0.011850
C1=4.037850V	C2=4.040850V	C3=4.042350V	C4=4.043400V	C5=4.042050V	C6=4.039800V	C7=4.049700V	C8=4.045800V	C9=4.046850V	C10=4.043100V	C11=4.044000V	C12=4.044600V	C13=4.047150V	C14=4.049400V	C15=4.041600V	C16=4.041450V	C17=4.041600V	C18=4.042950V	C19=4.043250V	C20=4.043100V	C21=4.047900V	C22=4.044000V	C23=4.038450V	C24=4.045200V	C25=4.045650V	C26=4.045650V	C27=4.047150V	C28=4.046250V	
max_temp: 16.779169	min_temp: 13.584528	avg_temp: 14.115225
undervoltage: 0	overvoltage: 0	pec: 0	overtemperature: 0	openwire: 0	openwire_temp: 0
dcc1: 3f	dcc2: 3f	
Time: 34009
Current: 0.176865
SOC: 0.839276
total_v: 113.230492	max_v: 4.049700	min_v: 4.037850	avg_v: 4.043946	max-min: 0.011850
C1=4.037850V	C2=4.040850V	C3=4.042350V	C4=4.043250V	C5=4.042050V	C6=4.039650V	C7=4.049700V	C8=4.045800V	C9=4.046850V	C10=4.043100V	C11=4.044000V	C12=4.044600V	C13=4.047150V	C14=4.049250V	C15=4.041600V	C16=4.041450V	C17=4.041600V	C18=4.042950V	C19=4.043250V	C20=4.043100V	C21=4.047900V	C22=4.044000V	C23=4.038450V	C24=4.045200V	C25=4.045650V	C26=4.045650V	C27=4.047000V	C28=4.046250V	
max_temp: 16.779169	min_temp: 13.584528	avg_temp: 14.115225
undervoltage: 0	overvoltage: 0	pec: 0	overtemperature: 0	openwire: 0	openwire_temp: 0
dcc1: 3f	dcc2: 3f	
Time: 34210
Current: -0.117950
SOC: 0.839276
total_v: 113.230942	max_v: 4.049700	min_v: 4.037850	avg_v: 4.043962	max-min: 0.011850
C1=4.037850V	C2=4.040850V	C3=4.042350V	C4=4.043250V	C5=4.042050V	C6=4.039650V	C7=4.049700V	C8=4.045800V	C9=4.046850V	C10=4.043100V	C11=4.044150V	C12=4.044600V	C13=4.047150V	C14=4.049250V	C15=4.041600V	C16=4.041450V	C17=4.041750V	C18=4.042950V	C19=4.043250V	C20=4.043100V	C21=4.047900V	C22=4.044150V	C23=4.038300V	C24=4.045200V	C25=4.045650V	C26=4.045650V	C27=4.047150V	C28=4.046250V	
max_temp: 16.779169	min_temp: 13.584528	avg_temp: 14.115854
undervoltage: 0	overvoltage: 0	pec: 0	overtemperature: 0	openwire: 0	openwire_temp: 0
dcc1: 3f	dcc2: 3f	
Time: 34411
Current: -0.117950
SOC: 0.839277
total_v: 113.230339	max_v: 4.049550	min_v: 4.037850	avg_v: 4.043941	max-min: 0.011700
C1=4.037850V	C2=4.040850V	C3=4.042350V	C4=4.043250V	C5=4.042050V	C6=4.039650V	C7=4.049550V	C8=4.045800V	C9=4.046850V	C10=4.043100V	C11=4.044000V	C12=4.044600V	C13=4.047150V	C14=4.049250V	C15=4.041600V	C16=4.041450V	C17=4.041600V	C18=4.042950V	C19=4.043250V	C20=4.043100V	C21=4.047900V	C22=4.044000V	C23=4.038300V	C24=4.045200V	C25=4.045650V	C26=4.045650V	C27=4.047150V	C28=4.046250V	
max_temp: 16.779169	min_temp: 13.584528	avg_temp: 14.115854
undervoltage: 0	overvoltage: 0	pec: 0	overtemperature: 0	openwire: 0	openwire_temp: 0
dcc1: 3f	dcc2: 3f	
Time: 34612
Current: -0.117950
SOC: 0.839277
total_v: 113.230927	max_v: 4.049700	min_v: 4.037850	avg_v: 4.043962	max-min: 0.011850
C1=4.037850V	C2=4.040850V	C3=4.042350V	C4=4.043250V	C5=4.042050V	C6=4.039650V	C7=4.049700V	C8=4.045950V	C9=4.046850V	C10=4.043100V	C11=4.044000V	C12=4.044600V	C13=4.047150V	C14=4.049400V	C15=4.041600V	C16=4.041450V	C17=4.041750V	C18=4.042950V	C19=4.043250V	C20=4.043100V	C21=4.047900V	C22=4.044000V	C23=4.038300V	C24=4.045200V	C25=4.045650V	C26=4.045650V	C27=4.047150V	C28=4.046250V	
max_temp: 16.784204	min_temp: 13.584528	avg_temp: 14.115854
undervoltage: 0	overvoltage: 0	pec: 0	overtemperature: 0	openwire: 0	openwire_temp: 0
dcc1: 3f	dcc2: 3f	
Time: 34813
Current: 0.373444
SOC: 0.839276
total_v: 113.230797	max_v: 4.049700	min_v: 4.037850	avg_v: 4.043957	max-min: 0.011850
C1=4.037850V	C2=4.040850V	C3=4.042350V	C4=4.043250V	C5=4.042050V	C6=4.039650V	C7=4.049700V	C8=4.045800V	C9=4.046850V	C10=4.043100V	C11=4.044000V	C12=4.044600V	C13=4.047150V	C14=4.049250V	C15=4.041600V	C16=4.041600V	C17=4.041750V	C18=4.042950V	C19=4.043250V	C20=4.043100V	C21=4.047900V	C22=4.044000V	C23=4.038450V	C24=4.045200V	C25=4.045500V	C26=4.045650V	C27=4.047150V	C28=4.046250V	
max_temp: 16.784204	min_temp: 13.584528	avg_temp: 14.116169
undervoltage: 0	overvoltage: 0	pec: 0	overtemperature: 0	openwire: 0	openwire_temp: 0
dcc1: 3f	dcc2: 3f	
Time: 35014
Current: 0.373444
SOC: 0.839274
total_v: 113.230347	max_v: 4.049700	min_v: 4.037850	avg_v: 4.043941	max-min: 0.011850
C1=4.037850V	C2=4.040850V	C3=4.042350V	C4=4.043250V	C5=4.042050V	C6=4.039650V	C7=4.049700V	C8=4.045800V	C9=4.046850V	C10=4.043100V	C11=4.044000V	C12=4.044600V	C13=4.047150V	C14=4.049250V	C15=4.041600V	C16=4.041450V	C17=4.041600V	C18=4.042950V	C19=4.043250V	C20=4.043100V	C21=4.047900V	C22=4.044000V	C23=4.038450V	C24=4.045200V	C25=4.045500V	C26=4.045650V	C27=4.047000V	C28=4.046250V	
max_temp: 16.784204	min_temp: 13.584528	avg_temp: 14.116169
undervoltage: 0	overvoltage: 0	pec: 0	overtemperature: 0	openwire: 0	openwire_temp: 0
dcc1: 3f	dcc2: 3f	
Time: 35215
Current: -0.117950
SOC: 0.839275
total_v: 113.230492	max_v: 4.049700	min_v: 4.037850	avg_v: 4.043946	max-min: 0.011850
C1=4.037850V	C2=4.040850V	C3=4.042350V	C4=4.043250V	C5=4.042200V	C6=4.039650V	C7=4.049700V	C8=4.045800V	C9=4.046850V	C10=4.042950V	C11=4.044000V	C12=4.044600V	C13=4.047150V	C14=4.049400V	C15=4.041600V	C16=4.041450V	C17=4.041600V	C18=4.042950V	C19=4.043250V	C20=4.042950V	C21=4.047900V	C22=4.044000V	C23=4.038300V	C24=4.045200V	C25=4.045650V	C26=4.045650V	C27=4.047150V	C28=4.046250V	
max_temp: 16.784204	min_temp: 13.584528	avg_temp: 14.115225
undervoltage: 0	overvoltage: 0	pec: 0	overtemperature: 0	openwire: 0	openwire_temp: 0
dcc1: 3f	dcc2: 3f	
Time: 35416
Current: -0.117950
SOC: 0.839275
total_v: 113.230644	max_v: 4.049700	min_v: 4.037850	avg_v: 4.043952	max-min: 0.011850
C1=4.037850V	C2=4.040850V	C3=4.042350V	C4=4.043250V	C5=4.042050V	C6=4.039650V	C7=4.049700V	C8=4.045800V	C9=4.046850V	C10=4.042950V	C11=4.044150V	C12=4.044600V	C13=4.047150V	C14=4.049250V	C15=4.041600V	C16=4.041450V	C17=4.041600V	C18=4.042950V	C19=4.043250V	C20=4.043100V	C21=4.047900V	C22=4.044150V	C23=4.038450V	C24=4.045200V	C25=4.045650V	C26=4.045650V	C27=4.047000V	C28=4.046250V	
max_temp: 16.784204	min_temp: 13.584528	avg_temp: 14.115540
undervoltage: 0	overvoltage: 0	pec: 0	overtemperature: 0	openwire: 0	openwire_temp: 0
dcc1: 3f	dcc2: 3f	
Time: 35617
Current: -0.117950
SOC: 0.839276
total_v: 113.230331	max_v: 4.049700	min_v: 4.037850	avg_v: 4.043941	max-min: 0.011850
C1=4.037850V	C2=4.040850V	C3=4.042350V	C4=4.043250V	C5=4.042050V	C6=4.039650V	C7=4.049700V	C8=4.045800V	C9=4.046850V	C10=4.042950V	C11=4.044000V	C12=4.044600V	C13=4.047150V	C14=4.049250V	C15=4.041600V	C16=4.041450V	C17=4.041750V	C18=4.042800V	C19=4.043250V	C20=4.043100V	C21=4.047900V	C22=4.044150V	C23=4.038300V	C24=4.045200V	C25=4.045650V	C26=4.045650V	C27=4.047000V	C28=4.046250V	
max_temp: 16.784204	min_temp: 13.584528	avg_temp: 14.115854
undervoltage: 0	overvoltage: 0	pec: 0	overtemperature: 0	openwire: 0	openwire_temp: 0
dcc1: 3f	dcc2: 3f	
Time: 35818
Current: -0.117950
SOC: 0.839276
total_v: 113.230354	max_v: 4.049700	min_v: 4.037850	avg_v: 4.043941	max-min: 0.011850
C1=4.037850V	C2=4.040850V	C3=4.042350V	C4=4.043250V	C5=4.042050V	C6=4.039650V	C7=4.049700V	C8=4.045800V	C9=4.046850V	C10=4.043100V	C11=4.044000V	C12=4.044600V	C13=4.047150V	C14=4.049250V	C15=4.041600V	C16=4.041450V	C17=4.041600V	C18=4.042950V	C19=4.043250V	C20=4.043100V	C21=4.047750V	C22=4.044000V	C23=4.038450V	C24=4.045200V	C25=4.045500V	C26=4.045650V	C27=4.047150V	C28=4.046250V	
max_temp: 16.784204	min_temp: 13.584528	avg_temp: 14.116484
undervoltage: 0	overvoltage: 0	pec: 0	overtemperature: 0	openwire: 0	openwire_temp: 0
dcc1: 3f	dcc2: 3f	
Time: 36019
Current: -0.117950
SOC: 0.839277
total_v: 113.230797	max_v: 4.049700	min_v: 4.037850	avg_v: 4.043957	max-min: 0.011850
C1=4.037850V	C2=4.040850V	C3=4.042350V	C4=4.043250V	C5=4.042200V	C6=4.039650V	C7=4.049700V	C8=4.045800V	C9=4.046850V	C10=4.043100V	C11=4.044150V	C12=4.044600V	C13=4.047150V	C14=4.049250V	C15=4.041600V	C16=4.041450V	C17=4.041600V	C18=4.042950V	C19=4.043250V	C20=4.042950V	C21=4.047900V	C22=4.044000V	C23=4.038450V	C24=4.045200V	C25=4.045650V	C26=4.045650V	C27=4.047150V	C28=4.046250V	
max_temp: 16.784204	min_temp: 13.584528	avg_temp: 14.115854
undervoltage: 0	overvoltage: 0	pec: 0	overtemperature: 0	openwire: 0	openwire_temp: 0
dcc1: 3f	dcc2: 3f	
Time: 36220
Current: -0.117950
SOC: 0.839277
total_v: 113.230339	max_v: 4.049700	min_v: 4.037850	avg_v: 4.043941	max-min: 0.011850
C1=4.037850V	C2=4.040850V	C3=4.042350V	C4=4.043250V	C5=4.042050V	C6=4.039650V	C7=4.049700V	C8=4.045800V	C9=4.046700V	C10=4.042950V	C11=4.044000V	C12=4.044600V	C13=4.047150V	C14=4.049250V	C15=4.041600V	C16=4.041450V	C17=4.041600V	C18=4.042950V	C19=4.043250V	C20=4.043100V	C21=4.047900V	C22=4.044000V	C23=4.038450V	C24=4.045200V	C25=4.045650V	C26=4.045650V	C27=4.047150V	C28=4.046250V	
max_temp: 16.784204	min_temp: 13.584528	avg_temp: 14.116484
undervoltage: 0	overvoltage: 0	pec: 0	overtemperature: 0	openwire: 0	openwire_temp: 0
dcc1: 3f	dcc2: 3f	
Time: 36421
Current: -0.117950
SOC: 0.839278
total_v: 113.230644	max_v: 4.049700	min_v: 4.037850	avg_v: 4.043952	max-min: 0.011850
C1=4.037850V	C2=4.040850V	C3=4.042350V	C4=4.043250V	C5=4.042050V	C6=4.039650V	C7=4.049700V	C8=4.045800V	C9=4.046850V	C10=4.043100V	C11=4.044000V	C12=4.044600V	C13=4.047150V	C14=4.049250V	C15=4.041600V	C16=4.041450V	C17=4.041600V	C18=4.042950V	C19=4.043250V	C20=4.043100V	C21=4.047900V	C22=4.044000V	C23=4.038450V	C24=4.045200V	C25=4.045650V	C26=4.045650V	C27=4.047150V	C28=4.046250V	
max_temp: 16.784204	min_temp: 13.584528	avg_temp: 14.116484
undervoltage: 0	overvoltage: 0	pec: 0	overtemperature: 0	openwire: 0	openwire_temp: 0
dcc1: 3f	dcc2: 3f	
Time: 36622
Current: -0.117950
SOC: 0.839278
total_v: 113.230347	max_v: 4.049700	min_v: 4.037850	avg_v: 4.043941	max-min: 0.011850
C1=4.037850V	C2=4.040850V	C3=4.042350V	C4=4.043250V	C5=4.042050V	C6=4.039650V	C7=4.049700V	C8=4.045800V	C9=4.046850V	C10=4.042950V	C11=4.044000V	C12=4.044600V	C13=4.047150V	C14=4.049400V	C15=4.041600V	C16=4.041450V	C17=4.041600V	C18=4.042950V	C19=4.043250V	C20=4.043100V	C21=4.047900V	C22=4.044000V	C23=4.038450V	C24=4.045200V	C25=4.045500V	C26=4.045650V	C27=4.047000V	C28=4.046250V	
max_temp: 16.784204	min_temp: 13.584528	avg_temp: 14.116169
undervoltage: 0	overvoltage: 0	pec: 0	overtemperature: 0	openwire: 0	openwire_temp: 0
dcc1: 3f	dcc2: 3f	
Time: 36823
Current: -0.019684
SOC: 0.839278
total_v: 113.230942	max_v: 4.049700	min_v: 4.037850	avg_v: 4.043962	max-min: 0.011850
C1=4.037850V	C2=4.040850V	C3=4.042350V	C4=4.043250V	C5=4.042200V	C6=4.039650V	C7=4.049700V	C8=4.045800V	C9=4.046850V	C10=4.043100V	C11=4.044150V	C12=4.044600V	C13=4.047150V	C14=4.049400V	C15=4.041600V	C16=4.041450V	C17=4.041600V	C18=4.042950V	C19=4.043250V	C20=4.042950V	C21=4.047900V	C22=4.044000V	C23=4.038450V	C24=4.045200V	C25=4.045650V	C26=4.045650V	C27=4.047150V	C28=4.046250V	
max_temp: 16.784204	min_temp: 13.584528	avg_temp: 14.116169
undervoltage: 0	overvoltage: 0	pec: 0	overtemperature: 0	openwire: 0	openwire_temp: 0
dcc1: 3f	dcc2: 3f	
Time: 37024
Current: 1.552734
SOC: 0.839272
total_v: 113.230194	max_v: 4.049700	min_v: 4.037850	avg_v: 4.043935	max-min: 0.011850
C1=4.037850V	C2=4.040850V	C3=4.042350V	C4=4.043250V	C5=4.042050V	C6=4.039650V	C7=4.049700V	C8=4.045800V	C9=4.046850V	C10=4.042950V	C11=4.044000V	C12=4.044600V	C13=4.047150V	C14=4.049250V	C15=4.041600V	C16=4.041450V	C17=4.041600V	C18=4.042800V	C19=4.043250V	C20=4.042950V	C21=4.047900V	C22=4.044000V	C23=4.038450V	C24=4.045200V	C25=4.045650V	C26=4.045650V	C27=4.047150V	C28=4.046250V	
max_temp: 16.784204	min_temp: 13.584528	avg_temp: 14.116169
undervoltage: 0	overvoltage: 0	pec: 0	overtemperature: 0	openwire: 0	openwire_temp: 0
dcc1: 3f	dcc2: 3f	
Time: 37225
Current: -0.117950
SOC: 0.839272
total_v: 113.230782	max_v: 4.049700	min_v: 4.037850	avg_v: 4.043956	max-min: 0.011850
C1=4.037850V	C2=4.040850V	C3=4.042350V	C4=4.043250V	C5=4.042200V	C6=4.039650V	C7=4.049700V	C8=4.045800V	C9=4.046850V	C10=4.042950V	C11=4.044000V	C12=4.044600V	C13=4.047150V	C14=4.049250V	C15=4.041600V	C16=4.041450V	C17=4.041750V	C18=4.042950V	C19=4.043250V	C20=4.043100V	C21=4.047900V	C22=4.044000V	C23=4.038450V	C24=4.045200V	C25=4.045650V	C26=4.045650V	C27=4.047150V	C28=4.046250V	
max_temp: 16.779169	min_temp: 13.584528	avg_temp: 14.115854
undervoltage: 0	overvoltage: 0	pec: 0	overtemperature: 0	openwire: 0	openwire_temp: 0
dcc1: 3f	dcc2: 3f	
Time: 37426
Current: -0.117950
SOC: 0.839273
total_v: 113.230347	max_v: 4.049700	min_v: 4.037850	avg_v: 4.043941	max-min: 0.011850
C1=4.037850V	C2=4.040850V	C3=4.042350V	C4=4.043250V	C5=4.042050V	C6=4.039650V	C7=4.049700V	C8=4.045800V	C9=4.046850V	C10=4.042950V	C11=4.044000V	C12=4.044600V	C13=4.047150V	C14=4.049250V	C15=4.041600V	C16=4.041450V	C17=4.041600V	C18=4.042950V	C19=4.043250V	C20=4.043100V	C21=4.047900V	C22=4.044000V	C23=4.038450V	C24=4.045200V	C25=4.045500V	C26=4.045650V	C27=4.047150V	C28=4.046250V	
max_temp: 16.784204	min_temp: 13.584528	avg_temp: 14.116169
undervoltage: 0	overvoltage: 0	pec: 0	overtemperature: 0	openwire: 0	openwire_temp: 0
dcc1: 3f	dcc2: 3f	
Time: 37627
Current: -0.117950
SOC: 0.839273
total_v: 113.230347	max_v: 4.049700	min_v: 4.037850	avg_v: 4.043941	max-min: 0.011850
C1=4.037850V	C2=4.040850V	C3=4.042350V	C4=4.043250V	C5=4.042200V	C6=4.039500V	C7=4.049700V	C8=4.045800V	C9=4.046850V	C10=4.042950V	C11=4.044150V	C12=4.044600V	C13=4.047150V	C14=4.049400V	C15=4.041600V	C16=4.041450V	C17=4.041600V	C18=4.042800V	C19=4.043250V	C20=4.043100V	C21=4.047900V	C22=4.044000V	C23=4.038450V	C24=4.045200V	C25=4.045500V	C26=4.045650V	C27=4.047000V	C28=4.046250V	
max_temp: 16.779169	min_temp: 13.584528	avg_temp: 14.116169
undervoltage: 0	overvoltage: 0	pec: 0	overtemperature: 0	openwire: 0	openwire_temp: 0
dcc1: 3f	dcc2: 3f	
Time: 37828
Current: -0.117950
SOC: 0.839274
total_v: 113.230484	max_v: 4.049700	min_v: 4.037850	avg_v: 4.043946	max-min: 0.011850
C1=4.037850V	C2=4.040850V	C3=4.042350V	C4=4.043400V	C5=4.042050V	C6=4.039650V	C7=4.049700V	C8=4.045800V	C9=4.046850V	C10=4.043100V	C11=4.044000V	C12=4.044600V	C13=4.047150V	C14=4.049250V	C15=4.041600V	C16=4.041450V	C17=4.041600V	C18=4.042800V	C19=4.043250V	C20=4.043100V	C21=4.047900V	C22=4.044000V	C23=4.038450V	C24=4.045200V	C25=4.045650V	C26=4.045650V	C27=4.047000V	C28=4.046250V	
max_temp: 16.779169	min_temp: 13.584528	avg_temp: 14.116169
undervoltage: 0	overvoltage: 0	pec: 0	overtemperature: 0	openwire: 0	openwire_temp: 0
dcc1: 3f	dcc2: 3f	
Time: 38029
Current: -0.216232
SOC: 0.839275
total_v: 113.230789	max_v: 4.049700	min_v: 4.037850	avg_v: 4.043957	max-min: 0.011850
C1=4.037850V	C2=4.040850V	C3=4.042350V	C4=4.043250V	C5=4.042050V	C6=4.039650V	C7=4.049700V	C8=4.045800V	C9=4.046850V	C10=4.043100V	C11=4.044150V	C12=4.044600V	C13=4.047150V	C14=4.049400V	C15=4.041600V	C16=4.041450V	C17=4.041750V	C18=4.042950V	C19=4.043250V	C20=4.042950V	C21=4.047900V	C22=4.044000V	C23=4.038300V	C24=4.045200V	C25=4.045650V	C26=4.045650V	C27=4.047150V	C28=4.046250V	
max_temp: 16.779169	min_temp: 13.584528	avg_temp: 14.115854
undervoltage: 0	overvoltage: 0	pec: 0	overtemperature: 0	openwire: 0	openwire_temp: 0
dcc1: 3f	dcc2: 3f	
Time: 38230
Current: -0.117950
SOC: 0.839275
total_v: 113.230194	max_v: 4.049700	min_v: 4.037850	avg_v: 4.043935	max-min: 0.011850
C1=4.037850V	C2=4.040850V	C3=4.042350V	C4=4.043250V	C5=4.042050V	C6=4.039650V	C7=4.049700V	C8=4.045800V	C9=4.046850V	C10=4.043100V	C11=4.044000V	C12=4.044600V	C13=4.047150V	C14=4.049400V	C15=4.041600V	C16=4.041450V	C17=4.041600V	C18=4.042800V	C19=4.043250V	C20=4.042950V	C21=4.047900V	C22=4.044000V	C23=4.038300V	C24=4.045200V	C25=4.045500V	C26=4.045650V	C27=4.047150V	C28=4.046250V	
max_temp: 16.779169	min_temp: 13.584528	avg_temp: 14.116169
undervoltage: 0	overvoltage: 0	pec: 0	overtemperature: 0	openwire: 0	openwire_temp: 0
dcc1: 3f	dcc2: 3f	
Time: 38431
Current: -0.117950
SOC: 0.839276
total_v: 113.230347	max_v: 4.049700	min_v: 4.037850	avg_v: 4.043941	max-min: 0.011850
C1=4.037850V	C2=4.040700V	C3=4.042350V	C4=4.043250V	C5=4.042050V	C6=4.039650V	C7=4.049700V	C8=4.045800V	C9=4.046850V	C10=4.042950V	C11=4.044150V	C12=4.044600V	C13=4.047150V	C14=4.049250V	C15=4.041600V	C16=4.041450V	C17=4.041600V	C18=4.042950V	C19=4.043250V	C20=4.043100V	C21=4.047900V	C22=4.044000V	C23=4.038450V	C24=4.045200V	C25=4.045500V	C26=4.045650V	C27=4.047150V	C28=4.046250V	
max_temp: 16.779169	min_temp: 13.584528	avg_temp: 14.116169
undervoltage: 0	overvoltage: 0	pec: 0	overtemperature: 0	openwire: 0	openwire_temp: 0
dcc1: 3f	dcc2: 3f	
Time: 38632
Current: -0.117950
SOC: 0.839276
total_v: 113.230339	max_v: 4.049700	min_v: 4.037850	avg_v: 4.043941	max-min: 0.011850
C1=4.037850V	C2=4.040850V	C3=4.042350V	C4=4.043250V	C5=4.042050V	C6=4.039650V	C7=4.049700V	C8=4.045800V	C9=4.046850V	C10=4.043100V	C11=4.044000V	C12=4.044600V	C13=4.047150V	C14=4.049250V	C15=4.041600V	C16=4.041450V	C17=4.041600V	C18=4.042800V	C19=4.043250V	C20=4.043100V	C21=4.047900V	C22=4.044000V	C23=4.038450V	C24=4.045200V	C25=4.045650V	C26=4.045650V	C27=4.047000V	C28=4.046250V	
max_temp: 16.779169	min_temp: 13.584528	avg_temp: 14.115854
undervoltage: 0	overvoltage: 0	pec: 0	overtemperature: 0	openwire: 0	openwire_temp: 0
dcc1: 3f	dcc2: 3f	
Time: 38833
Current: 1.847565
SOC: 0.839268
total_v: 113.230492	max_v: 4.049550	min_v: 4.037850	avg_v: 4.043946	max-min: 0.011700
C1=4.037850V	C2=4.040850V	C3=4.042350V	C4=4.043250V	C5=4.042050V	C6=4.039650V	C7=4.049550V	C8=4.045800V	C9=4.046850V	C10=4.042950V	C11=4.044150V	C12=4.044600V	C13=4.047150V	C14=4.049400V	C15=4.041600V	C16=4.041450V	C17=4.041600V	C18=4.042800V	C19=4.043250V	C20=4.043100V	C21=4.047900V	C22=4.044000V	C23=4.038450V	C24=4.045200V	C25=4.045650V	C26=4.045650V	C27=4.047150V	C28=4.046250V	
max_temp: 16.779169	min_temp: 13.584528	avg_temp: 14.116798
undervoltage: 0	overvoltage: 0	pec: 0	overtemperature: 0	openwire: 0	openwire_temp: 0
dcc1: 3f	dcc2: 3f	
Time: 39034
Current: -0.216232
SOC: 0.839269
total_v: 113.230652	max_v: 4.049700	min_v: 4.037850	avg_v: 4.043952	max-min: 0.011850
C1=4.037850V	C2=4.040850V	C3=4.042350V	C4=4.043250V	C5=4.042050V	C6=4.039650V	C7=4.049700V	C8=4.045800V	C9=4.046850V	C10=4.043100V	C11=4.044150V	C12=4.044600V	C13=4.047150V	C14=4.049250V	C15=4.041600V	C16=4.041450V	C17=4.041600V	C18=4.042950V	C19=4.043250V	C20=4.042950V	C21=4.047900V	C22=4.044000V	C23=4.038450V	C24=4.045200V	C25=4.045650V	C26=4.045650V	C27=4.047150V	C28=4.046250V	
max_temp: 16.779169	min_temp: 13.584528	avg_temp: 14.115854
undervoltage: 0	overvoltage: 0	pec: 0	overtemperature: 0	openwire: 0	openwire_temp: 0
dcc1: 3f	dcc2: 3f	
Time: 39235
Current: 0.668259
SOC: 0.839267
total_v: 113.230789	max_v: 4.049700	min_v: 4.037850	avg_v: 4.043957	max-min: 0.011850
C1=4.037850V	C2=4.040850V	C3=4.042350V	C4=4.043250V	C5=4.042050V	C6=4.039650V	C7=4.049700V	C8=4.045800V	C9=4.046850V	C10=4.043100V	C11=4.044000V	C12=4.044600V	C13=4.047150V	C14=4.049250V	C15=4.041600V	C16=4.041450V	C17=4.041750V	C18=4.042950V	C19=4.043250V	C20=4.043100V	C21=4.047900V	C22=4.044000V	C23=4.038450V	C24=4.045200V	C25=4.045650V	C26=4.045650V	C27=4.047150V	C28=4.046250V	
max_temp: 16.779169	min_temp: 13.584528	avg_temp: 14.116798
undervoltage: 0	overvoltage: 0	pec: 0	overtemperature: 0	openwire: 0	openwire_temp: 0
dcc1: 3f	dcc2: 3f	
Time: 39436
Current: -0.117950
SOC: 0.839267
total_v: 113.230186	max_v: 4.049700	min_v: 4.037850	avg_v: 4.043935	max-min: 0.011850
C1=4.037850V	C2=4.040850V	C3=4.042350V	C4=4.043400V	C5=4.042050V	C6=4.039650V	C7=4.049700V	C8=4.045800V	C9=4.046850V	C10=4.042950V	C11=4.044000V	C12=4.044600V	C13=4.047150V	C14=4.049250V	C15=4.041600V	C16=4.041450V	C17=4.041600V	C18=4.042950V	C19=4.043250V	C20=4.042950V	C21=4.047900V	C22=4.044000V	C23=4.038300V	C24=4.045200V	C25=4.045650V	C26=4.045650V	C27=4.047150V	C28=4.046100V	
max_temp: 16.779169	min_temp: 13.584528	avg_temp: 14.116484
undervoltage: 0	overvoltage: 0	pec: 0	overtemperature: 0	openwire: 0	openwire_temp: 0
dcc1: 3f	dcc2: 3f	
Time: 39637
Current: -0.216232
SOC: 0.839268
total_v: 113.230347	max_v: 4.049700	min_v: 4.037850	avg_v: 4.043941	max-min: 0.011850
C1=4.037850V	C2=4.040700V	C3=4.042350V	C4=4.043250V	C5=4.042050V	C6=4.039650V	C7=4.049700V	C8=4.045800V	C9=4.046850V	C10=4.043100V	C11=4.044000V	C12=4.044600V	C13=4.047150V	C14=4.049250V	C15=4.041600V	C16=4.041450V	C17=4.041600V	C18=4.042950V	C19=4.043250V	C20=4.042950V	C21=4.047900V	C22=4.044000V	C23=4.038450V	C24=4.045200V	C25=4.045650V	C26=4.045650V	C27=4.047150V	C28=4.046250V	
max_temp: 16.779169	min_temp: 13.584528	avg_temp: 14.116484
undervoltage: 0	overvoltage: 0	pec: 0	overtemperature: 0	openwire: 0	openwire_temp: 0
dcc1: 3f	dcc2: 3f	
Time: 39838
Current: -0.216232
SOC: 0.839269
total_v: 113.230499	max_v: 4.049550	min_v: 4.037850	avg_v: 4.043946	max-min: 0.011700
C1=4.037850V	C2=4.040850V	C3=4.042350V	C4=4.043250V	C5=4.042050V	C6=4.039650V	C7=4.049550V	C8=4.045800V	C9=4.046850V	C10=4.043100V	C11=4.044000V	C12=4.044600V	C13=4.047150V	C14=4.049250V	C15=4.041600V	C16=4.041450V	C17=4.041600V	C18=4.042950V	C19=4.043250V	C20=4.042950V	C21=4.047900V	C22=4.044150V	C23=4.038450V	C24=4.045200V	C25=4.045650V	C26=4.045650V	C27=4.047150V	C28=4.046250V	
max_temp: 16.779169	min_temp: 13.584528	avg_temp: 14.116798
undervoltage: 0	overvoltage: 0	pec: 0	overtemperature: 0	openwire: 0	openwire_temp: 0
dcc1: 3f	dcc2: 3f	
Time: 40039
Current: -0.117950
SOC: 0.839269
total_v: 113.230354	max_v: 4.049700	min_v: 4.037850	avg_v: 4.043941	max-min: 0.011850
C1=4.037850V	C2=4.040850V	C3=4.042350V	C4=4.043250V	C5=4.042050V	C6=4.039650V	C7=4.049700V	C8=4.045800V	C9=4.046850V	C10=4.043100V	C11=4.044000V	C12=4.044600V	C13=4.047150V	C14=4.049250V	C15=4.041600V	C16=4.041450V	C17=4.041600V	C18=4.042950V	C19=4.043250V	C20=4.042950V	C21=4.047900V	C22=4.044000V	C23=4.038450V	C24=4.045200V	C25=4.045500V	C26=4.045650V	C27=4.047150V	C28=4.046250V	
max_temp: 16.779169	min_temp: 13.584528	avg_temp: 14.116798
undervoltage: 0	overvoltage: 0	pec: 0	overtemperature: 0	openwire: 0	openwire_temp: 0
dcc1: 3f	dcc2: 3f	
Time: 40240
Current: 1.257904
SOC: 0.839264
total_v: 113.230644	max_v: 4.049700	min_v: 4.037850	avg_v: 4.043952	max-min: 0.011850
C1=4.037850V	C2=4.040850V	C3=4.042350V	C4=4.043250V	C5=4.042050V	C6=4.039650V	C7=4.049700V	C8=4.045800V	C9=4.046850V	C10=4.043100V	C11=4.044000V	C12=4.044600V	C13=4.047150V	C14=4.049400V	C15=4.041600V	C16=4.041450V	C17=4.041600V	C18=4.042950V	C19=4.043250V	C20=4.043100V	C21=4.047750V	C22=4.044000V	C23=4.038450V	C24=4.045200V	C25=4.045650V	C26=4.045650V	C27=4.047150V	C28=4.046250V	
max_temp: 16.779169	min_temp: 13.584528	avg_temp: 14.116484
undervoltage: 0	overvoltage: 0	pec: 0	overtemperature: 0	openwire: 0	openwire_temp: 0
dcc1: 3f	dcc2: 3f	
Time: 40441
Current: -0.216232
SOC: 0.839265
total_v: 113.230034	max_v: 4.049550	min_v: 4.037850	avg_v: 4.043930	max-min: 0.011700
C1=4.037850V	C2=4.040850V	C3=4.042350V	C4=4.043250V	C5=4.042050V	C6=4.039650V	C7=4.049550V	C8=4.045800V	C9=4.046700V	C10=4.042950V	C11=4.044000V	C12=4.044600V	C13=4.047150V	C14=4.049250V	C15=4.041600V	C16=4.041450V	C17=4.041600V	C18=4.042950V	C19=4.043250V	C20=4.043100V	C21=4.047900V	C22=4.044000V	C23=4.038450V	C24=4.045200V	C25=4.045650V	C26=4.045650V	C27=4.047000V	C28=4.046250V	
max_temp: 16.779169	min_temp: 13.584528	avg_temp: 14.116798
undervoltage: 0	overvoltage: 0	pec: 0	overtemperature: 0	openwire: 0	openwire_temp: 0
dcc1: 3f	dcc2: 3f	
Time: 40642
Current: 3.321701
SOC: 0.839251
total_v: 113.230339	max_v: 4.049700	min_v: 4.037850	avg_v: 4.043941	max-min: 0.011850
C1=4.037850V	C2=4.040850V	C3=4.042200V	C4=4.043400V	C5=4.042050V	C6=4.039650V	C7=4.049700V	C8=4.045800V	C9=4.046850V	C10=4.043100V	C11=4.044000V	C12=4.044600V	C13=4.047150V	C14=4.049250V	C15=4.041450V	C16=4.041450V	C17=4.041600V	C18=4.042950V	C19=4.043250V	C20=4.043100V	C21=4.047900V	C22=4.044000V	C23=4.038450V	C24=4.045200V	C25=4.045650V	C26=4.045650V	C27=4.047000V	C28=4.046250V	
max_temp: 16.779169	min_temp: 13.584528	avg_temp: 14.117113
undervoltage: 0	overvoltage: 0	pec: 0	overtemperature: 0	openwire: 0	openwire_temp: 0
dcc1: 3f	dcc2: 3f	
Time: 40843
Current: -0.117950
SOC: 0.839252
total_v: 113.230057	max_v: 4.049550	min_v: 4.037850	avg_v: 4.043931	max-min: 0.011700
C1=4.037850V	C2=4.040850V	C3=4.042350V	C4=4.043400V	C5=4.042050V	C6=4.039650V	C7=4.049550V	C8=4.045800V	C9=4.046850V	C10=4.042950V	C11=4.044000V	C12=4.044600V	C13=4.047150V	C14=4.049250V	C15=4.041600V	C16=4.041450V	C17=4.041600V	C18=4.042950V	C19=4.043250V	C20=4.042950V	C21=4.047750V	C22=4.044000V	C23=4.038450V	C24=4.045200V	C25=4.045500V	C26=4.045650V	C27=4.047150V	C28=4.046250V	
max_temp: 16.779169	min_temp: 13.584528	avg_temp: 14.117113
undervoltage: 0	overvoltage: 0	pec: 0	overtemperature: 0	openwire: 0	openwire_temp: 0
dcc1: 3f	dcc2: 3f	
Time: 41044
Current: -0.117950
SOC: 0.839252
total_v: 113.230499	max_v: 4.049700	min_v: 4.037850	avg_v: 4.043946	max-min: 0.011850
C1=4.037850V	C2=4.040850V	C3=4.042350V	C4=4.043250V	C5=4.042050V	C6=4.039650V	C7=4.049700V	C8=4.045800V	C9=4.046850V	C10=4.043100V	C11=4.044000V	C12=4.044600V	C13=4.047150V	C14=4.049250V	C15=4.041600V	C16=4.041450V	C17=4.041600V	C18=4.042950V	C19=4.043250V	C20=4.043100V	C21=4.047900V	C22=4.044000V	C23=4.038450V	C24=4.045200V	C25=4.045500V	C26=4.045650V	C27=4.047150V	C28=4.046250V	
max_temp: 16.784204	min_temp: 13.584528	avg_temp: 14.117113
undervoltage: 0	overvoltage: 0	pec: 0	overtemperature: 0	openwire: 0	openwire_temp: 0
dcc1: 3f	dcc2: 3f	
Time: 41245
Current: -0.117950
SOC: 0.839253
total_v: 113.230042	max_v: 4.049700	min_v: 4.037850	avg_v: 4.043930	max-min: 0.011850
C1=4.037850V	C2=4.040700V	C3=4.042350V	C4=4.043250V	C5=4.042050V	C6=4.039650V	C7=4.049700V	C8=4.045800V	C9=4.046850V	C10=4.042950V	C11=4.044000V	C12=4.044600V	C13=4.047150V	C14=4.049250V	C15=4.041600V	C16=4.041450V	C17=4.041600V	C18=4.042950V	C19=4.043250V	C20=4.042950V	C21=4.047900V	C22=4.044000V	C23=4.038300V	C24=4.045200V	C25=4.045650V	C26=4.045650V	C27=4.047150V	C28=4.046250V	
max_temp: 16.784204	min_temp: 13.584528	avg_temp: 14.117428
undervoltage: 0	overvoltage: 0	pec: 0	overtemperature: 0	openwire: 0	openwire_temp: 0
dcc1: 3f	dcc2: 3f	
Time: 41446
Current: -0.216232
SOC: 0.839254
total_v: 113.230194	max_v: 4.049700	min_v: 4.037850	avg_v: 4.043935	max-min: 0.011850
C1=4.037850V	C2=4.040850V	C3=4.042350V	C4=4.043250V	C5=4.042050V	C6=4.039650V	C7=4.049700V	C8=4.045800V	C9=4.046850V	C10=4.042950V	C11=4.044000V	C12=4.044600V	C13=4.047150V	C14=4.049250V	C15=4.041600V	C16=4.041450V	C17=4.041600V	C18=4.042950V	C19=4.043250V	C20=4.043100V	C21=4.047750V	C22=4.044000V	C23=4.038450V	C24=4.045200V	C25=4.045650V	C26=4.045650V	C27=4.047000V	C28=4.046250V	
max_temp: 16.784204	min_temp: 13.584528	avg_temp: 14.117428
undervoltage: 0	overvoltage: 0	pec: 0	overtemperature: 0	openwire: 0	openwire_temp: 0
dcc1: 3f	dcc2: 3f	
Time: 41647
Current: -0.117950
SOC: 0.839254
total_v: 113.229744	max_v: 4.049700	min_v: 4.037850	avg_v: 4.043920	max-min: 0.011850
C1=4.037850V	C2=4.040850V	C3=4.042350V	C4=4.043250V	C5=4.042050V	C6=4.039650V	C7=4.049700V	C8=4.045800V	C9=4.046850V	C10=4.042950V	C11=4.044000V	C12=4.044600V	C13=4.047150V	C14=4.049250V	C15=4.041600V	C16=4.041450V	C17=4.041600V	C18=4.042800V	C19=4.043250V	C20=4.042950V	C21=4.047750V	C22=4.044000V	C23=4.038300V	C24=4.045200V	C25=4.045650V	C26=4.045650V	C27=4.047000V	C28=4.046250V	
max_temp: 16.784204	min_temp: 13.584528	avg_temp: 14.117428
undervoltage: 0	overvoltage: 0	pec: 0	overtemperature: 0	openwire: 0	openwire_temp: 0
dcc1: 3f	dcc2: 3f	
Time: 41848
Current: -0.117950
SOC: 0.839255
total_v: 113.230499	max_v: 4.049700	min_v: 4.037700	avg_v: 4.043946	max-min: 0.012000
C1=4.037700V	C2=4.040850V	C3=4.042350V	C4=4.043250V	C5=4.042050V	C6=4.039650V	C7=4.049700V	C8=4.045800V	C9=4.046850V	C10=4.042950V	C11=4.044150V	C12=4.044600V	C13=4.047150V	C14=4.049400V	C15=4.041600V	C16=4.041450V	C17=4.041600V	C18=4.042950V	C19=4.043250V	C20=4.042950V	C21=4.047900V	C22=4.044000V	C23=4.038450V	C24=4.045200V	C25=4.045650V	C26=4.045650V	C27=4.047150V	C28=4.046250V	
max_temp: 16.784204	min_temp: 13.584528	avg_temp: 14.117113
undervoltage: 0	overvoltage: 0	pec: 0	overtemperature: 0	openwire: 0	openwire_temp: 0
dcc1: 3f	dcc2: 3f	
Time: 42049
Current: -0.216232
SOC: 0.839255
total_v: 113.230049	max_v: 4.049550	min_v: 4.037700	avg_v: 4.043931	max-min: 0.011850
C1=4.037700V	C2=4.040850V	C3=4.042350V	C4=4.043250V	C5=4.042050V	C6=4.039650V	C7=4.049550V	C8=4.045800V	C9=4.046850V	C10=4.043100V	C11=4.044150V	C12=4.044600V	C13=4.047150V	C14=4.049250V	C15=4.041450V	C16=4.041450V	C17=4.041600V	C18=4.042950V	C19=4.043250V	C20=4.042950V	C21=4.047900V	C22=4.044000V	C23=4.038450V	C24=4.045200V	C25=4.045500V	C26=4.045650V	C27=4.047150V	C28=4.046250V	
max_temp: 16.784204	min_temp: 13.584528	avg_temp: 14.117428
undervoltage: 0	overvoltage: 0	pec: 0	overtemperature: 0	openwire: 0	openwire_temp: 0
dcc1: 3f	dcc2: 3f	
Time: 42250
Current: -0.117950
SOC: 0.839256
total_v: 113.230339	max_v: 4.049700	min_v: 4.037850	avg_v: 4.043941	max-min: 0.011850
C1=4.037850V	C2=4.040850V	C3=4.042350V	C4=4.043250V	C5=4.042050V	C6=4.039650V	C7=4.049700V	C8=4.045800V	C9=4.046850V	C10=4.043100V	C11=4.044000V	C12=4.044600V	C13=4.047300V	C14=4.049400V	C15=4.041600V	C16=4.041450V	C17=4.041600V	C18=4.042800V	C19=4.043250V	C20=4.042950V	C21=4.047900V	C22=4.044000V	C23=4.038450V	C24=4.045200V	C25=4.045650V	C26=4.045650V	C27=4.047000V	C28=4.046100V	
max_temp: 16.784204	min_temp: 13.584528	avg_temp: 14.117113
undervoltage: 0	overvoltage: 0	pec: 0	overtemperature: 0	openwire: 0	openwire_temp: 0
dcc1: 3f	dcc2: 3f	
Time: 42451
Current: -0.117950
SOC: 0.839256
total_v: 113.230492	max_v: 4.049700	min_v: 4.037850	avg_v: 4.043946	max-min: 0.011850
C1=4.037850V	C2=4.040700V	C3=4.042350V	C4=4.043250V	C5=4.042050V	C6=4.039650V	C7=4.049700V	C8=4.045800V	C9=4.046850V	C10=4.043100V	C11=4.044000V	C12=4.044600V	C13=4.047150V	C14=4.049400V	C15=4.041600V	C16=4.041450V	C17=4.041600V	C18=4.042950V	C19=4.043250V	C20=4.043100V	C21=4.047750V	C22=4.044000V	C23=4.038450V	C24=4.045200V	C25=4.045650V	C26=4.045650V	C27=4.047150V	C28=4.046250V	
max_temp: 16.784204	min_temp: 13.584528	avg_temp: 14.117113
undervoltage: 0	overvoltage: 0	pec: 0	overtemperature: 0	openwire: 0	openwire_temp: 0
dcc1: 3f	dcc2: 3f	
Time: 42652
Current: -0.216232
SOC: 0.839257
total_v: 113.230186	max_v: 4.049700	min_v: 4.037850	avg_v: 4.043935	max-min: 0.011850
C1=4.037850V	C2=4.040850V	C3=4.042350V	C4=4.043250V	C5=4.042050V	C6=4.039650V	C7=4.049700V	C8=4.045800V	C9=4.046700V	C10=4.042950V	C11=4.044000V	C12=4.044600V	C13=4.047150V	C14=4.049400V	C15=4.041600V	C16=4.041450V	C17=4.041600V	C18=4.042950V	C19=4.043100V	C20=4.043100V	C21=4.047900V	C22=4.044000V	C23=4.038450V	C24=4.045200V	C25=4.045650V	C26=4.045650V	C27=4.047000V	C28=4.046250V	
max_temp: 16.784204	min_temp: 13.584528	avg_temp: 14.116798
undervoltage: 0	overvoltage: 0	pec: 0	overtemperature: 0	openwire: 0	openwire_temp: 0
dcc1: 3f	dcc2: 3f	
Time: 42853
Current: -0.216232
SOC: 0.839258
total_v: 113.230492	max_v: 4.049700	min_v: 4.037850	avg_v: 4.043946	max-min: 0.011850
C1=4.037850V	C2=4.040850V	C3=4.042350V	C4=4.043250V	C5=4.042050V	C6=4.039650V	C7=4.049700V	C8=4.045800V	C9=4.046850V	C10=4.043100V	C11=4.044000V	C12=4.044600V	C13=4.047150V	C14=4.049400V	C15=4.041600V	C16=4.041450V	C17=4.041600V	C18=4.042950V	C19=4.043250V	C20=4.042950V	C21=4.047900V	C22=4.044000V	C23=4.038300V	C24=4.045200V	C25=4.045650V	C26=4.045650V	C27=4.047150V	C28=4.046250V	
max_temp: 16.784204	min_temp: 13.584528	avg_temp: 14.117113
undervoltage: 0	overvoltage: 0	pec: 0	overtemperature: 0	openwire: 0	openwire_temp: 0
dcc1: 3f	dcc2: 3f	
Time: 43054
Current: -0.117950
SOC: 0.839259
total_v: 113.230194	max_v: 4.049700	min_v: 4.037850	avg_v: 4.043935	max-min: 0.011850
C1=4.037850V	C2=4.040700V	C3=4.042350V	C4=4.043250V	C5=4.042050V	C6=4.039650V	C7=4.049700V	C8=4.045800V	C9=4.046850V	C10=4.042950V	C11=4.044150V	C12=4.044600V	C13=4.047150V	C14=4.049250V	C15=4.041600V	C16=4.041450V	C17=4.041600V	C18=4.042950V	C19=4.043250V	C20=4.042950V	C21=4.047900V	C22=4.044000V	C23=4.038450V	C24=4.045200V	C25=4.045650V	C26=4.045650V	C27=4.047000V	C28=4.046250V	
max_temp: 16.784204	min_temp: 13.584528	avg_temp: 14.117113
undervoltage: 0	overvoltage: 0	pec: 0	overtemperature: 0	openwire: 0	openwire_temp: 0
dcc1: 3f	dcc2: 3f	
Time: 43255
Current: -0.216232
SOC: 0.839260
total_v: 113.230652	max_v: 4.049700	min_v: 4.037850	avg_v: 4.043952	max-min: 0.011850
C1=4.037850V	C2=4.040850V	C3=4.042350V	C4=4.043250V	C5=4.042050V	C6=4.039650V	C7=4.049700V	C8=4.045800V	C9=4.046850V	C10=4.043100V	C11=4.044150V	C12=4.044600V	C13=4.047150V	C14=4.049250V	C15=4.041600V	C16=4.041450V	C17=4.041600V	C18=4.042950V	C19=4.043250V	C20=4.043100V	C21=4.047900V	C22=4.044000V	C23=4.038450V	C24=4.045200V	C25=4.045500V	C26=4.045650V	C27=4.047150V	C28=4.046250V	
max_temp: 16.784204	min_temp: 13.589563	avg_temp: 14.118372
undervoltage: 0	overvoltage: 0	pec: 0	overtemperature: 0	openwire: 0	openwire_temp: 0
dcc1: 3f	dcc2: 3f	
Time: 43456
Current: -0.117950
SOC: 0.839260
total_v: 113.229752	max_v: 4.049700	min_v: 4.037850	avg_v: 4.043920	max-min: 0.011850
C1=4.037850V	C2=4.040850V	C3=4.042350V	C4=4.043250V	C5=4.042050V	C6=4.039650V	C7=4.049700V	C8=4.045800V	C9=4.046850V	C10=4.042950V	C11=4.044000V	C12=4.044600V	C13=4.047150V	C14=4.049250V	C15=4.041600V	C16=4.041450V	C17=4.041600V	C18=4.042800V	C19=4.043250V	C20=4.042950V	C21=4.047750V	C22=4.044000V	C23=4.038450V	C24=4.045200V	C25=4.045500V	C26=4.045650V	C27=4.047000V	C28=4.046250V	
max_temp: 16.789240	min_temp: 13.584528	avg_temp: 14.118057
undervoltage: 0	overvoltage: 0	pec: 0	overtemperature: 0	openwire: 0	openwire_temp: 0
dcc1: 3f	dcc2: 3f	
Time: 43657
Current: -0.216232
SOC: 0.839261
total_v: 113.230347	max_v: 4.049700	min_v: 4.037850	avg_v: 4.043941	max-min: 0.011850
C1=4.037850V	C2=4.040850V	C3=4.042350V	C4=4.043250V	C5=4.042050V	C6=4.039650V	C7=4.049700V	C8=4.045800V	C9=4.046850V	C10=4.043100V	C11=4.044000V	C12=4.044600V	C13=4.047150V	C14=4.049250V	C15=4.041450V	C16=4.041450V	C17=4.041750V	C18=4.042950V	C19=4.043250V	C20=4.042950V	C21=4.047900V	C22=4.044000V	C23=4.038450V	C24=4.045200V	C25=4.045500V	C26=4.045650V	C27=4.047150V	C28=4.046250V	
max_temp: 16.789240	min_temp: 13.584528	avg_temp: 14.118057
undervoltage: 0	overvoltage: 0	pec: 0	overtemperature: 0	openwire: 0	openwire_temp: 0
dcc1: 3f	dcc2: 3f	
Time: 43858
Current: 1.749283
SOC: 0.839254
total_v: 113.230637	max_v: 4.049700	min_v: 4.037850	avg_v: 4.043952	max-min: 0.011850
C1=4.037850V	C2=4.040850V	C3=4.042350V	C4=4.043250V	C5=4.042050V	C6=4.039800V	C7=4.049700V	C8=4.045800V	C9=4.046850V	C10=4.043100V	C11=4.044000V	C12=4.044600V	C13=4.047150V	C14=4.049400V	C15=4.041600V	C16=4.041450V	C17=4.041600V	C18=4.042800V	C19=4.043250V	C20=4.043100V	C21=4.047900V	C22=4.044000V	C23=4.038450V	C24=4.045200V	C25=4.045500V	C26=4.045650V	C27=4.047150V	C28=4.046250V	
max_temp: 16.789240	min_temp: 13.584528	avg_temp: 14.117428
undervoltage: 0	overvoltage: 0	pec: 0	overtemperature: 0	openwire: 0	openwire_temp: 0
dcc1: 3f	dcc2: 3f	
Time: 44059
Current: -0.117950
SOC: 0.839254
total_v: 113.230202	max_v: 4.049700	min_v: 4.037850	avg_v: 4.043936	max-min: 0.011850
C1=4.037850V	C2=4.040850V	C3=4.042350V	C4=4.043250V	C5=4.042050V	C6=4.039650V	C7=4.049700V	C8=4.045800V	C9=4.046850V	C10=4.043100V	C11=4.044000V	C12=4.044600V	C13=4.047150V	C14=4.049250V	C15=4.041600V	C16=4.041450V	C17=4.041600V	C18=4.042950V	C19=4.043100V	C20=4.042950V	C21=4.047900V	C22=4.044150V	C23=4.038300V	C24=4.045200V	C25=4.045500V	C26=4.045650V	C27=4.047150V	C28=4.046250V	
max_temp: 16.789240	min_temp: 13.584528	avg_temp: 14.117743
undervoltage: 0	overvoltage: 0	pec: 0	overtemperature: 0	openwire: 0	openwire_temp: 0
dcc1: 3f	dcc2: 3f	
Time: 44260
Current: 0.668259
SOC: 0.839251
total_v: 113.230347	max_v: 4.049700	min_v: 4.037850	avg_v: 4.043941	max-min: 0.011850
C1=4.037850V	C2=4.040850V	C3=4.042350V	C4=4.043250V	C5=4.042050V	C6=4.039650V	C7=4.049700V	C8=4.045800V	C9=4.046850V	C10=4.042950V	C11=4.044000V	C12=4.044600V	C13=4.047150V	C14=4.049400V	C15=4.041600V	C16=4.041450V	C17=4.041600V	C18=4.042800V	C19=4.043100V	C20=4.042950V	C21=4.047900V	C22=4.044150V	C23=4.038450V	C24=4.045200V	C25=4.045650V	C26=4.045650V	C27=4.047150V	C28=4.046250V	
max_temp: 16.789240	min_temp: 13.584528	avg_temp: 14.117743
undervoltage: 0	overvoltage: 0	pec: 0	overtemperature: 0	openwire: 0	openwire_temp: 0
dcc1: 3f	dcc2: 3f	
Time: 44461
Current: -0.216232
SOC: 0.839252
total_v: 113.230499	max_v: 4.049700	min_v: 4.037850	avg_v: 4.043946	max-min: 0.011850
C1=4.037850V	C2=4.040850V	C3=4.042350V	C4=4.043250V	C5=4.042050V	C6=4.039650V	C7=4.049700V	C8=4.045800V	C9=4.046850V	C10=4.043100V	C11=4.044000V	C12=4.044600V	C13=4.047150V	C14=4.049400V	C15=4.041450V	C16=4.041450V	C17=4.041600V	C18=4.042950V	C19=4.043250V	C20=4.042950V	C21=4.047900V	C22=4.044000V	C23=4.038450V	C24=4.045200V	C25=4.045650V	C26=4.045650V	C27=4.047150V	C28=4.046250V	
max_temp: 16.789240	min_temp: 13.584528	avg_temp: 14.117428
undervoltage: 0	overvoltage: 0	pec: 0	overtemperature: 0	openwire: 0	openwire_temp: 0
dcc1: 3f	dcc2: 3f	
Time: 44662
Current: 3.518250
SOC: 0.839238
total_v: 113.230347	max_v: 4.049700	min_v: 4.037850	avg_v: 4.043941	max-min: 0.011850
C1=4.037850V	C2=4.040850V	C3=4.042350V	C4=4.043250V	C5=4.042050V	C6=4.039500V	C7=4.049700V	C8=4.045800V	C9=4.046850V	C10=4.043100V	C11=4.044000V	C12=4.044600V	C13=4.047150V	C14=4.049250V	C15=4.041600V	C16=4.041450V	C17=4.041600V	C18=4.042950V	C19=4.043250V	C20=4.042950V	C21=4.047900V	C22=4.044000V	C23=4.038450V	C24=4.045200V	C25=4.045650V	C26=4.045650V	C27=4.047150V	C28=4.046250V	
max_temp: 16.789240	min_temp: 13.584528	avg_temp: 14.117743
undervoltage: 0	overvoltage: 0	pec: 0	overtemperature: 0	openwire: 0	openwire_temp: 0
dcc1: 3f	dcc2: 3f	
Time: 44863
Current: 2.142380
SOC: 0.839229
total_v: 113.229897	max_v: 4.049700	min_v: 4.037850	avg_v: 4.043925	max-min: 0.011850
C1=4.037850V	C2=4.040700V	C3=4.042350V	C4=4.043250V	C5=4.042050V	C6=4.039650V	C7=4.049700V	C8=4.045800V	C9=4.046850V	C10=4.042950V	C11=4.044000V	C12=4.044600V	C13=4.047150V	C14=4.049250V	C15=4.041600V	C16=4.041450V	C17=4.041600V	C18=4.042950V	C19=4.043250V	C20=4.042950V	C21=4.047900V	C22=4.044000V	C23=4.038450V	C24=4.045200V	C25=4.045500V	C26=4.045650V	C27=4.047000V	C28=4.046250V	
max_temp: 16.789240	min_temp: 13.584528	avg_temp: 14.118057
undervoltage: 0	overvoltage: 0	pec: 0	overtemperature: 0	openwire: 0	openwire_temp: 0
dcc1: 3f	dcc2: 3f	
Time: 45064
Current: -0.117950
SOC: 0.839229
total_v: 113.230049	max_v: 4.049700	min_v: 4.037700	avg_v: 4.043931	max-min: 0.012000
C1=4.037700V	C2=4.040700V	C3=4.042350V	C4=4.043250V	C5=4.042050V	C6=4.039650V	C7=4.049700V	C8=4.045800V	C9=4.046850V	C10=4.043100V	C11=4.044150V	C12=4.044600V	C13=4.047150V	C14=4.049250V	C15=4.041600V	C16=4.041450V	C17=4.041600V	C18=4.042800V	C19=4.043250V	C20=4.042950V	C21=4.047900V	C22=4.044000V	C23=4.038450V	C24=4.045200V	C25=4.045500V	C26=4.045650V	C27=4.047150V	C28=4.046250V	
max_temp: 16.789240	min_temp: 13.584528	avg_temp: 14.117743
undervoltage: 0	overvoltage: 0	pec: 0	overtemperature: 0	openwire: 0	openwire_temp: 0
dcc1: 3f	dcc2: 3f	
Time: 45265
Current: -0.216232
SOC: 0.839230
total_v: 113.230194	max_v: 4.049700	min_v: 4.037850	avg_v: 4.043935	max-min: 0.011850
C1=4.037850V	C2=4.040850V	C3=4.042350V	C4=4.043250V	C5=4.042050V	C6=4.039650V	C7=4.049700V	C8=4.045800V	C9=4.046850V	C10=4.043100V	C11=4.044000V	C12=4.044600V	C13=4.047150V	C14=4.049400V	C15=4.041600V	C16=4.041450V	C17=4.041600V	C18=4.042800V	C19=4.043250V	C20=4.042950V	C21=4.047900V	C22=4.044000V	C23=4.038300V	C24=4.045200V	C25=4.045500V	C26=4.045650V	C27=4.047150V	C28=4.046250V	
max_temp: 16.789240	min_temp: 13.584528	avg_temp: 14.117743
undervoltage: 0	overvoltage: 0	pec: 0	overtemperature: 0	openwire: 0	openwire_temp: 0
dcc1: 3f	dcc2: 3f	
Time: 45466
Current: -0.117950
SOC: 0.839231
total_v: 113.230339	max_v: 4.049700	min_v: 4.037850	avg_v: 4.043941	max-min: 0.011850
C1=4.037850V	C2=4.040850V	C3=4.042350V	C4=4.043250V	C5=4.042050V	C6=4.039650V	C7=4.049700V	C8=4.045800V	C9=4.046850V	C10=4.043100V	C11=4.044000V	C12=4.044750V	C13=4.047150V	C14=4.049250V	C15=4.041600V	C16=4.041450V	C17=4.041600V	C18=4.042950V	C19=4.043250V	C20=4.042950V	C21=4.047900V	C22=4.044000V	C23=4.038300V	C24=4.045200V	C25=4.045650V	C26=4.045650V	C27=4.047000V	C28=4.046250V	
max_temp: 16.789240	min_temp: 13.584528	avg_temp: 14.118057
undervoltage: 0	overvoltage: 0	pec: 0	overtemperature: 0	openwire: 0	openwire_temp: 0
dcc1: 3f	dcc2: 3f	
Time: 45667
Current: -0.216232
SOC: 0.839232
total_v: 113.230049	max_v: 4.049550	min_v: 4.037700	avg_v: 4.043931	max-min: 0.011850
C1=4.037700V	C2=4.040850V	C3=4.042350V	C4=4.043400V	C5=4.042050V	C6=4.039650V	C7=4.049550V	C8=4.045800V	C9=4.046850V	C10=4.043100V	C11=4.044000V	C12=4.044600V	C13=4.047150V	C14=4.049250V	C15=4.041600V	C16=4.041450V	C17=4.041600V	C18=4.042800V	C19=4.043250V	C20=4.042950V	C21=4.047750V	C22=4.044000V	C23=4.038450V	C24=4.045200V	C25=4.045650V	C26=4.045650V	C27=4.047150V	C28=4.046250V	
max_temp: 16.789240	min_temp: 13.584528	avg_temp: 14.117743
undervoltage: 0	overvoltage: 0	pec: 0	overtemperature: 0	openwire: 0	openwire_temp: 0
dcc1: 3f	dcc2: 3f	
Time: 45868
Current: -0.117950
SOC: 0.839232
total_v: 113.230652	max_v: 4.049700	min_v: 4.037850	avg_v: 4.043952	max-min: 0.011850
C1=4.037850V	C2=4.040850V	C3=4.042350V	C4=4.043250V	C5=4.042050V	C6=4.039650V	C7=4.049700V	C8=4.045950V	C9=4.046850V	C10=4.043100V	C11=4.044150V	C12=4.044600V	C13=4.047150V	C14=4.049250V	C15=4.041600V	C16=4.041450V	C17=4.041600V	C18=4.042950V	C19=4.043250V	C20=4.042950V	C21=4.047900V	C22=4.044000V	C23=4.038450V	C24=4.045200V	C25=4.045500V	C26=4.045650V	C27=4.047150V	C28=4.046250V	
max_temp: 16.789240	min_temp: 13.584528	avg_temp: 14.117743
undervoltage: 0	overvoltage: 0	pec: 0	overtemperature: 0	openwire: 0	openwire_temp: 0
dcc1: 3f	dcc2: 3f	
Time: 46069
Current: -0.216232
SOC: 0.839233
total_v: 113.230194	max_v: 4.049700	min_v: 4.037850	avg_v: 4.043935	max-min: 0.011850
C1=4.037850V	C2=4.040850V	C3=4.042350V	C4=4.043250V	C5=4.042050V	C6=4.039650V	C7=4.049700V	C8=4.045800V	C9=4.046850V	C10=4.043100V	C11=4.044000V	C12=4.044600V	C13=4.047150V	C14=4.049250V	C15=4.041600V	C16=4.041450V	C17=4.041600V	C18=4.042800V	C19=4.043250V	C20=4.043100V	C21=4.047900V	C22=4.044000V	C23=4.038450V	C24=4.045200V	C25=4.045500V	C26=4.045650V	C27=4.047150V	C28=4.046100V	
max_temp: 16.789240	min_temp: 13.584528	avg_temp: 14.117743
undervoltage: 0	overvoltage: 0	pec: 0	overtemperature: 0	openwire: 0	openwire_temp: 0
dcc1: 3f	dcc2: 3f	
Time: 46270
Current: -0.117950
SOC: 0.839234
total_v: 113.230186	max_v: 4.049700	min_v: 4.037850	avg_v: 4.043935	max-min: 0.011850
C1=4.037850V	C2=4.040850V	C3=4.042350V	C4=4.043250V	C5=4.042050V	C6=4.039650V	C7=4.049700V	C8=4.045800V	C9=4.046700V	C10=4.043100V	C11=4.044000V	C12=4.044600V	C13=4.047150V	C14=4.049400V	C15=4.041600V	C16=4.041450V	C17=4.041600V	C18=4.042800V	C19=4.043100V	C20=4.042950V	C21=4.047900V	C22=4.044150V	C23=4.038300V	C24=4.045200V	C25=4.045650V	C26=4.045650V	C27=4.047150V	C28=4.046250V	
max_temp: 16.794245	min_temp: 13.584528	avg_temp: 14.118685
undervoltage: 0	overvoltage: 0	pec: 0	overtemperature: 0	openwire: 0	openwire_temp: 0
dcc1: 3f	dcc2: 3f	
Time: 46471
Current: -0.117950
SOC: 0.839234
total_v: 113.230347	max_v: 4.049700	min_v: 4.037850	avg_v: 4.043941	max-min: 0.011850
C1=4.037850V	C2=4.040850V	C3=4.042350V	C4=4.043250V	C5=4.042050V	C6=4.039650V	C7=4.049700V	C8=4.045800V	C9=4.046700V	C10=4.043100V	C11=4.044000V	C12=4.044600V	C13=4.047150V	C14=4.049250V	C15=4.041600V	C16=4.041450V	C17=4.041600V	C18=4.042950V	C19=4.043250V	C20=4.042950V	C21=4.047900V	C22=4.044000V	C23=4.038450V	C24=4.045200V	C25=4.045650V	C26=4.045650V	C27=4.047150V	C28=4.046250V	
max_temp: 16.789240	min_temp: 13.584528	avg_temp: 14.118372
undervoltage: 0	overvoltage: 0	pec: 0	overtemperature: 0	openwire: 0	openwire_temp: 0
dcc1: 3f	dcc2: 3f	
Time: 46672
Current: -0.117950
SOC: 0.839234
total_v: 113.230049	max_v: 4.049550	min_v: 4.037850	avg_v: 4.043931	max-min: 0.011700
C1=4.037850V	C2=4.040700V	C3=4.042350V	C4=4.043250V	C5=4.042200V	C6=4.039650V	C7=4.049550V	C8=4.045800V	C9=4.046850V	C10=4.043100V	C11=4.044000V	C12=4.044600V	C13=4.047150V	C14=4.049250V	C15=4.041600V	C16=4.041450V	C17=4.041600V	C18=4.042800V	C19=4.043250V	C20=4.042950V	C21=4.047900V	C22=4.044000V	C23=4.038450V	C24=4.045200V	C25=4.045500V	C26=4.045650V	C27=4.047150V	C28=4.046250V	
max_temp: 16.794245	min_temp: 13.584528	avg_temp: 14.118685
undervoltage: 0	overvoltage: 0	pec: 0	overtemperature: 0	openwire: 0	openwire_temp: 0
dcc1: 3f	dcc2: 3f	
Time: 46873
Current: -0.117950
SOC: 0.839235
total_v: 113.230194	max_v: 4.049700	min_v: 4.037700	avg_v: 4.043935	max-min: 0.012000
C1=4.037700V	C2=4.040700V	C3=4.042350V	C4=4.043250V	C5=4.042050V	C6=4.039650V	C7=4.049700V	C8=4.045800V	C9=4.046850V	C10=4.043100V	C11=4.044150V	C12=4.044600V	C13=4.047150V	C14=4.049250V	C15=4.041600V	C16=4.041450V	C17=4.041600V	C18=4.042800V	C19=4.043250V	C20=4.042950V	C21=4.047900V	C22=4.044000V	C23=4.038450V	C24=4.045200V	C25=4.045650V	C26=4.045650V	C27=4.047150V	C28=4.046250V	
max_temp: 16.794245	min_temp: 13.584528	avg_temp: 14.117741
undervoltage: 0	overvoltage: 0	pec: 0	overtemperature: 0	openwire: 0	openwire_temp: 0
dcc1: 3f	dcc2: 3f	
Time: 47074
Current: -0.019684
SOC: 0.839235
total_v: 113.230202	max_v: 4.049700	min_v: 4.037700	avg_v: 4.043936	max-min: 0.012000
C1=4.037700V	C2=4.040850V	C3=4.042350V	C4=4.043250V	C5=4.042050V	C6=4.039650V	C7=4.049700V	C8=4.045800V	C9=4.046850V	C10=4.042950V	C11=4.044150V	C12=4.044600V	C13=4.047150V	C14=4.049400V	C15=4.041600V	C16=4.041450V	C17=4.041600V	C18=4.042800V	C19=4.043250V	C20=4.042950V	C21=4.047900V	C22=4.044000V	C23=4.038450V	C24=4.045200V	C25=4.045500V	C26=4.045650V	C27=4.047150V	C28=4.046250V	
max_temp: 16.789240	min_temp: 13.584528	avg_temp: 14.118057
undervoltage: 0	overvoltage: 0	pec: 0	overtemperature: 0	openwire: 0	openwire_temp: 0
dcc1: 3f	dcc2: 3f	
Time: 47275
Current: -0.019684
SOC: 0.839235
total_v: 113.230049	max_v: 4.049700	min_v: 4.037850	avg_v: 4.043931	max-min: 0.011850
C1=4.037850V	C2=4.040850V	C3=4.042350V	C4=4.043250V	C5=4.042050V	C6=4.039650V	C7=4.049700V	C8=4.045800V	C9=4.046850V	C10=4.042950V	C11=4.044000V	C12=4.044600V	C13=4.047150V	C14=4.049250V	C15=4.041450V	C16=4.041450V	C17=4.041600V	C18=4.042950V	C19=4.043250V	C20=4.042950V	C21=4.047900V	C22=4.044000V	C23=4.038300V	C24=4.045200V	C25=4.045650V	C26=4.045650V	C27=4.047150V	C28=4.046250V	
max_temp: 16.789240	min_temp: 13.584528	avg_temp: 14.118057
undervoltage: 0	overvoltage: 0	pec: 0	overtemperature: 0	openwire: 0	openwire_temp: 0
dcc1: 3f	dcc2: 3f	
Time: 47476
Current: -0.117950
SOC: 0.839236
total_v: 113.230034	max_v: 4.049550	min_v: 4.037850	avg_v: 4.043930	max-min: 0.011700
C1=4.037850V	C2=4.040700V	C3=4.042350V	C4=4.043250V	C5=4.042050V	C6=4.039650V	C7=4.049550V	C8=4.045800V	C9=4.046850V	C10=4.042950V	C11=4.044000V	C12=4.044600V	C13=4.047150V	C14=4.049250V	C15=4.041600V	C16=4.041450V	C17=4.041600V	C18=4.042800V	C19=4.043250V	C20=4.043100V	C21=4.047900V	C22=4.044000V	C23=4.038450V	C24=4.045200V	C25=4.045650V	C26=4.045650V	C27=4.047150V	C28=4.046250V	
max_temp: 16.794245	min_temp: 13.589563	avg_temp: 14.118685
undervoltage: 0	overvoltage: 0	pec: 0	overtemperature: 0	openwire: 0	openwire_temp: 0
dcc1: 3f	dcc2: 3f	
Time: 47677
Current: -0.216232
SOC: 0.839236
total_v: 113.230194	max_v: 4.049700	min_v: 4.037850	avg_v: 4.043935	max-min: 0.011850
C1=4.037850V	C2=4.040700V	C3=4.042350V	C4=4.043250V	C5=4.042050V	C6=4.039650V	C7=4.049700V	C8=4.045950V	C9=4.046850V	C10=4.042950V	C11=4.044000V	C12=4.044600V	C13=4.047150V	C14=4.049250V	C15=4.041600V	C16=4.041450V	C17=4.041600V	C18=4.042950V	C19=4.043250V	C20=4.042950V	C21=4.047900V	C22=4.044000V	C23=4.038300V	C24=4.045200V	C25=4.045650V	C26=4.045650V	C27=4.047150V	C28=4.046250V	
max_temp: 16.794245	min_temp: 13.584528	avg_temp: 14.118370
undervoltage: 0	overvoltage: 0	pec: 0	overtemperature: 0	openwire: 0	openwire_temp: 0
dcc1: 3f	dcc2: 3f	
Time: 47878
Current: -0.117950
SOC: 0.839237
total_v: 113.229897	max_v: 4.049550	min_v: 4.037850	avg_v: 4.043925	max-min: 0.011700
C1=4.037850V	C2=4.040850V	C3=4.042350V	C4=4.043250V	C5=4.042050V	C6=4.039650V	C7=4.049550V	C8=4.045800V	C9=4.046700V	C10=4.042950V	C11=4.044000V	C12=4.044600V	C13=4.047150V	C14=4.049250V	C15=4.041600V	C16=4.041450V	C17=4.041600V	C18=4.042950V	C19=4.043250V	C20=4.042950V	C21=4.047900V	C22=4.044000V	C23=4.038450V	C24=4.045200V	C25=4.045500V	C26=4.045650V	C27=4.047150V	C28=4.046250V	
max_temp: 16.794245	min_temp: 13.589563	avg_temp: 14.118999
undervoltage: 0	overvoltage: 0	pec: 0	overtemperature: 0	openwire: 0	openwire_temp: 0
dcc1: 3f	dcc2: 3f	
Time: 48079
Current: -0.019684
SOC: 0.839237
total_v: 113.230194	max_v: 4.049700	min_v: 4.037850	avg_v: 4.043935	max-min: 0.011850
C1=4.037850V	C2=4.040850V	C3=4.042350V	C4=4.043250V	C5=4.042050V	C6=4.039650V	C7=4.049700V	C8=4.045800V	C9=4.046850V	C10=4.042950V	C11=4.044000V	C12=4.044600V	C13=4.047150V	C14=4.049250V	C15=4.041600V	C16=4.041450V	C17=4.041600V	C18=4.042950V	C19=4.043250V	C20=4.043100V	C21=4.047900V	C22=4.044000V	C23=4.038450V	C24=4.045200V	C25=4.045500V	C26=4.045650V	C27=4.047000V	C28=4.046250V	
max_temp: 16.794245	min_temp: 13.584528	avg_temp: 14.118685
undervoltage: 0	overvoltage: 0	pec: 0	overtemperature: 0	openwire: 0	openwire_temp: 0
dcc1: 3f	dcc2: 3f	
Time: 48280
Current: 0.373444
SOC: 0.839235
total_v: 113.230042	max_v: 4.049700	min_v: 4.037850	avg_v: 4.043930	max-min: 0.011850
C1=4.037850V	C2=4.040850V	C3=4.042350V	C4=4.043250V	C5=4.042050V	C6=4.039650V	C7=4.049700V	C8=4.045800V	C9=4.046850V	C10=4.043100V	C11=4.044000V	C12=4.044600V	C13=4.047150V	C14=4.049250V	C15=4.041600V	C16=4.041450V	C17=4.041600V	C18=4.042800V	C19=4.043250V	C20=4.042950V	C21=4.047900V	C22=4.044000V	C23=4.038450V	C24=4.045200V	C25=4.045650V	C26=4.045650V	C27=4.047000V	C28=4.046100V	
max_temp: 16.794245	min_temp: 13.584528	avg_temp: 14.118999
undervoltage: 0	overvoltage: 0	pec: 0	overtemperature: 0	openwire: 0	openwire_temp: 0
dcc1: 3f	dcc2: 3f	
Time: 48481
Current: -0.117950
SOC: 0.839236
total_v: 113.229881	max_v: 4.049700	min_v: 4.037850	avg_v: 4.043924	max-min: 0.011850
C1=4.037850V	C2=4.040850V	C3=4.042350V	C4=4.043250V	C5=4.042050V	C6=4.039650V	C7=4.049700V	C8=4.045800V	C9=4.046700V	C10=4.042950V	C11=4.044000V	C12=4.044600V	C13=4.047150V	C14=4.049250V	C15=4.041600V	C16=4.041450V	C17=4.041600V	C18=4.042800V	C19=4.043100V	C20=4.043100V	C21=4.047900V	C22=4.044150V	C23=4.038300V	C24=4.045200V	C25=4.045650V	C26=4.045650V	C27=4.047000V	C28=4.046250V	
max_temp: 16.794245	min_temp: 13.584528	avg_temp: 14.118685
undervoltage: 0	overvoltage: 0	pec: 0	overtemperature: 0	openwire: 0	openwire_temp: 0
dcc1: 3f	dcc2: 3f	
Time: 48682
Current: -0.117950
SOC: 0.839236
total_v: 113.229301	max_v: 4.049550	min_v: 4.037850	avg_v: 4.043904	max-min: 0.011700
C1=4.037850V	C2=4.040700V	C3=4.042350V	C4=4.043250V	C5=4.042050V	C6=4.039500V	C7=4.049550V	C8=4.045800V	C9=4.046850V	C10=4.042950V	C11=4.044000V	C12=4.044600V	C13=4.047150V	C14=4.049250V	C15=4.041450V	C16=4.041450V	C17=4.041600V	C18=4.042800V	C19=4.043100V	C20=4.042950V	C21=4.047900V	C22=4.044000V	C23=4.038450V	C24=4.045200V	C25=4.045500V	C26=4.045650V	C27=4.047150V	C28=4.046250V	
max_temp: 16.794245	min_temp: 13.584528	avg_temp: 14.118685
undervoltage: 0	overvoltage: 0	pec: 0	overtemperature: 0	openwire: 0	openwire_temp: 0
dcc1: 3f	dcc2: 3f	
Time: 48883
Current: -0.117950
SOC: 0.839237
total_v: 113.230034	max_v: 4.049700	min_v: 4.037850	avg_v: 4.043930	max-min: 0.011850
C1=4.037850V	C2=4.040700V	C3=4.042350V	C4=4.043250V	C5=4.042050V	C6=4.039650V	C7=4.049700V	C8=4.045800V	C9=4.046850V	C10=4.042950V	C11=4.044000V	C12=4.044600V	C13=4.047150V	C14=4.049250V	C15=4.041600V	C16=4.041450V	C17=4.041600V	C18=4.042950V	C19=4.043250V	C20=4.043100V	C21=4.047900V	C22=4.044000V	C23=4.038300V	C24=4.045200V	C25=4.045650V	C26=4.045650V	C27=4.047000V	C28=4.046250V	
max_temp: 16.794245	min_temp: 13.584528	avg_temp: 14.118685
undervoltage: 0	overvoltage: 0	pec: 0	overtemperature: 0	openwire: 0	openwire_temp: 0
dcc1: 3f	dcc2: 3f	
Time: 49084
Current: 0.176865
SOC: 0.839236
total_v: 113.229439	max_v: 4.049550	min_v: 4.037700	avg_v: 4.043909	max-min: 0.011850
C1=4.037700V	C2=4.040700V	C3=4.042350V	C4=4.043250V	C5=4.042050V	C6=4.039500V	C7=4.049550V	C8=4.045800V	C9=4.046850V	C10=4.042950V	C11=4.044000V	C12=4.044600V	C13=4.047150V	C14=4.049250V	C15=4.041600V	C16=4.041450V	C17=4.041600V	C18=4.042800V	C19=4.043100V	C20=4.042950V	C21=4.047900V	C22=4.044000V	C23=4.038450V	C24=4.045200V	C25=4.045650V	C26=4.045650V	C27=4.047150V	C28=4.046250V	
max_temp: 16.794245	min_temp: 13.584528	avg_temp: 14.118685
undervoltage: 0	overvoltage: 0	pec: 0	overtemperature: 0	openwire: 0	openwire_temp: 0
dcc1: 3f	dcc2: 3f	
Time: 49285
Current: 0.471710
SOC: 0.839234
total_v: 113.230194	max_v: 4.049700	min_v: 4.037700	avg_v: 4.043935	max-min: 0.012000
C1=4.037700V	C2=4.040700V	C3=4.042350V	C4=4.043250V	C5=4.042050V	C6=4.039650V	C7=4.049700V	C8=4.045800V	C9=4.046850V	C10=4.042950V	C11=4.044000V	C12=4.044600V	C13=4.047150V	C14=4.049400V	C15=4.041600V	C16=4.041450V	C17=4.041600V	C18=4.042950V	C19=4.043250V	C20=4.042950V	C21=4.047900V	C22=4.044000V	C23=4.038450V	C24=4.045200V	C25=4.045650V	C26=4.045650V	C27=4.047150V	C28=4.046250V	
max_temp: 16.794245	min_temp: 13.589563	avg_temp: 14.119944
undervoltage: 0	overvoltage: 0	pec: 0	overtemperature: 0	openwire: 0	openwire_temp: 0
dcc1: 3f	dcc2: 3f	
Time: 49486
Current: -0.117950
SOC: 0.839235
total_v: 113.230499	max_v: 4.049700	min_v: 4.037850	avg_v: 4.043946	max-min: 0.011850
C1=4.037850V	C2=4.040850V	C3=4.042350V	C4=4.043250V	C5=4.042050V	C6=4.039650V	C7=4.049700V	C8=4.045800V	C9=4.046850V	C10=4.042950V	C11=4.044000V	C12=4.044600V	C13=4.047150V	C14=4.049400V	C15=4.041600V	C16=4.041450V	C17=4.041600V	C18=4.042950V	C19=4.043250V	C20=4.043100V	C21=4.047900V	C22=4.044000V	C23=4.038450V	C24=4.045200V	C25=4.045500V	C26=4.045650V	C27=4.047150V	C28=4.046250V	
max_temp: 16.794245	min_temp: 13.584528	avg_temp: 14.118999
undervoltage: 0	overvoltage: 0	pec: 0	overtemperature: 0	openwire: 0	openwire_temp: 0
dcc1: 3f	dcc2: 3f	
Time: 49687
Current: -0.117950
SOC: 0.839235
total_v: 113.229897	max_v: 4.049550	min_v: 4.037850	avg_v: 4.043925	max-min: 0.011700
C1=4.037850V	C2=4.040850V	C3=4.042350V	C4=4.043250V	C5=4.042050V	C6=4.039650V	C7=4.049550V	C8=4.045800V	C9=4.046700V	C10=4.043100V	C11=4.044150V	C12=4.044600V	C13=4.047150V	C14=4.049250V	C15=4.041600V	C16=4.041450V	C17=4.041600V	C18=4.042800V	C19=4.043250V	C20=4.042950V	C21=4.047900V	C22=4.044000V	C23=4.038450V	C24=4.045200V	C25=4.045500V	C26=4.045650V	C27=4.047000V	C28=4.046250V	
max_temp: 16.794245	min_temp: 13.589563	avg_temp: 14.120573
undervoltage: 0	overvoltage: 0	pec: 0	overtemperature: 0	openwire: 0	openwire_temp: 0
dcc1: 3f	dcc2: 3f	
Time: 49888
Current: -0.117950
SOC: 0.839236
total_v: 113.230034	max_v: 4.049700	min_v: 4.037850	avg_v: 4.043930	max-min: 0.011850
C1=4.037850V	C2=4.040850V	C3=4.042350V	C4=4.043250V	C5=4.042050V	C6=4.039650V	C7=4.049700V	C8=4.045800V	C9=4.046850V	C10=4.042950V	C11=4.044000V	C12=4.044600V	C13=4.047150V	C14=4.049250V	C15=4.041600V	C16=4.041450V	C17=4.041600V	C18=4.042800V	C19=4.043250V	C20=4.043100V	C21=4.047900V	C22=4.044000V	C23=4.038300V	C24=4.045200V	C25=4.045650V	C26=4.045650V	C27=4.047000V	C28=4.046250V	
max_temp: 16.794245	min_temp: 13.584528	avg_temp: 14.118999
undervoltage: 0	overvoltage: 0	pec: 0	overtemperature: 0	openwire: 0	openwire_temp: 0
dcc1: 3f	dcc2: 3f	
Time: 50090
Current: -0.216232
SOC: 0.839236
total_v: 113.230049	max_v: 4.049700	min_v: 4.037850	avg_v: 4.043931	max-min: 0.011850
C1=4.037850V	C2=4.040850V	C3=4.042350V	C4=4.043250V	C5=4.042050V	C6=4.039650V	C7=4.049700V	C8=4.045800V	C9=4.046850V	C10=4.042950V	C11=4.044000V	C12=4.044600V	C13=4.047150V	C14=4.049250V	C15=4.041600V	C16=4.041450V	C17=4.041600V	C18=4.042950V	C19=4.043250V	C20=4.042950V	C21=4.047900V	C22=4.044000V	C23=4.038450V	C24=4.045200V	C25=4.045500V	C26=4.045650V	C27=4.047000V	C28=4.046250V	
max_temp: 16.794245	min_temp: 13.589563	avg_temp: 14.119314
undervoltage: 0	overvoltage: 0	pec: 0	overtemperature: 0	openwire: 0	openwire_temp: 0
dcc1: 3f	dcc2: 3f	
Time: 50291
Current: 0.078598
SOC: 0.839236
total_v: 113.229599	max_v: 4.049700	min_v: 4.037850	avg_v: 4.043914	max-min: 0.011850
C1=4.037850V	C2=4.040700V	C3=4.042350V	C4=4.043250V	C5=4.042050V	C6=4.039500V	C7=4.049700V	C8=4.045800V	C9=4.046700V	C10=4.042950V	C11=4.044000V	C12=4.044600V	C13=4.047150V	C14=4.049250V	C15=4.041600V	C16=4.041450V	C17=4.041600V	C18=4.042800V	C19=4.043250V	C20=4.042950V	C21=4.047900V	C22=4.044000V	C23=4.038450V	C24=4.045200V	C25=4.045500V	C26=4.045650V	C27=4.047150V	C28=4.046250V	
max_temp: 16.794245	min_temp: 13.589563	avg_temp: 14.119629
undervoltage: 0	overvoltage: 0	pec: 0	overtemperature: 0	openwire: 0	openwire_temp: 0
dcc1: 3f	dcc2: 3f	
Time: 50492
Current: -0.216232
SOC: 0.839237
total_v: 113.230034	max_v: 4.049700	min_v: 4.037850	avg_v: 4.043930	max-min: 0.011850
C1=4.037850V	C2=4.040850V	C3=4.042200V	C4=4.043250V	C5=4.042050V	C6=4.039650V	C7=4.049700V	C8=4.045800V	C9=4.046850V	C10=4.042950V	C11=4.044000V	C12=4.044600V	C13=4.047150V	C14=4.049250V	C15=4.041600V	C16=4.041450V	C17=4.041600V	C18=4.042800V	C19=4.043100V	C20=4.043100V	C21=4.047900V	C22=4.044000V	C23=4.038450V	C24=4.045200V	C25=4.045650V	C26=4.045650V	C27=4.047150V	C28=4.046250V	
max_temp: 16.794245	min_temp: 13.584528	avg_temp: 14.119629
undervoltage: 0	overvoltage: 0	pec: 0	overtemperature: 0	openwire: 0	openwire_temp: 0
dcc1: 3f	dcc2: 3f	
Time: 50693
Current: -0.117950
SOC: 0.839238
total_v: 113.229897	max_v: 4.049700	min_v: 4.037850	avg_v: 4.043925	max-min: 0.011850
C1=4.037850V	C2=4.040700V	C3=4.042350V	C4=4.043250V	C5=4.042050V	C6=4.039650V	C7=4.049700V	C8=4.045800V	C9=4.046850V	C10=4.043100V	C11=4.044000V	C12=4.044600V	C13=4.047150V	C14=4.049250V	C15=4.041600V	C16=4.041450V	C17=4.041600V	C18=4.042800V	C19=4.043100V	C20=4.042950V	C21=4.047900V	C22=4.044000V	C23=4.038450V	C24=4.045200V	C25=4.045500V	C26=4.045650V	C27=4.047150V	C28=4.046250V	
max_temp: 16.794245	min_temp: 13.589563	avg_temp: 14.118999
undervoltage: 0	overvoltage: 0	pec: 0	overtemperature: 0	openwire: 0	openwire_temp: 0
dcc1: 3f	dcc2: 3f	
Time: 50894
Current: -0.019684
SOC: 0.839238
total_v: 113.230049	max_v: 4.049700	min_v: 4.037850	avg_v: 4.043931	max-min: 0.011850
C1=4.037850V	C2=4.040700V	C3=4.042350V	C4=4.043250V	C5=4.042050V	C6=4.039650V	C7=4.049700V	C8=4.045800V	C9=4.046700V	C10=4.043100V	C11=4.044000V	C12=4.044600V	C13=4.047150V	C14=4.049250V	C15=4.041600V	C16=4.041450V	C17=4.041600V	C18=4.042950V	C19=4.043250V	C20=4.042950V	C21=4.047900V	C22=4.044000V	C23=4.038450V	C24=4.045200V	C25=4.045500V	C26=4.045650V	C27=4.047150V	C28=4.046250V	
max_temp: 16.794245	min_temp: 13.589563	avg_temp: 14.119944
undervoltage: 0	overvoltage: 0	pec: 0	overtemperature: 0	openwire: 0	openwire_temp: 0
dcc1: 3f	dcc2: 3f	
Time: 51095
Current: -0.216232
SOC: 0.839239
total_v: 113.230049	max_v: 4.049700	min_v: 4.037700	avg_v: 4.043931	max-min: 0.012000
C1=4.037700V	C2=4.040850V	C3=4.042350V	C4=4.043250V	C5=4.042050V	C6=4.039500V	C7=4.049700V	C8=4.045800V	C9=4.046850V	C10=4.043100V	C11=4.044000V	C12=4.044600V	C13=4.047150V	C14=4.049400V	C15=4.041600V	C16=4.041450V	C17=4.041600V	C18=4.042800V	C19=4.043250V	C20=4.043100V	C21=4.047750V	C22=4.044000V	C23=4.038450V	C24=4.045200V	C25=4.045500V	C26=4.045650V	C27=4.047150V	C28=4.046250V	
max_temp: 16.794245	min_temp: 13.589563	avg_temp: 14.119629
undervoltage: 0	overvoltage: 0	pec: 0	overtemperature: 0	openwire: 0	openwire_temp: 0
dcc1: 3f	dcc2: 3f	
Time: 51296
Current: -0.216232
SOC: 0.839239
total_v: 113.230194	max_v: 4.049700	min_v: 4.037850	avg_v: 4.043935	max-min: 0.011850
C1=4.037850V	C2=4.040850V	C3=4.042350V	C4=4.043250V	C5=4.042050V	C6=4.039650V	C7=4.049700V	C8=4.045800V	C9=4.046700V	C10=4.042950V	C11=4.044000V	C12=4.044600V	C13=4.047150V	C14=4.049250V	C15=4.041600V	C16=4.041450V	C17=4.041600V	C18=4.042800V	C19=4.043250V	C20=4.042950V	C21=4.047900V	C22=4.044150V	C23=4.038450V	C24=4.045200V	C25=4.045650V	C26=4.045650V	C27=4.047150V	C28=4.046250V	
max_temp: 16.794245	min_temp: 13.584528	avg_temp: 14.119629
undervoltage: 0	overvoltage: 0	pec: 0	overtemperature: 0	openwire: 0	openwire_temp: 0
dcc1: 3f	dcc2: 3f	
Time: 51497
Current: 0.864807
SOC: 0.839236
total_v: 113.230354	max_v: 4.049700	min_v: 4.037850	avg_v: 4.043941	max-min: 0.011850
C1=4.037850V	C2=4.040850V	C3=4.042350V	C4=4.043250V	C5=4.042050V	C6=4.039500V	C7=4.049700V	C8=4.045800V	C9=4.046700V	C10=4.043100V	C11=4.044150V	C12=4.044600V	C13=4.047150V	C14=4.049400V	C15=4.041600V	C16=4.041450V	C17=4.041600V	C18=4.042950V	C19=4.043250V	C20=4.042950V	C21=4.047900V	C22=4.044000V	C23=4.038450V	C24=4.045200V	C25=4.045500V	C26=4.045650V	C27=4.047150V	C28=4.046250V	
max_temp: 16.794245	min_temp: 13.584528	avg_temp: 14.120258
undervoltage: 0	overvoltage: 0	pec: 0	overtemperature: 0	openwire: 0	openwire_temp: 0
dcc1: 3f	dcc2: 3f	
Time: 51698
Current: -0.117950
SOC: 0.839236
total_v: 113.230194	max_v: 4.049700	min_v: 4.037850	avg_v: 4.043935	max-min: 0.011850
C1=4.037850V	C2=4.040850V	C3=4.042350V	C4=4.043250V	C5=4.042050V	C6=4.039650V	C7=4.049700V	C8=4.045800V	C9=4.046850V	C10=4.043100V	C11=4.044000V	C12=4.044600V	C13=4.047150V	C14=4.049400V	C15=4.041600V	C16=4.041450V	C17=4.041600V	C18=4.042800V	C19=4.043250V	C20=4.042950V	C21=4.047900V	C22=4.044000V	C23=4.038450V	C24=4.045200V	C25=4.045500V	C26=4.045650V	C27=4.047150V	C28=4.046100V	
max_temp: 16.794245	min_temp: 13.589563	avg_temp: 14.119944
undervoltage: 0	overvoltage: 0	pec: 0	overtemperature: 0	openwire: 0	openwire_temp: 0
dcc1: 3f	dcc2: 3f	
Time: 51899
Current: 0.864807
SOC: 0.839233
total_v: 113.229889	max_v: 4.049550	min_v: 4.037850	avg_v: 4.043925	max-min: 0.011700
C1=4.037850V	C2=4.040850V	C3=4.042350V	C4=4.043250V	C5=4.042050V	C6=4.039500V	C7=4.049550V	C8=4.045800V	C9=4.046850V	C10=4.043100V	C11=4.044000V	C12=4.044600V	C13=4.047150V	C14=4.049400V	C15=4.041600V	C16=4.041450V	C17=4.041600V	C18=4.042950V	C19=4.043250V	C20=4.042950V	C21=4.047900V	C22=4.044000V	C23=4.038300V	C24=4.045200V	C25=4.045500V	C26=4.045650V	C27=4.047000V	C28=4.046250V	
max_temp: 16.794245	min_temp: 13.584528	avg_temp: 14.119314
undervoltage: 0	overvoltage: 0	pec: 0	overtemperature: 0	openwire: 0	openwire_temp: 0
dcc1: 3f	dcc2: 3f	
Time: 52100
Current: 0.963089
SOC: 0.839229
total_v: 113.229889	max_v: 4.049700	min_v: 4.037700	avg_v: 4.043925	max-min: 0.012000
C1=4.037700V	C2=4.040700V	C3=4.042350V	C4=4.043250V	C5=4.042050V	C6=4.039650V	C7=4.049700V	C8=4.045800V	C9=4.046850V	C10=4.043100V	C11=4.044150V	C12=4.044600V	C13=4.047150V	C14=4.049250V	C15=4.041450V	C16=4.041450V	C17=4.041600V	C18=4.042950V	C19=4.043100V	C20=4.042950V	C21=4.047900V	C22=4.044000V	C23=4.038300V	C24=4.045200V	C25=4.045650V	C26=4.045650V	C27=4.047150V	C28=4.046250V	
max_temp: 16.794245	min_temp: 13.589563	avg_temp: 14.120258
undervoltage: 0	overvoltage: 0	pec: 0	overtemperature: 0	openwire: 0	openwire_temp: 0
dcc1: 3f	dcc2: 3f	
Time: 52301
Current: 0.668259
SOC: 0.839226
total_v: 113.229301	max_v: 4.049550	min_v: 4.037700	avg_v: 4.043904	max-min: 0.011850
C1=4.037700V	C2=4.040700V	C3=4.042350V	C4=4.043250V	C5=4.042050V	C6=4.039500V	C7=4.049550V	C8=4.045800V	C9=4.046850V	C10=4.043100V	C11=4.044000V	C12=4.044600V	C13=4.047150V	C14=4.049250V	C15=4.041600V	C16=4.041450V	C17=4.041600V	C18=4.042800V	C19=4.043250V	C20=4.042950V	C21=4.047750V	C22=4.044000V	C23=4.038450V	C24=4.045200V	C25=4.045500V	C26=4.045650V	C27=4.047000V	C28=4.046250V	
max_temp: 16.794245	min_temp: 13.589563	avg_temp: 14.119944
undervoltage: 0	overvoltage: 0	pec: 0	overtemperature: 0	openwire: 0	openwire_temp: 0
dcc1: 3f	dcc2: 3f	
Time: 52502
Current: -0.216232
SOC: 0.839227
total_v: 113.229744	max_v: 4.049700	min_v: 4.037850	avg_v: 4.043920	max-min: 0.011850
C1=4.037850V	C2=4.040850V	C3=4.042200V	C4=4.043250V	C5=4.042050V	C6=4.039650V	C7=4.049700V	C8=4.045800V	C9=4.046850V	C10=4.042950V	C11=4.044000V	C12=4.044600V	C13=4.047150V	C14=4.049250V	C15=4.041600V	C16=4.041450V	C17=4.041600V	C18=4.042800V	C19=4.043100V	C20=4.042950V	C21=4.047900V	C22=4.044000V	C23=4.038450V	C24=4.045200V	C25=4.045500V	C26=4.045650V	C27=4.047150V	C28=4.046250V	
max_temp: 16.794245	min_temp: 13.589563	avg_temp: 14.119944
undervoltage: 0	overvoltage: 0	pec: 0	overtemperature: 0	openwire: 0	openwire_temp: 0
dcc1: 3f	dcc2: 3f	
Time: 52703
Current: -0.117950
SOC: 0.839227
total_v: 113.229897	max_v: 4.049700	min_v: 4.037700	avg_v: 4.043925	max-min: 0.012000
C1=4.037700V	C2=4.040850V	C3=4.042350V	C4=4.043250V	C5=4.042050V	C6=4.039650V	C7=4.049700V	C8=4.045800V	C9=4.046850V	C10=4.042950V	C11=4.044000V	C12=4.044600V	C13=4.047150V	C14=4.049250V	C15=4.041600V	C16=4.041450V	C17=4.041600V	C18=4.042800V	C19=4.043250V	C20=4.042950V	C21=4.047900V	C22=4.044000V	C23=4.038450V	C24=4.045200V	C25=4.045500V	C26=4.045650V	C27=4.047150V	C28=4.046250V	
max_temp: 16.794245	min_temp: 13.589563	avg_temp: 14.120258
undervoltage: 0	overvoltage: 0	pec: 0	overtemperature: 0	openwire: 0	openwire_temp: 0
dcc1: 3f	dcc2: 3f	
Time: 52904
Current: -0.117950
SOC: 0.839228
total_v: 113.230042	max_v: 4.049700	min_v: 4.037850	avg_v: 4.043930	max-min: 0.011850
C1=4.037850V	C2=4.040850V	C3=4.042350V	C4=4.043250V	C5=4.042050V	C6=4.039650V	C7=4.049700V	C8=4.045800V	C9=4.046700V	C10=4.042950V	C11=4.044000V	C12=4.044600V	C13=4.047150V	C14=4.049250V	C15=4.041600V	C16=4.041450V	C17=4.041600V	C18=4.042800V	C19=4.043250V	C20=4.042950V	C21=4.047900V	C22=4.044000V	C23=4.038450V	C24=4.045200V	C25=4.045650V	C26=4.045650V	C27=4.047150V	C28=4.046250V	
max_temp: 16.794245	min_temp: 13.589563	avg_temp: 14.119314
undervoltage: 0	overvoltage: 0	pec: 0	overtemperature: 0	openwire: 0	openwire_temp: 0
dcc1: 3f	dcc2: 3f	
Time: 53105
Current: -0.117950
SOC: 0.839228
total_v: 113.229454	max_v: 4.049700	min_v: 4.037700	avg_v: 4.043909	max-min: 0.012000
C1=4.037700V	C2=4.040700V	C3=4.042350V	C4=4.043250V	C5=4.042050V	C6=4.039500V	C7=4.049700V	C8=4.045800V	C9=4.046850V	C10=4.042950V	C11=4.044000V	C12=4.044600V	C13=4.047150V	C14=4.049250V	C15=4.041600V	C16=4.041450V	C17=4.041600V	C18=4.042950V	C19=4.043100V	C20=4.042950V	C21=4.047750V	C22=4.044000V	C23=4.038450V	C24=4.045200V	C25=4.045500V	C26=4.045650V	C27=4.047150V	C28=4.046250V	
max_temp: 16.794245	min_temp: 13.589563	avg_temp: 14.120258
undervoltage: 0	overvoltage: 0	pec: 0	overtemperature: 0	openwire: 0	openwire_temp: 0
dcc1: 3f	dcc2: 3f	
Time: 53306
Current: -0.216232
SOC: 0.839229
total_v: 113.229904	max_v: 4.049550	min_v: 4.037700	avg_v: 4.043925	max-min: 0.011850
C1=4.037700V	C2=4.040850V	C3=4.042350V	C4=4.043250V	C5=4.042050V	C6=4.039650V	C7=4.049550V	C8=4.045800V	C9=4.046850V	C10=4.043100V	C11=4.044000V	C12=4.044600V	C13=4.047150V	C14=4.049250V	C15=4.041600V	C16=4.041450V	C17=4.041600V	C18=4.042950V	C19=4.043250V	C20=4.042950V	C21=4.047750V	C22=4.044000V	C23=4.038450V	C24=4.045200V	C25=4.045500V	C26=4.045650V	C27=4.047150V	C28=4.046250V	
max_temp: 16.794245	min_temp: 13.589563	avg_temp: 14.119944
undervoltage: 0	overvoltage: 0	pec: 0	overtemperature: 0	openwire: 0	openwire_temp: 0
dcc1: 3f	dcc2: 3f	
Time: 53507
Current: 1.159637
SOC: 0.839224
total_v: 113.230186	max_v: 4.049700	min_v: 4.037850	avg_v: 4.043935	max-min: 0.011850
C1=4.037850V	C2=4.040850V	C3=4.042350V	C4=4.043250V	C5=4.042050V	C6=4.039650V	C7=4.049700V	C8=4.045800V	C9=4.046700V	C10=4.043100V	C11=4.044000V	C12=4.044600V	C13=4.047150V	C14=4.049400V	C15=4.041600V	C16=4.041450V	C17=4.041600V	C18=4.042800V	C19=4.043100V	C20=4.042950V	C21=4.047900V	C22=4.044000V	C23=4.038450V	C24=4.045200V	C25=4.045650V	C26=4.045650V	C27=4.047150V	C28=4.046250V	
max_temp: 16.794245	min_temp: 13.589563	avg_temp: 14.120258
undervoltage: 0	overvoltage: 0	pec: 0	overtemperature: 0	openwire: 0	openwire_temp: 0
dcc1: 3f	dcc2: 3f	
Time: 53708
Current: -0.117950
SOC: 0.839225
total_v: 113.230049	max_v: 4.049550	min_v: 4.037700	avg_v: 4.043931	max-min: 0.011850
C1=4.037700V	C2=4.040850V	C3=4.042200V	C4=4.043250V	C5=4.042050V	C6=4.039650V	C7=4.049550V	C8=4.045800V	C9=4.046850V	C10=4.042950V	C11=4.044000V	C12=4.044600V	C13=4.047150V	C14=4.049400V	C15=4.041600V	C16=4.041450V	C17=4.041600V	C18=4.042950V	C19=4.043250V	C20=4.042950V	C21=4.047900V	C22=4.044000V	C23=4.038450V	C24=4.045200V	C25=4.045650V	C26=4.045650V	C27=4.047150V	C28=4.046250V	
max_temp: 16.794245	min_temp: 13.584528	avg_temp: 14.120573
undervoltage: 0	overvoltage: 0	pec: 0	overtemperature: 0	openwire: 0	openwire_temp: 0
dcc1: 3f	dcc2: 3f	
Time: 53909
Current: -0.117950
SOC: 0.839225
total_v: 113.229897	max_v: 4.049700	min_v: 4.037700	avg_v: 4.043925	max-min: 0.012000
C1=4.037700V	C2=4.040700V	C3=4.042350V	C4=4.043250V	C5=4.042050V	C6=4.039650V	C7=4.049700V	C8=4.045800V	C9=4.046850V	C10=4.043100V	C11=4.044000V	C12=4.044600V	C13=4.047150V	C14=4.049250V	C15=4.041600V	C16=4.041450V	C17=4.041600V	C18=4.042950V	C19=4.043250V	C20=4.042950V	C21=4.047900V	C22=4.044000V	C23=4.038300V	C24=4.045050V	C25=4.045650V	C26=4.045650V	C27=4.047150V	C28=4.046250V	
max_temp: 16.794245	min_temp: 13.589563	avg_temp: 14.120573
undervoltage: 0	overvoltage: 0	pec: 0	overtemperature: 0	openwire: 0	openwire_temp: 0
dcc1: 3f	dcc2: 3f	
Time: 54110
Current: -0.019684
SOC: 0.839225
total_v: 113.229591	max_v: 4.049700	min_v: 4.037850	avg_v: 4.043914	max-min: 0.011850
C1=4.037850V	C2=4.040700V	C3=4.042200V	C4=4.043400V	C5=4.042050V	C6=4.039650V	C7=4.049700V	C8=4.045800V	C9=4.046850V	C10=4.042950V	C11=4.044000V	C12=4.044600V	C13=4.047150V	C14=4.049250V	C15=4.041600V	C16=4.041450V	C17=4.041600V	C18=4.042800V	C19=4.043100V	C20=4.042950V	C21=4.047900V	C22=4.044000V	C23=4.038450V	C24=4.045200V	C25=4.045500V	C26=4.045650V	C27=4.047000V	C28=4.046250V	
max_temp: 16.794245	min_temp: 13.589563	avg_temp: 14.120573
undervoltage: 0	overvoltage: 0	pec: 0	overtemperature: 0	openwire: 0	openwire_temp: 0
dcc1: 3f	dcc2: 3f	
Time: 54311
Current: 1.356186
SOC: 0.839220
total_v: 113.229904	max_v: 4.049550	min_v: 4.037700	avg_v: 4.043925	max-min: 0.011850
C1=4.037700V	C2=4.040700V	C3=4.042350V	C4=4.043250V	C5=4.042050V	C6=4.039650V	C7=4.049550V	C8=4.045800V	C9=4.046850V	C10=4.043100V	C11=4.044000V	C12=4.044600V	C13=4.047150V	C14=4.049250V	C15=4.041600V	C16=4.041450V	C17=4.041600V	C18=4.042950V	C19=4.043250V	C20=4.042950V	C21=4.047900V	C22=4.044000V	C23=4.038450V	C24=4.045200V	C25=4.045500V	C26=4.045650V	C27=4.047150V	C28=4.046250V	
max_temp: 16.794245	min_temp: 13.589563	avg_temp: 14.121517
undervoltage: 0	overvoltage: 0	pec: 0	overtemperature: 0	openwire: 0	openwire_temp: 0
dcc1: 3f	dcc2: 3f	
Time: 54512
Current: -0.216232
SOC: 0.839221
total_v: 113.229744	max_v: 4.049700	min_v: 4.037850	avg_v: 4.043920	max-min: 0.011850
C1=4.037850V	C2=4.040700V	C3=4.042350V	C4=4.043250V	C5=4.042050V	C6=4.039650V	C7=4.049700V	C8=4.045800V	C9=4.046850V	C10=4.042950V	C11=4.044000V	C12=4.044600V	C13=4.047150V	C14=4.049250V	C15=4.041600V	C16=4.041450V	C17=4.041600V	C18=4.042800V	C19=4.043250V	C20=4.042950V	C21=4.047900V	C22=4.044150V	C23=4.038300V	C24=4.045200V	C25=4.045500V	C26=4.045650V	C27=4.047000V	C28=4.046250V	
max_temp: 16.794245	min_temp: 13.584528	avg_temp: 14.119629
undervoltage: 0	overvoltage: 0	pec: 0	overtemperature: 0	openwire: 0	openwire_temp: 0
dcc1: 3f	dcc2: 3f	
Time: 54713
Current: 0.176865
SOC: 0.839220
total_v: 113.229904	max_v: 4.049700	min_v: 4.037850	avg_v: 4.043925	max-min: 0.011850
C1=4.037850V	C2=4.040700V	C3=4.042350V	C4=4.043250V	C5=4.042050V	C6=4.039500V	C7=4.049700V	C8=4.045800V	C9=4.046850V	C10=4.042950V	C11=4.044000V	C12=4.044600V	C13=4.047150V	C14=4.049250V	C15=4.041600V	C16=4.041450V	C17=4.041600V	C18=4.042950V	C19=4.043250V	C20=4.042950V	C21=4.047900V	C22=4.044000V	C23=4.038450V	C24=4.045200V	C25=4.045500V	C26=4.045650V	C27=4.047150V	C28=4.046250V	
max_temp: 16.794245	min_temp: 13.589563	avg_temp: 14.121202
undervoltage: 0	overvoltage: 0	pec: 0	overtemperature: 0	openwire: 0	openwire_temp: 0
dcc1: 3f	dcc2: 3f	
Time: 54914
Current: 1.847565
SOC: 0.839212
total_v: 113.229897	max_v: 4.049700	min_v: 4.037700	avg_v: 4.043925	max-min: 0.012000
C1=4.037700V	C2=4.040850V	C3=4.042350V	C4=4.043250V	C5=4.042050V	C6=4.039650V	C7=4.049700V	C8=4.045800V	C9=4.046850V	C10=4.043100V	C11=4.044150V	C12=4.044600V	C13=4.047150V	C14=4.049250V	C15=4.041450V	C16=4.041450V	C17=4.041600V	C18=4.042950V	C19=4.043250V	C20=4.042950V	C21=4.047900V	C22=4.044000V	C23=4.038300V	C24=4.045200V	C25=4.045500V	C26=4.045650V	C27=4.047000V	C28=4.046250V	
max_temp: 16.794245	min_temp: 13.589563	avg_temp: 14.120888
undervoltage: 0	overvoltage: 0	pec: 0	overtemperature: 0	openwire: 0	openwire_temp: 0
dcc1: 3f	dcc2: 3f	
Time: 55115
Current: -0.216232
SOC: 0.839213
total_v: 113.229897	max_v: 4.049700	min_v: 4.037850	avg_v: 4.043925	max-min: 0.011850
C1=4.037850V	C2=4.040700V	C3=4.042350V	C4=4.043100V	C5=4.042050V	C6=4.039650V	C7=4.049700V	C8=4.045800V	C9=4.046850V	C10=4.043100V	C11=4.044000V	C12=4.044600V	C13=4.047150V	C14=4.049400V	C15=4.041600V	C16=4.041450V	C17=4.041600V	C18=4.042950V	C19=4.043250V	C20=4.042950V	C21=4.047750V	C22=4.044000V	C23=4.038300V	C24=4.045200V	C25=4.045500V	C26=4.045650V	C27=4.047150V	C28=4.046250V	
max_temp: 16.794245	min_temp: 13.589563	avg_temp: 14.121517
undervoltage: 0	overvoltage: 0	pec: 0	overtemperature: 0	openwire: 0	openwire_temp: 0
dcc1: 3f	dcc2: 3f	
Time: 55316
Current: -0.216232
SOC: 0.839214
total_v: 113.229897	max_v: 4.049700	min_v: 4.037700	avg_v: 4.043925	max-min: 0.012000
C1=4.037700V	C2=4.040700V	C3=4.042350V	C4=4.043250V	C5=4.042050V	C6=4.039650V	C7=4.049700V	C8=4.045800V	C9=4.046850V	C10=4.042950V	C11=4.044000V	C12=4.044600V	C13=4.047150V	C14=4.049250V	C15=4.041450V	C16=4.041450V	C17=4.041600V	C18=4.042950V	C19=4.043250V	C20=4.043100V	C21=4.047900V	C22=4.044000V	C23=4.038450V	C24=4.045200V	C25=4.045500V	C26=4.045650V	C27=4.047150V	C28=4.046250V	
max_temp: 16.794245	min_temp: 13.584528	avg_temp: 14.119944
undervoltage: 0	overvoltage: 0	pec: 0	overtemperature: 0	openwire: 0	openwire_temp: 0
dcc1: 3f	dcc2: 3f	
Time: 55517
Current: -0.216232
SOC: 0.839215
total_v: 113.230042	max_v: 4.049700	min_v: 4.037850	avg_v: 4.043930	max-min: 0.011850
C1=4.037850V	C2=4.040700V	C3=4.042350V	C4=4.043250V	C5=4.042050V	C6=4.039650V	C7=4.049700V	C8=4.045800V	C9=4.046850V	C10=4.042950V	C11=4.044000V	C12=4.044600V	C13=4.047150V	C14=4.049250V	C15=4.041600V	C16=4.041450V	C17=4.041600V	C18=4.042800V	C19=4.043250V	C20=4.042950V	C21=4.047900V	C22=4.044150V	C23=4.038450V	C24=4.045200V	C25=4.045650V	C26=4.045650V	C27=4.047150V	C28=4.046100V	
max_temp: 16.794245	min_temp: 13.589563	avg_temp: 14.120573
undervoltage: 0	overvoltage: 0	pec: 0	overtemperature: 0	openwire: 0	openwire_temp: 0
dcc1: 3f	dcc2: 3f	
Time: 55718
Current: -0.117950
SOC: 0.839216
total_v: 113.229897	max_v: 4.049700	min_v: 4.037850	avg_v: 4.043925	max-min: 0.011850
C1=4.037850V	C2=4.040700V	C3=4.042350V	C4=4.043250V	C5=4.042050V	C6=4.039650V	C7=4.049700V	C8=4.045800V	C9=4.046850V	C10=4.043100V	C11=4.044000V	C12=4.044600V	C13=4.047150V	C14=4.049400V	C15=4.041450V	C16=4.041450V	C17=4.041600V	C18=4.042950V	C19=4.043100V	C20=4.042950V	C21=4.047900V	C22=4.044150V	C23=4.038300V	C24=4.045200V	C25=4.045500V	C26=4.045650V	C27=4.047000V	C28=4.046250V	
max_temp: 16.794245	min_temp: 13.589563	avg_temp: 14.120258
undervoltage: 0	overvoltage: 0	pec: 0	overtemperature: 0	openwire: 0	openwire_temp: 0
dcc1: 3f	dcc2: 3f	
Time: 55919
Current: -0.117950
SOC: 0.839216
total_v: 113.230194	max_v: 4.049700	min_v: 4.037850	avg_v: 4.043935	max-min: 0.011850
C1=4.037850V	C2=4.040850V	C3=4.042350V	C4=4.043250V	C5=4.042050V	C6=4.039650V	C7=4.049700V	C8=4.045800V	C9=4.046850V	C10=4.043100V	C11=4.044000V	C12=4.044600V	C13=4.047150V	C14=4.049250V	C15=4.041450V	C16=4.041450V	C17=4.041600V	C18=4.042950V	C19=4.043250V	C20=4.043100V	C21=4.047750V	C22=4.044000V	C23=4.038300V	C24=4.045200V	C25=4.045650V	C26=4.045650V	C27=4.047150V	C28=4.046250V	
max_temp: 16.794245	min_temp: 13.589563	avg_temp: 14.121517
undervoltage: 0	overvoltage: 0	pec: 0	overtemperature: 0	openwire: 0	openwire_temp: 0
dcc1: 3f	dcc2: 3f	
Time: 56120
Current: -0.019684
SOC: 0.839216
total_v: 113.229286	max_v: 4.049700	min_v: 4.037850	avg_v: 4.043903	max-min: 0.011850
C1=4.037850V	C2=4.040700V	C3=4.042350V	C4=4.043100V	C5=4.042050V	C6=4.039650V	C7=4.049700V	C8=4.045800V	C9=4.046700V	C10=4.042950V	C11=4.044000V	C12=4.044450V	C13=4.047150V	C14=4.049400V	C15=4.041450V	C16=4.041450V	C17=4.041600V	C18=4.042800V	C19=4.043100V	C20=4.043100V	C21=4.047900V	C22=4.044000V	C23=4.038300V	C24=4.045200V	C25=4.045500V	C26=4.045650V	C27=4.047150V	C28=4.046250V	
max_temp: 16.794245	min_temp: 13.584528	avg_temp: 14.120888
undervoltage: 0	overvoltage: 0	pec: 0	overtemperature: 0	openwire: 0	openwire_temp: 0
dcc1: 3f	dcc2: 3f	
Time: 56321
Current: -0.117950
SOC: 0.839217
total_v: 113.229889	max_v: 4.049700	min_v: 4.037850	avg_v: 4.043925	max-min: 0.011850
C1=4.037850V	C2=4.040850V	C3=4.042350V	C4=4.043250V	C5=4.042050V	C6=4.039650V	C7=4.049700V	C8=4.045800V	C9=4.046850V	C10=4.042950V	C11=4.044000V	C12=4.044600V	C13=4.047150V	C14=4.049250V	C15=4.041600V	C16=4.041450V	C17=4.041600V	C18=4.042800V	C19=4.043250V	C20=4.042950V	C21=4.047900V	C22=4.044000V	C23=4.038300V	C24=4.045200V	C25=4.045650V	C26=4.045650V	C27=4.047150V	C28=4.046100V	
max_temp: 16.794245	min_temp: 13.589563	avg_temp: 14.120888
undervoltage: 0	overvoltage: 0	pec: 0	overtemperature: 0	openwire: 0	openwire_temp: 0
dcc1: 3f	dcc2: 3f	
Time: 56522
Current: 2.338943
SOC: 0.839207
total_v: 113.230347	max_v: 4.049700	min_v: 4.037850	avg_v: 4.043941	max-min: 0.011850
C1=4.037850V	C2=4.040850V	C3=4.042350V	C4=4.043250V	C5=4.042050V	C6=4.039650V	C7=4.049700V	C8=4.045800V	C9=4.046850V	C10=4.043100V	C11=4.044150V	C12=4.044600V	C13=4.047150V	C14=4.049250V	C15=4.041600V	C16=4.041450V	C17=4.041600V	C18=4.042800V	C19=4.043250V	C20=4.042950V	C21=4.047900V	C22=4.044000V	C23=4.038300V	C24=4.045200V	C25=4.045650V	C26=4.045650V	C27=4.047150V	C28=4.046250V	
max_temp: 16.799280	min_temp: 13.589563	avg_temp: 14.120888
undervoltage: 0	overvoltage: 0	pec: 0	overtemperature: 0	openwire: 0	openwire_temp: 0
dcc1: 3f	dcc2: 3f	
Time: 56723
Current: -0.117950
SOC: 0.839207
total_v: 113.229294	max_v: 4.049700	min_v: 4.037700	avg_v: 4.043903	max-min: 0.012000
C1=4.037700V	C2=4.040850V	C3=4.042350V	C4=4.043100V	C5=4.041900V	C6=4.039500V	C7=4.049700V	C8=4.045800V	C9=4.046850V	C10=4.042950V	C11=4.044000V	C12=4.044600V	C13=4.047150V	C14=4.049250V	C15=4.041450V	C16=4.041450V	C17=4.041600V	C18=4.042800V	C19=4.043100V	C20=4.042950V	C21=4.047900V	C22=4.044000V	C23=4.038450V	C24=4.045200V	C25=4.045650V	C26=4.045650V	C27=4.047150V	C28=4.046250V	
max_temp: 16.794245	min_temp: 13.589563	avg_temp: 14.120888
undervoltage: 0	overvoltage: 0	pec: 0	overtemperature: 0	openwire: 0	openwire_temp: 0
dcc1: 3f	dcc2: 3f	
Time: 56924
Current: -0.117950
SOC: 0.839208
total_v: 113.229591	max_v: 4.049550	min_v: 4.037700	avg_v: 4.043914	max-min: 0.011850
C1=4.037700V	C2=4.040850V	C3=4.042350V	C4=4.043250V	C5=4.042050V	C6=4.039500V	C7=4.049550V	C8=4.045800V	C9=4.046850V	C10=4.043100V	C11=4.044000V	C12=4.044600V	C13=4.047150V	C14=4.049250V	C15=4.041600V	C16=4.041450V	C17=4.041600V	C18=4.042800V	C19=4.043100V	C20=4.042950V	C21=4.047900V	C22=4.044000V	C23=4.038450V	C24=4.045200V	C25=4.045650V	C26=4.045650V	C27=4.047150V	C28=4.046100V	
max_temp: 16.794245	min_temp: 13.589563	avg_temp: 14.120573
undervoltage: 0	overvoltage: 0	pec: 0	overtemperature: 0	openwire: 0	openwire_temp: 0
dcc1: 3f	dcc2: 3f	
Time: 57125
Current: 3.518250
SOC: 0.839193
total_v: 113.229897	max_v: 4.049700	min_v: 4.037850	avg_v: 4.043925	max-min: 0.011850
C1=4.037850V	C2=4.040700V	C3=4.042350V	C4=4.043250V	C5=4.042050V	C6=4.039650V	C7=4.049700V	C8=4.045800V	C9=4.046850V	C10=4.043100V	C11=4.044150V	C12=4.044600V	C13=4.047150V	C14=4.049250V	C15=4.041600V	C16=4.041450V	C17=4.041600V	C18=4.042800V	C19=4.043250V	C20=4.042950V	C21=4.047900V	C22=4.044000V	C23=4.038300V	C24=4.045200V	C25=4.045500V	C26=4.045650V	C27=4.047000V	C28=4.046250V	
max_temp: 16.794245	min_temp: 13.589563	avg_temp: 14.120888
undervoltage: 0	overvoltage: 0	pec: 0	overtemperature: 0	openwire: 0	openwire_temp: 0
dcc1: 3f	dcc2: 3f	
Time: 57326
Current: 0.176865
SOC: 0.839193
total_v: 113.229599	max_v: 4.049700	min_v: 4.037850	avg_v: 4.043914	max-min: 0.011850
C1=4.037850V	C2=4.040850V	C3=4.042200V	C4=4.043250V	C5=4.042050V	C6=4.039650V	C7=4.049700V	C8=4.045800V	C9=4.046700V	C10=4.043100V	C11=4.044000V	C12=4.044600V	C13=4.047150V	C14=4.049250V	C15=4.041450V	C16=4.041450V	C17=4.041600V	C18=4.042800V	C19=4.043100V	C20=4.042950V	C21=4.047900V	C22=4.044150V	C23=4.038300V	C24=4.045200V	C25=4.045500V	C26=4.045650V	C27=4.047150V	C28=4.046250V	
max_temp: 16.799280	min_temp: 13.589563	avg_temp: 14.121517
undervoltage: 0	overvoltage: 0	pec: 0	overtemperature: 0	openwire: 0	openwire_temp: 0
dcc1: 3f	dcc2: 3f	
Time: 57527
Current: -0.117950
SOC: 0.839193
total_v: 113.230042	max_v: 4.049700	min_v: 4.037850	avg_v: 4.043930	max-min: 0.011850
C1=4.037850V	C2=4.040850V	C3=4.042350V	C4=4.043250V	C5=4.042050V	C6=4.039500V	C7=4.049700V	C8=4.045800V	C9=4.046850V	C10=4.042950V	C11=4.044000V	C12=4.044600V	C13=4.047150V	C14=4.049400V	C15=4.041600V	C16=4.041450V	C17=4.041600V	C18=4.042800V	C19=4.043100V	C20=4.042950V	C21=4.047900V	C22=4.044150V	C23=4.038450V	C24=4.045200V	C25=4.045650V	C26=4.045650V	C27=4.047000V	C28=4.046250V	
max_temp: 16.799280	min_temp: 13.589563	avg_temp: 14.120888
undervoltage: 0	overvoltage: 0	pec: 0	overtemperature: 0	openwire: 0	openwire_temp: 0
dcc1: 3f	dcc2: 3f	
Time: 57728
Current: -0.117950
SOC: 0.839194
total_v: 113.229744	max_v: 4.049700	min_v: 4.037850	avg_v: 4.043920	max-min: 0.011850
C1=4.037850V	C2=4.040850V	C3=4.042200V	C4=4.043250V	C5=4.042050V	C6=4.039650V	C7=4.049700V	C8=4.045800V	C9=4.046850V	C10=4.043100V	C11=4.044000V	C12=4.044600V	C13=4.047150V	C14=4.049250V	C15=4.041450V	C16=4.041450V	C17=4.041600V	C18=4.042800V	C19=4.043100V	C20=4.042950V	C21=4.047750V	C22=4.044000V	C23=4.038450V	C24=4.045200V	C25=4.045650V	C26=4.045650V	C27=4.047150V	C28=4.046250V	
max_temp: 16.799280	min_temp: 13.589563	avg_temp: 14.120888
undervoltage: 0	overvoltage: 0	pec: 0	overtemperature: 0	openwire: 0	openwire_temp: 0
dcc1: 3f	dcc2: 3f	
Time: 57929
Current: -0.117950
SOC: 0.839194
total_v: 113.230186	max_v: 4.049700	min_v: 4.037700	avg_v: 4.043935	max-min: 0.012000
C1=4.037700V	C2=4.040700V	C3=4.042350V	C4=4.043250V	C5=4.042050V	C6=4.039650V	C7=4.049700V	C8=4.045800V	C9=4.046850V	C10=4.043100V	C11=4.044000V	C12=4.044600V	C13=4.047150V	C14=4.049400V	C15=4.041600V	C16=4.041450V	C17=4.041600V	C18=4.042800V	C19=4.043250V	C20=4.043100V	C21=4.047750V	C22=4.044000V	C23=4.038450V	C24=4.045200V	C25=4.045650V	C26=4.045650V	C27=4.047150V	C28=4.046250V	
max_temp: 16.799280	min_temp: 13.589563	avg_temp: 14.121517
undervoltage: 0	overvoltage: 0	pec: 0	overtemperature: 0	openwire: 0	openwire_temp: 0
dcc1: 3f	dcc2: 3f	
Time: 58130
Current: -0.019684
SOC: 0.839194
total_v: 113.229904	max_v: 4.049700	min_v: 4.037850	avg_v: 4.043925	max-min: 0.011850
C1=4.037850V	C2=4.040700V	C3=4.042200V	C4=4.043250V	C5=4.042050V	C6=4.039650V	C7=4.049700V	C8=4.045800V	C9=4.046850V	C10=4.043100V	C11=4.044150V	C12=4.044600V	C13=4.047150V	C14=4.049250V	C15=4.041600V	C16=4.041450V	C17=4.041600V	C18=4.042800V	C19=4.043100V	C20=4.042950V	C21=4.047900V	C22=4.044000V	C23=4.038450V	C24=4.045200V	C25=4.045500V	C26=4.045650V	C27=4.047150V	C28=4.046250V	
max_temp: 16.799280	min_temp: 13.589563	avg_temp: 14.120573
undervoltage: 0	overvoltage: 0	pec: 0	overtemperature: 0	openwire: 0	openwire_temp: 0
dcc1: 3f	dcc2: 3f	
Time: 58331
Current: -0.117950
SOC: 0.839195
total_v: 113.229599	max_v: 4.049700	min_v: 4.037850	avg_v: 4.043914	max-min: 0.011850
C1=4.037850V	C2=4.040700V	C3=4.042350V	C4=4.043250V	C5=4.042050V	C6=4.039500V	C7=4.049700V	C8=4.045800V	C9=4.046700V	C10=4.042950V	C11=4.044000V	C12=4.044600V	C13=4.047150V	C14=4.049250V	C15=4.041450V	C16=4.041450V	C17=4.041600V	C18=4.042950V	C19=4.043250V	C20=4.042950V	C21=4.047900V	C22=4.044000V	C23=4.038450V	C24=4.045200V	C25=4.045650V	C26=4.045650V	C27=4.047000V	C28=4.046250V	
max_temp: 16.799280	min_temp: 13.589563	avg_temp: 14.121832
undervoltage: 0	overvoltage: 0	pec: 0	overtemperature: 0	openwire: 0	openwire_temp: 0
dcc1: 3f	dcc2: 3f	
Time: 58532
Current: -0.216232
SOC: 0.839195
total_v: 113.229904	max_v: 4.049550	min_v: 4.037850	avg_v: 4.043925	max-min: 0.011700
C1=4.037850V	C2=4.040700V	C3=4.042350V	C4=4.043250V	C5=4.042050V	C6=4.039650V	C7=4.049550V	C8=4.045800V	C9=4.046850V	C10=4.042950V	C11=4.044150V	C12=4.044600V	C13=4.047150V	C14=4.049250V	C15=4.041450V	C16=4.041450V	C17=4.041600V	C18=4.042800V	C19=4.043250V	C20=4.042950V	C21=4.047750V	C22=4.044150V	C23=4.038450V	C24=4.045200V	C25=4.045650V	C26=4.045650V	C27=4.047150V	C28=4.046250V	
max_temp: 16.799280	min_temp: 13.589563	avg_temp: 14.122461
undervoltage: 0	overvoltage: 0	pec: 0	overtemperature: 0	openwire: 0	openwire_temp: 0
dcc1: 3f	dcc2: 3f	
Time: 58733
Current: -0.216232
SOC: 0.839196
total_v: 113.229752	max_v: 4.049700	min_v: 4.037850	avg_v: 4.043920	max-min: 0.011850
C1=4.037850V	C2=4.040700V	C3=4.042200V	C4=4.043250V	C5=4.042050V	C6=4.039650V	C7=4.049700V	C8=4.045800V	C9=4.046850V	C10=4.042950V	C11=4.044150V	C12=4.044600V	C13=4.047150V	C14=4.049250V	C15=4.041600V	C16=4.041450V	C17=4.041600V	C18=4.042800V	C19=4.043100V	C20=4.042950V	C21=4.047900V	C22=4.044000V	C23=4.038450V	C24=4.045200V	C25=4.045500V	C26=4.045650V	C27=4.047150V	C28=4.046250V	
max_temp: 16.799280	min_temp: 13.589563	avg_temp: 14.120573
undervoltage: 0	overvoltage: 0	pec: 0	overtemperature: 0	openwire: 0	openwire_temp: 0
dcc1: 3f	dcc2: 3f	
Time: 58934
Current: -0.216232
SOC: 0.839197
total_v: 113.229897	max_v: 4.049700	min_v: 4.037700	avg_v: 4.043925	max-min: 0.012000
C1=4.037700V	C2=4.040850V	C3=4.042350V	C4=4.043250V	C5=4.042050V	C6=4.039500V	C7=4.049700V	C8=4.045800V	C9=4.046850V	C10=4.043100V	C11=4.044000V	C12=4.044600V	C13=4.047150V	C14=4.049250V	C15=4.041600V	C16=4.041450V	C17=4.041600V	C18=4.042800V	C19=4.043250V	C20=4.042950V	C21=4.047900V	C22=4.044000V	C23=4.038450V	C24=4.045200V	C25=4.045650V	C26=4.045650V	C27=4.047000V	C28=4.046250V	
max_temp: 16.799280	min_temp: 13.589563	avg_temp: 14.121202
undervoltage: 0	overvoltage: 0	pec: 0	overtemperature: 0	openwire: 0	openwire_temp: 0
dcc1: 3f	dcc2: 3f	
Time: 59135
Current: -0.117950
SOC: 0.839198
total_v: 113.229439	max_v: 4.049550	min_v: 4.037700	avg_v: 4.043909	max-min: 0.011850
C1=4.037700V	C2=4.040700V	C3=4.042350V	C4=4.043250V	C5=4.042050V	C6=4.039650V	C7=4.049550V	C8=4.045800V	C9=4.046850V	C10=4.042950V	C11=4.044000V	C12=4.044600V	C13=4.047150V	C14=4.049400V	C15=4.041450V	C16=4.041450V	C17=4.041600V	C18=4.042800V	C19=4.043100V	C20=4.042950V	C21=4.047900V	C22=4.044000V	C23=4.038300V	C24=4.045200V	C25=4.045650V	C26=4.045650V	C27=4.047150V	C28=4.046250V	
max_temp: 16.799280	min_temp: 13.589563	avg_temp: 14.122147
undervoltage: 0	overvoltage: 0	pec: 0	overtemperature: 0	openwire: 0	openwire_temp: 0
dcc1: 3f	dcc2: 3f	
Time: 59336
Current: 1.651016
SOC: 0.839191
total_v: 113.229736	max_v: 4.049700	min_v: 4.037700	avg_v: 4.043919	max-min: 0.012000
C1=4.037700V	C2=4.040700V	C3=4.042350V	C4=4.043250V	C5=4.042050V	C6=4.039650V	C7=4.049700V	C8=4.045800V	C9=4.046850V	C10=4.043100V	C11=4.044000V	C12=4.044600V	C13=4.047150V	C14=4.049250V	C15=4.041600V	C16=4.041450V	C17=4.041600V	C18=4.042800V	C19=4.043250V	C20=4.042950V	C21=4.047900V	C22=4.044000V	C23=4.038450V	C24=4.045200V	C25=4.045650V	C26=4.045650V	C27=4.047000V	C28=4.046100V	
max_temp: 16.799280	min_temp: 13.589563	avg_temp: 14.121832
undervoltage: 0	overvoltage: 0	pec: 0	overtemperature: 0	openwire: 0	openwire_temp: 0
dcc1: 3f	dcc2: 3f	
Time: 59537
Current: -0.117950
SOC: 0.839191
total_v: 113.230042	max_v: 4.049700	min_v: 4.037700	avg_v: 4.043930	max-min: 0.012000
C1=4.037700V	C2=4.040850V	C3=4.042350V	C4=4.043250V	C5=4.042050V	C6=4.039650V	C7=4.049700V	C8=4.045800V	C9=4.046850V	C10=4.043100V	C11=4.044000V	C12=4.044600V	C13=4.047150V	C14=4.049250V	C15=4.041450V	C16=4.041450V	C17=4.041600V	C18=4.042950V	C19=4.043250V	C20=4.042950V	C21=4.047900V	C22=4.044000V	C23=4.038450V	C24=4.045200V	C25=4.045650V	C26=4.045650V	C27=4.047000V	C28=4.046250V	
max_temp: 16.799280	min_temp: 13.589563	avg_temp: 14.121517
undervoltage: 0	overvoltage: 0	pec: 0	overtemperature: 0	openwire: 0	openwire_temp: 0
dcc1: 3f	dcc2: 3f	
Time: 59738
Current: 1.356186
SOC: 0.839186
total_v: 113.229439	max_v: 4.049700	min_v: 4.037700	avg_v: 4.043909	max-min: 0.012000
C1=4.037700V	C2=4.040700V	C3=4.042350V	C4=4.043250V	C5=4.042050V	C6=4.039500V	C7=4.049700V	C8=4.045800V	C9=4.046700V	C10=4.043100V	C11=4.044000V	C12=4.044600V	C13=4.047150V	C14=4.049250V	C15=4.041600V	C16=4.041450V	C17=4.041600V	C18=4.042800V	C19=4.043100V	C20=4.042950V	C21=4.047900V	C22=4.044000V	C23=4.038450V	C24=4.045200V	C25=4.045650V	C26=4.045650V	C27=4.047000V	C28=4.046250V	
max_temp: 16.799280	min_temp: 13.584528	avg_temp: 14.120888
undervoltage: 0	overvoltage: 0	pec: 0	overtemperature: 0	openwire: 0	openwire_temp: 0
dcc1: 3f	dcc2: 3f	
Time: 59939
Current: -0.117950
SOC: 0.839186
total_v: 113.233040	max_v: 4.048200	min_v: 4.038450	avg_v: 4.044037	max-min: 0.009750
C1=4.039350V	C2=4.040850V	C3=4.042500V	C4=4.043400V	C5=4.042200V	C6=4.041300V	C7=4.048200V	C8=4.045800V	C9=4.046850V	C10=4.043100V	C11=4.044000V	C12=4.044600V	C13=4.047150V	C14=4.047900V	C15=4.043100V	C16=4.041600V	C17=4.041750V	C18=4.043100V	C19=4.043400V	C20=4.044600V	C21=4.046400V	C22=4.044000V	C23=4.038450V	C24=4.045050V	C25=4.045500V	C26=4.045650V	C27=4.047000V	C28=4.046250V	
max_temp: 16.799280	min_temp: 13.589563	avg_temp: 14.122461
undervoltage: 0	overvoltage: 0	pec: 0	overtemperature: 0	openwire: 0	openwire_temp: 0
dcc1: 00	dcc2: 00	
Time: 60140
Current: -0.216232
SOC: 0.839187
total_v: 113.233643	max_v: 4.048200	min_v: 4.038450	avg_v: 4.044059	max-min: 0.009750
C1=4.039500V	C2=4.041000V	C3=4.042500V	C4=4.043400V	C5=4.042200V	C6=4.041300V	C7=4.048200V	C8=4.045800V	C9=4.046850V	C10=4.043100V	C11=4.044000V	C12=4.044600V	C13=4.047150V	C14=4.047900V	C15=4.043100V	C16=4.041750V	C17=4.041750V	C18=4.043100V	C19=4.043400V	C20=4.044600V	C21=4.046400V	C22=4.044000V	C23=4.038450V	C24=4.045200V	C25=4.045500V	C26=4.045650V	C27=4.047000V	C28=4.046250V	
max_temp: 16.754053	min_temp: 13.559320	avg_temp: 14.087511
undervoltage: 0	overvoltage: 0	pec: 0	overtemperature: 0	openwire: 0	openwire_temp: 0
dcc1: 00	dcc2: 00	
Time: 60341
Current: -0.216232
SOC: 0.839188
total_v: 113.233635	max_v: 4.048200	min_v: 4.038450	avg_v: 4.044058	max-min: 0.009750
C1=4.039350V	C2=4.041000V	C3=4.042500V	C4=4.043400V	C5=4.042200V	C6=4.041150V	C7=4.048200V	C8=4.045800V	C9=4.046850V	C10=4.042950V	C11=4.044000V	C12=4.044600V	C13=4.047150V	C14=4.048050V	C15=4.043100V	C16=4.041750V	C17=4.041750V	C18=4.043100V	C19=4.043400V	C20=4.044600V	C21=4.046400V	C22=4.044000V	C23=4.038450V	C24=4.045200V	C25=4.045650V	C26=4.045650V	C27=4.047150V	C28=4.046250V	
max_temp: 16.754053	min_temp: 13.559320	avg_temp: 14.087196
undervoltage: 0	overvoltage: 0	pec: 0	overtemperature: 0	openwire: 0	openwire_temp: 0
dcc1: 00	dcc2: 00	
Time: 60542
Current: 1.061356
SOC: 0.839184
total_v: 113.233643	max_v: 4.048200	min_v: 4.038450	avg_v: 4.044059	max-min: 0.009750
C1=4.039500V	C2=4.041000V	C3=4.042500V	C4=4.043400V	C5=4.042200V	C6=4.041300V	C7=4.048200V	C8=4.045800V	C9=4.046850V	C10=4.042950V	C11=4.044000V	C12=4.044600V	C13=4.047150V	C14=4.047900V	C15=4.043100V	C16=4.041750V	C17=4.041750V	C18=4.043100V	C19=4.043400V	C20=4.044600V	C21=4.046400V	C22=4.044000V	C23=4.038450V	C24=4.045200V	C25=4.045500V	C26=4.045650V	C27=4.047150V	C28=4.046250V	
max_temp: 16.759058	min_temp: 13.564356	avg_temp: 14.088768
undervoltage: 0	overvoltage: 0	pec: 0	overtemperature: 0	openwire: 0	openwire_temp: 0
dcc1: 00	dcc2: 00	
Time: 60743
Current: -0.216232
SOC: 0.839185
total_v: 113.233635	max_v: 4.048200	min_v: 4.038450	avg_v: 4.044058	max-min: 0.009750
C1=4.039500V	C2=4.041000V	C3=4.042500V	C4=4.043400V	C5=4.042350V	C6=4.041300V	C7=4.048200V	C8=4.045800V	C9=4.046700V	C10=4.042950V	C11=4.044000V	C12=4.044600V	C13=4.047150V	C14=4.047900V	C15=4.043100V	C16=4.041750V	C17=4.041750V	C18=4.042950V	C19=4.043400V	C20=4.044600V	C21=4.046400V	C22=4.044150V	C23=4.038450V	C24=4.045200V	C25=4.045650V	C26=4.045650V	C27=4.047000V	C28=4.046250V	
max_temp: 16.754053	min_temp: 13.559320	avg_temp: 14.087511
undervoltage: 0	overvoltage: 0	pec: 0	overtemperature: 0	openwire: 0	openwire_temp: 0
dcc1: 00	dcc2: 00	
Time: 60944
Current: -0.216232
SOC: 0.839185
total_v: 113.233643	max_v: 4.048350	min_v: 4.038450	avg_v: 4.044059	max-min: 0.009900
C1=4.039500V	C2=4.041000V	C3=4.042500V	C4=4.043400V	C5=4.042200V	C6=4.041300V	C7=4.048350V	C8=4.045800V	C9=4.046850V	C10=4.042950V	C11=4.044000V	C12=4.044600V	C13=4.047150V	C14=4.048050V	C15=4.043100V	C16=4.041600V	C17=4.041750V	C18=4.043100V	C19=4.043400V	C20=4.044600V	C21=4.046400V	C22=4.044000V	C23=4.038450V	C24=4.045200V	C25=4.045500V	C26=4.045650V	C27=4.047000V	C28=4.046250V	
max_temp: 16.754053	min_temp: 13.559320	avg_temp: 14.087511
undervoltage: 0	overvoltage: 0	pec: 0	overtemperature: 0	openwire: 0	openwire_temp: 0
dcc1: 00	dcc2: 00	
Time: 61145
Current: -0.117950
SOC: 0.839186
total_v: 113.233932	max_v: 4.048200	min_v: 4.038450	avg_v: 4.044069	max-min: 0.009750
C1=4.039500V	C2=4.041000V	C3=4.042500V	C4=4.043400V	C5=4.042350V	C6=4.041150V	C7=4.048200V	C8=4.045800V	C9=4.046850V	C10=4.042950V	C11=4.044000V	C12=4.044600V	C13=4.047150V	C14=4.048050V	C15=4.043100V	C16=4.041750V	C17=4.041750V	C18=4.043100V	C19=4.043400V	C20=4.044600V	C21=4.046550V	C22=4.044000V	C23=4.038450V	C24=4.045200V	C25=4.045650V	C26=4.045650V	C27=4.047000V	C28=4.046250V	
max_temp: 16.759058	min_temp: 13.564356	avg_temp: 14.088139
undervoltage: 0	overvoltage: 0	pec: 0	overtemperature: 0	openwire: 0	openwire_temp: 0
dcc1: 00	dcc2: 00	
Time: 61346
Current: -0.117950
SOC: 0.839186
total_v: 113.233948	max_v: 4.048200	min_v: 4.038450	avg_v: 4.044070	max-min: 0.009750
C1=4.039500V	C2=4.040850V	C3=4.042500V	C4=4.043400V	C5=4.042200V	C6=4.041300V	C7=4.048200V	C8=4.045800V	C9=4.046850V	C10=4.042950V	C11=4.044150V	C12=4.044600V	C13=4.047150V	C14=4.048050V	C15=4.043100V	C16=4.041750V	C17=4.041750V	C18=4.043100V	C19=4.043550V	C20=4.044600V	C21=4.046400V	C22=4.044000V	C23=4.038450V	C24=4.045200V	C25=4.045500V	C26=4.045650V	C27=4.047150V	C28=4.046250V	
max_temp: 16.759058	min_temp: 13.564356	avg_temp: 14.088139
undervoltage: 0	overvoltage: 0	pec: 0	overtemperature: 0	openwire: 0	openwire_temp: 0
dcc1: 00	dcc2: 00	
Time: 61547
Current: -0.117950
SOC: 0.839187
total_v: 113.233330	max_v: 4.048200	min_v: 4.038300	avg_v: 4.044047	max-min: 0.009900
C1=4.039350V	C2=4.041000V	C3=4.042500V	C4=4.043400V	C5=4.042350V	C6=4.041150V	C7=4.048200V	C8=4.045800V	C9=4.046850V	C10=4.042950V	C11=4.044000V	C12=4.044600V	C13=4.047150V	C14=4.047900V	C15=4.043100V	C16=4.041750V	C17=4.041750V	C18=4.043100V	C19=4.043400V	C20=4.044600V	C21=4.046400V	C22=4.044000V	C23=4.038300V	C24=4.045200V	C25=4.045650V	C26=4.045650V	C27=4.047000V	C28=4.046250V	
max_temp: 16.759058	min_temp: 13.564356	avg_temp: 14.087507
undervoltage: 0	overvoltage: 0	pec: 0	overtemperature: 0	openwire: 0	openwire_temp: 0
dcc1: 00	dcc2: 00	
Time: 61748
Current: -0.216232
SOC: 0.839188
total_v: 113.233643	max_v: 4.048200	min_v: 4.038450	avg_v: 4.044059	max-min: 0.009750
C1=4.039500V	C2=4.041000V	C3=4.042500V	C4=4.043400V	C5=4.042200V	C6=4.041150V	C7=4.048200V	C8=4.045800V	C9=4.046850V	C10=4.042950V	C11=4.044000V	C12=4.044600V	C13=4.047150V	C14=4.047900V	C15=4.043100V	C16=4.041750V	C17=4.041750V	C18=4.043100V	C19=4.043550V	C20=4.044600V	C21=4.046400V	C22=4.044000V	C23=4.038450V	C24=4.045200V	C25=4.045500V	C26=4.045650V	C27=4.047150V	C28=4.046250V	
max_temp: 16.759058	min_temp: 13.564356	avg_temp: 14.088453
undervoltage: 0	overvoltage: 0	pec: 0	overtemperature: 0	openwire: 0	openwire_temp: 0
dcc1: 00	dcc2: 00	
Time: 61949
Current: -0.117950
SOC: 0.839188
total_v: 113.233658	max_v: 4.048200	min_v: 4.038450	avg_v: 4.044059	max-min: 0.009750
C1=4.039500V	C2=4.041000V	C3=4.042500V	C4=4.043550V	C5=4.042350V	C6=4.041300V	C7=4.048200V	C8=4.045800V	C9=4.046850V	C10=4.042950V	C11=4.044000V	C12=4.044600V	C13=4.047150V	C14=4.047900V	C15=4.043100V	C16=4.041750V	C17=4.041900V	C18=4.043100V	C19=4.043400V	C20=4.044600V	C21=4.046400V	C22=4.044000V	C23=4.038450V	C24=4.045050V	C25=4.045500V	C26=4.045500V	C27=4.047000V	C28=4.046250V	
max_temp: 16.759058	min_temp: 13.559320	avg_temp: 14.087194
undervoltage: 0	overvoltage: 0	pec: 0	overtemperature: 0	openwire: 0	openwire_temp: 0
dcc1: 00	dcc2: 00	
Time: 62150
Current: -0.117950
SOC: 0.839189
total_v: 113.233788	max_v: 4.048200	min_v: 4.038300	avg_v: 4.044064	max-min: 0.009900
C1=4.039350V	C2=4.041000V	C3=4.042650V	C4=4.043400V	C5=4.042350V	C6=4.041300V	C7=4.048200V	C8=4.045800V	C9=4.046850V	C10=4.043100V	C11=4.044000V	C12=4.044600V	C13=4.047150V	C14=4.047900V	C15=4.043100V	C16=4.041750V	C17=4.041750V	C18=4.043100V	C19=4.043400V	C20=4.044600V	C21=4.046400V	C22=4.044000V	C23=4.038300V	C24=4.045200V	C25=4.045650V	C26=4.045650V	C27=4.047000V	C28=4.046250V	
max_temp: 16.759058	min_temp: 13.559320	avg_temp: 14.087193
undervoltage: 0	overvoltage: 0	pec: 0	overtemperature: 0	openwire: 0	openwire_temp: 0
dcc1: 00	dcc2: 00	
Time: 62351
Current: -0.216232
SOC: 0.839190
total_v: 113.233337	max_v: 4.048350	min_v: 4.038300	avg_v: 4.044048	max-min: 0.010050
C1=4.039350V	C2=4.041000V	C3=4.042500V	C4=4.043400V	C5=4.042200V	C6=4.041300V	C7=4.048350V	C8=4.045800V	C9=4.046850V	C10=4.042950V	C11=4.044000V	C12=4.044600V	C13=4.047150V	C14=4.047900V	C15=4.043100V	C16=4.041750V	C17=4.041750V	C18=4.043100V	C19=4.043400V	C20=4.044600V	C21=4.046400V	C22=4.044000V	C23=4.038300V	C24=4.045200V	C25=4.045500V	C26=4.045650V	C27=4.047000V	C28=4.046250V	
max_temp: 16.759058	min_temp: 13.564356	avg_temp: 14.087824
undervoltage: 0	overvoltage: 0	pec: 0	overtemperature: 0	openwire: 0	openwire_temp: 0
dcc1: 00	dcc2: 00	
Time: 62552
Current: -0.117950
SOC: 0.839190
total_v: 113.234085	max_v: 4.048200	min_v: 4.038300	avg_v: 4.044075	max-min: 0.009900
C1=4.039500V	C2=4.041000V	C3=4.042500V	C4=4.043550V	C5=4.042350V	C6=4.041150V	C7=4.048200V	C8=4.045800V	C9=4.046850V	C10=4.042950V	C11=4.044000V	C12=4.044600V	C13=4.047150V	C14=4.047900V	C15=4.043100V	C16=4.041750V	C17=4.041900V	C18=4.043100V	C19=4.043550V	C20=4.044600V	C21=4.046400V	C22=4.044000V	C23=4.038300V	C24=4.045200V	C25=4.045650V	C26=4.045650V	C27=4.047150V	C28=4.046250V	
max_temp: 16.759058	min_temp: 13.564356	avg_temp: 14.087824
undervoltage: 0	overvoltage: 0	pec: 0	overtemperature: 0	openwire: 0	openwire_temp: 0
dcc1: 00	dcc2: 00	
Time: 62753
Current: 0.275146
SOC: 0.839189
total_v: 113.233780	max_v: 4.048200	min_v: 4.038300	avg_v: 4.044064	max-min: 0.009900
C1=4.039500V	C2=4.041000V	C3=4.042500V	C4=4.043400V	C5=4.042350V	C6=4.041150V	C7=4.048200V	C8=4.045800V	C9=4.046850V	C10=4.043100V	C11=4.044000V	C12=4.044600V	C13=4.047150V	C14=4.048050V	C15=4.043100V	C16=4.041750V	C17=4.041750V	C18=4.043100V	C19=4.043400V	C20=4.044600V	C21=4.046400V	C22=4.044000V	C23=4.038300V	C24=4.045200V	C25=4.045500V	C26=4.045650V	C27=4.047150V	C28=4.046250V	
max_temp: 16.759058	min_temp: 13.564356	avg_temp: 14.087194
undervoltage: 0	overvoltage: 0	pec: 0	overtemperature: 0	openwire: 0	openwire_temp: 0
dcc1: 00	dcc2: 00	
Time: 62954
Current: 0.176865
SOC: 0.839188
total_v: 113.233795	max_v: 4.048200	min_v: 4.038450	avg_v: 4.044064	max-min: 0.009750
C1=4.039500V	C2=4.041000V	C3=4.042500V	C4=4.043400V	C5=4.042200V	C6=4.041150V	C7=4.048200V	C8=4.045800V	C9=4.046850V	C10=4.043100V	C11=4.044000V	C12=4.044600V	C13=4.047150V	C14=4.048050V	C15=4.043100V	C16=4.041750V	C17=4.041750V	C18=4.043100V	C19=4.043400V	C20=4.044600V	C21=4.046400V	C22=4.044000V	C23=4.038450V	C24=4.045200V	C25=4.045500V	C26=4.045650V	C27=4.047150V	C28=4.046250V	
max_temp: 16.759058	min_temp: 13.564356	avg_temp: 14.089083
undervoltage: 0	overvoltage: 0	pec: 0	overtemperature: 0	openwire: 0	openwire_temp: 0
dcc1: 00	dcc2: 00	
Time: 63155
Current: -0.216232
SOC: 0.839189
total_v: 113.234100	max_v: 4.048200	min_v: 4.038450	avg_v: 4.044075	max-min: 0.009750
C1=4.039500V	C2=4.041000V	C3=4.042500V	C4=4.043550V	C5=4.042350V	C6=4.041300V	C7=4.048200V	C8=4.045800V	C9=4.046850V	C10=4.042950V	C11=4.044000V	C12=4.044600V	C13=4.047150V	C14=4.048050V	C15=4.043100V	C16=4.041750V	C17=4.041750V	C18=4.043100V	C19=4.043400V	C20=4.044600V	C21=4.046400V	C22=4.044000V	C23=4.038450V	C24=4.045200V	C25=4.045500V	C26=4.045650V	C27=4.047150V	C28=4.046250V	
max_temp: 16.759058	min_temp: 13.564356	avg_temp: 14.087507
undervoltage: 0	overvoltage: 0	pec: 0	overtemperature: 0	openwire: 0	openwire_temp: 0
dcc1: 00	dcc2: 00	
Time: 63356
Current: -0.117950
SOC: 0.839190
total_v: 113.233772	max_v: 4.048200	min_v: 4.038300	avg_v: 4.044063	max-min: 0.009900
C1=4.039500V	C2=4.041000V	C3=4.042500V	C4=4.043400V	C5=4.042350V	C6=4.041150V	C7=4.048200V	C8=4.045800V	C9=4.046850V	C10=4.043100V	C11=4.044000V	C12=4.044600V	C13=4.047150V	C14=4.048050V	C15=4.043100V	C16=4.041750V	C17=4.041750V	C18=4.042950V	C19=4.043550V	C20=4.044750V	C21=4.046400V	C22=4.044000V	C23=4.038300V	C24=4.045200V	C25=4.045650V	C26=4.045650V	C27=4.047000V	C28=4.046100V	
max_temp: 16.759058	min_temp: 13.564356	avg_temp: 14.088453
undervoltage: 0	overvoltage: 0	pec: 0	overtemperature: 0	openwire: 0	openwire_temp: 0
dcc1: 00	dcc2: 00	
Time: 63557
Current: -0.216232
SOC: 0.839190
total_v: 113.233932	max_v: 4.048200	min_v: 4.038300	avg_v: 4.044069	max-min: 0.009900
C1=4.039500V	C2=4.041000V	C3=4.042500V	C4=4.043400V	C5=4.042350V	C6=4.041300V	C7=4.048200V	C8=4.045800V	C9=4.046850V	C10=4.043100V	C11=4.044150V	C12=4.044600V	C13=4.047150V	C14=4.048050V	C15=4.043100V	C16=4.041750V	C17=4.041750V	C18=4.043100V	C19=4.043400V	C20=4.044600V	C21=4.046400V	C22=4.044000V	C23=4.038300V	C24=4.045200V	C25=4.045500V	C26=4.045650V	C27=4.047000V	C28=4.046250V	
max_temp: 16.759058	min_temp: 13.564356	avg_temp: 14.088137
undervoltage: 0	overvoltage: 0	pec: 0	overtemperature: 0	openwire: 0	openwire_temp: 0
dcc1: 00	dcc2: 00	
Time: 63758
Current: -0.117950
SOC: 0.839191
total_v: 113.234093	max_v: 4.048200	min_v: 4.038450	avg_v: 4.044075	max-min: 0.009750
C1=4.039500V	C2=4.041000V	C3=4.042500V	C4=4.043400V	C5=4.042350V	C6=4.041300V	C7=4.048200V	C8=4.045800V	C9=4.046850V	C10=4.043100V	C11=4.044000V	C12=4.044600V	C13=4.047150V	C14=4.047900V	C15=4.043100V	C16=4.041750V	C17=4.041900V	C18=4.043100V	C19=4.043400V	C20=4.044600V	C21=4.046400V	C22=4.044000V	C23=4.038450V	C24=4.045200V	C25=4.045650V	C26=4.045650V	C27=4.047000V	C28=4.046250V	
max_temp: 16.759058	min_temp: 13.559320	avg_temp: 14.087509
undervoltage: 0	overvoltage: 0	pec: 0	overtemperature: 0	openwire: 0	openwire_temp: 0
dcc1: 00	dcc2: 00	
Time: 63959
Current: -0.216232
SOC: 0.839192
total_v: 113.234390	max_v: 4.048200	min_v: 4.038300	avg_v: 4.044086	max-min: 0.009900
C1=4.039500V	C2=4.041000V	C3=4.042500V	C4=4.043550V	C5=4.042350V	C6=4.041300V	C7=4.048200V	C8=4.045800V	C9=4.046850V	C10=4.043100V	C11=4.044000V	C12=4.044600V	C13=4.047150V	C14=4.047900V	C15=4.043100V	C16=4.041750V	C17=4.041900V	C18=4.043100V	C19=4.043550V	C20=4.044600V	C21=4.046400V	C22=4.044000V	C23=4.038300V	C24=4.045200V	C25=4.045650V	C26=4.045650V	C27=4.047150V	C28=4.046250V	
max_temp: 16.759058	min_temp: 13.564356	avg_temp: 14.088453
undervoltage: 0	overvoltage: 0	pec: 0	overtemperature: 0	openwire: 0	openwire_temp: 0
dcc1: 00	dcc2: 00	
Time: 64160
Current: -0.117950
SOC: 0.839192
total_v: 113.233788	max_v: 4.048200	min_v: 4.038450	avg_v: 4.044064	max-min: 0.009750
C1=4.039500V	C2=4.040850V	C3=4.042500V	C4=4.043400V	C5=4.042350V	C6=4.041150V	C7=4.048200V	C8=4.045800V	C9=4.046850V	C10=4.042950V	C11=4.044000V	C12=4.044600V	C13=4.047150V	C14=4.047900V	C15=4.043100V	C16=4.041750V	C17=4.041900V	C18=4.043100V	C19=4.043400V	C20=4.044600V	C21=4.046400V	C22=4.044000V	C23=4.038450V	C24=4.045200V	C25=4.045650V	C26=4.045650V	C27=4.047150V	C28=4.046250V	
max_temp: 16.759058	min_temp: 13.564356	avg_temp: 14.088764
undervoltage: 0	overvoltage: 0	pec: 0	overtemperature: 0	openwire: 0	openwire_temp: 0
dcc1: 00	dcc2: 00	
Time: 64361
Current: -0.117950
SOC: 0.839193
total_v: 113.233803	max_v: 4.048200	min_v: 4.038300	avg_v: 4.044065	max-min: 0.009900
C1=4.039500V	C2=4.041000V	C3=4.042500V	C4=4.043550V	C5=4.042350V	C6=4.041300V	C7=4.048200V	C8=4.045800V	C9=4.046850V	C10=4.042950V	C11=4.044000V	C12=4.044600V	C13=4.047150V	C14=4.047900V	C15=4.043100V	C16=4.041750V	C17=4.041900V	C18=4.043100V	C19=4.043400V	C20=4.044600V	C21=4.046400V	C22=4.044000V	C23=4.038300V	C24=4.045050V	C25=4.045500V	C26=4.045650V	C27=4.047150V	C28=4.046250V	
max_temp: 16.759058	min_temp: 13.564356	avg_temp: 14.088768
undervoltage: 0	overvoltage: 0	pec: 0	overtemperature: 0	openwire: 0	openwire_temp: 0
dcc1: 00	dcc2: 00	
Time: 64562
Current: -0.117950
SOC: 0.839193
total_v: 113.233948	max_v: 4.048200	min_v: 4.038300	avg_v: 4.044070	max-min: 0.009900
C1=4.039500V	C2=4.041000V	C3=4.042500V	C4=4.043550V	C5=4.042350V	C6=4.041300V	C7=4.048200V	C8=4.045800V	C9=4.046850V	C10=4.043100V	C11=4.044000V	C12=4.044600V	C13=4.047150V	C14=4.047900V	C15=4.043100V	C16=4.041600V	C17=4.041900V	C18=4.043100V	C19=4.043400V	C20=4.044600V	C21=4.046400V	C22=4.044000V	C23=4.038300V	C24=4.045200V	C25=4.045500V	C26=4.045650V	C27=4.047150V	C28=4.046250V	
max_temp: 16.759058	min_temp: 13.564356	avg_temp: 14.088768
undervoltage: 0	overvoltage: 0	pec: 0	overtemperature: 0	openwire: 0	openwire_temp: 0
dcc1: 00	dcc2: 00	
Time: 64763
Current: 2.044113
SOC: 0.839185
total_v: 113.234085	max_v: 4.048200	min_v: 4.038450	avg_v: 4.044075	max-min: 0.009750
C1=4.039350V	C2=4.041000V	C3=4.042500V	C4=4.043550V	C5=4.042350V	C6=4.041300V	C7=4.048200V	C8=4.045800V	C9=4.046850V	C10=4.042950V	C11=4.044000V	C12=4.044450V	C13=4.047150V	C14=4.048050V	C15=4.043100V	C16=4.041750V	C17=4.041750V	C18=4.043100V	C19=4.043550V	C20=4.044600V	C21=4.046400V	C22=4.044000V	C23=4.038450V	C24=4.045200V	C25=4.045650V	C26=4.045650V	C27=4.047150V	C28=4.046250V	
max_temp: 16.759058	min_temp: 13.564356	avg_temp: 14.088453
undervoltage: 0	overvoltage: 0	pec: 0	overtemperature: 0	openwire: 0	openwire_temp: 0
dcc1: 00	dcc2: 00	
Time: 64964
Current: -0.117950
SOC: 0.839185
total_v: 113.233643	max_v: 4.048200	min_v: 4.038450	avg_v: 4.044059	max-min: 0.009750
C1=4.039500V	C2=4.041000V	C3=4.042500V	C4=4.043550V	C5=4.042350V	C6=4.041150V	C7=4.048200V	C8=4.045800V	C9=4.046850V	C10=4.042950V	C11=4.044000V	C12=4.044600V	C13=4.047150V	C14=4.047900V	C15=4.043100V	C16=4.041750V	C17=4.041750V	C18=4.043100V	C19=4.043400V	C20=4.044600V	C21=4.046400V	C22=4.044000V	C23=4.038450V	C24=4.045200V	C25=4.045500V	C26=4.045650V	C27=4.047000V	C28=4.046250V	
max_temp: 16.759058	min_temp: 13.564356	avg_temp: 14.088766
undervoltage: 0	overvoltage: 0	pec: 0	overtemperature: 0	openwire: 0	openwire_temp: 0
dcc1: 00	dcc2: 00	
Time: 65165
Current: -0.117950
SOC: 0.839186
total_v: 113.234383	max_v: 4.048200	min_v: 4.038450	avg_v: 4.044085	max-min: 0.009750
C1=4.039500V	C2=4.041000V	C3=4.042650V	C4=4.043400V	C5=4.042200V	C6=4.041300V	C7=4.048200V	C8=4.045800V	C9=4.046850V	C10=4.042950V	C11=4.044000V	C12=4.044600V	C13=4.047150V	C14=4.048050V	C15=4.043100V	C16=4.041600V	C17=4.041900V	C18=4.043100V	C19=4.043550V	C20=4.044750V	C21=4.046400V	C22=4.044000V	C23=4.038450V	C24=4.045200V	C25=4.045650V	C26=4.045650V	C27=4.047150V	C28=4.046250V	
max_temp: 16.759058	min_temp: 13.564356	avg_temp: 14.089083
undervoltage: 0	overvoltage: 0	pec: 0	overtemperature: 0	openwire: 0	openwire_temp: 0
dcc1: 00	dcc2: 00	
Time: 65366
Current: 1.061356
SOC: 0.839181
total_v: 113.233940	max_v: 4.048200	min_v: 4.038450	avg_v: 4.044069	max-min: 0.009750
C1=4.039500V	C2=4.041000V	C3=4.042500V	C4=4.043400V	C5=4.042350V	C6=4.041300V	C7=4.048200V	C8=4.045800V	C9=4.046700V	C10=4.043100V	C11=4.044000V	C12=4.044600V	C13=4.047150V	C14=4.047900V	C15=4.043100V	C16=4.041750V	C17=4.041750V	C18=4.043100V	C19=4.043550V	C20=4.044600V	C21=4.046400V	C22=4.044000V	C23=4.038450V	C24=4.045200V	C25=4.045500V	C26=4.045650V	C27=4.047150V	C28=4.046250V	
max_temp: 16.759058	min_temp: 13.564356	avg_temp: 14.088768
undervoltage: 0	overvoltage: 0	pec: 0	overtemperature: 0	openwire: 0	openwire_temp: 0
dcc1: 00	dcc2: 00	
Time: 65567
Current: -0.216232
SOC: 0.839182
total_v: 113.233940	max_v: 4.048200	min_v: 4.038450	avg_v: 4.044069	max-min: 0.009750
C1=4.039500V	C2=4.041000V	C3=4.042500V	C4=4.043550V	C5=4.042200V	C6=4.041150V	C7=4.048200V	C8=4.045800V	C9=4.046850V	C10=4.042950V	C11=4.044000V	C12=4.044600V	C13=4.047150V	C14=4.047900V	C15=4.043100V	C16=4.041750V	C17=4.041900V	C18=4.043100V	C19=4.043550V	C20=4.044600V	C21=4.046400V	C22=4.044000V	C23=4.038450V	C24=4.045200V	C25=4.045650V	C26=4.045650V	C27=4.047000V	C28=4.046250V	
max_temp: 16.759058	min_temp: 13.564356	avg_temp: 14.088139
undervoltage: 0	overvoltage: 0	pec: 0	overtemperature: 0	openwire: 0	openwire_temp: 0
dcc1: 00	dcc2: 00	
Time: 65768
Current: -0.216232
SOC: 0.839183
total_v: 113.233940	max_v: 4.048200	min_v: 4.038300	avg_v: 4.044069	max-min: 0.009900
C1=4.039350V	C2=4.041000V	C3=4.042500V	C4=4.043400V	C5=4.042350V	C6=4.041300V	C7=4.048200V	C8=4.045800V	C9=4.046850V	C10=4.043100V	C11=4.044000V	C12=4.044600V	C13=4.047150V	C14=4.047900V	C15=4.043100V	C16=4.041750V	C17=4.041900V	C18=4.043100V	C19=4.043400V	C20=4.044600V	C21=4.046400V	C22=4.044000V	C23=4.038300V	C24=4.045200V	C25=4.045650V	C26=4.045650V	C27=4.047150V	C28=4.046250V	
max_temp: 16.759058	min_temp: 13.564356	avg_temp: 14.088766
undervoltage: 0	overvoltage: 0	pec: 0	overtemperature: 0	openwire: 0	openwire_temp: 0
dcc1: 00	dcc2: 00	
Time: 65969
Current: -0.117950
SOC: 0.839184
total_v: 113.234085	max_v: 4.048200	min_v: 4.038450	avg_v: 4.044075	max-min: 0.009750
C1=4.039500V	C2=4.041000V	C3=4.042500V	C4=4.043550V	C5=4.042350V	C6=4.041150V	C7=4.048200V	C8=4.045650V	C9=4.046850V	C10=4.043100V	C11=4.044000V	C12=4.044600V	C13=4.047150V	C14=4.048050V	C15=4.043100V	C16=4.041750V	C17=4.041900V	C18=4.043100V	C19=4.043550V	C20=4.044600V	C21=4.046400V	C22=4.044000V	C23=4.038450V	C24=4.045200V	C25=4.045500V	C26=4.045650V	C27=4.047000V	C28=4.046250V	
max_temp: 16.759058	min_temp: 13.564356	avg_temp: 14.089083
undervoltage: 0	overvoltage: 0	pec: 0	overtemperature: 0	openwire: 0	openwire_temp: 0
dcc1: 00	dcc2: 00	
Time: 66170
Current: -0.216232
SOC: 0.839185
total_v: 113.234695	max_v: 4.048200	min_v: 4.038450	avg_v: 4.044096	max-min: 0.009750
C1=4.039500V	C2=4.041000V	C3=4.042500V	C4=4.043400V	C5=4.042350V	C6=4.041300V	C7=4.048200V	C8=4.045800V	C9=4.046850V	C10=4.043100V	C11=4.044150V	C12=4.044600V	C13=4.047150V	C14=4.048050V	C15=4.043100V	C16=4.041750V	C17=4.041900V	C18=4.043250V	C19=4.043550V	C20=4.044600V	C21=4.046400V	C22=4.044150V	C23=4.038450V	C24=4.045200V	C25=4.045500V	C26=4.045650V	C27=4.047000V	C28=4.046250V	
max_temp: 16.759058	min_temp: 13.564356	avg_temp: 14.088766
undervoltage: 0	overvoltage: 0	pec: 0	overtemperature: 0	openwire: 0	openwire_temp: 0
dcc1: 00	dcc2: 00	
Time: 66371
Current: -0.216232
SOC: 0.839185
total_v: 113.234390	max_v: 4.048200	min_v: 4.038300	avg_v: 4.044086	max-min: 0.009900
C1=4.039500V	C2=4.041000V	C3=4.042650V	C4=4.043550V	C5=4.042350V	C6=4.041300V	C7=4.048200V	C8=4.045800V	C9=4.046850V	C10=4.043100V	C11=4.044000V	C12=4.044600V	C13=4.047150V	C14=4.048050V	C15=4.043100V	C16=4.041750V	C17=4.041900V	C18=4.043100V	C19=4.043400V	C20=4.044600V	C21=4.046400V	C22=4.044000V	C23=4.038300V	C24=4.045200V	C25=4.045500V	C26=4.045650V	C27=4.047150V	C28=4.046250V	
max_temp: 16.759058	min_temp: 13.564356	avg_temp: 14.088139
undervoltage: 0	overvoltage: 0	pec: 0	overtemperature: 0	openwire: 0	openwire_temp: 0
dcc1: 00	dcc2: 00	
Time: 66572
Current: -0.117950
SOC: 0.839186
total_v: 113.234688	max_v: 4.048200	min_v: 4.038450	avg_v: 4.044096	max-min: 0.009750
C1=4.039500V	C2=4.041000V	C3=4.042500V	C4=4.043550V	C5=4.042350V	C6=4.041300V	C7=4.048200V	C8=4.045800V	C9=4.046850V	C10=4.042950V	C11=4.044000V	C12=4.044600V	C13=4.047150V	C14=4.047900V	C15=4.043100V	C16=4.041750V	C17=4.041900V	C18=4.043250V	C19=4.043550V	C20=4.044600V	C21=4.046550V	C22=4.044000V	C23=4.038450V	C24=4.045200V	C25=4.045650V	C26=4.045650V	C27=4.047150V	C28=4.046250V	
max_temp: 16.759058	min_temp: 13.564356	avg_temp: 14.089710
undervoltage: 0	overvoltage: 0	pec: 0	overtemperature: 0	openwire: 0	openwire_temp: 0
dcc1: 00	dcc2: 00	
Time: 66773
Current: -0.117950
SOC: 0.839186
total_v: 113.234238	max_v: 4.048200	min_v: 4.038300	avg_v: 4.044080	max-min: 0.009900
C1=4.039500V	C2=4.041150V	C3=4.042500V	C4=4.043550V	C5=4.042350V	C6=4.041300V	C7=4.048200V	C8=4.045800V	C9=4.046850V	C10=4.042950V	C11=4.044000V	C12=4.044600V	C13=4.047150V	C14=4.048050V	C15=4.043100V	C16=4.041750V	C17=4.041900V	C18=4.043100V	C19=4.043550V	C20=4.044600V	C21=4.046400V	C22=4.044000V	C23=4.038300V	C24=4.045200V	C25=4.045500V	C26=4.045650V	C27=4.047000V	C28=4.046250V	
max_temp: 16.759058	min_temp: 13.564356	avg_temp: 14.088766
undervoltage: 0	overvoltage: 0	pec: 0	overtemperature: 0	openwire: 0	openwire_temp: 0
dcc1: 00	dcc2: 00	
Time: 66974
Current: 1.847565
SOC: 0.839179
total_v: 113.234077	max_v: 4.048200	min_v: 4.038300	avg_v: 4.044074	max-min: 0.009900
C1=4.039500V	C2=4.041000V	C3=4.042500V	C4=4.043550V	C5=4.042350V	C6=4.041150V	C7=4.048200V	C8=4.045800V	C9=4.046850V	C10=4.042950V	C11=4.044000V	C12=4.044600V	C13=4.047150V	C14=4.047900V	C15=4.043100V	C16=4.041750V	C17=4.041900V	C18=4.043100V	C19=4.043550V	C20=4.044750V	C21=4.046550V	C22=4.044000V	C23=4.038300V	C24=4.045200V	C25=4.045500V	C26=4.045650V	C27=4.047000V	C28=4.046250V	
max_temp: 16.759058	min_temp: 13.564356	avg_temp: 14.089081
undervoltage: 0	overvoltage: 0	pec: 0	overtemperature: 0	openwire: 0	openwire_temp: 0
dcc1: 00	dcc2: 00	
Time: 67175
Current: 4.009628
SOC: 0.839162
total_v: 113.234093	max_v: 4.048200	min_v: 4.038450	avg_v: 4.044075	max-min: 0.009750
C1=4.039500V	C2=4.041000V	C3=4.042500V	C4=4.043550V	C5=4.042350V	C6=4.041300V	C7=4.048200V	C8=4.045800V	C9=4.046850V	C10=4.042950V	C11=4.044150V	C12=4.044600V	C13=4.047150V	C14=4.047900V	C15=4.043100V	C16=4.041750V	C17=4.041900V	C18=4.043100V	C19=4.043550V	C20=4.044600V	C21=4.046400V	C22=4.044000V	C23=4.038450V	C24=4.045200V	C25=4.045500V	C26=4.045650V	C27=4.047000V	C28=4.046100V	
max_temp: 16.759058	min_temp: 13.564356	avg_temp: 14.088768
undervoltage: 0	overvoltage: 0	pec: 0	overtemperature: 0	openwire: 0	openwire_temp: 0
dcc1: 00	dcc2: 00	
Time: 67376
Current: -0.216232
SOC: 0.839163
total_v: 113.234383	max_v: 4.048350	min_v: 4.038300	avg_v: 4.044085	max-min: 0.010050
C1=4.039500V	C2=4.041000V	C3=4.042500V	C4=4.043550V	C5=4.042350V	C6=4.041300V	C7=4.048350V	C8=4.045800V	C9=4.046850V	C10=4.042950V	C11=4.044000V	C12=4.044600V	C13=4.047150V	C14=4.047900V	C15=4.043100V	C16=4.041750V	C17=4.041900V	C18=4.043100V	C19=4.043550V	C20=4.044600V	C21=4.046400V	C22=4.044000V	C23=4.038300V	C24=4.045200V	C25=4.045650V	C26=4.045650V	C27=4.047150V	C28=4.046250V	
max_temp: 16.759058	min_temp: 13.564356	avg_temp: 14.089710
undervoltage: 0	overvoltage: 0	pec: 0	overtemperature: 0	openwire: 0	openwire_temp: 0
dcc1: 00	dcc2: 00	
Time: 67577
Current: -0.019684
SOC: 0.839163
total_v: 113.233795	max_v: 4.048200	min_v: 4.038450	avg_v: 4.044064	max-min: 0.009750
C1=4.039500V	C2=4.041000V	C3=4.042500V	C4=4.043550V	C5=4.042350V	C6=4.041300V	C7=4.048200V	C8=4.045800V	C9=4.046850V	C10=4.042950V	C11=4.044000V	C12=4.044600V	C13=4.047150V	C14=4.047900V	C15=4.043100V	C16=4.041750V	C17=4.041750V	C18=4.043100V	C19=4.043400V	C20=4.044600V	C21=4.046400V	C22=4.044000V	C23=4.038450V	C24=4.045200V	C25=4.045500V	C26=4.045650V	C27=4.047000V	C28=4.046250V	
max_temp: 16.759058	min_temp: 13.564356	avg_temp: 14.089081
undervoltage: 0	overvoltage: 0	pec: 0	overtemperature: 0	openwire: 0	openwire_temp: 0
dcc1: 00	dcc2: 00	
Time: 67778
Current: -0.117950
SOC: 0.839164
total_v: 113.234833	max_v: 4.048200	min_v: 4.038450	avg_v: 4.044101	max-min: 0.009750
C1=4.039500V	C2=4.041000V	C3=4.042650V	C4=4.043550V	C5=4.042350V	C6=4.041300V	C7=4.048200V	C8=4.045800V	C9=4.046850V	C10=4.043100V	C11=4.044150V	C12=4.044600V	C13=4.047150V	C14=4.048050V	C15=4.043100V	C16=4.041750V	C17=4.041900V	C18=4.043100V	C19=4.043550V	C20=4.044600V	C21=4.046400V	C22=4.044000V	C23=4.038450V	C24=4.045200V	C25=4.045650V	C26=4.045650V	C27=4.047000V	C28=4.046250V	
max_temp: 16.759058	min_temp: 13.564356	avg_temp: 14.089396
undervoltage: 0	overvoltage: 0	pec: 0	overtemperature: 0	openwire: 0	openwire_temp: 0
dcc1: 00	dcc2: 00	
Time: 67979
Current: 1.257904
SOC: 0.839158
total_v: 113.234848	max_v: 4.048200	min_v: 4.038300	avg_v: 4.044102	max-min: 0.009900
C1=4.039500V	C2=4.041000V	C3=4.042500V	C4=4.043550V	C5=4.042350V	C6=4.041300V	C7=4.048200V	C8=4.045800V	C9=4.046850V	C10=4.043100V	C11=4.044150V	C12=4.044600V	C13=4.047300V	C14=4.047900V	C15=4.043100V	C16=4.041750V	C17=4.041900V	C18=4.043250V	C19=4.043550V	C20=4.044750V	C21=4.046400V	C22=4.044000V	C23=4.038300V	C24=4.045200V	C25=4.045500V	C26=4.045650V	C27=4.047150V	C28=4.046250V	
max_temp: 16.759058	min_temp: 13.564356	avg_temp: 14.088766
undervoltage: 0	overvoltage: 0	pec: 0	overtemperature: 0	openwire: 0	openwire_temp: 0
dcc1: 00	dcc2: 00	
Time: 68180
Current: 3.616531
SOC: 0.839143
total_v: 113.233788	max_v: 4.048200	min_v: 4.038300	avg_v: 4.044064	max-min: 0.009900
C1=4.039500V	C2=4.041000V	C3=4.042500V	C4=4.043550V	C5=4.042350V	C6=4.041300V	C7=4.048200V	C8=4.045800V	C9=4.046700V	C10=4.042950V	C11=4.044000V	C12=4.044600V	C13=4.047150V	C14=4.047900V	C15=4.043100V	C16=4.041750V	C17=4.041900V	C18=4.043100V	C19=4.043550V	C20=4.044600V	C21=4.046400V	C22=4.044000V	C23=4.038300V	C24=4.045200V	C25=4.045500V	C26=4.045650V	C27=4.047000V	C28=4.046250V	
max_temp: 16.764093	min_temp: 13.564356	avg_temp: 14.089710
undervoltage: 0	overvoltage: 0	pec: 0	overtemperature: 0	openwire: 0	openwire_temp: 0
dcc1: 00	dcc2: 00	
Time: 68381
Current: -0.117950
SOC: 0.839144
total_v: 113.235291	max_v: 4.048200	min_v: 4.038450	avg_v: 4.044117	max-min: 0.009750
C1=4.039500V	C2=4.041000V	C3=4.042650V	C4=4.043550V	C5=4.042350V	C6=4.041300V	C7=4.048200V	C8=4.045800V	C9=4.046850V	C10=4.043100V	C11=4.044000V	C12=4.044600V	C13=4.047150V	C14=4.047900V	C15=4.043100V	C16=4.041750V	C17=4.041900V	C18=4.043250V	C19=4.043550V	C20=4.044750V	C21=4.046550V	C22=4.044150V	C23=4.038450V	C24=4.045200V	C25=4.045650V	C26=4.045650V	C27=4.047150V	C28=4.046250V	
max_temp: 16.764093	min_temp: 13.564356	avg_temp: 14.089083
undervoltage: 0	overvoltage: 0	pec: 0	overtemperature: 0	openwire: 0	openwire_temp: 0
dcc1: 00	dcc2: 00	
Time: 68582
Current: -0.117950
SOC: 0.839144
total_v: 113.233940	max_v: 4.048200	min_v: 4.038300	avg_v: 4.044069	max-min: 0.009900
C1=4.039500V	C2=4.041000V	C3=4.042500V	C4=4.043550V	C5=4.042350V	C6=4.041300V	C7=4.048200V	C8=4.045800V	C9=4.046850V	C10=4.042950V	C11=4.044000V	C12=4.044600V	C13=4.047150V	C14=4.047900V	C15=4.043100V	C16=4.041750V	C17=4.041900V	C18=4.043100V	C19=4.043400V	C20=4.044600V	C21=4.046400V	C22=4.044000V	C23=4.038300V	C24=4.045200V	C25=4.045650V	C26=4.045650V	C27=4.047000V	C28=4.046250V	
max_temp: 16.764093	min_temp: 13.564356	avg_temp: 14.088764
undervoltage: 0	overvoltage: 0	pec: 0	overtemperature: 0	openwire: 0	openwire_temp: 0
dcc1: 00	dcc2: 00	
Time: 68783
Current: 0.373444
SOC: 0.839143
total_v: 113.234543	max_v: 4.048350	min_v: 4.038450	avg_v: 4.044091	max-min: 0.009900
C1=4.039500V	C2=4.041150V	C3=4.042500V	C4=4.043400V	C5=4.042200V	C6=4.041300V	C7=4.048350V	C8=4.045800V	C9=4.046850V	C10=4.043100V	C11=4.044000V	C12=4.044600V	C13=4.047150V	C14=4.048050V	C15=4.043100V	C16=4.041750V	C17=4.041900V	C18=4.043100V	C19=4.043550V	C20=4.044600V	C21=4.046400V	C22=4.044000V	C23=4.038450V	C24=4.045200V	C25=4.045500V	C26=4.045650V	C27=4.047150V	C28=4.046250V	
max_temp: 16.764093	min_temp: 13.564356	avg_temp: 14.089710
undervoltage: 0	overvoltage: 0	pec: 0	overtemperature: 0	openwire: 0	openwire_temp: 0
dcc1: 00	dcc2: 00	
Time: 68984
Current: 1.356186
SOC: 0.839137
total_v: 113.234535	max_v: 4.048200	min_v: 4.038300	avg_v: 4.044091	max-min: 0.009900
C1=4.039500V	C2=4.041000V	C3=4.042650V	C4=4.043550V	C5=4.042350V	C6=4.041300V	C7=4.048200V	C8=4.045800V	C9=4.046850V	C10=4.043100V	C11=4.044000V	C12=4.044600V	C13=4.047150V	C14=4.047900V	C15=4.043100V	C16=4.041750V	C17=4.041900V	C18=4.043100V	C19=4.043550V	C20=4.044600V	C21=4.046400V	C22=4.044000V	C23=4.038300V	C24=4.045200V	C25=4.045650V	C26=4.045650V	C27=4.047150V	C28=4.046250V	
max_temp: 16.764093	min_temp: 13.564356	avg_temp: 14.089396
undervoltage: 0	overvoltage: 0	pec: 0	overtemperature: 0	openwire: 0	openwire_temp: 0
dcc1: 00	dcc2: 00	
Time: 69185
Current: -0.117950
SOC: 0.839138
total_v: 113.234383	max_v: 4.048200	min_v: 4.038300	avg_v: 4.044085	max-min: 0.009900
C1=4.039500V	C2=4.041000V	C3=4.042500V	C4=4.043550V	C5=4.042350V	C6=4.041300V	C7=4.048200V	C8=4.045800V	C9=4.046850V	C10=4.042950V	C11=4.044000V	C12=4.044600V	C13=4.047150V	C14=4.047900V	C15=4.043100V	C16=4.041750V	C17=4.041900V	C18=4.043100V	C19=4.043550V	C20=4.044750V	C21=4.046400V	C22=4.044000V	C23=4.038300V	C24=4.045200V	C25=4.045650V	C26=4.045650V	C27=4.047150V	C28=4.046250V	
max_temp: 16.764093	min_temp: 13.564356	avg_temp: 14.090340
undervoltage: 0	overvoltage: 0	pec: 0	overtemperature: 0	openwire: 0	openwire_temp: 0
dcc1: 00	dcc2: 00	
Time: 69386
Current: 4.501007
SOC: 0.839119
total_v: 113.234543	max_v: 4.048350	min_v: 4.038450	avg_v: 4.044091	max-min: 0.009900
C1=4.039500V	C2=4.041000V	C3=4.042650V	C4=4.043550V	C5=4.042350V	C6=4.041300V	C7=4.048350V	C8=4.045800V	C9=4.046850V	C10=4.042950V	C11=4.044000V	C12=4.044600V	C13=4.047150V	C14=4.047900V	C15=4.043250V	C16=4.041750V	C17=4.041900V	C18=4.043100V	C19=4.043400V	C20=4.044600V	C21=4.046400V	C22=4.044000V	C23=4.038450V	C24=4.045200V	C25=4.045500V	C26=4.045650V	C27=4.047150V	C28=4.046250V	
max_temp: 16.764093	min_temp: 13.564356	avg_temp: 14.089710
undervoltage: 0	overvoltage: 0	pec: 0	overtemperature: 0	openwire: 0	openwire_temp: 0
dcc1: 00	dcc2: 00	
Time: 69587
Current: -0.117950
SOC: 0.839120
total_v: 113.233948	max_v: 4.048200	min_v: 4.038300	avg_v: 4.044070	max-min: 0.009900
C1=4.039500V	C2=4.041000V	C3=4.042500V	C4=4.043550V	C5=4.042350V	C6=4.041300V	C7=4.048200V	C8=4.045800V	C9=4.046850V	C10=4.042950V	C11=4.044000V	C12=4.044600V	C13=4.047150V	C14=4.047900V	C15=4.043100V	C16=4.041750V	C17=4.041900V	C18=4.043100V	C19=4.043550V	C20=4.044600V	C21=4.046400V	C22=4.044000V	C23=4.038300V	C24=4.045200V	C25=4.045500V	C26=4.045500V	C27=4.047150V	C28=4.046250V	
max_temp: 16.764093	min_temp: 13.564356	avg_temp: 14.089710
undervoltage: 0	overvoltage: 0	pec: 0	overtemperature: 0	openwire: 0	openwire_temp: 0
dcc1: 00	dcc2: 00	
Time: 69788
Current: 2.535507
SOC: 0.839109
total_v: 113.234535	max_v: 4.048200	min_v: 4.038450	avg_v: 4.044091	max-min: 0.009750
C1=4.039500V	C2=4.041000V	C3=4.042650V	C4=4.043550V	C5=4.042350V	C6=4.041300V	C7=4.048200V	C8=4.045800V	C9=4.046850V	C10=4.042950V	C11=4.044000V	C12=4.044600V	C13=4.047150V	C14=4.048050V	C15=4.043100V	C16=4.041750V	C17=4.041900V	C18=4.043100V	C19=4.043550V	C20=4.044600V	C21=4.046400V	C22=4.044000V	C23=4.038450V	C24=4.045200V	C25=4.045650V	C26=4.045650V	C27=4.047000V	C28=4.046250V	
max_temp: 16.764093	min_temp: 13.564356	avg_temp: 14.090025
undervoltage: 0	overvoltage: 0	pec: 0	overtemperature: 0	openwire: 0	openwire_temp: 0
dcc1: 00	dcc2: 00	
Time: 69989
Current: 0.471710
SOC: 0.839107
total_v: 113.234383	max_v: 4.048200	min_v: 4.038450	avg_v: 4.044085	max-min: 0.009750
C1=4.039500V	C2=4.041000V	C3=4.042500V	C4=4.043400V	C5=4.042350V	C6=4.041300V	C7=4.048200V	C8=4.045800V	C9=4.046850V	C10=4.042950V	C11=4.044000V	C12=4.044600V	C13=4.047150V	C14=4.048050V	C15=4.043100V	C16=4.041750V	C17=4.041900V	C18=4.043100V	C19=4.043550V	C20=4.044600V	C21=4.046550V	C22=4.044000V	C23=4.038450V	C24=4.045200V	C25=4.045650V	C26=4.045650V	C27=4.047000V	C28=4.046250V	
max_temp: 16.764093	min_temp: 13.564356	avg_temp: 14.089710
undervoltage: 0	overvoltage: 0	pec: 0	overtemperature: 0	openwire: 0	openwire_temp: 0
dcc1: 00	dcc2: 00	
Time: 70190
Current: -0.216232
SOC: 0.839108
total_v: 113.234840	max_v: 4.048350	min_v: 4.038450	avg_v: 4.044101	max-min: 0.009900
C1=4.039500V	C2=4.041000V	C3=4.042500V	C4=4.043550V	C5=4.042350V	C6=4.041300V	C7=4.048350V	C8=4.045800V	C9=4.046850V	C10=4.042950V	C11=4.044000V	C12=4.044600V	C13=4.047150V	C14=4.048050V	C15=4.043100V	C16=4.041750V	C17=4.041900V	C18=4.043100V	C19=4.043550V	C20=4.044750V	C21=4.046400V	C22=4.044000V	C23=4.038450V	C24=4.045200V	C25=4.045650V	C26=4.045650V	C27=4.047150V	C28=4.046250V	
max_temp: 16.764093	min_temp: 13.564356	avg_temp: 14.090654
undervoltage: 0	overvoltage: 0	pec: 0	overtemperature: 0	openwire: 0	openwire_temp: 0
dcc1: 00	dcc2: 00	
Time: 70391
Current: 0.569992
SOC: 0.839106
total_v: 113.234528	max_v: 4.048200	min_v: 4.038450	avg_v: 4.044090	max-min: 0.009750
C1=4.039500V	C2=4.041000V	C3=4.042500V	C4=4.043400V	C5=4.042350V	C6=4.041300V	C7=4.048200V	C8=4.045800V	C9=4.046850V	C10=4.042950V	C11=4.044000V	C12=4.044600V	C13=4.047150V	C14=4.047900V	C15=4.043100V	C16=4.041750V	C17=4.041900V	C18=4.043100V	C19=4.043550V	C20=4.044750V	C21=4.046550V	C22=4.044000V	C23=4.038450V	C24=4.045200V	C25=4.045650V	C26=4.045650V	C27=4.047150V	C28=4.046250V	
max_temp: 16.764093	min_temp: 13.564356	avg_temp: 14.089710
undervoltage: 0	overvoltage: 0	pec: 0	overtemperature: 0	openwire: 0	openwire_temp: 0
dcc1: 00	dcc2: 00	
Time: 70592
Current: 0.569992
SOC: 0.839103
total_v: 113.234535	max_v: 4.048200	min_v: 4.038300	avg_v: 4.044091	max-min: 0.009900
C1=4.039500V	C2=4.041000V	C3=4.042650V	C4=4.043550V	C5=4.042350V	C6=4.041300V	C7=4.048200V	C8=4.045800V	C9=4.046850V	C10=4.043100V	C11=4.044150V	C12=4.044600V	C13=4.047150V	C14=4.047900V	C15=4.043100V	C16=4.041750V	C17=4.041900V	C18=4.043100V	C19=4.043550V	C20=4.044600V	C21=4.046400V	C22=4.044000V	C23=4.038300V	C24=4.045200V	C25=4.045650V	C26=4.045650V	C27=4.047000V	C28=4.046250V	
max_temp: 16.764093	min_temp: 13.564356	avg_temp: 14.090654
undervoltage: 0	overvoltage: 0	pec: 0	overtemperature: 0	openwire: 0	openwire_temp: 0
dcc1: 00	dcc2: 00	
Time: 70793
Current: -0.117950
SOC: 0.839104
total_v: 113.235146	max_v: 4.048200	min_v: 4.038450	avg_v: 4.044112	max-min: 0.009750
C1=4.039500V	C2=4.041000V	C3=4.042650V	C4=4.043550V	C5=4.042350V	C6=4.041300V	C7=4.048200V	C8=4.045800V	C9=4.046850V	C10=4.043100V	C11=4.044150V	C12=4.044600V	C13=4.047150V	C14=4.047900V	C15=4.043100V	C16=4.041750V	C17=4.041900V	C18=4.043250V	C19=4.043550V	C20=4.044750V	C21=4.046400V	C22=4.044000V	C23=4.038450V	C24=4.045200V	C25=4.045650V	C26=4.045650V	C27=4.047150V	C28=4.046250V	
max_temp: 16.764093	min_temp: 13.564356	avg_temp: 14.090025
undervoltage: 0	overvoltage: 0	pec: 0	overtemperature: 0	openwire: 0	openwire_temp: 0
dcc1: 00	dcc2: 00	
Time: 70994
Current: 0.078598
SOC: 0.839103
total_v: 113.234688	max_v: 4.048200	min_v: 4.038450	avg_v: 4.044096	max-min: 0.009750
C1=4.039500V	C2=4.041000V	C3=4.042500V	C4=4.043550V	C5=4.042350V	C6=4.041300V	C7=4.048200V	C8=4.045800V	C9=4.046850V	C10=4.042950V	C11=4.044000V	C12=4.044600V	C13=4.047150V	C14=4.048050V	C15=4.043100V	C16=4.041750V	C17=4.041900V	C18=4.043100V	C19=4.043550V	C20=4.044750V	C21=4.046400V	C22=4.044000V	C23=4.038450V	C24=4.045200V	C25=4.045650V	C26=4.045650V	C27=4.047150V	C28=4.046250V	
max_temp: 16.764093	min_temp: 13.564356	avg_temp: 14.090340
undervoltage: 0	overvoltage: 0	pec: 0	overtemperature: 0	openwire: 0	openwire_temp: 0
dcc1: 00	dcc2: 00	
Time: 71195
Current: -0.117950
SOC: 0.839104
total_v: 113.234093	max_v: 4.048200	min_v: 4.038300	avg_v: 4.044075	max-min: 0.009900
C1=4.039500V	C2=4.041000V	C3=4.042500V	C4=4.043550V	C5=4.042350V	C6=4.041300V	C7=4.048200V	C8=4.045800V	C9=4.046850V	C10=4.042950V	C11=4.044000V	C12=4.044600V	C13=4.047150V	C14=4.047900V	C15=4.043250V	C16=4.041750V	C17=4.041900V	C18=4.043100V	C19=4.043550V	C20=4.044600V	C21=4.046400V	C22=4.044000V	C23=4.038300V	C24=4.045200V	C25=4.045500V	C26=4.045650V	C27=4.047000V	C28=4.046250V	
max_temp: 16.764093	min_temp: 13.564356	avg_temp: 14.090025
undervoltage: 0	overvoltage: 0	pec: 0	overtemperature: 0	openwire: 0	openwire_temp: 0
dcc1: 00	dcc2: 00	
Time: 71396
Current: -0.117950
SOC: 0.839104
total_v: 113.234840	max_v: 4.048200	min_v: 4.038450	avg_v: 4.044101	max-min: 0.009750
C1=4.039500V	C2=4.041000V	C3=4.042650V	C4=4.043550V	C5=4.042350V	C6=4.041300V	C7=4.048200V	C8=4.045800V	C9=4.046850V	C10=4.043100V	C11=4.044000V	C12=4.044600V	C13=4.047150V	C14=4.047900V	C15=4.043100V	C16=4.041750V	C17=4.041900V	C18=4.043250V	C19=4.043550V	C20=4.044600V	C21=4.046400V	C22=4.044000V	C23=4.038450V	C24=4.045200V	C25=4.045650V	C26=4.045650V	C27=4.047150V	C28=4.046250V	
max_temp: 16.764093	min_temp: 13.564356	avg_temp: 14.090654
undervoltage: 0	overvoltage: 0	pec: 0	overtemperature: 0	openwire: 0	openwire_temp: 0
dcc1: 00	dcc2: 00	
Time: 71597
Current: -0.216232
SOC: 0.839105
total_v: 113.234993	max_v: 4.048200	min_v: 4.038450	avg_v: 4.044107	max-min: 0.009750
C1=4.039500V	C2=4.041150V	C3=4.042650V	C4=4.043550V	C5=4.042350V	C6=4.041300V	C7=4.048200V	C8=4.045800V	C9=4.046850V	C10=4.043100V	C11=4.044000V	C12=4.044600V	C13=4.047150V	C14=4.047900V	C15=4.043100V	C16=4.041750V	C17=4.041900V	C18=4.043250V	C19=4.043550V	C20=4.044750V	C21=4.046400V	C22=4.044000V	C23=4.038450V	C24=4.045200V	C25=4.045650V	C26=4.045650V	C27=4.047000V	C28=4.046250V	
max_temp: 16.764093	min_temp: 13.564356	avg_temp: 14.089710
undervoltage: 0	overvoltage: 0	pec: 0	overtemperature: 0	openwire: 0	openwire_temp: 0
dcc1: 00	dcc2: 00	
Time: 71798
Current: -0.117950
SOC: 0.839106
total_v: 113.234688	max_v: 4.048200	min_v: 4.038300	avg_v: 4.044096	max-min: 0.009900
C1=4.039500V	C2=4.041000V	C3=4.042500V	C4=4.043550V	C5=4.042350V	C6=4.041300V	C7=4.048200V	C8=4.045800V	C9=4.046850V	C10=4.042950V	C11=4.044150V	C12=4.044600V	C13=4.047150V	C14=4.047900V	C15=4.043100V	C16=4.041900V	C17=4.041900V	C18=4.043100V	C19=4.043550V	C20=4.044750V	C21=4.046400V	C22=4.044000V	C23=4.038300V	C24=4.045200V	C25=4.045650V	C26=4.045650V	C27=4.047150V	C28=4.046250V	
max_temp: 16.764093	min_temp: 13.564356	avg_temp: 14.090025
undervoltage: 0	overvoltage: 0	pec: 0	overtemperature: 0	openwire: 0	openwire_temp: 0
dcc1: 00	dcc2: 00	
Time: 71999
Current: -0.117950
SOC: 0.839106
total_v: 113.234985	max_v: 4.048200	min_v: 4.038450	avg_v: 4.044106	max-min: 0.009750
C1=4.039500V	C2=4.041150V	C3=4.042650V	C4=4.043550V	C5=4.042350V	C6=4.041300V	C7=4.048200V	C8=4.045800V	C9=4.046850V	C10=4.043100V	C11=4.044000V	C12=4.044600V	C13=4.047150V	C14=4.048050V	C15=4.043100V	C16=4.041750V	C17=4.041900V	C18=4.043100V	C19=4.043550V	C20=4.044600V	C21=4.046400V	C22=4.044000V	C23=4.038450V	C24=4.045200V	C25=4.045650V	C26=4.045650V	C27=4.047150V	C28=4.046250V	
max_temp: 16.764093	min_temp: 13.564356	avg_temp: 14.089710
undervoltage: 0	overvoltage: 0	pec: 0	overtemperature: 0	openwire: 0	openwire_temp: 0
dcc1: 00	dcc2: 00	
Time: 72200
Current: -0.117950
SOC: 0.839107
total_v: 113.234833	max_v: 4.048200	min_v: 4.038300	avg_v: 4.044101	max-min: 0.009900
C1=4.039500V	C2=4.041000V	C3=4.042500V	C4=4.043550V	C5=4.042350V	C6=4.041300V	C7=4.048200V	C8=4.045800V	C9=4.046850V	C10=4.043100V	C11=4.044150V	C12=4.044600V	C13=4.047150V	C14=4.047900V	C15=4.043100V	C16=4.041750V	C17=4.041900V	C18=4.043100V	C19=4.043550V	C20=4.044750V	C21=4.046550V	C22=4.044000V	C23=4.038300V	C24=4.045200V	C25=4.045650V	C26=4.045650V	C27=4.047150V	C28=4.046250V	
max_temp: 16.764093	min_temp: 13.564356	avg_temp: 14.090340
undervoltage: 0	overvoltage: 0	pec: 0	overtemperature: 0	openwire: 0	openwire_temp: 0
dcc1: 00	dcc2: 00	
Time: 72401
Current: -0.216232
SOC: 0.839108
total_v: 113.235138	max_v: 4.048200	min_v: 4.038450	avg_v: 4.044112	max-min: 0.009750
C1=4.039500V	C2=4.041000V	C3=4.042650V	C4=4.043550V	C5=4.042350V	C6=4.041300V	C7=4.048200V	C8=4.045800V	C9=4.046850V	C10=4.042950V	C11=4.044000V	C12=4.044600V	C13=4.047150V	C14=4.048050V	C15=4.043100V	C16=4.041750V	C17=4.041900V	C18=4.043100V	C19=4.043550V	C20=4.044750V	C21=4.046550V	C22=4.044150V	C23=4.038450V	C24=4.045200V	C25=4.045650V	C26=4.045650V	C27=4.047150V	C28=4.046250V	
max_temp: 16.764093	min_temp: 13.564356	avg_temp: 14.090654
undervoltage: 0	overvoltage: 0	pec: 0	overtemperature: 0	openwire: 0	openwire_temp: 0
dcc1: 00	dcc2: 00	
Time: 72602
Current: -0.216232
SOC: 0.839109
total_v: 113.234543	max_v: 4.048200	min_v: 4.038300	avg_v: 4.044091	max-min: 0.009900
C1=4.039500V	C2=4.041150V	C3=4.042500V	C4=4.043550V	C5=4.042350V	C6=4.041300V	C7=4.048200V	C8=4.045800V	C9=4.046850V	C10=4.043100V	C11=4.044000V	C12=4.044600V	C13=4.047150V	C14=4.047900V	C15=4.043100V	C16=4.041750V	C17=4.041900V	C18=4.043100V	C19=4.043550V	C20=4.044750V	C21=4.046400V	C22=4.044000V	C23=4.038300V	C24=4.045200V	C25=4.045500V	C26=4.045650V	C27=4.047150V	C28=4.046250V	
max_temp: 16.764093	min_temp: 13.564356	avg_temp: 14.090654
undervoltage: 0	overvoltage: 0	pec: 0	overtemperature: 0	openwire: 0	openwire_temp: 0
dcc1: 00	dcc2: 00	
Time: 72803
Current: -0.216232
SOC: 0.839109
total_v: 113.234383	max_v: 4.048200	min_v: 4.038300	avg_v: 4.044085	max-min: 0.009900
C1=4.039500V	C2=4.041000V	C3=4.042500V	C4=4.043400V	C5=4.042350V	C6=4.041300V	C7=4.048200V	C8=4.045800V	C9=4.046850V	C10=4.043100V	C11=4.044000V	C12=4.044600V	C13=4.047150V	C14=4.047900V	C15=4.043100V	C16=4.041750V	C17=4.041900V	C18=4.043250V	C19=4.043550V	C20=4.044750V	C21=4.046400V	C22=4.044000V	C23=4.038300V	C24=4.045200V	C25=4.045650V	C26=4.045650V	C27=4.047000V	C28=4.046250V	
max_temp: 16.764093	min_temp: 13.564356	avg_temp: 14.090340
undervoltage: 0	overvoltage: 0	pec: 0	overtemperature: 0	openwire: 0	openwire_temp: 0
dcc1: 00	dcc2: 00	
Time: 73004
Current: -0.117950
SOC: 0.839110
total_v: 113.235001	max_v: 4.048200	min_v: 4.038450	avg_v: 4.044107	max-min: 0.009750
C1=4.039500V	C2=4.041150V	C3=4.042650V	C4=4.043550V	C5=4.042350V	C6=4.041300V	C7=4.048200V	C8=4.045800V	C9=4.046850V	C10=4.042950V	C11=4.044000V	C12=4.044600V	C13=4.047150V	C14=4.048050V	C15=4.043250V	C16=4.041750V	C17=4.041900V	C18=4.043250V	C19=4.043550V	C20=4.044600V	C21=4.046400V	C22=4.044000V	C23=4.038450V	C24=4.045200V	C25=4.045500V	C26=4.045650V	C27=4.047150V	C28=4.046250V	
max_temp: 16.764093	min_temp: 13.564356	avg_temp: 14.090025
undervoltage: 0	overvoltage: 0	pec: 0	overtemperature: 0	openwire: 0	openwire_temp: 0
dcc1: 00	dcc2: 00	
Time: 73205
Current: -0.216232
SOC: 0.839111
total_v: 113.234535	max_v: 4.048200	min_v: 4.038300	avg_v: 4.044091	max-min: 0.009900
C1=4.039500V	C2=4.041000V	C3=4.042500V	C4=4.043550V	C5=4.042350V	C6=4.041300V	C7=4.048200V	C8=4.045800V	C9=4.046850V	C10=4.042950V	C11=4.044000V	C12=4.044600V	C13=4.047150V	C14=4.047900V	C15=4.043100V	C16=4.041750V	C17=4.041900V	C18=4.043250V	C19=4.043550V	C20=4.044750V	C21=4.046400V	C22=4.044150V	C23=4.038300V	C24=4.045200V	C25=4.045650V	C26=4.045650V	C27=4.047000V	C28=4.046250V	
max_temp: 16.769129	min_temp: 13.564356	avg_temp: 14.090969
undervoltage: 0	overvoltage: 0	pec: 0	overtemperature: 0	openwire: 0	openwire_temp: 0
dcc1: 00	dcc2: 00	
Time: 73406
Current: -0.216232
SOC: 0.839112
total_v: 113.234222	max_v: 4.048350	min_v: 4.038300	avg_v: 4.044079	max-min: 0.010050
C1=4.039500V	C2=4.041000V	C3=4.042500V	C4=4.043550V	C5=4.042350V	C6=4.041300V	C7=4.048350V	C8=4.045800V	C9=4.046850V	C10=4.042950V	C11=4.044000V	C12=4.044600V	C13=4.047150V	C14=4.047900V	C15=4.043100V	C16=4.041750V	C17=4.041900V	C18=4.043100V	C19=4.043400V	C20=4.044600V	C21=4.046550V	C22=4.044000V	C23=4.038300V	C24=4.045200V	C25=4.045650V	C26=4.045650V	C27=4.047000V	C28=4.046250V	
max_temp: 16.769129	min_temp: 13.564356	avg_temp: 14.090654
undervoltage: 0	overvoltage: 0	pec: 0	overtemperature: 0	openwire: 0	openwire_temp: 0
dcc1: 00	dcc2: 00	
Time: 73607
Current: -0.216232
SOC: 0.839113
total_v: 113.234543	max_v: 4.048200	min_v: 4.038450	avg_v: 4.044091	max-min: 0.009750
C1=4.039500V	C2=4.041000V	C3=4.042500V	C4=4.043550V	C5=4.042350V	C6=4.041300V	C7=4.048200V	C8=4.045800V	C9=4.046850V	C10=4.043100V	C11=4.044000V	C12=4.044600V	C13=4.047150V	C14=4.047900V	C15=4.043100V	C16=4.041750V	C17=4.041900V	C18=4.043100V	C19=4.043550V	C20=4.044750V	C21=4.046400V	C22=4.044000V	C23=4.038450V	C24=4.045200V	C25=4.045500V	C26=4.045650V	C27=4.047150V	C28=4.046250V	
max_temp: 16.769129	min_temp: 13.564356	avg_temp: 14.091284
undervoltage: 0	overvoltage: 0	pec: 0	overtemperature: 0	openwire: 0	openwire_temp: 0
dcc1: 00	dcc2: 00	
Time: 73808
Current: -0.117950
SOC: 0.839113
total_v: 113.234535	max_v: 4.048350	min_v: 4.038450	avg_v: 4.044091	max-min: 0.009900
C1=4.039500V	C2=4.041000V	C3=4.042500V	C4=4.043550V	C5=4.042350V	C6=4.041300V	C7=4.048350V	C8=4.045800V	C9=4.046850V	C10=4.043100V	C11=4.044000V	C12=4.044600V	C13=4.047150V	C14=4.047900V	C15=4.043100V	C16=4.041750V	C17=4.041750V	C18=4.043250V	C19=4.043400V	C20=4.044600V	C21=4.046550V	C22=4.044000V	C23=4.038450V	C24=4.045200V	C25=4.045500V	C26=4.045650V	C27=4.047150V	C28=4.046250V	
max_temp: 16.769129	min_temp: 13.564356	avg_temp: 14.090654
undervoltage: 0	overvoltage: 0	pec: 0	overtemperature: 0	openwire: 0	openwire_temp: 0
dcc1: 00	dcc2: 00	
Time: 74009
Current: -0.216232
SOC: 0.839114
total_v: 113.234688	max_v: 4.048200	min_v: 4.038450	avg_v: 4.044096	max-min: 0.009750
C1=4.039500V	C2=4.041150V	C3=4.042500V	C4=4.043550V	C5=4.042350V	C6=4.041300V	C7=4.048200V	C8=4.045650V	C9=4.046850V	C10=4.042950V	C11=4.044000V	C12=4.044600V	C13=4.047300V	C14=4.048050V	C15=4.043100V	C16=4.041750V	C17=4.041900V	C18=4.043100V	C19=4.043550V	C20=4.044600V	C21=4.046550V	C22=4.044000V	C23=4.038450V	C24=4.045200V	C25=4.045650V	C26=4.045500V	C27=4.047150V	C28=4.046250V	
max_temp: 16.769129	min_temp: 13.564356	avg_temp: 14.090969
undervoltage: 0	overvoltage: 0	pec: 0	overtemperature: 0	openwire: 0	openwire_temp: 0
dcc1: 00	dcc2: 00	
Time: 74210
Current: -0.117950
SOC: 0.839114
total_v: 113.234383	max_v: 4.048200	min_v: 4.038300	avg_v: 4.044085	max-min: 0.009900
C1=4.039500V	C2=4.041000V	C3=4.042500V	C4=4.043550V	C5=4.042350V	C6=4.041300V	C7=4.048200V	C8=4.045800V	C9=4.046850V	C10=4.042950V	C11=4.044000V	C12=4.044600V	C13=4.047150V	C14=4.047900V	C15=4.043100V	C16=4.041750V	C17=4.041900V	C18=4.043100V	C19=4.043550V	C20=4.044750V	C21=4.046400V	C22=4.044000V	C23=4.038300V	C24=4.045200V	C25=4.045650V	C26=4.045650V	C27=4.047150V	C28=4.046250V	
max_temp: 16.769129	min_temp: 13.564356	avg_temp: 14.090340
undervoltage: 0	overvoltage: 0	pec: 0	overtemperature: 0	openwire: 0	openwire_temp: 0
dcc1: 00	dcc2: 00	
Time: 74411
Current: -0.216232
SOC: 0.839115
total_v: 113.234406	max_v: 4.048200	min_v: 4.038300	avg_v: 4.044086	max-min: 0.009900
C1=4.039500V	C2=4.041000V	C3=4.042500V	C4=4.043550V	C5=4.042350V	C6=4.041300V	C7=4.048200V	C8=4.045800V	C9=4.046850V	C10=4.042950V	C11=4.044150V	C12=4.044600V	C13=4.047000V	C14=4.047900V	C15=4.043100V	C16=4.041750V	C17=4.041900V	C18=4.043250V	C19=4.043550V	C20=4.044750V	C21=4.046400V	C22=4.044000V	C23=4.038300V	C24=4.045200V	C25=4.045500V	C26=4.045650V	C27=4.047150V	C28=4.046250V	
max_temp: 16.769129	min_temp: 13.564356	avg_temp: 14.091284
undervoltage: 0	overvoltage: 0	pec: 0	overtemperature: 0	openwire: 0	openwire_temp: 0
dcc1: 00	dcc2: 00	
Time: 74612
Current: -0.019684
SOC: 0.839115
total_v: 113.234390	max_v: 4.048200	min_v: 4.038450	avg_v: 4.044086	max-min: 0.009750
C1=4.039500V	C2=4.041150V	C3=4.042500V	C4=4.043550V	C5=4.042350V	C6=4.041300V	C7=4.048200V	C8=4.045650V	C9=4.046850V	C10=4.042950V	C11=4.044000V	C12=4.044600V	C13=4.047150V	C14=4.047900V	C15=4.043100V	C16=4.041750V	C17=4.041900V	C18=4.043100V	C19=4.043550V	C20=4.044750V	C21=4.046400V	C22=4.044000V	C23=4.038450V	C24=4.045200V	C25=4.045500V	C26=4.045650V	C27=4.047150V	C28=4.046250V	
max_temp: 16.769129	min_temp: 13.564356	avg_temp: 14.090969
undervoltage: 0	overvoltage: 0	pec: 0	overtemperature: 0	openwire: 0	openwire_temp: 0
dcc1: 00	dcc2: 00	
Time: 74813
Current: -0.216232
SOC: 0.839116
total_v: 113.234688	max_v: 4.048200	min_v: 4.038300	avg_v: 4.044096	max-min: 0.009900
C1=4.039500V	C2=4.041000V	C3=4.042500V	C4=4.043550V	C5=4.042350V	C6=4.041300V	C7=4.048200V	C8=4.045800V	C9=4.046850V	C10=4.042950V	C11=4.044150V	C12=4.044600V	C13=4.047150V	C14=4.048050V	C15=4.043100V	C16=4.041750V	C17=4.041900V	C18=4.043100V	C19=4.043550V	C20=4.044750V	C21=4.046400V	C22=4.044000V	C23=4.038300V	C24=4.045200V	C25=4.045650V	C26=4.045650V	C27=4.047150V	C28=4.046250V	
max_temp: 16.769129	min_temp: 13.564356	avg_temp: 14.090340
undervoltage: 0	overvoltage: 0	pec: 0	overtemperature: 0	openwire: 0	openwire_temp: 0
dcc1: 00	dcc2: 00	
Time: 75014
Current: -0.117950
SOC: 0.839117
total_v: 113.234543	max_v: 4.048200	min_v: 4.038450	avg_v: 4.044091	max-min: 0.009750
C1=4.039500V	C2=4.041000V	C3=4.042500V	C4=4.043550V	C5=4.042350V	C6=4.041300V	C7=4.048200V	C8=4.045800V	C9=4.046850V	C10=4.042950V	C11=4.044000V	C12=4.044600V	C13=4.047150V	C14=4.048050V	C15=4.043100V	C16=4.041750V	C17=4.041900V	C18=4.043250V	C19=4.043550V	C20=4.044600V	C21=4.046400V	C22=4.044000V	C23=4.038450V	C24=4.045200V	C25=4.045650V	C26=4.045650V	C27=4.047000V	C28=4.046250V	
max_temp: 16.769129	min_temp: 13.564356	avg_temp: 14.091284
undervoltage: 0	overvoltage: 0	pec: 0	overtemperature: 0	openwire: 0	openwire_temp: 0
dcc1: 00	dcc2: 00	
Time: 75215
Current: -0.117950
SOC: 0.839117
total_v: 113.234840	max_v: 4.048200	min_v: 4.038300	avg_v: 4.044101	max-min: 0.009900
C1=4.039500V	C2=4.041000V	C3=4.042500V	C4=4.043550V	C5=4.042350V	C6=4.041300V	C7=4.048200V	C8=4.045800V	C9=4.046850V	C10=4.043100V	C11=4.044150V	C12=4.044600V	C13=4.047150V	C14=4.048050V	C15=4.043100V	C16=4.041750V	C17=4.041900V	C18=4.043100V	C19=4.043550V	C20=4.044750V	C21=4.046400V	C22=4.044000V	C23=4.038300V	C24=4.045200V	C25=4.045650V	C26=4.045650V	C27=4.047150V	C28=4.046250V	
max_temp: 16.774164	min_temp: 13.564356	avg_temp: 14.091599
undervoltage: 0	overvoltage: 0	pec: 0	overtemperature: 0	openwire: 0	openwire_temp: 0
dcc1: 00	dcc2: 00	
Time: 75416
Current: -0.117950
SOC: 0.839118
total_v: 113.234550	max_v: 4.048200	min_v: 4.038300	avg_v: 4.044091	max-min: 0.009900
C1=4.039500V	C2=4.041000V	C3=4.042500V	C4=4.043550V	C5=4.042350V	C6=4.041300V	C7=4.048200V	C8=4.045800V	C9=4.046850V	C10=4.042950V	C11=4.044000V	C12=4.044600V	C13=4.047150V	C14=4.048050V	C15=4.043100V	C16=4.041750V	C17=4.041900V	C18=4.043250V	C19=4.043400V	C20=4.044750V	C21=4.046400V	C22=4.044000V	C23=4.038300V	C24=4.045200V	C25=4.045650V	C26=4.045650V	C27=4.047150V	C28=4.046250V	
max_temp: 16.769129	min_temp: 13.564356	avg_temp: 14.091599
undervoltage: 0	overvoltage: 0	pec: 0	overtemperature: 0	openwire: 0	openwire_temp: 0
dcc1: 00	dcc2: 00	
Time: 75617
Current: 0.864807
SOC: 0.839114
total_v: 113.234848	max_v: 4.048200	min_v: 4.038450	avg_v: 4.044102	max-min: 0.009750
C1=4.039500V	C2=4.041150V	C3=4.042650V	C4=4.043550V	C5=4.042350V	C6=4.041300V	C7=4.048200V	C8=4.045800V	C9=4.046850V	C10=4.042950V	C11=4.044000V	C12=4.044600V	C13=4.047150V	C14=4.047900V	C15=4.043100V	C16=4.041750V	C17=4.041900V	C18=4.043100V	C19=4.043550V	C20=4.044750V	C21=4.046400V	C22=4.044150V	C23=4.038450V	C24=4.045200V	C25=4.045500V	C26=4.045650V	C27=4.047150V	C28=4.046250V	
max_temp: 16.774164	min_temp: 13.564356	avg_temp: 14.091599
undervoltage: 0	overvoltage: 0	pec: 0	overtemperature: 0	openwire: 0	openwire_temp: 0
dcc1: 00	dcc2: 00	
Time: 75818
Current: -0.117950
SOC: 0.839115
total_v: 113.234985	max_v: 4.048200	min_v: 4.038450	avg_v: 4.044106	max-min: 0.009750
C1=4.039500V	C2=4.041000V	C3=4.042650V	C4=4.043550V	C5=4.042350V	C6=4.041300V	C7=4.048200V	C8=4.045800V	C9=4.046850V	C10=4.043100V	C11=4.044150V	C12=4.044600V	C13=4.047150V	C14=4.048050V	C15=4.043100V	C16=4.041750V	C17=4.041900V	C18=4.043250V	C19=4.043550V	C20=4.044750V	C21=4.046400V	C22=4.044000V	C23=4.038450V	C24=4.045200V	C25=4.045500V	C26=4.045650V	C27=4.047000V	C28=4.046250V	
max_temp: 16.774164	min_temp: 13.564356	avg_temp: 14.091913
undervoltage: 0	overvoltage: 0	pec: 0	overtemperature: 0	openwire: 0	openwire_temp: 0
dcc1: 00	dcc2: 00	
Time: 76019
Current: -0.117950
SOC: 0.839115
total_v: 113.234543	max_v: 4.048200	min_v: 4.038450	avg_v: 4.044091	max-min: 0.009750
C1=4.039500V	C2=4.041150V	C3=4.042650V	C4=4.043550V	C5=4.042350V	C6=4.041300V	C7=4.048200V	C8=4.045800V	C9=4.046850V	C10=4.043100V	C11=4.044000V	C12=4.044600V	C13=4.047150V	C14=4.047900V	C15=4.043100V	C16=4.041750V	C17=4.041900V	C18=4.043100V	C19=4.043550V	C20=4.044600V	C21=4.046400V	C22=4.044000V	C23=4.038450V	C24=4.045200V	C25=4.045500V	C26=4.045650V	C27=4.047000V	C28=4.046250V	
max_temp: 16.774164	min_temp: 13.564356	avg_temp: 14.091913
undervoltage: 0	overvoltage: 0	pec: 0	overtemperature: 0	openwire: 0	openwire_temp: 0
dcc1: 00	dcc2: 00	
Time: 76220
Current: -0.117950
SOC: 0.839116
total_v: 113.234695	max_v: 4.048200	min_v: 4.038450	avg_v: 4.044096	max-min: 0.009750
C1=4.039500V	C2=4.041000V	C3=4.042650V	C4=4.043550V	C5=4.042200V	C6=4.041150V	C7=4.048200V	C8=4.045800V	C9=4.046850V	C10=4.042950V	C11=4.044150V	C12=4.044600V	C13=4.047150V	C14=4.047900V	C15=4.043250V	C16=4.041750V	C17=4.041900V	C18=4.043250V	C19=4.043550V	C20=4.044750V	C21=4.046400V	C22=4.044000V	C23=4.038450V	C24=4.045200V	C25=4.045500V	C26=4.045650V	C27=4.047150V	C28=4.046250V	
max_temp: 16.774164	min_temp: 13.564356	avg_temp: 14.091913
undervoltage: 0	overvoltage: 0	pec: 0	overtemperature: 0	openwire: 0	openwire_temp: 0
dcc1: 00	dcc2: 00	
Time: 76421
Current: -0.216232
SOC: 0.839116
total_v: 113.234688	max_v: 4.048200	min_v: 4.038300	avg_v: 4.044096	max-min: 0.009900
C1=4.039500V	C2=4.041150V	C3=4.042500V	C4=4.043550V	C5=4.042350V	C6=4.041300V	C7=4.048200V	C8=4.045800V	C9=4.046850V	C10=4.042950V	C11=4.044000V	C12=4.044600V	C13=4.047150V	C14=4.048050V	C15=4.043100V	C16=4.041750V	C17=4.041900V	C18=4.043250V	C19=4.043550V	C20=4.044600V	C21=4.046550V	C22=4.044000V	C23=4.038300V	C24=4.045200V	C25=4.045500V	C26=4.045650V	C27=4.047150V	C28=4.046250V	
max_temp: 16.774164	min_temp: 13.564356	avg_temp: 14.091284
undervoltage: 0	overvoltage: 0	pec: 0	overtemperature: 0	openwire: 0	openwire_temp: 0
dcc1: 00	dcc2: 00	
Time: 76622
Current: -0.117950
SOC: 0.839117
total_v: 113.234695	max_v: 4.048200	min_v: 4.038300	avg_v: 4.044096	max-min: 0.009900
C1=4.039650V	C2=4.041000V	C3=4.042500V	C4=4.043550V	C5=4.042350V	C6=4.041300V	C7=4.048200V	C8=4.045650V	C9=4.046850V	C10=4.043100V	C11=4.044000V	C12=4.044600V	C13=4.047150V	C14=4.047900V	C15=4.043250V	C16=4.041750V	C17=4.041900V	C18=4.043250V	C19=4.043550V	C20=4.044750V	C21=4.046400V	C22=4.044000V	C23=4.038300V	C24=4.045200V	C25=4.045500V	C26=4.045650V	C27=4.047150V	C28=4.046250V	
max_temp: 16.774164	min_temp: 13.564356	avg_temp: 14.091599
undervoltage: 0	overvoltage: 0	pec: 0	overtemperature: 0	openwire: 0	openwire_temp: 0
dcc1: 00	dcc2: 00	
Time: 76823
Current: -0.117950
SOC: 0.839117
total_v: 113.234238	max_v: 4.048350	min_v: 4.038300	avg_v: 4.044080	max-min: 0.010050
C1=4.039500V	C2=4.041000V	C3=4.042500V	C4=4.043550V	C5=4.042350V	C6=4.041300V	C7=4.048350V	C8=4.045800V	C9=4.046850V	C10=4.042950V	C11=4.044000V	C12=4.044600V	C13=4.047150V	C14=4.047900V	C15=4.043100V	C16=4.041750V	C17=4.041900V	C18=4.043250V	C19=4.043550V	C20=4.044600V	C21=4.046400V	C22=4.044000V	C23=4.038300V	C24=4.045200V	C25=4.045500V	C26=4.045650V	C27=4.047000V	C28=4.046250V	
max_temp: 16.774164	min_temp: 13.564356	avg_temp: 14.091599
undervoltage: 0	overvoltage: 0	pec: 0	overtemperature: 0	openwire: 0	openwire_temp: 0
dcc1: 00	dcc2: 00	
Time: 77024
Current: -0.216232
SOC: 0.839118
total_v: 113.234993	max_v: 4.048200	min_v: 4.038450	avg_v: 4.044107	max-min: 0.009750
C1=4.039500V	C2=4.041000V	C3=4.042500V	C4=4.043550V	C5=4.042350V	C6=4.041300V	C7=4.048200V	C8=4.045800V	C9=4.046850V	C10=4.043100V	C11=4.044000V	C12=4.044600V	C13=4.047150V	C14=4.047900V	C15=4.043100V	C16=4.041750V	C17=4.041900V	C18=4.043250V	C19=4.043550V	C20=4.044750V	C21=4.046400V	C22=4.044150V	C23=4.038450V	C24=4.045200V	C25=4.045650V	C26=4.045650V	C27=4.047150V	C28=4.046250V	
max_temp: 16.774164	min_temp: 13.564356	avg_temp: 14.092228
undervoltage: 0	overvoltage: 0	pec: 0	overtemperature: 0	openwire: 0	openwire_temp: 0
dcc1: 00	dcc2: 00	
Time: 77225
Current: 1.847565
SOC: 0.839111
total_v: 113.234840	max_v: 4.048200	min_v: 4.038450	avg_v: 4.044101	max-min: 0.009750
C1=4.039500V	C2=4.041150V	C3=4.042500V	C4=4.043550V	C5=4.042350V	C6=4.041300V	C7=4.048200V	C8=4.045800V	C9=4.046850V	C10=4.042950V	C11=4.044000V	C12=4.044600V	C13=4.047150V	C14=4.047900V	C15=4.043100V	C16=4.041750V	C17=4.041900V	C18=4.043250V	C19=4.043550V	C20=4.044750V	C21=4.046400V	C22=4.044000V	C23=4.038450V	C24=4.045200V	C25=4.045650V	C26=4.045650V	C27=4.047150V	C28=4.046250V	
max_temp: 16.774164	min_temp: 13.564356	avg_temp: 14.091913
undervoltage: 0	overvoltage: 0	pec: 0	overtemperature: 0	openwire: 0	openwire_temp: 0
dcc1: 00	dcc2: 00	
Time: 77426
Current: -0.117950
SOC: 0.839111
total_v: 113.234535	max_v: 4.048200	min_v: 4.038300	avg_v: 4.044091	max-min: 0.009900
C1=4.039500V	C2=4.041150V	C3=4.042650V	C4=4.043550V	C5=4.042350V	C6=4.041300V	C7=4.048200V	C8=4.045800V	C9=4.046850V	C10=4.042950V	C11=4.044000V	C12=4.044600V	C13=4.047150V	C14=4.047900V	C15=4.043250V	C16=4.041750V	C17=4.041900V	C18=4.043100V	C19=4.043550V	C20=4.044600V	C21=4.046400V	C22=4.044000V	C23=4.038300V	C24=4.045200V	C25=4.045650V	C26=4.045650V	C27=4.047000V	C28=4.046250V	
max_temp: 16.774164	min_temp: 13.569391	avg_temp: 14.092228
undervoltage: 0	overvoltage: 0	pec: 0	overtemperature: 0	openwire: 0	openwire_temp: 0
dcc1: 00	dcc2: 00	
Time: 77627
Current: 1.945831
SOC: 0.839103
total_v: 113.234695	max_v: 4.048200	min_v: 4.038300	avg_v: 4.044096	max-min: 0.009900
C1=4.039500V	C2=4.041000V	C3=4.042500V	C4=4.043550V	C5=4.042350V	C6=4.041300V	C7=4.048200V	C8=4.045800V	C9=4.046850V	C10=4.043100V	C11=4.044000V	C12=4.044600V	C13=4.047150V	C14=4.048050V	C15=4.043250V	C16=4.041750V	C17=4.041900V	C18=4.043100V	C19=4.043550V	C20=4.044750V	C21=4.046400V	C22=4.044000V	C23=4.038300V	C24=4.045200V	C25=4.045500V	C26=4.045650V	C27=4.047150V	C28=4.046250V	
max_temp: 16.774164	min_temp: 13.564356	avg_temp: 14.091599
undervoltage: 0	overvoltage: 0	pec: 0	overtemperature: 0	openwire: 0	openwire_temp: 0
dcc1: 00	dcc2: 00	
Time: 77828
Current: 3.616531
SOC: 0.839088
total_v: 113.234848	max_v: 4.048200	min_v: 4.038450	avg_v: 4.044102	max-min: 0.009750
C1=4.039500V	C2=4.041150V	C3=4.042650V	C4=4.043550V	C5=4.042350V	C6=4.041300V	C7=4.048200V	C8=4.045800V	C9=4.046850V	C10=4.042950V	C11=4.044000V	C12=4.044600V	C13=4.047150V	C14=4.048050V	C15=4.043250V	C16=4.041750V	C17=4.041900V	C18=4.043100V	C19=4.043550V	C20=4.044600V	C21=4.046400V	C22=4.044000V	C23=4.038450V	C24=4.045200V	C25=4.045500V	C26=4.045650V	C27=4.047150V	C28=4.046250V	
max_temp: 16.774164	min_temp: 13.564356	avg_temp: 14.091599
undervoltage: 0	overvoltage: 0	pec: 0	overtemperature: 0	openwire: 0	openwire_temp: 0
dcc1: 00	dcc2: 00	
Time: 78029
Current: -0.216232
SOC: 0.839089
total_v: 113.235611	max_v: 4.048350	min_v: 4.038450	avg_v: 4.044129	max-min: 0.009900
C1=4.039500V	C2=4.041150V	C3=4.042650V	C4=4.043550V	C5=4.042350V	C6=4.041300V	C7=4.048350V	C8=4.045800V	C9=4.046850V	C10=4.042950V	C11=4.044150V	C12=4.044600V	C13=4.047150V	C14=4.048050V	C15=4.043250V	C16=4.041900V	C17=4.041900V	C18=4.043250V	C19=4.043400V	C20=4.044750V	C21=4.046400V	C22=4.044150V	C23=4.038450V	C24=4.045200V	C25=4.045500V	C26=4.045650V	C27=4.047150V	C28=4.046250V	
max_temp: 16.774164	min_temp: 13.564356	avg_temp: 14.091599
undervoltage: 0	overvoltage: 0	pec: 0	overtemperature: 0	openwire: 0	openwire_temp: 0
dcc1: 00	dcc2: 00	
Time: 78230
Current: -0.216232
SOC: 0.839090
total_v: 113.234543	max_v: 4.048200	min_v: 4.038300	avg_v: 4.044091	max-min: 0.009900
C1=4.039500V	C2=4.041150V	C3=4.042500V	C4=4.043550V	C5=4.042350V	C6=4.041300V	C7=4.048200V	C8=4.045800V	C9=4.046850V	C10=4.042950V	C11=4.044000V	C12=4.044600V	C13=4.047150V	C14=4.048050V	C15=4.043100V	C16=4.041750V	C17=4.041900V	C18=4.043250V	C19=4.043550V	C20=4.044750V	C21=4.046400V	C22=4.044000V	C23=4.038300V	C24=4.045200V	C25=4.045500V	C26=4.045650V	C27=4.047000V	C28=4.046250V	
max_temp: 16.774164	min_temp: 13.564356	avg_temp: 14.091599
undervoltage: 0	overvoltage: 0	pec: 0	overtemperature: 0	openwire: 0	openwire_temp: 0
dcc1: 00	dcc2: 00	
Time: 78431
Current: -0.117950
SOC: 0.839090
total_v: 113.234833	max_v: 4.048200	min_v: 4.038450	avg_v: 4.044101	max-min: 0.009750
C1=4.039500V	C2=4.041000V	C3=4.042650V	C4=4.043550V	C5=4.042350V	C6=4.041300V	C7=4.048200V	C8=4.045800V	C9=4.046850V	C10=4.043100V	C11=4.044000V	C12=4.044600V	C13=4.047150V	C14=4.048050V	C15=4.043100V	C16=4.041750V	C17=4.041900V	C18=4.043100V	C19=4.043550V	C20=4.044750V	C21=4.046400V	C22=4.044000V	C23=4.038450V	C24=4.045200V	C25=4.045500V	C26=4.045650V	C27=4.047150V	C28=4.046250V	
max_temp: 16.774164	min_temp: 13.564356	avg_temp: 14.091599
undervoltage: 0	overvoltage: 0	pec: 0	overtemperature: 0	openwire: 0	openwire_temp: 0
dcc1: 00	dcc2: 00	
Time: 78632
Current: -0.019684
SOC: 0.839090
total_v: 113.234703	max_v: 4.048200	min_v: 4.038450	avg_v: 4.044096	max-min: 0.009750
C1=4.039500V	C2=4.041150V	C3=4.042650V	C4=4.043550V	C5=4.042350V	C6=4.041300V	C7=4.048200V	C8=4.045800V	C9=4.046850V	C10=4.043100V	C11=4.044000V	C12=4.044600V	C13=4.047000V	C14=4.047900V	C15=4.043100V	C16=4.041750V	C17=4.041900V	C18=4.043250V	C19=4.043550V	C20=4.044750V	C21=4.046400V	C22=4.044000V	C23=4.038450V	C24=4.045200V	C25=4.045500V	C26=4.045500V	C27=4.047150V	C28=4.046250V	
max_temp: 16.774164	min_temp: 13.564356	avg_temp: 14.091913
undervoltage: 0	overvoltage: 0	pec: 0	overtemperature: 0	openwire: 0	openwire_temp: 0
dcc1: 00	dcc2: 00	
Time: 78833
Current: -0.117950
SOC: 0.839091
total_v: 113.235138	max_v: 4.048200	min_v: 4.038450	avg_v: 4.044112	max-min: 0.009750
C1=4.039500V	C2=4.041000V	C3=4.042650V	C4=4.043550V	C5=4.042350V	C6=4.041300V	C7=4.048200V	C8=4.045800V	C9=4.046850V	C10=4.042950V	C11=4.044000V	C12=4.044600V	C13=4.047150V	C14=4.048050V	C15=4.043250V	C16=4.041750V	C17=4.041900V	C18=4.043100V	C19=4.043550V	C20=4.044750V	C21=4.046550V	C22=4.044150V	C23=4.038450V	C24=4.045200V	C25=4.045650V	C26=4.045650V	C27=4.047000V	C28=4.046250V	
max_temp: 16.774164	min_temp: 13.564356	avg_temp: 14.091599
undervoltage: 0	overvoltage: 0	pec: 0	overtemperature: 0	openwire: 0	openwire_temp: 0
dcc1: 00	dcc2: 00	
Time: 79034
Current: 0.176865
SOC: 0.839090
total_v: 113.235138	max_v: 4.048350	min_v: 4.038450	avg_v: 4.044112	max-min: 0.009900
C1=4.039500V	C2=4.041000V	C3=4.042650V	C4=4.043550V	C5=4.042350V	C6=4.041300V	C7=4.048350V	C8=4.045800V	C9=4.046850V	C10=4.043100V	C11=4.044000V	C12=4.044600V	C13=4.047150V	C14=4.048050V	C15=4.043250V	C16=4.041750V	C17=4.041900V	C18=4.043250V	C19=4.043550V	C20=4.044750V	C21=4.046400V	C22=4.044000V	C23=4.038450V	C24=4.045200V	C25=4.045500V	C26=4.045650V	C27=4.047000V	C28=4.046250V	
max_temp: 16.774164	min_temp: 13.564356	avg_temp: 14.091913
undervoltage: 0	overvoltage: 0	pec: 0	overtemperature: 0	openwire: 0	openwire_temp: 0
dcc1: 00	dcc2: 00	
Time: 79235
Current: 4.009628
SOC: 0.839074
total_v: 113.235146	max_v: 4.048200	min_v: 4.038450	avg_v: 4.044112	max-min: 0.009750
C1=4.039500V	C2=4.041150V	C3=4.042500V	C4=4.043550V	C5=4.042350V	C6=4.041300V	C7=4.048200V	C8=4.045800V	C9=4.046850V	C10=4.042950V	C11=4.044000V	C12=4.044600V	C13=4.047150V	C14=4.048050V	C15=4.043250V	C16=4.041750V	C17=4.041900V	C18=4.043250V	C19=4.043550V	C20=4.044750V	C21=4.046400V	C22=4.044000V	C23=4.038450V	C24=4.045200V	C25=4.045650V	C26=4.045650V	C27=4.047150V	C28=4.046250V	
max_temp: 16.774164	min_temp: 13.564356	avg_temp: 14.091599
undervoltage: 0	overvoltage: 0	pec: 0	overtemperature: 0	openwire: 0	openwire_temp: 0
dcc1: 00	dcc2: 00	
Time: 79436
Current: 0.471710
SOC: 0.839072
total_v: 113.234528	max_v: 4.048200	min_v: 4.038300	avg_v: 4.044090	max-min: 0.009900
C1=4.039500V	C2=4.041000V	C3=4.042650V	C4=4.043550V	C5=4.042350V	C6=4.041300V	C7=4.048200V	C8=4.045800V	C9=4.046850V	C10=4.043100V	C11=4.044000V	C12=4.044600V	C13=4.047150V	C14=4.048050V	C15=4.043100V	C16=4.041750V	C17=4.041900V	C18=4.043100V	C19=4.043550V	C20=4.044600V	C21=4.046400V	C22=4.044000V	C23=4.038300V	C24=4.045200V	C25=4.045650V	C26=4.045650V	C27=4.047000V	C28=4.046250V	
max_temp: 16.774164	min_temp: 13.564356	avg_temp: 14.091913
undervoltage: 0	overvoltage: 0	pec: 0	overtemperature: 0	openwire: 0	openwire_temp: 0
dcc1: 00	dcc2: 00	
Time: 79637
Current: -0.117950
SOC: 0.839072
total_v: 113.234688	max_v: 4.048200	min_v: 4.038450	avg_v: 4.044096	max-min: 0.009750
C1=4.039500V	C2=4.041000V	C3=4.042500V	C4=4.043400V	C5=4.042350V	C6=4.041300V	C7=4.048200V	C8=4.045800V	C9=4.046850V	C10=4.043100V	C11=4.044000V	C12=4.044600V	C13=4.047150V	C14=4.047900V	C15=4.043100V	C16=4.041900V	C17=4.041900V	C18=4.043250V	C19=4.043550V	C20=4.044750V	C21=4.046400V	C22=4.044000V	C23=4.038450V	C24=4.045200V	C25=4.045650V	C26=4.045650V	C27=4.047000V	C28=4.046250V	
max_temp: 16.774164	min_temp: 13.564356	avg_temp: 14.091599
undervoltage: 0	overvoltage: 0	pec: 0	overtemperature: 0	openwire: 0	openwire_temp: 0
dcc1: 00	dcc2: 00	
Time: 79838
Current: -0.216232
SOC: 0.839073
total_v: 113.234688	max_v: 4.048200	min_v: 4.038450	avg_v: 4.044096	max-min: 0.009750
C1=4.039500V	C2=4.041000V	C3=4.042650V	C4=4.043550V	C5=4.042350V	C6=4.041300V	C7=4.048200V	C8=4.045800V	C9=4.046700V	C10=4.043100V	C11=4.044000V	C12=4.044600V	C13=4.047150V	C14=4.048050V	C15=4.043100V	C16=4.041750V	C17=4.041900V	C18=4.043100V	C19=4.043550V	C20=4.044750V	C21=4.046400V	C22=4.044000V	C23=4.038450V	C24=4.045200V	C25=4.045650V	C26=4.045650V	C27=4.047000V	C28=4.046250V	
max_temp: 16.774164	min_temp: 13.564356	avg_temp: 14.091913
undervoltage: 0	overvoltage: 0	pec: 0	overtemperature: 0	openwire: 0	openwire_temp: 0
dcc1: 00	dcc2: 00	
Time: 80039
Current: -0.117950
SOC: 0.839074
total_v: 113.234383	max_v: 4.048350	min_v: 4.038300	avg_v: 4.044085	max-min: 0.010050
C1=4.039500V	C2=4.041000V	C3=4.042650V	C4=4.043550V	C5=4.042350V	C6=4.041300V	C7=4.048350V	C8=4.045800V	C9=4.046700V	C10=4.042950V	C11=4.044000V	C12=4.044600V	C13=4.047150V	C14=4.047900V	C15=4.043250V	C16=4.041750V	C17=4.041900V	C18=4.043100V	C19=4.043550V	C20=4.044750V	C21=4.046400V	C22=4.044000V	C23=4.038300V	C24=4.045200V	C25=4.045650V	C26=4.045650V	C27=4.047000V	C28=4.046100V	
max_temp: 16.774164	min_temp: 13.564356	avg_temp: 14.091913
undervoltage: 0	overvoltage: 0	pec: 0	overtemperature: 0	openwire: 0	openwire_temp: 0
dcc1: 00	dcc2: 00	
Time: 80240
Current: -0.117950
SOC: 0.839074
total_v: 113.235001	max_v: 4.048200	min_v: 4.038450	avg_v: 4.044107	max-min: 0.009750
C1=4.039500V	C2=4.041150V	C3=4.042500V	C4=4.043550V	C5=4.042350V	C6=4.041300V	C7=4.048200V	C8=4.045800V	C9=4.046850V	C10=4.042950V	C11=4.044000V	C12=4.044600V	C13=4.047150V	C14=4.048050V	C15=4.043250V	C16=4.041750V	C17=4.041900V	C18=4.043250V	C19=4.043550V	C20=4.044750V	C21=4.046400V	C22=4.044000V	C23=4.038450V	C24=4.045200V	C25=4.045500V	C26=4.045650V	C27=4.047150V	C28=4.046250V	
max_temp: 16.774164	min_temp: 13.564356	avg_temp: 14.091913
undervoltage: 0	overvoltage: 0	pec: 0	overtemperature: 0	openwire: 0	openwire_temp: 0
dcc1: 00	dcc2: 00	
Time: 80441
Current: 0.766541
SOC: 0.839071
total_v: 113.234840	max_v: 4.048200	min_v: 4.038450	avg_v: 4.044101	max-min: 0.009750
C1=4.039500V	C2=4.041150V	C3=4.042650V	C4=4.043400V	C5=4.042350V	C6=4.041300V	C7=4.048200V	C8=4.045800V	C9=4.046850V	C10=4.042950V	C11=4.044150V	C12=4.044600V	C13=4.047150V	C14=4.047900V	C15=4.043100V	C16=4.041750V	C17=4.041900V	C18=4.043250V	C19=4.043550V	C20=4.044600V	C21=4.046400V	C22=4.044000V	C23=4.038450V	C24=4.045200V	C25=4.045650V	C26=4.045650V	C27=4.047150V	C28=4.046250V	
max_temp: 16.774164	min_temp: 13.564356	avg_temp: 14.091913
undervoltage: 0	overvoltage: 0	pec: 0	overtemperature: 0	openwire: 0	openwire_temp: 0
dcc1: 00	dcc2: 00	
Time: 80642
Current: -0.117950
SOC: 0.839071
total_v: 113.234985	max_v: 4.048200	min_v: 4.038450	avg_v: 4.044106	max-min: 0.009750
C1=4.039500V	C2=4.041150V	C3=4.042650V	C4=4.043550V	C5=4.042350V	C6=4.041300V	C7=4.048200V	C8=4.045800V	C9=4.046850V	C10=4.043100V	C11=4.044000V	C12=4.044600V	C13=4.047000V	C14=4.048050V	C15=4.043100V	C16=4.041750V	C17=4.041900V	C18=4.043100V	C19=4.043550V	C20=4.044750V	C21=4.046550V	C22=4.044000V	C23=4.038450V	C24=4.045200V	C25=4.045650V	C26=4.045650V	C27=4.047000V	C28=4.046250V	
max_temp: 16.774164	min_temp: 13.564356	avg_temp: 14.091913
undervoltage: 0	overvoltage: 0	pec: 0	overtemperature: 0	openwire: 0	openwire_temp: 0
dcc1: 00	dcc2: 00	
Time: 80843
Current: -0.117950
SOC: 0.839072
total_v: 113.234985	max_v: 4.048200	min_v: 4.038450	avg_v: 4.044106	max-min: 0.009750
C1=4.039500V	C2=4.041150V	C3=4.042650V	C4=4.043550V	C5=4.042350V	C6=4.041300V	C7=4.048200V	C8=4.045800V	C9=4.046850V	C10=4.042950V	C11=4.044000V	C12=4.044600V	C13=4.047150V	C14=4.048050V	C15=4.043250V	C16=4.041900V	C17=4.041900V	C18=4.043100V	C19=4.043550V	C20=4.044600V	C21=4.046400V	C22=4.044000V	C23=4.038450V	C24=4.045200V	C25=4.045650V	C26=4.045650V	C27=4.047000V	C28=4.046250V	
max_temp: 16.774164	min_temp: 13.564356	avg_temp: 14.092543
undervoltage: 0	overvoltage: 0	pec: 0	overtemperature: 0	openwire: 0	openwire_temp: 0
dcc1: 00	dcc2: 00	
Time: 81044
Current: -0.117950
SOC: 0.839072
total_v: 113.234993	max_v: 4.048200	min_v: 4.038450	avg_v: 4.044107	max-min: 0.009750
C1=4.039500V	C2=4.041150V	C3=4.042650V	C4=4.043550V	C5=4.042350V	C6=4.041300V	C7=4.048200V	C8=4.045800V	C9=4.046850V	C10=4.042950V	C11=4.044000V	C12=4.044600V	C13=4.047150V	C14=4.047900V	C15=4.043250V	C16=4.041750V	C17=4.041900V	C18=4.043250V	C19=4.043550V	C20=4.044750V	C21=4.046550V	C22=4.044000V	C23=4.038450V	C24=4.045200V	C25=4.045500V	C26=4.045650V	C27=4.047000V	C28=4.046250V	
max_temp: 16.774164	min_temp: 13.564356	avg_temp: 14.092543
undervoltage: 0	overvoltage: 0	pec: 0	overtemperature: 0	openwire: 0	openwire_temp: 0
dcc1: 00	dcc2: 00	
Time: 81245
Current: -0.117950
SOC: 0.839073
total_v: 113.234680	max_v: 4.048200	min_v: 4.038300	avg_v: 4.044096	max-min: 0.009900
C1=4.039500V	C2=4.041000V	C3=4.042500V	C4=4.043550V	C5=4.042350V	C6=4.041300V	C7=4.048200V	C8=4.045800V	C9=4.046700V	C10=4.042950V	C11=4.044000V	C12=4.044600V	C13=4.047150V	C14=4.048050V	C15=4.043250V	C16=4.041750V	C17=4.041900V	C18=4.043250V	C19=4.043550V	C20=4.044750V	C21=4.046550V	C22=4.044000V	C23=4.038300V	C24=4.045200V	C25=4.045650V	C26=4.045650V	C27=4.047000V	C28=4.046250V	
max_temp: 16.774164	min_temp: 13.564356	avg_temp: 14.092228
undervoltage: 0	overvoltage: 0	pec: 0	overtemperature: 0	openwire: 0	openwire_temp: 0
dcc1: 00	dcc2: 00	
Time: 81446
Current: -0.117950
SOC: 0.839073
total_v: 113.235146	max_v: 4.048200	min_v: 4.038450	avg_v: 4.044112	max-min: 0.009750
C1=4.039500V	C2=4.041000V	C3=4.042650V	C4=4.043550V	C5=4.042350V	C6=4.041450V	C7=4.048200V	C8=4.045800V	C9=4.046850V	C10=4.042950V	C11=4.044000V	C12=4.044600V	C13=4.047150V	C14=4.047900V	C15=4.043100V	C16=4.041900V	C17=4.041900V	C18=4.043250V	C19=4.043550V	C20=4.044750V	C21=4.046400V	C22=4.044000V	C23=4.038450V	C24=4.045200V	C25=4.045650V	C26=4.045650V	C27=4.047150V	C28=4.046250V	
max_temp: 16.774164	min_temp: 13.564356	avg_temp: 14.091913
undervoltage: 0	overvoltage: 0	pec: 0	overtemperature: 0	openwire: 0	openwire_temp: 0
dcc1: 00	dcc2: 00	
Time: 81647
Current: 0.078598
SOC: 0.839073
total_v: 113.234840	max_v: 4.048200	min_v: 4.038450	avg_v: 4.044101	max-min: 0.009750
C1=4.039500V	C2=4.041000V	C3=4.042650V	C4=4.043550V	C5=4.042350V	C6=4.041300V	C7=4.048200V	C8=4.045800V	C9=4.046850V	C10=4.042950V	C11=4.044150V	C12=4.044600V	C13=4.047150V	C14=4.048050V	C15=4.043100V	C16=4.041750V	C17=4.041900V	C18=4.043100V	C19=4.043550V	C20=4.044750V	C21=4.046400V	C22=4.044000V	C23=4.038450V	C24=4.045200V	C25=4.045650V	C26=4.045650V	C27=4.047150V	C28=4.046100V	
max_temp: 16.774164	min_temp: 13.564356	avg_temp: 14.092228
undervoltage: 0	overvoltage: 0	pec: 0	overtemperature: 0	openwire: 0	openwire_temp: 0
dcc1: 00	dcc2: 00	
Time: 81848
Current: -0.216232
SOC: 0.839074
total_v: 113.235146	max_v: 4.048350	min_v: 4.038450	avg_v: 4.044112	max-min: 0.009900
C1=4.039500V	C2=4.041150V	C3=4.042650V	C4=4.043400V	C5=4.042350V	C6=4.041300V	C7=4.048350V	C8=4.045800V	C9=4.046850V	C10=4.042950V	C11=4.044000V	C12=4.044600V	C13=4.047150V	C14=4.048050V	C15=4.043100V	C16=4.041750V	C17=4.041900V	C18=4.043250V	C19=4.043550V	C20=4.044750V	C21=4.046400V	C22=4.044150V	C23=4.038450V	C24=4.045200V	C25=4.045650V	C26=4.045650V	C27=4.047000V	C28=4.046250V	
max_temp: 16.774164	min_temp: 13.564356	avg_temp: 14.091913
undervoltage: 0	overvoltage: 0	pec: 0	overtemperature: 0	openwire: 0	openwire_temp: 0
dcc1: 00	dcc2: 00	
Time: 82049
Current: -0.216232
SOC: 0.839075
total_v: 113.235298	max_v: 4.048350	min_v: 4.038450	avg_v: 4.044118	max-min: 0.009900
C1=4.039500V	C2=4.041150V	C3=4.042500V	C4=4.043550V	C5=4.042350V	C6=4.041300V	C7=4.048350V	C8=4.045800V	C9=4.046850V	C10=4.042950V	C11=4.044150V	C12=4.044600V	C13=4.047150V	C14=4.048050V	C15=4.043100V	C16=4.041750V	C17=4.041900V	C18=4.043250V	C19=4.043550V	C20=4.044750V	C21=4.046400V	C22=4.044000V	C23=4.038450V	C24=4.045200V	C25=4.045650V	C26=4.045650V	C27=4.047150V	C28=4.046250V	
max_temp: 16.774164	min_temp: 13.564356	avg_temp: 14.092543
undervoltage: 0	overvoltage: 0	pec: 0	overtemperature: 0	openwire: 0	openwire_temp: 0
dcc1: 00	dcc2: 00	
Time: 82250
Current: -0.117950
SOC: 0.839075
total_v: 113.234695	max_v: 4.048200	min_v: 4.038450	avg_v: 4.044096	max-min: 0.009750
C1=4.039500V	C2=4.041000V	C3=4.042500V	C4=4.043550V	C5=4.042350V	C6=4.041300V	C7=4.048200V	C8=4.045800V	C9=4.046850V	C10=4.042950V	C11=4.044000V	C12=4.044600V	C13=4.047150V	C14=4.047900V	C15=4.043250V	C16=4.041900V	C17=4.041900V	C18=4.043250V	C19=4.043550V	C20=4.044750V	C21=4.046400V	C22=4.044000V	C23=4.038450V	C24=4.045200V	C25=4.045500V	C26=4.045650V	C27=4.047000V	C28=4.046250V	
max_temp: 16.774164	min_temp: 13.564356	avg_temp: 14.092543
undervoltage: 0	overvoltage: 0	pec: 0	overtemperature: 0	openwire: 0	openwire_temp: 0
dcc1: 00	dcc2: 00	
Time: 82451
Current: -0.216232
SOC: 0.839076
total_v: 113.235298	max_v: 4.048200	min_v: 4.038450	avg_v: 4.044118	max-min: 0.009750
C1=4.039500V	C2=4.041000V	C3=4.042650V	C4=4.043550V	C5=4.042350V	C6=4.041300V	C7=4.048200V	C8=4.045800V	C9=4.046850V	C10=4.042950V	C11=4.044150V	C12=4.044600V	C13=4.047150V	C14=4.047900V	C15=4.043250V	C16=4.041750V	C17=4.041900V	C18=4.043250V	C19=4.043550V	C20=4.044750V	C21=4.046400V	C22=4.044150V	C23=4.038450V	C24=4.045200V	C25=4.045650V	C26=4.045800V	C27=4.047000V	C28=4.046250V	
max_temp: 16.774164	min_temp: 13.564356	avg_temp: 14.092857
undervoltage: 0	overvoltage: 0	pec: 0	overtemperature: 0	openwire: 0	openwire_temp: 0
dcc1: 00	dcc2: 00	
Time: 82652
Current: 0.963089
SOC: 0.839072
total_v: 113.234703	max_v: 4.048200	min_v: 4.038300	avg_v: 4.044096	max-min: 0.009900
C1=4.039650V	C2=4.041150V	C3=4.042500V	C4=4.043550V	C5=4.042350V	C6=4.041300V	C7=4.048200V	C8=4.045800V	C9=4.046850V	C10=4.043100V	C11=4.044000V	C12=4.044600V	C13=4.047150V	C14=4.047900V	C15=4.043250V	C16=4.041750V	C17=4.041900V	C18=4.043250V	C19=4.043550V	C20=4.044750V	C21=4.046400V	C22=4.044000V	C23=4.038300V	C24=4.045050V	C25=4.045500V	C26=4.045650V	C27=4.047000V	C28=4.046250V	
max_temp: 16.774164	min_temp: 13.564356	avg_temp: 14.092543
undervoltage: 0	overvoltage: 0	pec: 0	overtemperature: 0	openwire: 0	openwire_temp: 0
dcc1: 00	dcc2: 00	
Time: 82853
Current: -0.117950
SOC: 0.839073
total_v: 113.234848	max_v: 4.048200	min_v: 4.038300	avg_v: 4.044102	max-min: 0.009900
C1=4.039500V	C2=4.041150V	C3=4.042650V	C4=4.043550V	C5=4.042350V	C6=4.041300V	C7=4.048200V	C8=4.045800V	C9=4.046850V	C10=4.042950V	C11=4.044000V	C12=4.044600V	C13=4.047150V	C14=4.048050V	C15=4.043250V	C16=4.041750V	C17=4.041900V	C18=4.043250V	C19=4.043550V	C20=4.044750V	C21=4.046400V	C22=4.044000V	C23=4.038300V	C24=4.045200V	C25=4.045500V	C26=4.045650V	C27=4.047000V	C28=4.046250V	
max_temp: 16.774164	min_temp: 13.564356	avg_temp: 14.092857
undervoltage: 0	overvoltage: 0	pec: 0	overtemperature: 0	openwire: 0	openwire_temp: 0
dcc1: 00	dcc2: 00	
Time: 83054
Current: -0.117950
SOC: 0.839073
total_v: 113.234840	max_v: 4.048200	min_v: 4.038300	avg_v: 4.044101	max-min: 0.009900
C1=4.039650V	C2=4.041000V	C3=4.042650V	C4=4.043550V	C5=4.042350V	C6=4.041300V	C7=4.048200V	C8=4.045800V	C9=4.046850V	C10=4.042950V	C11=4.044000V	C12=4.044600V	C13=4.047150V	C14=4.048050V	C15=4.043100V	C16=4.041900V	C17=4.041900V	C18=4.043250V	C19=4.043550V	C20=4.044600V	C21=4.046400V	C22=4.044150V	C23=4.038300V	C24=4.045200V	C25=4.045500V	C26=4.045650V	C27=4.047000V	C28=4.046250V	
max_temp: 16.769129	min_temp: 13.564356	avg_temp: 14.092543
undervoltage: 0	overvoltage: 0	pec: 0	overtemperature: 0	openwire: 0	openwire_temp: 0
dcc1: 00	dcc2: 00	
Time: 83255
Current: -0.216232
SOC: 0.839074
total_v: 113.234985	max_v: 4.048200	min_v: 4.038300	avg_v: 4.044106	max-min: 0.009900
C1=4.039500V	C2=4.041150V	C3=4.042500V	C4=4.043550V	C5=4.042350V	C6=4.041300V	C7=4.048200V	C8=4.045800V	C9=4.046850V	C10=4.043100V	C11=4.044000V	C12=4.044600V	C13=4.047150V	C14=4.048050V	C15=4.043250V	C16=4.041900V	C17=4.041900V	C18=4.043250V	C19=4.043550V	C20=4.044750V	C21=4.046400V	C22=4.044000V	C23=4.038300V	C24=4.045200V	C25=4.045500V	C26=4.045650V	C27=4.047000V	C28=4.046250V	
max_temp: 16.769129	min_temp: 13.564356	avg_temp: 14.092857
undervoltage: 0	overvoltage: 0	pec: 0	overtemperature: 0	openwire: 0	openwire_temp: 0
dcc1: 00	dcc2: 00	
Time: 83456
Current: 0.668259
SOC: 0.839071
total_v: 113.234535	max_v: 4.048200	min_v: 4.038450	avg_v: 4.044091	max-min: 0.009750
C1=4.039500V	C2=4.041000V	C3=4.042650V	C4=4.043550V	C5=4.042350V	C6=4.041300V	C7=4.048200V	C8=4.045800V	C9=4.046850V	C10=4.042950V	C11=4.044000V	C12=4.044450V	C13=4.047150V	C14=4.047900V	C15=4.043250V	C16=4.041750V	C17=4.041900V	C18=4.043100V	C19=4.043550V	C20=4.044750V	C21=4.046400V	C22=4.044000V	C23=4.038450V	C24=4.045200V	C25=4.045650V	C26=4.045650V	C27=4.047000V	C28=4.046250V	
max_temp: 16.769129	min_temp: 13.564356	avg_temp: 14.093172
undervoltage: 0	overvoltage: 0	pec: 0	overtemperature: 0	openwire: 0	openwire_temp: 0
dcc1: 00	dcc2: 00	
Time: 83657
Current: 1.552734
SOC: 0.839065
total_v: 113.235001	max_v: 4.048350	min_v: 4.038450	avg_v: 4.044107	max-min: 0.009900
C1=4.039500V	C2=4.041150V	C3=4.042650V	C4=4.043550V	C5=4.042350V	C6=4.041300V	C7=4.048350V	C8=4.045800V	C9=4.046850V	C10=4.042950V	C11=4.044000V	C12=4.044600V	C13=4.047150V	C14=4.047900V	C15=4.043250V	C16=4.041750V	C17=4.041900V	C18=4.043250V	C19=4.043550V	C20=4.044750V	C21=4.046400V	C22=4.044000V	C23=4.038450V	C24=4.045200V	C25=4.045500V	C26=4.045650V	C27=4.047000V	C28=4.046250V	
max_temp: 16.769129	min_temp: 13.564356	avg_temp: 14.091913
undervoltage: 0	overvoltage: 0	pec: 0	overtemperature: 0	openwire: 0	openwire_temp: 0
dcc1: 00	dcc2: 00	
Time: 83858
Current: -0.117950
SOC: 0.839065
total_v: 113.235435	max_v: 4.048350	min_v: 4.038450	avg_v: 4.044123	max-min: 0.009900
C1=4.039500V	C2=4.041000V	C3=4.042650V	C4=4.043550V	C5=4.042350V	C6=4.041300V	C7=4.048350V	C8=4.045800V	C9=4.046850V	C10=4.043100V	C11=4.044000V	C12=4.044600V	C13=4.047150V	C14=4.048050V	C15=4.043250V	C16=4.041750V	C17=4.041900V	C18=4.043250V	C19=4.043550V	C20=4.044750V	C21=4.046400V	C22=4.044000V	C23=4.038450V	C24=4.045200V	C25=4.045650V	C26=4.045650V	C27=4.047150V	C28=4.046250V	
max_temp: 16.769129	min_temp: 13.564356	avg_temp: 14.093172
undervoltage: 0	overvoltage: 0	pec: 0	overtemperature: 0	openwire: 0	openwire_temp: 0
dcc1: 00	dcc2: 00	
Time: 84059
Current: -0.216232
SOC: 0.839066
total_v: 113.235146	max_v: 4.048200	min_v: 4.038450	avg_v: 4.044112	max-min: 0.009750
C1=4.039500V	C2=4.041150V	C3=4.042650V	C4=4.043550V	C5=4.042350V	C6=4.041300V	C7=4.048200V	C8=4.045800V	C9=4.046850V	C10=4.042950V	C11=4.044000V	C12=4.044600V	C13=4.047150V	C14=4.048050V	C15=4.043250V	C16=4.041750V	C17=4.041900V	C18=4.043250V	C19=4.043550V	C20=4.044600V	C21=4.046400V	C22=4.044000V	C23=4.038450V	C24=4.045200V	C25=4.045650V	C26=4.045650V	C27=4.047150V	C28=4.046250V	
max_temp: 16.769129	min_temp: 13.564356	avg_temp: 14.091913
undervoltage: 0	overvoltage: 0	pec: 0	overtemperature: 0	openwire: 0	openwire_temp: 0
dcc1: 00	dcc2: 00	
Time: 84260
Current: 0.176865
SOC: 0.839065
total_v: 113.234680	max_v: 4.048200	min_v: 4.038300	avg_v: 4.044096	max-min: 0.009900
C1=4.039650V	C2=4.041000V	C3=4.042650V	C4=4.043550V	C5=4.042350V	C6=4.041300V	C7=4.048200V	C8=4.045800V	C9=4.046850V	C10=4.042950V	C11=4.044000V	C12=4.044600V	C13=4.047300V	C14=4.047900V	C15=4.043100V	C16=4.041900V	C17=4.041900V	C18=4.043100V	C19=4.043550V	C20=4.044600V	C21=4.046400V	C22=4.044000V	C23=4.038300V	C24=4.045200V	C25=4.045650V	C26=4.045650V	C27=4.047000V	C28=4.046250V	
max_temp: 16.769129	min_temp: 13.564356	avg_temp: 14.092543
undervoltage: 0	overvoltage: 0	pec: 0	overtemperature: 0	openwire: 0	openwire_temp: 0
dcc1: 00	dcc2: 00	
Time: 84461
Current: -0.117950
SOC: 0.839066
total_v: 113.234833	max_v: 4.048200	min_v: 4.038450	avg_v: 4.044101	max-min: 0.009750
C1=4.039500V	C2=4.041000V	C3=4.042650V	C4=4.043400V	C5=4.042350V	C6=4.041300V	C7=4.048200V	C8=4.045800V	C9=4.046850V	C10=4.042950V	C11=4.044000V	C12=4.044600V	C13=4.047150V	C14=4.047900V	C15=4.043250V	C16=4.041750V	C17=4.041900V	C18=4.043250V	C19=4.043550V	C20=4.044750V	C21=4.046550V	C22=4.044000V	C23=4.038450V	C24=4.045200V	C25=4.045650V	C26=4.045650V	C27=4.047000V	C28=4.046250V	
max_temp: 16.769129	min_temp: 13.564356	avg_temp: 14.092228
undervoltage: 0	overvoltage: 0	pec: 0	overtemperature: 0	openwire: 0	openwire_temp: 0
dcc1: 00	dcc2: 00	
Time: 84662
Current: 0.078598
SOC: 0.839066
total_v: 113.234695	max_v: 4.048200	min_v: 4.038450	avg_v: 4.044096	max-min: 0.009750
C1=4.039500V	C2=4.041000V	C3=4.042650V	C4=4.043550V	C5=4.042350V	C6=4.041300V	C7=4.048200V	C8=4.045800V	C9=4.046850V	C10=4.042950V	C11=4.044000V	C12=4.044600V	C13=4.047150V	C14=4.047900V	C15=4.043100V	C16=4.041750V	C17=4.041900V	C18=4.043250V	C19=4.043550V	C20=4.044750V	C21=4.046400V	C22=4.044000V	C23=4.038450V	C24=4.045200V	C25=4.045500V	C26=4.045650V	C27=4.047150V	C28=4.046250V	
max_temp: 16.769129	min_temp: 13.564356	avg_temp: 14.092228
undervoltage: 0	overvoltage: 0	pec: 0	overtemperature: 0	openwire: 0	openwire_temp: 0
dcc1: 00	dcc2: 00	
Time: 84863
Current: -0.216232
SOC: 0.839067
total_v: 113.235001	max_v: 4.048350	min_v: 4.038450	avg_v: 4.044107	max-min: 0.009900
C1=4.039650V	C2=4.041000V	C3=4.042500V	C4=4.043550V	C5=4.042350V	C6=4.041300V	C7=4.048350V	C8=4.045800V	C9=4.046850V	C10=4.042950V	C11=4.044000V	C12=4.044600V	C13=4.047150V	C14=4.048050V	C15=4.043100V	C16=4.041750V	C17=4.041900V	C18=4.043250V	C19=4.043550V	C20=4.044750V	C21=4.046400V	C22=4.044000V	C23=4.038450V	C24=4.045200V	C25=4.045500V	C26=4.045650V	C27=4.047150V	C28=4.046250V	
max_temp: 16.769129	min_temp: 13.564356	avg_temp: 14.092857
undervoltage: 0	overvoltage: 0	pec: 0	overtemperature: 0	openwire: 0	openwire_temp: 0
dcc1: 00	dcc2: 00	
Time: 85064
Current: -0.117950
SOC: 0.839067
total_v: 113.234528	max_v: 4.048200	min_v: 4.038450	avg_v: 4.044090	max-min: 0.009750
C1=4.039500V	C2=4.041000V	C3=4.042650V	C4=4.043550V	C5=4.042350V	C6=4.041300V	C7=4.048200V	C8=4.045800V	C9=4.046850V	C10=4.042950V	C11=4.044000V	C12=4.044600V	C13=4.047150V	C14=4.047900V	C15=4.043100V	C16=4.041750V	C17=4.041900V	C18=4.043100V	C19=4.043550V	C20=4.044600V	C21=4.046550V	C22=4.044000V	C23=4.038450V	C24=4.045200V	C25=4.045650V	C26=4.045650V	C27=4.047000V	C28=4.046250V	
max_temp: 16.769129	min_temp: 13.569391	avg_temp: 14.093801
undervoltage: 0	overvoltage: 0	pec: 0	overtemperature: 0	openwire: 0	openwire_temp: 0
dcc1: 00	dcc2: 00	
Time: 85265
Current: 2.928604
SOC: 0.839055
total_v: 113.234993	max_v: 4.048200	min_v: 4.038450	avg_v: 4.044107	max-min: 0.009750
C1=4.039500V	C2=4.041000V	C3=4.042500V	C4=4.043550V	C5=4.042500V	C6=4.041300V	C7=4.048200V	C8=4.045800V	C9=4.046850V	C10=4.042950V	C11=4.044000V	C12=4.044600V	C13=4.047150V	C14=4.047900V	C15=4.043250V	C16=4.041900V	C17=4.041900V	C18=4.043250V	C19=4.043550V	C20=4.044750V	C21=4.046400V	C22=4.044000V	C23=4.038450V	C24=4.045200V	C25=4.045650V	C26=4.045650V	C27=4.047000V	C28=4.046250V	
max_temp: 16.769129	min_temp: 13.564356	avg_temp: 14.092228
undervoltage: 0	overvoltage: 0	pec: 0	overtemperature: 0	openwire: 0	openwire_temp: 0
dcc1: 00	dcc2: 00	
Time: 85466
Current: -0.117950
SOC: 0.839055
total_v: 113.234848	max_v: 4.048200	min_v: 4.038450	avg_v: 4.044102	max-min: 0.009750
C1=4.039500V	C2=4.041000V	C3=4.042650V	C4=4.043550V	C5=4.042350V	C6=4.041300V	C7=4.048200V	C8=4.045800V	C9=4.046700V	C10=4.042950V	C11=4.044000V	C12=4.044600V	C13=4.047150V	C14=4.047900V	C15=4.043250V	C16=4.041900V	C17=4.041900V	C18=4.043250V	C19=4.043550V	C20=4.044750V	C21=4.046400V	C22=4.044000V	C23=4.038450V	C24=4.045200V	C25=4.045500V	C26=4.045650V	C27=4.047150V	C28=4.046250V	
max_temp: 16.769129	min_temp: 13.569391	avg_temp: 14.093172
undervoltage: 0	overvoltage: 0	pec: 0	overtemperature: 0	openwire: 0	openwire_temp: 0
dcc1: 00	dcc2: 00	
Time: 85667
Current: -0.117950
SOC: 0.839056
total_v: 113.234695	max_v: 4.048200	min_v: 4.038300	avg_v: 4.044096	max-min: 0.009900
C1=4.039500V	C2=4.041150V	C3=4.042650V	C4=4.043550V	C5=4.042350V	C6=4.041300V	C7=4.048200V	C8=4.045800V	C9=4.046850V	C10=4.042950V	C11=4.044000V	C12=4.044600V	C13=4.047150V	C14=4.047900V	C15=4.043100V	C16=4.041750V	C17=4.041900V	C18=4.043250V	C19=4.043550V	C20=4.044750V	C21=4.046400V	C22=4.044000V	C23=4.038300V	C24=4.045200V	C25=4.045500V	C26=4.045650V	C27=4.047150V	C28=4.046250V	
max_temp: 16.769129	min_temp: 13.564356	avg_temp: 14.093172
undervoltage: 0	overvoltage: 0	pec: 0	overtemperature: 0	openwire: 0	openwire_temp: 0
dcc1: 00	dcc2: 00	
Time: 85868
Current: 2.732056
SOC: 0.839045
total_v: 113.234535	max_v: 4.048200	min_v: 4.038450	avg_v: 4.044091	max-min: 0.009750
C1=4.039500V	C2=4.041150V	C3=4.042650V	C4=4.043550V	C5=4.042350V	C6=4.041300V	C7=4.048200V	C8=4.045800V	C9=4.046850V	C10=4.042950V	C11=4.044000V	C12=4.044600V	C13=4.047150V	C14=4.047900V	C15=4.043100V	C16=4.041750V	C17=4.041900V	C18=4.043100V	C19=4.043400V	C20=4.044600V	C21=4.046400V	C22=4.044000V	C23=4.038450V	C24=4.045200V	C25=4.045650V	C26=4.045650V	C27=4.047150V	C28=4.046250V	
max_temp: 16.769129	min_temp: 13.564356	avg_temp: 14.093172
undervoltage: 0	overvoltage: 0	pec: 0	overtemperature: 0	openwire: 0	openwire_temp: 0
dcc1: 00	dcc2: 00	
Time: 86069
Current: -0.117950
SOC: 0.839045
total_v: 113.234695	max_v: 4.048200	min_v: 4.038450	avg_v: 4.044096	max-min: 0.009750
C1=4.039500V	C2=4.041150V	C3=4.042650V	C4=4.043550V	C5=4.042350V	C6=4.041300V	C7=4.048200V	C8=4.045800V	C9=4.046850V	C10=4.042950V	C11=4.044000V	C12=4.044600V	C13=4.047150V	C14=4.047900V	C15=4.043250V	C16=4.041750V	C17=4.041750V	C18=4.043100V	C19=4.043550V	C20=4.044750V	C21=4.046400V	C22=4.044000V	C23=4.038450V	C24=4.045200V	C25=4.045500V	C26=4.045650V	C27=4.047150V	C28=4.046250V	
max_temp: 16.769129	min_temp: 13.564356	avg_temp: 14.092228
undervoltage: 0	overvoltage: 0	pec: 0	overtemperature: 0	openwire: 0	openwire_temp: 0
dcc1: 00	dcc2: 00	
Time: 86270
Current: -0.117950
SOC: 0.839045
total_v: 113.235001	max_v: 4.048200	min_v: 4.038450	avg_v: 4.044107	max-min: 0.009750
C1=4.039500V	C2=4.041150V	C3=4.042500V	C4=4.043550V	C5=4.042350V	C6=4.041450V	C7=4.048200V	C8=4.045800V	C9=4.046850V	C10=4.043100V	C11=4.044150V	C12=4.044600V	C13=4.047150V	C14=4.047900V	C15=4.043100V	C16=4.041750V	C17=4.041900V	C18=4.043250V	C19=4.043550V	C20=4.044750V	C21=4.046400V	C22=4.044000V	C23=4.038450V	C24=4.045200V	C25=4.045500V	C26=4.045650V	C27=4.047000V	C28=4.046250V	
max_temp: 16.769129	min_temp: 13.564356	avg_temp: 14.093801
undervoltage: 0	overvoltage: 0	pec: 0	overtemperature: 0	openwire: 0	openwire_temp: 0
dcc1: 00	dcc2: 00	
Time: 86471
Current: 1.159637
SOC: 0.839041
total_v: 113.235138	max_v: 4.048200	min_v: 4.038300	avg_v: 4.044112	max-min: 0.009900
C1=4.039500V	C2=4.041000V	C3=4.042650V	C4=4.043550V	C5=4.042350V	C6=4.041300V	C7=4.048200V	C8=4.045650V	C9=4.046850V	C10=4.043100V	C11=4.044000V	C12=4.044600V	C13=4.047150V	C14=4.047900V	C15=4.043250V	C16=4.041900V	C17=4.041900V	C18=4.043100V	C19=4.043550V	C20=4.044750V	C21=4.046550V	C22=4.044150V	C23=4.038300V	C24=4.045200V	C25=4.045650V	C26=4.045650V	C27=4.047150V	C28=4.046250V	
max_temp: 16.769129	min_temp: 13.564356	avg_temp: 14.093487
undervoltage: 0	overvoltage: 0	pec: 0	overtemperature: 0	openwire: 0	openwire_temp: 0
dcc1: 00	dcc2: 00	
Time: 86672
Current: -0.216232
SOC: 0.839042
total_v: 113.235130	max_v: 4.048350	min_v: 4.038450	avg_v: 4.044112	max-min: 0.009900
C1=4.039500V	C2=4.041150V	C3=4.042500V	C4=4.043550V	C5=4.042350V	C6=4.041300V	C7=4.048350V	C8=4.045800V	C9=4.046850V	C10=4.042950V	C11=4.044000V	C12=4.044600V	C13=4.047150V	C14=4.048050V	C15=4.043100V	C16=4.041900V	C17=4.041900V	C18=4.043250V	C19=4.043550V	C20=4.044750V	C21=4.046550V	C22=4.044000V	C23=4.038450V	C24=4.045200V	C25=4.045500V	C26=4.045650V	C27=4.047000V	C28=4.046250V	
max_temp: 16.769129	min_temp: 13.564356	avg_temp: 14.092857
undervoltage: 0	overvoltage: 0	pec: 0	overtemperature: 0	openwire: 0	openwire_temp: 0
dcc1: 00	dcc2: 00	
Time: 86873
Current: 1.257904
SOC: 0.839036
total_v: 113.234688	max_v: 4.048200	min_v: 4.038300	avg_v: 4.044096	max-min: 0.009900
C1=4.039500V	C2=4.041000V	C3=4.042650V	C4=4.043550V	C5=4.042350V	C6=4.041300V	C7=4.048200V	C8=4.045800V	C9=4.046850V	C10=4.042950V	C11=4.044000V	C12=4.044600V	C13=4.047150V	C14=4.047900V	C15=4.043250V	C16=4.041750V	C17=4.041900V	C18=4.043100V	C19=4.043550V	C20=4.044750V	C21=4.046550V	C22=4.044000V	C23=4.038300V	C24=4.045200V	C25=4.045500V	C26=4.045650V	C27=4.047150V	C28=4.046250V	
max_temp: 16.769129	min_temp: 13.564356	avg_temp: 14.093172
undervoltage: 0	overvoltage: 0	pec: 0	overtemperature: 0	openwire: 0	openwire_temp: 0
dcc1: 00	dcc2: 00	
Time: 87074
Current: -0.216232
SOC: 0.839037
total_v: 113.234978	max_v: 4.048200	min_v: 4.038300	avg_v: 4.044106	max-min: 0.009900
C1=4.039500V	C2=4.041000V	C3=4.042650V	C4=4.043550V	C5=4.042350V	C6=4.041300V	C7=4.048200V	C8=4.045800V	C9=4.046850V	C10=4.043100V	C11=4.044000V	C12=4.044600V	C13=4.047150V	C14=4.047900V	C15=4.043100V	C16=4.041900V	C17=4.041900V	C18=4.043250V	C19=4.043550V	C20=4.044750V	C21=4.046400V	C22=4.044000V	C23=4.038300V	C24=4.045200V	C25=4.045650V	C26=4.045650V	C27=4.047150V	C28=4.046250V	
max_temp: 16.769129	min_temp: 13.564356	avg_temp: 14.093487
undervoltage: 0	overvoltage: 0	pec: 0	overtemperature: 0	openwire: 0	openwire_temp: 0
dcc1: 00	dcc2: 00	
Time: 87275
Current: -0.117950
SOC: 0.839038
total_v: 113.234695	max_v: 4.048200	min_v: 4.038450	avg_v: 4.044096	max-min: 0.009750
C1=4.039500V	C2=4.041150V	C3=4.042500V	C4=4.043550V	C5=4.042350V	C6=4.041300V	C7=4.048200V	C8=4.045800V	C9=4.046850V	C10=4.042950V	C11=4.044000V	C12=4.044600V	C13=4.047150V	C14=4.048050V	C15=4.043100V	C16=4.041750V	C17=4.041900V	C18=4.043100V	C19=4.043550V	C20=4.044750V	C21=4.046400V	C22=4.044000V	C23=4.038450V	C24=4.045200V	C25=4.045500V	C26=4.045650V	C27=4.047150V	C28=4.046250V	
max_temp: 16.769129	min_temp: 13.564356	avg_temp: 14.092857
undervoltage: 0	overvoltage: 0	pec: 0	overtemperature: 0	openwire: 0	openwire_temp: 0
dcc1: 00	dcc2: 00	
Time: 87476
Current: -0.216232
SOC: 0.839039
total_v: 113.234978	max_v: 4.048200	min_v: 4.038300	avg_v: 4.044106	max-min: 0.009900
C1=4.039500V	C2=4.041150V	C3=4.042650V	C4=4.043550V	C5=4.042350V	C6=4.041300V	C7=4.048200V	C8=4.045800V	C9=4.046850V	C10=4.042950V	C11=4.044000V	C12=4.044600V	C13=4.047150V	C14=4.048050V	C15=4.043100V	C16=4.041900V	C17=4.041900V	C18=4.043100V	C19=4.043550V	C20=4.044750V	C21=4.046400V	C22=4.044000V	C23=4.038300V	C24=4.045200V	C25=4.045650V	C26=4.045650V	C27=4.047150V	C28=4.046250V	
max_temp: 16.769129	min_temp: 13.564356	avg_temp: 14.093801
undervoltage: 0	overvoltage: 0	pec: 0	overtemperature: 0	openwire: 0	openwire_temp: 0
dcc1: 00	dcc2: 00	
Time: 87677
Current: -0.117950
SOC: 0.839039
total_v: 113.234840	max_v: 4.048200	min_v: 4.038450	avg_v: 4.044101	max-min: 0.009750
C1=4.039500V	C2=4.041000V	C3=4.042650V	C4=4.043550V	C5=4.042350V	C6=4.041300V	C7=4.048200V	C8=4.045800V	C9=4.046850V	C10=4.043100V	C11=4.044000V	C12=4.044600V	C13=4.047150V	C14=4.047900V	C15=4.043250V	C16=4.041900V	C17=4.041900V	C18=4.043250V	C19=4.043550V	C20=4.044750V	C21=4.046400V	C22=4.044000V	C23=4.038450V	C24=4.045050V	C25=4.045500V	C26=4.045650V	C27=4.047000V	C28=4.046250V	
max_temp: 16.769129	min_temp: 13.564356	avg_temp: 14.093487
undervoltage: 0	overvoltage: 0	pec: 0	overtemperature: 0	openwire: 0	openwire_temp: 0
dcc1: 00	dcc2: 00	
Time: 87878
Current: -0.117950
SOC: 0.839040
total_v: 113.234993	max_v: 4.048200	min_v: 4.038300	avg_v: 4.044107	max-min: 0.009900
C1=4.039500V	C2=4.041150V	C3=4.042650V	C4=4.043550V	C5=4.042350V	C6=4.041300V	C7=4.048200V	C8=4.045800V	C9=4.046850V	C10=4.042950V	C11=4.044000V	C12=4.044600V	C13=4.047150V	C14=4.047900V	C15=4.043250V	C16=4.041900V	C17=4.041900V	C18=4.043250V	C19=4.043550V	C20=4.044750V	C21=4.046400V	C22=4.044000V	C23=4.038300V	C24=4.045200V	C25=4.045650V	C26=4.045650V	C27=4.047000V	C28=4.046250V	
max_temp: 16.769129	min_temp: 13.564356	avg_temp: 14.093172
undervoltage: 0	overvoltage: 0	pec: 0	overtemperature: 0	openwire: 0	openwire_temp: 0
dcc1: 00	dcc2: 00	
Time: 88079
Current: -0.117950
SOC: 0.839040
total_v: 113.234543	max_v: 4.048200	min_v: 4.038450	avg_v: 4.044091	max-min: 0.009750
C1=4.039500V	C2=4.041150V	C3=4.042650V	C4=4.043550V	C5=4.042350V	C6=4.041300V	C7=4.048200V	C8=4.045800V	C9=4.046700V	C10=4.042950V	C11=4.044000V	C12=4.044600V	C13=4.047150V	C14=4.047900V	C15=4.043100V	C16=4.041750V	C17=4.041900V	C18=4.043100V	C19=4.043550V	C20=4.044750V	C21=4.046400V	C22=4.044000V	C23=4.038450V	C24=4.045200V	C25=4.045500V	C26=4.045650V	C27=4.047150V	C28=4.046250V	
max_temp: 16.769129	min_temp: 13.564356	avg_temp: 14.092543
undervoltage: 0	overvoltage: 0	pec: 0	overtemperature: 0	openwire: 0	openwire_temp: 0
dcc1: 00	dcc2: 00	
Time: 88280
Current: -0.216232
SOC: 0.839041
total_v: 113.235298	max_v: 4.048200	min_v: 4.038450	avg_v: 4.044118	max-min: 0.009750
C1=4.039500V	C2=4.041150V	C3=4.042650V	C4=4.043550V	C5=4.042350V	C6=4.041300V	C7=4.048200V	C8=4.045800V	C9=4.046850V	C10=4.043100V	C11=4.044150V	C12=4.044600V	C13=4.047150V	C14=4.047900V	C15=4.043250V	C16=4.041750V	C17=4.041900V	C18=4.043100V	C19=4.043550V	C20=4.044750V	C21=4.046400V	C22=4.044000V	C23=4.038450V	C24=4.045200V	C25=4.045650V	C26=4.045650V	C27=4.047150V	C28=4.046250V	
max_temp: 16.769129	min_temp: 13.564356	avg_temp: 14.093487
undervoltage: 0	overvoltage: 0	pec: 0	overtemperature: 0	openwire: 0	openwire_temp: 0
dcc1: 00	dcc2: 00	
Time: 88481
Current: -0.117950
SOC: 0.839041
total_v: 113.235146	max_v: 4.048200	min_v: 4.038450	avg_v: 4.044112	max-min: 0.009750
C1=4.039500V	C2=4.041150V	C3=4.042650V	C4=4.043550V	C5=4.042350V	C6=4.041300V	C7=4.048200V	C8=4.045800V	C9=4.046850V	C10=4.043100V	C11=4.044000V	C12=4.044600V	C13=4.047150V	C14=4.047900V	C15=4.043100V	C16=4.041750V	C17=4.041900V	C18=4.043250V	C19=4.043550V	C20=4.044750V	C21=4.046400V	C22=4.044000V	C23=4.038450V	C24=4.045200V	C25=4.045650V	C26=4.045650V	C27=4.047150V	C28=4.046250V	
max_temp: 16.769129	min_temp: 13.569391	avg_temp: 14.093487
undervoltage: 0	overvoltage: 0	pec: 0	overtemperature: 0	openwire: 0	openwire_temp: 0
dcc1: 00	dcc2: 00	
Time: 88682
Current: -0.117950
SOC: 0.839042
total_v: 113.235283	max_v: 4.048350	min_v: 4.038450	avg_v: 4.044117	max-min: 0.009900
C1=4.039500V	C2=4.041000V	C3=4.042650V	C4=4.043550V	C5=4.042350V	C6=4.041300V	C7=4.048350V	C8=4.045800V	C9=4.046850V	C10=4.043100V	C11=4.044000V	C12=4.044600V	C13=4.047300V	C14=4.047900V	C15=4.043250V	C16=4.041750V	C17=4.041900V	C18=4.043100V	C19=4.043550V	C20=4.044750V	C21=4.046400V	C22=4.044000V	C23=4.038450V	C24=4.045200V	C25=4.045650V	C26=4.045650V	C27=4.047150V	C28=4.046250V	
max_temp: 16.769129	min_temp: 13.569391	avg_temp: 14.093801
undervoltage: 0	overvoltage: 0	pec: 0	overtemperature: 0	openwire: 0	openwire_temp: 0
dcc1: 00	dcc2: 00	
Time: 88883
Current: -0.117950
SOC: 0.839042
total_v: 113.235291	max_v: 4.048350	min_v: 4.038300	avg_v: 4.044117	max-min: 0.010050
C1=4.039500V	C2=4.041150V	C3=4.042650V	C4=4.043550V	C5=4.042350V	C6=4.041300V	C7=4.048350V	C8=4.045800V	C9=4.046850V	C10=4.043100V	C11=4.044150V	C12=4.044600V	C13=4.047150V	C14=4.048050V	C15=4.043250V	C16=4.041750V	C17=4.041900V	C18=4.043250V	C19=4.043550V	C20=4.044750V	C21=4.046400V	C22=4.044000V	C23=4.038300V	C24=4.045200V	C25=4.045500V	C26=4.045650V	C27=4.047000V	C28=4.046250V	
max_temp: 16.769129	min_temp: 13.569391	avg_temp: 14.093172
undervoltage: 0	overvoltage: 0	pec: 0	overtemperature: 0	openwire: 0	openwire_temp: 0
dcc1: 00	dcc2: 00	
Time: 89084
Current: -0.117950
SOC: 0.839043
total_v: 113.235451	max_v: 4.048200	min_v: 4.038450	avg_v: 4.044123	max-min: 0.009750
C1=4.039500V	C2=4.041150V	C3=4.042650V	C4=4.043550V	C5=4.042350V	C6=4.041300V	C7=4.048200V	C8=4.045800V	C9=4.046850V	C10=4.043100V	C11=4.044150V	C12=4.044750V	C13=4.047150V	C14=4.048050V	C15=4.043250V	C16=4.041750V	C17=4.041900V	C18=4.043250V	C19=4.043550V	C20=4.044600V	C21=4.046400V	C22=4.044000V	C23=4.038450V	C24=4.045200V	C25=4.045500V	C26=4.045650V	C27=4.047150V	C28=4.046250V	
max_temp: 16.769129	min_temp: 13.569391	avg_temp: 14.093801
undervoltage: 0	overvoltage: 0	pec: 0	overtemperature: 0	openwire: 0	openwire_temp: 0
dcc1: 00	dcc2: 00	
Time: 89285
Current: -0.117950
SOC: 0.839043
total_v: 113.235146	max_v: 4.048350	min_v: 4.038450	avg_v: 4.044112	max-min: 0.009900
C1=4.039500V	C2=4.041150V	C3=4.042650V	C4=4.043550V	C5=4.042350V	C6=4.041300V	C7=4.048350V	C8=4.045800V	C9=4.046850V	C10=4.042950V	C11=4.044000V	C12=4.044600V	C13=4.047150V	C14=4.047900V	C15=4.043100V	C16=4.041750V	C17=4.041900V	C18=4.043250V	C19=4.043550V	C20=4.044750V	C21=4.046400V	C22=4.044000V	C23=4.038450V	C24=4.045200V	C25=4.045650V	C26=4.045800V	C27=4.047000V	C28=4.046250V	
max_temp: 16.769129	min_temp: 13.564356	avg_temp: 14.092857
undervoltage: 0	overvoltage: 0	pec: 0	overtemperature: 0	openwire: 0	openwire_temp: 0
dcc1: 00	dcc2: 00	
Time: 89486
Current: -0.117950
SOC: 0.839044
total_v: 113.235001	max_v: 4.048200	min_v: 4.038450	avg_v: 4.044107	max-min: 0.009750
C1=4.039500V	C2=4.041150V	C3=4.042650V	C4=4.043550V	C5=4.042350V	C6=4.041300V	C7=4.048200V	C8=4.045800V	C9=4.046850V	C10=4.043100V	C11=4.044000V	C12=4.044600V	C13=4.047150V	C14=4.047900V	C15=4.043250V	C16=4.041750V	C17=4.041900V	C18=4.043250V	C19=4.043550V	C20=4.044750V	C21=4.046400V	C22=4.044000V	C23=4.038450V	C24=4.045200V	C25=4.045500V	C26=4.045650V	C27=4.047000V	C28=4.046250V	
max_temp: 16.769129	min_temp: 13.569391	avg_temp: 14.093487
undervoltage: 0	overvoltage: 0	pec: 0	overtemperature: 0	openwire: 0	openwire_temp: 0
dcc1: 00	dcc2: 00	
Time: 89687
Current: -0.216232
SOC: 0.839045
total_v: 113.235443	max_v: 4.048350	min_v: 4.038450	avg_v: 4.044123	max-min: 0.009900
C1=4.039500V	C2=4.041000V	C3=4.042650V	C4=4.043550V	C5=4.042500V	C6=4.041300V	C7=4.048350V	C8=4.045800V	C9=4.046700V	C10=4.043100V	C11=4.044150V	C12=4.044600V	C13=4.047150V	C14=4.047900V	C15=4.043100V	C16=4.041900V	C17=4.041900V	C18=4.043250V	C19=4.043550V	C20=4.044750V	C21=4.046400V	C22=4.044150V	C23=4.038450V	C24=4.045200V	C25=4.045500V	C26=4.045650V	C27=4.047150V	C28=4.046250V	
max_temp: 16.769129	min_temp: 13.564356	avg_temp: 14.093172
undervoltage: 0	overvoltage: 0	pec: 0	overtemperature: 0	openwire: 0	openwire_temp: 0
dcc1: 00	dcc2: 00	
Time: 89888
Current: 0.373444
SOC: 0.839043
total_v: 113.234695	max_v: 4.048200	min_v: 4.038450	avg_v: 4.044096	max-min: 0.009750
C1=4.039500V	C2=4.041000V	C3=4.042500V	C4=4.043550V	C5=4.042350V	C6=4.041300V	C7=4.048200V	C8=4.045800V	C9=4.046850V	C10=4.042950V	C11=4.044000V	C12=4.044600V	C13=4.047150V	C14=4.048050V	C15=4.043250V	C16=4.041900V	C17=4.041900V	C18=4.043100V	C19=4.043550V	C20=4.044750V	C21=4.046400V	C22=4.044000V	C23=4.038450V	C24=4.045200V	C25=4.045500V	C26=4.045650V	C27=4.047000V	C28=4.046250V	
max_temp: 16.769129	min_temp: 13.564356	avg_temp: 14.093487
undervoltage: 0	overvoltage: 0	pec: 0	overtemperature: 0	openwire: 0	openwire_temp: 0
dcc1: 00	dcc2: 00	
Time: 90094
Current: -0.117950
SOC: 0.839044
total_v: 113.234993	max_v: 4.048200	min_v: 4.038300	avg_v: 4.044107	max-min: 0.009900
C1=4.039500V	C2=4.041150V	C3=4.042650V	C4=4.043550V	C5=4.042350V	C6=4.041300V	C7=4.048200V	C8=4.045800V	C9=4.046850V	C10=4.042950V	C11=4.044000V	C12=4.044600V	C13=4.047150V	C14=4.047900V	C15=4.043250V	C16=4.041900V	C17=4.041900V	C18=4.043250V	C19=4.043550V	C20=4.044750V	C21=4.046400V	C22=4.044000V	C23=4.038300V	C24=4.045200V	C25=4.045650V	C26=4.045650V	C27=4.047000V	C28=4.046250V	
max_temp: 16.769129	min_temp: 13.569391	avg_temp: 14.093487
undervoltage: 0	overvoltage: 0	pec: 0	overtemperature: 0	openwire: 0	openwire_temp: 0
dcc1: 00	dcc2: 00	
Time: 90295
Current: -0.216232
SOC: 0.839045
total_v: 113.235435	max_v: 4.048200	min_v: 4.038300	avg_v: 4.044123	max-min: 0.009900
C1=4.039500V	C2=4.041150V	C3=4.042650V	C4=4.043550V	C5=4.042350V	C6=4.041300V	C7=4.048200V	C8=4.045800V	C9=4.046850V	C10=4.043100V	C11=4.044150V	C12=4.044600V	C13=4.047150V	C14=4.048050V	C15=4.043250V	C16=4.041750V	C17=4.041900V	C18=4.043250V	C19=4.043550V	C20=4.044750V	C21=4.046400V	C22=4.044150V	C23=4.038300V	C24=4.045200V	C25=4.045650V	C26=4.045650V	C27=4.047000V	C28=4.046250V	
max_temp: 16.769129	min_temp: 13.564356	avg_temp: 14.093801
undervoltage: 0	overvoltage: 0	pec: 0	overtemperature: 0	openwire: 0	openwire_temp: 0
dcc1: 00	dcc2: 00	
Time: 90496
Current: -0.019684
SOC: 0.839045
total_v: 113.234993	max_v: 4.048200	min_v: 4.038450	avg_v: 4.044107	max-min: 0.009750
C1=4.039500V	C2=4.041150V	C3=4.042650V	C4=4.043550V	C5=4.042350V	C6=4.041300V	C7=4.048200V	C8=4.045800V	C9=4.046850V	C10=4.042950V	C11=4.044000V	C12=4.044600V	C13=4.047150V	C14=4.047900V	C15=4.043100V	C16=4.041750V	C17=4.041900V	C18=4.043250V	C19=4.043550V	C20=4.044750V	C21=4.046400V	C22=4.044000V	C23=4.038450V	C24=4.045200V	C25=4.045650V	C26=4.045650V	C27=4.047150V	C28=4.046250V	
max_temp: 16.764093	min_temp: 13.569391	avg_temp: 14.092857
undervoltage: 0	overvoltage: 0	pec: 0	overtemperature: 0	openwire: 0	openwire_temp: 0
dcc1: 00	dcc2: 00	
Time: 90697
Current: 1.257904
SOC: 0.839039
total_v: 113.234703	max_v: 4.048200	min_v: 4.038450	avg_v: 4.044096	max-min: 0.009750
C1=4.039500V	C2=4.041150V	C3=4.042650V	C4=4.043550V	C5=4.042350V	C6=4.041300V	C7=4.048200V	C8=4.045800V	C9=4.046700V	C10=4.042950V	C11=4.044150V	C12=4.044600V	C13=4.047150V	C14=4.047900V	C15=4.043250V	C16=4.041750V	C17=4.041900V	C18=4.043250V	C19=4.043550V	C20=4.044600V	C21=4.046400V	C22=4.044000V	C23=4.038450V	C24=4.045200V	C25=4.045500V	C26=4.045650V	C27=4.047000V	C28=4.046250V	
max_temp: 16.769129	min_temp: 13.569391	avg_temp: 14.093801
undervoltage: 0	overvoltage: 0	pec: 0	overtemperature: 0	openwire: 0	openwire_temp: 0
dcc1: 00	dcc2: 00	
Time: 90898
Current: -0.019684
SOC: 0.839040
total_v: 113.235588	max_v: 4.048350	min_v: 4.038450	avg_v: 4.044128	max-min: 0.009900
C1=4.039500V	C2=4.041000V	C3=4.042650V	C4=4.043550V	C5=4.042350V	C6=4.041300V	C7=4.048350V	C8=4.045950V	C9=4.046850V	C10=4.042950V	C11=4.044000V	C12=4.044600V	C13=4.047150V	C14=4.048050V	C15=4.043250V	C16=4.041900V	C17=4.041900V	C18=4.043250V	C19=4.043550V	C20=4.044750V	C21=4.046400V	C22=4.044000V	C23=4.038450V	C24=4.045200V	C25=4.045650V	C26=4.045650V	C27=4.047150V	C28=4.046250V	
max_temp: 16.769129	min_temp: 13.564356	avg_temp: 14.093172
undervoltage: 0	overvoltage: 0	pec: 0	overtemperature: 0	openwire: 0	openwire_temp: 0
dcc1: 00	dcc2: 00	
Time: 91099
Current: -0.216232
SOC: 0.839040
total_v: 113.234848	max_v: 4.048350	min_v: 4.038450	avg_v: 4.044102	max-min: 0.009900
C1=4.039500V	C2=4.041150V	C3=4.042500V	C4=4.043550V	C5=4.042350V	C6=4.041300V	C7=4.048350V	C8=4.045800V	C9=4.046850V	C10=4.042950V	C11=4.044000V	C12=4.044600V	C13=4.047150V	C14=4.047900V	C15=4.043100V	C16=4.041750V	C17=4.041900V	C18=4.043250V	C19=4.043550V	C20=4.044750V	C21=4.046400V	C22=4.044000V	C23=4.038450V	C24=4.045200V	C25=4.045500V	C26=4.045650V	C27=4.047150V	C28=4.046250V	
max_temp: 16.764093	min_temp: 13.569391	avg_temp: 14.093172
undervoltage: 0	overvoltage: 0	pec: 0	overtemperature: 0	openwire: 0	openwire_temp: 0
dcc1: 00	dcc2: 00	
Time: 91300
Current: 5.483765
SOC: 0.839018
total_v: 113.235161	max_v: 4.048200	min_v: 4.038450	avg_v: 4.044113	max-min: 0.009750
C1=4.039500V	C2=4.041150V	C3=4.042650V	C4=4.043550V	C5=4.042350V	C6=4.041300V	C7=4.048200V	C8=4.045800V	C9=4.046850V	C10=4.043100V	C11=4.044150V	C12=4.044600V	C13=4.047150V	C14=4.047900V	C15=4.043250V	C16=4.041750V	C17=4.041900V	C18=4.043250V	C19=4.043550V	C20=4.044750V	C21=4.046400V	C22=4.044000V	C23=4.038450V	C24=4.045050V	C25=4.045500V	C26=4.045650V	C27=4.047150V	C28=4.046250V	
max_temp: 16.764093	min_temp: 13.569391	avg_temp: 14.094116
undervoltage: 0	overvoltage: 0	pec: 0	overtemperature: 0	openwire: 0	openwire_temp: 0
dcc1: 00	dcc2: 00	
Time: 91501
Current: -0.216232
SOC: 0.839019
total_v: 113.234840	max_v: 4.048200	min_v: 4.038450	avg_v: 4.044101	max-min: 0.009750
C1=4.039500V	C2=4.041000V	C3=4.042650V	C4=4.043550V	C5=4.042350V	C6=4.041300V	C7=4.048200V	C8=4.045800V	C9=4.046850V	C10=4.042950V	C11=4.044000V	C12=4.044600V	C13=4.047150V	C14=4.047900V	C15=4.043250V	C16=4.041750V	C17=4.041900V	C18=4.043250V	C19=4.043550V	C20=4.044750V	C21=4.046400V	C22=4.044000V	C23=4.038450V	C24=4.045200V	C25=4.045650V	C26=4.045650V	C27=4.047000V	C28=4.046250V	
max_temp: 16.764093	min_temp: 13.569391	avg_temp: 14.092857
undervoltage: 0	overvoltage: 0	pec: 0	overtemperature: 0	openwire: 0	openwire_temp: 0
dcc1: 00	dcc2: 00	
Time: 91702
Current: -0.117950
SOC: 0.839019
total_v: 113.234993	max_v: 4.048200	min_v: 4.038450	avg_v: 4.044107	max-min: 0.009750
C1=4.039500V	C2=4.041150V	C3=4.042650V	C4=4.043550V	C5=4.042350V	C6=4.041300V	C7=4.048200V	C8=4.045800V	C9=4.046850V	C10=4.042950V	C11=4.044000V	C12=4.044600V	C13=4.047150V	C14=4.047900V	C15=4.043100V	C16=4.041750V	C17=4.041900V	C18=4.043250V	C19=4.043550V	C20=4.044750V	C21=4.046400V	C22=4.044000V	C23=4.038450V	C24=4.045200V	C25=4.045650V	C26=4.045650V	C27=4.047150V	C28=4.046250V	
max_temp: 16.764093	min_temp: 13.564356	avg_temp: 14.093801
undervoltage: 0	overvoltage: 0	pec: 0	overtemperature: 0	openwire: 0	openwire_temp: 0
dcc1: 00	dcc2: 00	
Time: 91903
Current: -0.117950
SOC: 0.839020
total_v: 113.234993	max_v: 4.048200	min_v: 4.038300	avg_v: 4.044107	max-min: 0.009900
C1=4.039500V	C2=4.041150V	C3=4.042650V	C4=4.043550V	C5=4.042350V	C6=4.041300V	C7=4.048200V	C8=4.045650V	C9=4.046850V	C10=4.043100V	C11=4.044150V	C12=4.044600V	C13=4.047150V	C14=4.047900V	C15=4.043250V	C16=4.041750V	C17=4.041900V	C18=4.043250V	C19=4.043550V	C20=4.044750V	C21=4.046400V	C22=4.044000V	C23=4.038300V	C24=4.045200V	C25=4.045650V	C26=4.045650V	C27=4.047000V	C28=4.046250V	
max_temp: 16.764093	min_temp: 13.569391	avg_temp: 14.094116
undervoltage: 0	overvoltage: 0	pec: 0	overtemperature: 0	openwire: 0	openwire_temp: 0
dcc1: 00	dcc2: 00	
Time: 92104
Current: -0.019684
SOC: 0.839020
total_v: 113.235138	max_v: 4.048200	min_v: 4.038450	avg_v: 4.044112	max-min: 0.009750
C1=4.039500V	C2=4.041150V	C3=4.042500V	C4=4.043550V	C5=4.042500V	C6=4.041300V	C7=4.048200V	C8=4.045800V	C9=4.046850V	C10=4.043100V	C11=4.044000V	C12=4.044600V	C13=4.047150V	C14=4.048050V	C15=4.043100V	C16=4.041750V	C17=4.041900V	C18=4.043250V	C19=4.043550V	C20=4.044750V	C21=4.046400V	C22=4.044000V	C23=4.038450V	C24=4.045200V	C25=4.045500V	C26=4.045650V	C27=4.047150V	C28=4.046250V	
max_temp: 16.764093	min_temp: 13.569391	avg_temp: 14.094116
undervoltage: 0	overvoltage: 0	pec: 0	overtemperature: 0	openwire: 0	openwire_temp: 0
dcc1: 00	dcc2: 00	
Time: 92305
Current: -0.117950
SOC: 0.839020
total_v: 113.234840	max_v: 4.048350	min_v: 4.038450	avg_v: 4.044101	max-min: 0.009900
C1=4.039500V	C2=4.041000V	C3=4.042650V	C4=4.043550V	C5=4.042350V	C6=4.041300V	C7=4.048350V	C8=4.045800V	C9=4.046700V	C10=4.042950V	C11=4.044000V	C12=4.044600V	C13=4.047150V	C14=4.048050V	C15=4.043100V	C16=4.041750V	C17=4.041900V	C18=4.043250V	C19=4.043550V	C20=4.044750V	C21=4.046400V	C22=4.044000V	C23=4.038450V	C24=4.045200V	C25=4.045650V	C26=4.045650V	C27=4.047000V	C28=4.046250V	
max_temp: 16.764093	min_temp: 13.564356	avg_temp: 14.093487
undervoltage: 0	overvoltage: 0	pec: 0	overtemperature: 0	openwire: 0	openwire_temp: 0
dcc1: 00	dcc2: 00	
Time: 92506
Current: -0.117950
SOC: 0.839021
total_v: 113.234978	max_v: 4.048200	min_v: 4.038300	avg_v: 4.044106	max-min: 0.009900
C1=4.039500V	C2=4.041000V	C3=4.042650V	C4=4.043550V	C5=4.042350V	C6=4.041300V	C7=4.048200V	C8=4.045800V	C9=4.046850V	C10=4.043100V	C11=4.044000V	C12=4.044600V	C13=4.047150V	C14=4.048050V	C15=4.043100V	C16=4.041750V	C17=4.041900V	C18=4.043250V	C19=4.043550V	C20=4.044750V	C21=4.046400V	C22=4.044000V	C23=4.038300V	C24=4.045200V	C25=4.045650V	C26=4.045650V	C27=4.047150V	C28=4.046250V	
max_temp: 16.764093	min_temp: 13.569391	avg_temp: 14.094746
undervoltage: 0	overvoltage: 0	pec: 0	overtemperature: 0	openwire: 0	openwire_temp: 0
dcc1: 00	dcc2: 00	
Time: 92707
Current: -0.117950
SOC: 0.839021
total_v: 113.235443	max_v: 4.048350	min_v: 4.038450	avg_v: 4.044123	max-min: 0.009900
C1=4.039500V	C2=4.041000V	C3=4.042650V	C4=4.043550V	C5=4.042500V	C6=4.041300V	C7=4.048350V	C8=4.045800V	C9=4.046850V	C10=4.042950V	C11=4.044000V	C12=4.044600V	C13=4.047150V	C14=4.048050V	C15=4.043250V	C16=4.041900V	C17=4.041900V	C18=4.043250V	C19=4.043550V	C20=4.044750V	C21=4.046400V	C22=4.044000V	C23=4.038450V	C24=4.045200V	C25=4.045500V	C26=4.045650V	C27=4.047150V	C28=4.046250V	
max_temp: 16.764093	min_temp: 13.564356	avg_temp: 14.093801
undervoltage: 0	overvoltage: 0	pec: 0	overtemperature: 0	openwire: 0	openwire_temp: 0
dcc1: 00	dcc2: 00	
Time: 92908
Current: -0.117950
SOC: 0.839022
total_v: 113.235001	max_v: 4.048200	min_v: 4.038450	avg_v: 4.044107	max-min: 0.009750
C1=4.039500V	C2=4.041150V	C3=4.042500V	C4=4.043550V	C5=4.042500V	C6=4.041300V	C7=4.048200V	C8=4.045800V	C9=4.046850V	C10=4.042950V	C11=4.044000V	C12=4.044600V	C13=4.047150V	C14=4.047900V	C15=4.043250V	C16=4.041750V	C17=4.041900V	C18=4.043250V	C19=4.043550V	C20=4.044750V	C21=4.046400V	C22=4.044000V	C23=4.038450V	C24=4.045200V	C25=4.045500V	C26=4.045650V	C27=4.047150V	C28=4.046250V	
max_temp: 16.759058	min_temp: 13.569391	avg_temp: 14.093487
undervoltage: 0	overvoltage: 0	pec: 0	overtemperature: 0	openwire: 0	openwire_temp: 0
dcc1: 00	dcc2: 00	
Time: 93109
Current: 0.176865
SOC: 0.839021
total_v: 113.234695	max_v: 4.048200	min_v: 4.038450	avg_v: 4.044096	max-min: 0.009750
C1=4.039500V	C2=4.041000V	C3=4.042650V	C4=4.043550V	C5=4.042350V	C6=4.041300V	C7=4.048200V	C8=4.045800V	C9=4.046850V	C10=4.043100V	C11=4.044000V	C12=4.044600V	C13=4.047150V	C14=4.047900V	C15=4.043100V	C16=4.041750V	C17=4.041900V	C18=4.043250V	C19=4.043550V	C20=4.044750V	C21=4.046400V	C22=4.044000V	C23=4.038450V	C24=4.045200V	C25=4.045500V	C26=4.045650V	C27=4.047000V	C28=4.046250V	
max_temp: 16.764093	min_temp: 13.569391	avg_temp: 14.094431
undervoltage: 0	overvoltage: 0	pec: 0	overtemperature: 0	openwire: 0	openwire_temp: 0
dcc1: 00	dcc2: 00	
Time: 93310
Current: -0.117950
SOC: 0.839021
total_v: 113.234688	max_v: 4.048200	min_v: 4.038300	avg_v: 4.044096	max-min: 0.009900
C1=4.039500V	C2=4.041150V	C3=4.042650V	C4=4.043550V	C5=4.042350V	C6=4.041300V	C7=4.048200V	C8=4.045650V	C9=4.046850V	C10=4.042950V	C11=4.044000V	C12=4.044600V	C13=4.047150V	C14=4.047900V	C15=4.043250V	C16=4.041750V	C17=4.041900V	C18=4.043250V	C19=4.043550V	C20=4.044750V	C21=4.046550V	C22=4.044000V	C23=4.038300V	C24=4.045200V	C25=4.045500V	C26=4.045650V	C27=4.047000V	C28=4.046250V	
max_temp: 16.764093	min_temp: 13.569391	avg_temp: 14.094116
undervoltage: 0	overvoltage: 0	pec: 0	overtemperature: 0	openwire: 0	openwire_temp: 0
dcc1: 00	dcc2: 00	
Time: 93511
Current: -0.117950
SOC: 0.839022
total_v: 113.235146	max_v: 4.048200	min_v: 4.038450	avg_v: 4.044112	max-min: 0.009750
C1=4.039500V	C2=4.041150V	C3=4.042650V	C4=4.043550V	C5=4.042350V	C6=4.041450V	C7=4.048200V	C8=4.045800V	C9=4.046850V	C10=4.042950V	C11=4.044000V	C12=4.044600V	C13=4.047150V	C14=4.047900V	C15=4.043100V	C16=4.041750V	C17=4.041900V	C18=4.043250V	C19=4.043550V	C20=4.044750V	C21=4.046400V	C22=4.044000V	C23=4.038450V	C24=4.045200V	C25=4.045650V	C26=4.045650V	C27=4.047150V	C28=4.046250V	
max_temp: 16.764093	min_temp: 13.569391	avg_temp: 14.094431
undervoltage: 0	overvoltage: 0	pec: 0	overtemperature: 0	openwire: 0	openwire_temp: 0
dcc1: 00	dcc2: 00	
Time: 93712
Current: -0.117950
SOC: 0.839022
total_v: 113.234695	max_v: 4.048350	min_v: 4.038450	avg_v: 4.044096	max-min: 0.009900
C1=4.039500V	C2=4.041000V	C3=4.042500V	C4=4.043550V	C5=4.042350V	C6=4.041300V	C7=4.048350V	C8=4.045800V	C9=4.046850V	C10=4.043100V	C11=4.044000V	C12=4.044600V	C13=4.047150V	C14=4.047900V	C15=4.043250V	C16=4.041750V	C17=4.041900V	C18=4.043100V	C19=4.043550V	C20=4.044750V	C21=4.046400V	C22=4.044000V	C23=4.038450V	C24=4.045200V	C25=4.045500V	C26=4.045650V	C27=4.047000V	C28=4.046250V	
max_temp: 16.764093	min_temp: 13.569391	avg_temp: 14.094116
undervoltage: 0	overvoltage: 0	pec: 0	overtemperature: 0	openwire: 0	openwire_temp: 0
dcc1: 00	dcc2: 00	
Time: 93913
Current: -0.117950
SOC: 0.839023
total_v: 113.234840	max_v: 4.048200	min_v: 4.038300	avg_v: 4.044101	max-min: 0.009900
C1=4.039500V	C2=4.041150V	C3=4.042650V	C4=4.043550V	C5=4.042500V	C6=4.041300V	C7=4.048200V	C8=4.045800V	C9=4.046850V	C10=4.043100V	C11=4.044000V	C12=4.044600V	C13=4.047150V	C14=4.047900V	C15=4.043100V	C16=4.041900V	C17=4.041900V	C18=4.043250V	C19=4.043550V	C20=4.044750V	C21=4.046400V	C22=4.044000V	C23=4.038300V	C24=4.045050V	C25=4.045500V	C26=4.045650V	C27=4.047000V	C28=4.046250V	
max_temp: 16.764093	min_temp: 13.569391	avg_temp: 14.094116
undervoltage: 0	overvoltage: 0	pec: 0	overtemperature: 0	openwire: 0	openwire_temp: 0
dcc1: 00	dcc2: 00	
Time: 94114
Current: -0.117950
SOC: 0.839023
total_v: 113.234848	max_v: 4.048200	min_v: 4.038450	avg_v: 4.044102	max-min: 0.009750
C1=4.039500V	C2=4.041150V	C3=4.042650V	C4=4.043550V	C5=4.042350V	C6=4.041300V	C7=4.048200V	C8=4.045800V	C9=4.046850V	C10=4.042950V	C11=4.044000V	C12=4.044600V	C13=4.047150V	C14=4.047900V	C15=4.043100V	C16=4.041750V	C17=4.041900V	C18=4.043250V	C19=4.043550V	C20=4.044750V	C21=4.046400V	C22=4.044000V	C23=4.038450V	C24=4.045200V	C25=4.045500V	C26=4.045650V	C27=4.047150V	C28=4.046250V	
max_temp: 16.764093	min_temp: 13.564356	avg_temp: 14.094116
undervoltage: 0	overvoltage: 0	pec: 0	overtemperature: 0	openwire: 0	openwire_temp: 0
dcc1: 00	dcc2: 00	
Time: 94315
Current: 3.125153
SOC: 0.839010
total_v: 113.235596	max_v: 4.048200	min_v: 4.038450	avg_v: 4.044128	max-min: 0.009750
C1=4.039500V	C2=4.041150V	C3=4.042650V	C4=4.043550V	C5=4.042500V	C6=4.041300V	C7=4.048200V	C8=4.045800V	C9=4.046850V	C10=4.043100V	C11=4.044150V	C12=4.044600V	C13=4.047150V	C14=4.047900V	C15=4.043250V	C16=4.041900V	C17=4.041900V	C18=4.043250V	C19=4.043550V	C20=4.044750V	C21=4.046400V	C22=4.044000V	C23=4.038450V	C24=4.045200V	C25=4.045500V	C26=4.045650V	C27=4.047150V	C28=4.046250V	
max_temp: 16.759058	min_temp: 13.564356	avg_temp: 14.093172
undervoltage: 0	overvoltage: 0	pec: 0	overtemperature: 0	openwire: 0	openwire_temp: 0
dcc1: 00	dcc2: 00	
Time: 94516
Current: 0.668259
SOC: 0.839007
total_v: 113.235001	max_v: 4.048350	min_v: 4.038450	avg_v: 4.044107	max-min: 0.009900
C1=4.039650V	C2=4.041000V	C3=4.042650V	C4=4.043550V	C5=4.042350V	C6=4.041300V	C7=4.048350V	C8=4.045800V	C9=4.046850V	C10=4.043100V	C11=4.044000V	C12=4.044600V	C13=4.047150V	C14=4.047900V	C15=4.043100V	C16=4.041750V	C17=4.041900V	C18=4.043250V	C19=4.043550V	C20=4.044750V	C21=4.046400V	C22=4.044000V	C23=4.038450V	C24=4.045200V	C25=4.045500V	C26=4.045650V	C27=4.047000V	C28=4.046250V	
max_temp: 16.764093	min_temp: 13.569391	avg_temp: 14.093801
undervoltage: 0	overvoltage: 0	pec: 0	overtemperature: 0	openwire: 0	openwire_temp: 0
dcc1: 00	dcc2: 00	
Time: 94717
Current: -0.117950
SOC: 0.839008
total_v: 113.234848	max_v: 4.048200	min_v: 4.038450	avg_v: 4.044102	max-min: 0.009750
C1=4.039500V	C2=4.041150V	C3=4.042650V	C4=4.043550V	C5=4.042350V	C6=4.041300V	C7=4.048200V	C8=4.045800V	C9=4.046850V	C10=4.042950V	C11=4.044000V	C12=4.044600V	C13=4.047150V	C14=4.048050V	C15=4.043250V	C16=4.041750V	C17=4.041900V	C18=4.043250V	C19=4.043550V	C20=4.044750V	C21=4.046400V	C22=4.044000V	C23=4.038450V	C24=4.045200V	C25=4.045500V	C26=4.045650V	C27=4.047000V	C28=4.046100V	
max_temp: 16.764093	min_temp: 13.564356	avg_temp: 14.093801
undervoltage: 0	overvoltage: 0	pec: 0	overtemperature: 0	openwire: 0	openwire_temp: 0
dcc1: 00	dcc2: 00	
Time: 94918
Current: -0.216232
SOC: 0.839009
total_v: 113.235283	max_v: 4.048200	min_v: 4.038300	avg_v: 4.044117	max-min: 0.009900
C1=4.039500V	C2=4.041000V	C3=4.042650V	C4=4.043550V	C5=4.042350V	C6=4.041300V	C7=4.048200V	C8=4.045800V	C9=4.046850V	C10=4.043100V	C11=4.044000V	C12=4.044600V	C13=4.047150V	C14=4.048050V	C15=4.043250V	C16=4.041900V	C17=4.041900V	C18=4.043250V	C19=4.043550V	C20=4.044750V	C21=4.046400V	C22=4.044000V	C23=4.038300V	C24=4.045200V	C25=4.045650V	C26=4.045650V	C27=4.047150V	C28=4.046250V	
max_temp: 16.759058	min_temp: 13.569391	avg_temp: 14.094116
undervoltage: 0	overvoltage: 0	pec: 0	overtemperature: 0	openwire: 0	openwire_temp: 0
dcc1: 00	dcc2: 00	
Time: 95119
Current: -0.117950
SOC: 0.839009
total_v: 113.234833	max_v: 4.048200	min_v: 4.038450	avg_v: 4.044101	max-min: 0.009750
C1=4.039500V	C2=4.041150V	C3=4.042500V	C4=4.043550V	C5=4.042350V	C6=4.041300V	C7=4.048200V	C8=4.045800V	C9=4.046850V	C10=4.043100V	C11=4.044000V	C12=4.044600V	C13=4.047150V	C14=4.048050V	C15=4.043100V	C16=4.041750V	C17=4.041900V	C18=4.043250V	C19=4.043550V	C20=4.044750V	C21=4.046400V	C22=4.044000V	C23=4.038450V	C24=4.045200V	C25=4.045500V	C26=4.045650V	C27=4.047150V	C28=4.046100V	
max_temp: 16.764093	min_temp: 13.569391	avg_temp: 14.093801
undervoltage: 0	overvoltage: 0	pec: 0	overtemperature: 0	openwire: 0	openwire_temp: 0
dcc1: 00	dcc2: 00	
Time: 95320
Current: 0.176865
SOC: 0.839009
total_v: 113.235130	max_v: 4.048200	min_v: 4.038450	avg_v: 4.044112	max-min: 0.009750
C1=4.039500V	C2=4.041000V	C3=4.042650V	C4=4.043550V	C5=4.042350V	C6=4.041300V	C7=4.048200V	C8=4.045800V	C9=4.046850V	C10=4.043100V	C11=4.044000V	C12=4.044600V	C13=4.047150V	C14=4.047900V	C15=4.043250V	C16=4.041900V	C17=4.041900V	C18=4.043250V	C19=4.043550V	C20=4.044750V	C21=4.046400V	C22=4.044000V	C23=4.038450V	C24=4.045200V	C25=4.045650V	C26=4.045650V	C27=4.047000V	C28=4.046250V	
max_temp: 16.764093	min_temp: 13.564356	avg_temp: 14.093801
undervoltage: 0	overvoltage: 0	pec: 0	overtemperature: 0	openwire: 0	openwire_temp: 0
dcc1: 00	dcc2: 00	
Time: 95521
Current: -0.117950
SOC: 0.839009
total_v: 113.234383	max_v: 4.048200	min_v: 4.038300	avg_v: 4.044085	max-min: 0.009900
C1=4.039650V	C2=4.041000V	C3=4.042500V	C4=4.043550V	C5=4.042350V	C6=4.041300V	C7=4.048200V	C8=4.045800V	C9=4.046850V	C10=4.042950V	C11=4.044000V	C12=4.044600V	C13=4.047150V	C14=4.047900V	C15=4.043100V	C16=4.041750V	C17=4.041900V	C18=4.043100V	C19=4.043550V	C20=4.044750V	C21=4.046400V	C22=4.044150V	C23=4.038300V	C24=4.045200V	C25=4.045650V	C26=4.045650V	C27=4.047000V	C28=4.046100V	
max_temp: 16.759058	min_temp: 13.569391	avg_temp: 14.093801
undervoltage: 0	overvoltage: 0	pec: 0	overtemperature: 0	openwire: 0	openwire_temp: 0
dcc1: 00	dcc2: 00	
Time: 95722
Current: -0.117950
SOC: 0.839010
total_v: 113.234840	max_v: 4.048200	min_v: 4.038300	avg_v: 4.044101	max-min: 0.009900
C1=4.039500V	C2=4.041150V	C3=4.042500V	C4=4.043550V	C5=4.042500V	C6=4.041300V	C7=4.048200V	C8=4.045800V	C9=4.046850V	C10=4.042950V	C11=4.044000V	C12=4.044600V	C13=4.047150V	C14=4.047900V	C15=4.043100V	C16=4.041750V	C17=4.041900V	C18=4.043250V	C19=4.043550V	C20=4.044750V	C21=4.046400V	C22=4.044000V	C23=4.038300V	C24=4.045200V	C25=4.045650V	C26=4.045650V	C27=4.047150V	C28=4.046250V	
max_temp: 16.759058	min_temp: 13.564356	avg_temp: 14.094116
undervoltage: 0	overvoltage: 0	pec: 0	overtemperature: 0	openwire: 0	openwire_temp: 0
dcc1: 00	dcc2: 00	
Time: 95923
Current: -0.117950
SOC: 0.839010
total_v: 113.234688	max_v: 4.048200	min_v: 4.038300	avg_v: 4.044096	max-min: 0.009900
C1=4.039500V	C2=4.041000V	C3=4.042650V	C4=4.043550V	C5=4.042350V	C6=4.041300V	C7=4.048200V	C8=4.045800V	C9=4.046700V	C10=4.042950V	C11=4.044000V	C12=4.044600V	C13=4.047150V	C14=4.047900V	C15=4.043250V	C16=4.041750V	C17=4.041900V	C18=4.043250V	C19=4.043550V	C20=4.044750V	C21=4.046400V	C22=4.044000V	C23=4.038300V	C24=4.045200V	C25=4.045650V	C26=4.045650V	C27=4.047150V	C28=4.046250V	
max_temp: 16.759058	min_temp: 13.569391	avg_temp: 14.094431
undervoltage: 0	overvoltage: 0	pec: 0	overtemperature: 0	openwire: 0	openwire_temp: 0
dcc1: 00	dcc2: 00	
Time: 96124
Current: -0.117950
SOC: 0.839011
total_v: 113.234840	max_v: 4.048200	min_v: 4.038450	avg_v: 4.044101	max-min: 0.009750
C1=4.039500V	C2=4.041150V	C3=4.042500V	C4=4.043550V	C5=4.042350V	C6=4.041300V	C7=4.048200V	C8=4.045800V	C9=4.046850V	C10=4.042950V	C11=4.044000V	C12=4.044600V	C13=4.047150V	C14=4.047900V	C15=4.043250V	C16=4.041750V	C17=4.041900V	C18=4.043250V	C19=4.043550V	C20=4.044750V	C21=4.046550V	C22=4.044000V	C23=4.038450V	C24=4.045200V	C25=4.045500V	C26=4.045650V	C27=4.047000V	C28=4.046250V	
max_temp: 16.759058	min_temp: 13.569391	avg_temp: 14.094116
undervoltage: 0	overvoltage: 0	pec: 0	overtemperature: 0	openwire: 0	openwire_temp: 0
dcc1: 00	dcc2: 00	
Time: 96325
Current: -0.117950
SOC: 0.839011
total_v: 113.235596	max_v: 4.048350	min_v: 4.038450	avg_v: 4.044128	max-min: 0.009900
C1=4.039500V	C2=4.041150V	C3=4.042650V	C4=4.043550V	C5=4.042500V	C6=4.041300V	C7=4.048350V	C8=4.045800V	C9=4.046850V	C10=4.042950V	C11=4.044000V	C12=4.044600V	C13=4.047150V	C14=4.048050V	C15=4.043250V	C16=4.041900V	C17=4.041900V	C18=4.043250V	C19=4.043550V	C20=4.044750V	C21=4.046400V	C22=4.044150V	C23=4.038450V	C24=4.045200V	C25=4.045500V	C26=4.045650V	C27=4.047000V	C28=4.046250V	
max_temp: 16.759058	min_temp: 13.569391	avg_temp: 14.093801
undervoltage: 0	overvoltage: 0	pec: 0	overtemperature: 0	openwire: 0	openwire_temp: 0
dcc1: 00	dcc2: 00	
Time: 96526
Current: -0.117950
SOC: 0.839011
total_v: 113.234833	max_v: 4.048200	min_v: 4.038300	avg_v: 4.044101	max-min: 0.009900
C1=4.039500V	C2=4.041150V	C3=4.042650V	C4=4.043550V	C5=4.042350V	C6=4.041450V	C7=4.048200V	C8=4.045800V	C9=4.046850V	C10=4.043100V	C11=4.044000V	C12=4.044600V	C13=4.047150V	C14=4.048050V	C15=4.043100V	C16=4.041750V	C17=4.041900V	C18=4.043100V	C19=4.043550V	C20=4.044750V	C21=4.046400V	C22=4.044000V	C23=4.038300V	C24=4.045200V	C25=4.045500V	C26=4.045650V	C27=4.047150V	C28=4.046100V	
max_temp: 16.759058	min_temp: 13.569391	avg_temp: 14.094746
undervoltage: 0	overvoltage: 0	pec: 0	overtemperature: 0	openwire: 0	openwire_temp: 0
dcc1: 00	dcc2: 00	
Time: 96727
Current: 1.454468
SOC: 0.839005
total_v: 113.235283	max_v: 4.048200	min_v: 4.038450	avg_v: 4.044117	max-min: 0.009750
C1=4.039500V	C2=4.041150V	C3=4.042500V	C4=4.043550V	C5=4.042350V	C6=4.041300V	C7=4.048200V	C8=4.045800V	C9=4.046850V	C10=4.042950V	C11=4.044000V	C12=4.044600V	C13=4.047150V	C14=4.048050V	C15=4.043250V	C16=4.041900V	C17=4.041900V	C18=4.043250V	C19=4.043550V	C20=4.044750V	C21=4.046550V	C22=4.044150V	C23=4.038450V	C24=4.045200V	C25=4.045500V	C26=4.045650V	C27=4.047000V	C28=4.046250V	
max_temp: 16.759058	min_temp: 13.564356	avg_temp: 14.094431
undervoltage: 0	overvoltage: 0	pec: 0	overtemperature: 0	openwire: 0	openwire_temp: 0
dcc1: 00	dcc2: 00	
Time: 96928
Current: -0.216232
SOC: 0.839006
total_v: 113.234245	max_v: 4.048200	min_v: 4.038450	avg_v: 4.044080	max-min: 0.009750
C1=4.039500V	C2=4.041000V	C3=4.042650V	C4=4.043550V	C5=4.042350V	C6=4.041300V	C7=4.048200V	C8=4.045650V	C9=4.046850V	C10=4.043100V	C11=4.044000V	C12=4.044600V	C13=4.047150V	C14=4.047900V	C15=4.043100V	C16=4.041750V	C17=4.041900V	C18=4.043100V	C19=4.043550V	C20=4.044600V	C21=4.046400V	C22=4.044000V	C23=4.038450V	C24=4.045200V	C25=4.045500V	C26=4.045650V	C27=4.047000V	C28=4.046250V	
max_temp: 16.759058	min_temp: 13.569391	avg_temp: 14.094431
undervoltage: 0	overvoltage: 0	pec: 0	overtemperature: 0	openwire: 0	openwire_temp: 0
dcc1: 00	dcc2: 00	
Time: 97129
Current: -0.117950
SOC: 0.839007
total_v: 113.234695	max_v: 4.048200	min_v: 4.038450	avg_v: 4.044096	max-min: 0.009750
C1=4.039500V	C2=4.041000V	C3=4.042500V	C4=4.043550V	C5=4.042350V	C6=4.041450V	C7=4.048200V	C8=4.045650V	C9=4.046700V	C10=4.043100V	C11=4.044000V	C12=4.044600V	C13=4.047150V	C14=4.048050V	C15=4.043100V	C16=4.041900V	C17=4.041900V	C18=4.043250V	C19=4.043550V	C20=4.044600V	C21=4.046400V	C22=4.044000V	C23=4.038450V	C24=4.045200V	C25=4.045500V	C26=4.045650V	C27=4.047150V	C28=4.046250V	
max_temp: 16.759058	min_temp: 13.569391	avg_temp: 14.094431
undervoltage: 0	overvoltage: 0	pec: 0	overtemperature: 0	openwire: 0	openwire_temp: 0
dcc1: 00	dcc2: 00	
Time: 97330
Current: -0.117950
SOC: 0.839007
total_v: 113.235153	max_v: 4.048350	min_v: 4.038450	avg_v: 4.044113	max-min: 0.009900
C1=4.039500V	C2=4.041150V	C3=4.042650V	C4=4.043550V	C5=4.042350V	C6=4.041300V	C7=4.048350V	C8=4.045800V	C9=4.046850V	C10=4.042950V	C11=4.044000V	C12=4.044600V	C13=4.047150V	C14=4.047900V	C15=4.043250V	C16=4.041750V	C17=4.042050V	C18=4.043250V	C19=4.043550V	C20=4.044750V	C21=4.046400V	C22=4.044000V	C23=4.038450V	C24=4.045200V	C25=4.045500V	C26=4.045650V	C27=4.047000V	C28=4.046250V	
max_temp: 16.759058	min_temp: 13.569391	avg_temp: 14.094431
undervoltage: 0	overvoltage: 0	pec: 0	overtemperature: 0	openwire: 0	openwire_temp: 0
dcc1: 00	dcc2: 00	
Time: 97531
Current: -0.019684
SOC: 0.839007
total_v: 113.234390	max_v: 4.048200	min_v: 4.038300	avg_v: 4.044086	max-min: 0.009900
C1=4.039500V	C2=4.041000V	C3=4.042650V	C4=4.043550V	C5=4.042350V	C6=4.041300V	C7=4.048200V	C8=4.045800V	C9=4.046850V	C10=4.042950V	C11=4.044000V	C12=4.044600V	C13=4.047150V	C14=4.048050V	C15=4.043250V	C16=4.041750V	C17=4.041900V	C18=4.043100V	C19=4.043400V	C20=4.044750V	C21=4.046400V	C22=4.044000V	C23=4.038300V	C24=4.045200V	C25=4.045500V	C26=4.045650V	C27=4.047000V	C28=4.046250V	
max_temp: 16.759058	min_temp: 13.569391	avg_temp: 14.094746
undervoltage: 0	overvoltage: 0	pec: 0	overtemperature: 0	openwire: 0	openwire_temp: 0
dcc1: 00	dcc2: 00	
Time: 97732
Current: 1.257904
SOC: 0.839002
total_v: 113.234848	max_v: 4.048200	min_v: 4.038300	avg_v: 4.044102	max-min: 0.009900
C1=4.039500V	C2=4.041150V	C3=4.042650V	C4=4.043550V	C5=4.042500V	C6=4.041450V	C7=4.048200V	C8=4.045800V	C9=4.046850V	C10=4.042950V	C11=4.044000V	C12=4.044600V	C13=4.047150V	C14=4.047900V	C15=4.043250V	C16=4.041750V	C17=4.041900V	C18=4.043100V	C19=4.043550V	C20=4.044750V	C21=4.046400V	C22=4.044000V	C23=4.038300V	C24=4.045200V	C25=4.045500V	C26=4.045650V	C27=4.047000V	C28=4.046250V	
max_temp: 16.759058	min_temp: 13.569391	avg_temp: 14.095060
undervoltage: 0	overvoltage: 0	pec: 0	overtemperature: 0	openwire: 0	openwire_temp: 0
dcc1: 00	dcc2: 00	
Time: 97933
Current: 1.159637
SOC: 0.838997
total_v: 113.234993	max_v: 4.048200	min_v: 4.038450	avg_v: 4.044107	max-min: 0.009750
C1=4.039500V	C2=4.041000V	C3=4.042650V	C4=4.043550V	C5=4.042350V	C6=4.041300V	C7=4.048200V	C8=4.045800V	C9=4.046850V	C10=4.043100V	C11=4.044000V	C12=4.044450V	C13=4.047150V	C14=4.047900V	C15=4.043250V	C16=4.041750V	C17=4.041900V	C18=4.043250V	C19=4.043550V	C20=4.044750V	C21=4.046400V	C22=4.044000V	C23=4.038450V	C24=4.045200V	C25=4.045650V	C26=4.045650V	C27=4.047150V	C28=4.046250V	
max_temp: 16.759058	min_temp: 13.569391	avg_temp: 14.094431
undervoltage: 0	overvoltage: 0	pec: 0	overtemperature: 0	openwire: 0	openwire_temp: 0
dcc1: 00	dcc2: 00	
Time: 98134
Current: -0.117950
SOC: 0.838998
total_v: 113.234848	max_v: 4.048200	min_v: 4.038300	avg_v: 4.044102	max-min: 0.009900
C1=4.039500V	C2=4.041000V	C3=4.042650V	C4=4.043550V	C5=4.042350V	C6=4.041300V	C7=4.048200V	C8=4.045800V	C9=4.046850V	C10=4.042950V	C11=4.044150V	C12=4.044450V	C13=4.047150V	C14=4.048050V	C15=4.043250V	C16=4.041750V	C17=4.041900V	C18=4.043250V	C19=4.043550V	C20=4.044750V	C21=4.046400V	C22=4.044000V	C23=4.038300V	C24=4.045200V	C25=4.045500V	C26=4.045650V	C27=4.047150V	C28=4.046250V	
max_temp: 16.754053	min_temp: 13.569391	avg_temp: 14.094433
undervoltage: 0	overvoltage: 0	pec: 0	overtemperature: 0	openwire: 0	openwire_temp: 0
dcc1: 00	dcc2: 00	
Time: 98335
Current: 0.275146
SOC: 0.838997
total_v: 113.235153	max_v: 4.048200	min_v: 4.038300	avg_v: 4.044113	max-min: 0.009900
C1=4.039500V	C2=4.041150V	C3=4.042650V	C4=4.043550V	C5=4.042500V	C6=4.041450V	C7=4.048200V	C8=4.045800V	C9=4.046850V	C10=4.042950V	C11=4.044000V	C12=4.044600V	C13=4.047150V	C14=4.047900V	C15=4.043100V	C16=4.041900V	C17=4.041900V	C18=4.043250V	C19=4.043550V	C20=4.044750V	C21=4.046400V	C22=4.044000V	C23=4.038300V	C24=4.045200V	C25=4.045500V	C26=4.045650V	C27=4.047150V	C28=4.046250V	
max_temp: 16.754053	min_temp: 13.569391	avg_temp: 14.094748
undervoltage: 0	overvoltage: 0	pec: 0	overtemperature: 0	openwire: 0	openwire_temp: 0
dcc1: 00	dcc2: 00	
Time: 98536
Current: -0.117950
SOC: 0.838997
total_v: 113.235588	max_v: 4.048200	min_v: 4.038450	avg_v: 4.044128	max-min: 0.009750
C1=4.039500V	C2=4.041150V	C3=4.042650V	C4=4.043700V	C5=4.042350V	C6=4.041300V	C7=4.048200V	C8=4.045800V	C9=4.046850V	C10=4.043100V	C11=4.044000V	C12=4.044600V	C13=4.047150V	C14=4.047900V	C15=4.043250V	C16=4.041900V	C17=4.041900V	C18=4.043250V	C19=4.043550V	C20=4.044750V	C21=4.046400V	C22=4.044000V	C23=4.038450V	C24=4.045200V	C25=4.045650V	C26=4.045650V	C27=4.047150V	C28=4.046250V	
max_temp: 16.754053	min_temp: 13.569391	avg_temp: 14.095377
undervoltage: 0	overvoltage: 0	pec: 0	overtemperature: 0	openwire: 0	openwire_temp: 0
dcc1: 00	dcc2: 00	
Time: 98737
Current: -0.216232
SOC: 0.838998
total_v: 113.235588	max_v: 4.048200	min_v: 4.038450	avg_v: 4.044128	max-min: 0.009750
C1=4.039500V	C2=4.041150V	C3=4.042650V	C4=4.043550V	C5=4.042350V	C6=4.041300V	C7=4.048200V	C8=4.045800V	C9=4.046850V	C10=4.043100V	C11=4.044000V	C12=4.044600V	C13=4.047150V	C14=4.048050V	C15=4.043250V	C16=4.041900V	C17=4.041900V	C18=4.043250V	C19=4.043550V	C20=4.044750V	C21=4.046400V	C22=4.044000V	C23=4.038450V	C24=4.045200V	C25=4.045650V	C26=4.045650V	C27=4.047150V	C28=4.046250V	
max_temp: 16.754053	min_temp: 13.569391	avg_temp: 14.094433
undervoltage: 0	overvoltage: 0	pec: 0	overtemperature: 0	openwire: 0	openwire_temp: 0
dcc1: 00	dcc2: 00	
Time: 98938
Current: 2.928604
SOC: 0.838986
total_v: 113.234993	max_v: 4.048200	min_v: 4.038450	avg_v: 4.044107	max-min: 0.009750
C1=4.039500V	C2=4.041150V	C3=4.042650V	C4=4.043550V	C5=4.042350V	C6=4.041300V	C7=4.048200V	C8=4.045800V	C9=4.046700V	C10=4.043100V	C11=4.044000V	C12=4.044600V	C13=4.047150V	C14=4.047900V	C15=4.043250V	C16=4.041750V	C17=4.041900V	C18=4.043100V	C19=4.043550V	C20=4.044750V	C21=4.046550V	C22=4.044000V	C23=4.038450V	C24=4.045200V	C25=4.045500V	C26=4.045650V	C27=4.047150V	C28=4.046250V	
max_temp: 16.754053	min_temp: 13.569391	avg_temp: 14.094748
undervoltage: 0	overvoltage: 0	pec: 0	overtemperature: 0	openwire: 0	openwire_temp: 0
dcc1: 00	dcc2: 00	
Time: 99139
Current: 0.373444
SOC: 0.838984
total_v: 113.234695	max_v: 4.048200	min_v: 4.038300	avg_v: 4.044096	max-min: 0.009900
C1=4.039500V	C2=4.041150V	C3=4.042650V	C4=4.043550V	C5=4.042350V	C6=4.041300V	C7=4.048200V	C8=4.045800V	C9=4.046850V	C10=4.042950V	C11=4.044000V	C12=4.044600V	C13=4.047150V	C14=4.047900V	C15=4.043250V	C16=4.041750V	C17=4.041900V	C18=4.043250V	C19=4.043550V	C20=4.044600V	C21=4.046400V	C22=4.044000V	C23=4.038300V	C24=4.045200V	C25=4.045500V	C26=4.045650V	C27=4.047150V	C28=4.046250V	
max_temp: 16.754053	min_temp: 13.569391	avg_temp: 14.094748
undervoltage: 0	overvoltage: 0	pec: 0	overtemperature: 0	openwire: 0	openwire_temp: 0
dcc1: 00	dcc2: 00	
Time: 99340
Current: -0.117950
SOC: 0.838985
total_v: 113.235748	max_v: 4.048350	min_v: 4.038450	avg_v: 4.044134	max-min: 0.009900
C1=4.039500V	C2=4.041150V	C3=4.042500V	C4=4.043550V	C5=4.042350V	C6=4.041300V	C7=4.048350V	C8=4.045950V	C9=4.046850V	C10=4.042950V	C11=4.044000V	C12=4.044750V	C13=4.047150V	C14=4.048050V	C15=4.043250V	C16=4.041900V	C17=4.042050V	C18=4.043250V	C19=4.043550V	C20=4.044750V	C21=4.046400V	C22=4.044000V	C23=4.038450V	C24=4.045200V	C25=4.045500V	C26=4.045650V	C27=4.047150V	C28=4.046250V	
max_temp: 16.754053	min_temp: 13.569391	avg_temp: 14.094433
undervoltage: 0	overvoltage: 0	pec: 0	overtemperature: 0	openwire: 0	openwire_temp: 0
dcc1: 00	dcc2: 00	
Time: 99541
Current: -0.117950
SOC: 0.838985
total_v: 113.234840	max_v: 4.048200	min_v: 4.038450	avg_v: 4.044101	max-min: 0.009750
C1=4.039500V	C2=4.041000V	C3=4.042650V	C4=4.043550V	C5=4.042350V	C6=4.041300V	C7=4.048200V	C8=4.045650V	C9=4.046850V	C10=4.042950V	C11=4.044000V	C12=4.044600V	C13=4.047150V	C14=4.048050V	C15=4.043250V	C16=4.041750V	C17=4.041900V	C18=4.043100V	C19=4.043550V	C20=4.044750V	C21=4.046400V	C22=4.044000V	C23=4.038450V	C24=4.045200V	C25=4.045650V	C26=4.045650V	C27=4.047150V	C28=4.046250V	
max_temp: 16.754053	min_temp: 13.564356	avg_temp: 14.094433
undervoltage: 0	overvoltage: 0	pec: 0	overtemperature: 0	openwire: 0	openwire_temp: 0
dcc1: 00	dcc2: 00	
Time: 99742
Current: -0.117950
SOC: 0.838986
total_v: 113.235146	max_v: 4.048200	min_v: 4.038450	avg_v: 4.044112	max-min: 0.009750
C1=4.039500V	C2=4.041000V	C3=4.042500V	C4=4.043550V	C5=4.042500V	C6=4.041300V	C7=4.048200V	C8=4.045800V	C9=4.046850V	C10=4.042950V	C11=4.044000V	C12=4.044600V	C13=4.047150V	C14=4.047900V	C15=4.043250V	C16=4.041900V	C17=4.041900V	C18=4.043250V	C19=4.043550V	C20=4.044750V	C21=4.046400V	C22=4.044000V	C23=4.038450V	C24=4.045200V	C25=4.045650V	C26=4.045650V	C27=4.047150V	C28=4.046250V	
max_temp: 16.749018	min_temp: 13.564356	avg_temp: 14.093489
undervoltage: 0	overvoltage: 0	pec: 0	overtemperature: 0	openwire: 0	openwire_temp: 0
dcc1: 00	dcc2: 00	
Time: 99943
Current: -0.117950
SOC: 0.838986
total_v: 113.234695	max_v: 4.048200	min_v: 4.038450	avg_v: 4.044096	max-min: 0.009750
C1=4.039500V	C2=4.041150V	C3=4.042650V	C4=4.043550V	C5=4.042350V	C6=4.041300V	C7=4.048200V	C8=4.045800V	C9=4.046700V	C10=4.042950V	C11=4.044000V	C12=4.044600V	C13=4.047150V	C14=4.047900V	C15=4.043250V	C16=4.041750V	C17=4.041900V	C18=4.043250V	C19=4.043550V	C20=4.044750V	C21=4.046400V	C22=4.044000V	C23=4.038450V	C24=4.045200V	C25=4.045500V	C26=4.045650V	C27=4.047150V	C28=4.046100V	
max_temp: 16.754053	min_temp: 13.569391	avg_temp: 14.095377
undervoltage: 0	overvoltage: 0	pec: 0	overtemperature: 0	openwire: 0	openwire_temp: 0
dcc1: 00	dcc2: 00	
Time: 100144
Current: -0.117950
SOC: 0.838987
total_v: 113.234840	max_v: 4.048200	min_v: 4.038300	avg_v: 4.044101	max-min: 0.009900
C1=4.039500V	C2=4.041150V	C3=4.042650V	C4=4.043550V	C5=4.042350V	C6=4.041300V	C7=4.048200V	C8=4.045800V	C9=4.046850V	C10=4.043100V	C11=4.044000V	C12=4.044600V	C13=4.047150V	C14=4.047900V	C15=4.043250V	C16=4.041750V	C17=4.041900V	C18=4.043250V	C19=4.043550V	C20=4.044750V	C21=4.046400V	C22=4.044000V	C23=4.038300V	C24=4.045200V	C25=4.045650V	C26=4.045650V	C27=4.047000V	C28=4.046100V	
max_temp: 16.754053	min_temp: 13.569391	avg_temp: 14.095062
undervoltage: 0	overvoltage: 0	pec: 0	overtemperature: 0	openwire: 0	openwire_temp: 0
dcc1: 00	dcc2: 00	
Time: 100345
Current: 2.142380
SOC: 0.838978
total_v: 113.234558	max_v: 4.048200	min_v: 4.038300	avg_v: 4.044091	max-min: 0.009900
C1=4.039500V	C2=4.041150V	C3=4.042650V	C4=4.043550V	C5=4.042350V	C6=4.041450V	C7=4.048200V	C8=4.045800V	C9=4.046700V	C10=4.043100V	C11=4.044000V	C12=4.044600V	C13=4.047150V	C14=4.047900V	C15=4.043250V	C16=4.041750V	C17=4.041900V	C18=4.043250V	C19=4.043550V	C20=4.044750V	C21=4.046400V	C22=4.044000V	C23=4.038300V	C24=4.045050V	C25=4.045500V	C26=4.045500V	C27=4.047000V	C28=4.046250V	
max_temp: 16.754053	min_temp: 13.569391	avg_temp: 14.095692
undervoltage: 0	overvoltage: 0	pec: 0	overtemperature: 0	openwire: 0	openwire_temp: 0
dcc1: 00	dcc2: 00	
Time: 100546
Current: -0.117950
SOC: 0.838978
total_v: 113.235146	max_v: 4.048350	min_v: 4.038300	avg_v: 4.044112	max-min: 0.010050
C1=4.039500V	C2=4.041150V	C3=4.042650V	C4=4.043550V	C5=4.042350V	C6=4.041300V	C7=4.048350V	C8=4.045800V	C9=4.046850V	C10=4.043100V	C11=4.044000V	C12=4.044600V	C13=4.047150V	C14=4.047900V	C15=4.043250V	C16=4.041750V	C17=4.041900V	C18=4.043250V	C19=4.043550V	C20=4.044750V	C21=4.046400V	C22=4.044000V	C23=4.038300V	C24=4.045200V	C25=4.045650V	C26=4.045650V	C27=4.047000V	C28=4.046250V	
max_temp: 16.754053	min_temp: 13.569391	avg_temp: 14.094748
undervoltage: 0	overvoltage: 0	pec: 0	overtemperature: 0	openwire: 0	openwire_temp: 0
dcc1: 00	dcc2: 00	
Time: 100747
Current: -0.216232
SOC: 0.838979
total_v: 113.235588	max_v: 4.048200	min_v: 4.038450	avg_v: 4.044128	max-min: 0.009750
C1=4.039650V	C2=4.041150V	C3=4.042650V	C4=4.043550V	C5=4.042500V	C6=4.041300V	C7=4.048200V	C8=4.045800V	C9=4.046850V	C10=4.042950V	C11=4.044150V	C12=4.044600V	C13=4.047150V	C14=4.047900V	C15=4.043250V	C16=4.041750V	C17=4.041900V	C18=4.043250V	C19=4.043550V	C20=4.044750V	C21=4.046400V	C22=4.044000V	C23=4.038450V	C24=4.045200V	C25=4.045650V	C26=4.045650V	C27=4.047150V	C28=4.046250V	
max_temp: 16.754053	min_temp: 13.569391	avg_temp: 14.094748
undervoltage: 0	overvoltage: 0	pec: 0	overtemperature: 0	openwire: 0	openwire_temp: 0
dcc1: 00	dcc2: 00	
Time: 100948
Current: -0.216232
SOC: 0.838980
total_v: 113.234840	max_v: 4.048200	min_v: 4.038300	avg_v: 4.044101	max-min: 0.009900
C1=4.039500V	C2=4.041000V	C3=4.042650V	C4=4.043550V	C5=4.042350V	C6=4.041300V	C7=4.048200V	C8=4.045800V	C9=4.046700V	C10=4.042950V	C11=4.044000V	C12=4.044600V	C13=4.047150V	C14=4.048050V	C15=4.043250V	C16=4.041750V	C17=4.041900V	C18=4.043250V	C19=4.043550V	C20=4.044750V	C21=4.046400V	C22=4.044000V	C23=4.038300V	C24=4.045200V	C25=4.045650V	C26=4.045650V	C27=4.047150V	C28=4.046250V	
max_temp: 16.749018	min_temp: 13.569391	avg_temp: 14.094748
undervoltage: 0	overvoltage: 0	pec: 0	overtemperature: 0	openwire: 0	openwire_temp: 0
dcc1: 00	dcc2: 00	
Time: 101149
Current: -0.216232
SOC: 0.838981
total_v: 113.235146	max_v: 4.048200	min_v: 4.038450	avg_v: 4.044112	max-min: 0.009750
C1=4.039500V	C2=4.041150V	C3=4.042650V	C4=4.043550V	C5=4.042350V	C6=4.041300V	C7=4.048200V	C8=4.045800V	C9=4.046850V	C10=4.042950V	C11=4.044000V	C12=4.044600V	C13=4.047150V	C14=4.048050V	C15=4.043250V	C16=4.041750V	C17=4.041900V	C18=4.043250V	C19=4.043550V	C20=4.044750V	C21=4.046400V	C22=4.044000V	C23=4.038450V	C24=4.045200V	C25=4.045650V	C26=4.045650V	C27=4.047000V	C28=4.046250V	
max_temp: 16.754053	min_temp: 13.569391	avg_temp: 14.095377
undervoltage: 0	overvoltage: 0	pec: 0	overtemperature: 0	openwire: 0	openwire_temp: 0
dcc1: 00	dcc2: 00	
Time: 101350
Current: 0.078598
SOC: 0.838981
total_v: 113.235130	max_v: 4.048200	min_v: 4.038450	avg_v: 4.044112	max-min: 0.009750
C1=4.039500V	C2=4.041150V	C3=4.042650V	C4=4.043550V	C5=4.042350V	C6=4.041300V	C7=4.048200V	C8=4.045800V	C9=4.046850V	C10=4.043100V	C11=4.044000V	C12=4.044600V	C13=4.047150V	C14=4.048050V	C15=4.043250V	C16=4.041750V	C17=4.041900V	C18=4.043100V	C19=4.043550V	C20=4.044750V	C21=4.046400V	C22=4.044000V	C23=4.038450V	C24=4.045200V	C25=4.045650V	C26=4.045650V	C27=4.047000V	C28=4.046250V	
max_temp: 16.749018	min_temp: 13.569391	avg_temp: 14.094433
undervoltage: 0	overvoltage: 0	pec: 0	overtemperature: 0	openwire: 0	openwire_temp: 0
dcc1: 00	dcc2: 00	
Time: 101551
Current: -0.216232
SOC: 0.838982
total_v: 113.235283	max_v: 4.048200	min_v: 4.038450	avg_v: 4.044117	max-min: 0.009750
C1=4.039500V	C2=4.041000V	C3=4.042650V	C4=4.043550V	C5=4.042350V	C6=4.041300V	C7=4.048200V	C8=4.045800V	C9=4.046850V	C10=4.042950V	C11=4.044000V	C12=4.044600V	C13=4.047150V	C14=4.048050V	C15=4.043250V	C16=4.041900V	C17=4.041900V	C18=4.043250V	C19=4.043550V	C20=4.044750V	C21=4.046400V	C22=4.044000V	C23=4.038450V	C24=4.045200V	C25=4.045650V	C26=4.045650V	C27=4.047150V	C28=4.046250V	
max_temp: 16.749018	min_temp: 13.569391	avg_temp: 14.094748
undervoltage: 0	overvoltage: 0	pec: 0	overtemperature: 0	openwire: 0	openwire_temp: 0
dcc1: 00	dcc2: 00	
Time: 101752
Current: -0.117950
SOC: 0.838982
total_v: 113.235458	max_v: 4.048200	min_v: 4.038450	avg_v: 4.044124	max-min: 0.009750
C1=4.039500V	C2=4.041150V	C3=4.042650V	C4=4.043550V	C5=4.042350V	C6=4.041300V	C7=4.048200V	C8=4.045800V	C9=4.046850V	C10=4.042950V	C11=4.044150V	C12=4.044600V	C13=4.047150V	C14=4.047900V	C15=4.043250V	C16=4.041900V	C17=4.041900V	C18=4.043250V	C19=4.043700V	C20=4.044750V	C21=4.046400V	C22=4.044000V	C23=4.038450V	C24=4.045200V	C25=4.045500V	C26=4.045650V	C27=4.047150V	C28=4.046250V	
max_temp: 16.749018	min_temp: 13.569391	avg_temp: 14.094433
undervoltage: 0	overvoltage: 0	pec: 0	overtemperature: 0	openwire: 0	openwire_temp: 0
dcc1: 00	dcc2: 00	
Time: 101953
Current: -0.216232
SOC: 0.838983
total_v: 113.234985	max_v: 4.048200	min_v: 4.038450	avg_v: 4.044106	max-min: 0.009750
C1=4.039500V	C2=4.041150V	C3=4.042650V	C4=4.043550V	C5=4.042350V	C6=4.041300V	C7=4.048200V	C8=4.045800V	C9=4.046850V	C10=4.043100V	C11=4.044000V	C12=4.044600V	C13=4.047150V	C14=4.048050V	C15=4.043100V	C16=4.041750V	C17=4.041900V	C18=4.043100V	C19=4.043550V	C20=4.044600V	C21=4.046400V	C22=4.044000V	C23=4.038450V	C24=4.045200V	C25=4.045650V	C26=4.045650V	C27=4.047150V	C28=4.046250V	
max_temp: 16.749018	min_temp: 13.569391	avg_temp: 14.095377
undervoltage: 0	overvoltage: 0	pec: 0	overtemperature: 0	openwire: 0	openwire_temp: 0
dcc1: 00	dcc2: 00	
Time: 102154
Current: -0.117950
SOC: 0.838984
total_v: 113.235588	max_v: 4.048350	min_v: 4.038450	avg_v: 4.044128	max-min: 0.009900
C1=4.039500V	C2=4.041150V	C3=4.042500V	C4=4.043550V	C5=4.042500V	C6=4.041300V	C7=4.048350V	C8=4.045800V	C9=4.046850V	C10=4.043100V	C11=4.044000V	C12=4.044600V	C13=4.047150V	C14=4.048050V	C15=4.043250V	C16=4.041750V	C17=4.041900V	C18=4.043250V	C19=4.043550V	C20=4.044750V	C21=4.046400V	C22=4.044000V	C23=4.038450V	C24=4.045200V	C25=4.045650V	C26=4.045650V	C27=4.047150V	C28=4.046250V	
max_temp: 16.749018	min_temp: 13.569391	avg_temp: 14.095377
undervoltage: 0	overvoltage: 0	pec: 0	overtemperature: 0	openwire: 0	openwire_temp: 0
dcc1: 00	dcc2: 00	
Time: 102355
Current: -0.117950
SOC: 0.838984
total_v: 113.235298	max_v: 4.048350	min_v: 4.038450	avg_v: 4.044118	max-min: 0.009900
C1=4.039500V	C2=4.041150V	C3=4.042650V	C4=4.043550V	C5=4.042500V	C6=4.041450V	C7=4.048350V	C8=4.045800V	C9=4.046850V	C10=4.042950V	C11=4.044000V	C12=4.044600V	C13=4.047150V	C14=4.047900V	C15=4.043250V	C16=4.041750V	C17=4.041900V	C18=4.043250V	C19=4.043550V	C20=4.044750V	C21=4.046400V	C22=4.044150V	C23=4.038450V	C24=4.045200V	C25=4.045500V	C26=4.045500V	C27=4.047000V	C28=4.046250V	
max_temp: 16.749018	min_temp: 13.569391	avg_temp: 14.095377
undervoltage: 0	overvoltage: 0	pec: 0	overtemperature: 0	openwire: 0	openwire_temp: 0
dcc1: 00	dcc2: 00	
Time: 102556
Current: -0.117950
SOC: 0.838985
total_v: 113.234848	max_v: 4.048200	min_v: 4.038450	avg_v: 4.044102	max-min: 0.009750
C1=4.039500V	C2=4.041150V	C3=4.042650V	C4=4.043550V	C5=4.042350V	C6=4.041300V	C7=4.048200V	C8=4.045800V	C9=4.046850V	C10=4.042950V	C11=4.044000V	C12=4.044600V	C13=4.047150V	C14=4.047900V	C15=4.043250V	C16=4.041750V	C17=4.041900V	C18=4.043250V	C19=4.043550V	C20=4.044600V	C21=4.046400V	C22=4.044150V	C23=4.038450V	C24=4.045200V	C25=4.045500V	C26=4.045650V	C27=4.047000V	C28=4.046250V	
max_temp: 16.749018	min_temp: 13.569391	avg_temp: 14.095377
undervoltage: 0	overvoltage: 0	pec: 0	overtemperature: 0	openwire: 0	openwire_temp: 0
dcc1: 00	dcc2: 00	
Time: 102757
Current: -0.216232
SOC: 0.838985
total_v: 113.235138	max_v: 4.048200	min_v: 4.038450	avg_v: 4.044112	max-min: 0.009750
C1=4.039500V	C2=4.041150V	C3=4.042650V	C4=4.043550V	C5=4.042350V	C6=4.041300V	C7=4.048200V	C8=4.045800V	C9=4.046850V	C10=4.042950V	C11=4.044000V	C12=4.044600V	C13=4.047150V	C14=4.048050V	C15=4.043100V	C16=4.041750V	C17=4.041900V	C18=4.043250V	C19=4.043550V	C20=4.044750V	C21=4.046550V	C22=4.044000V	C23=4.038450V	C24=4.045200V	C25=4.045650V	C26=4.045650V	C27=4.047000V	C28=4.046250V	
max_temp: 16.743982	min_temp: 13.569391	avg_temp: 14.094433
undervoltage: 0	overvoltage: 0	pec: 0	overtemperature: 0	openwire: 0	openwire_temp: 0
dcc1: 00	dcc2: 00	
Time: 102958
Current: 0.471710
SOC: 0.838983
total_v: 113.235451	max_v: 4.048200	min_v: 4.038450	avg_v: 4.044123	max-min: 0.009750
C1=4.039500V	C2=4.041150V	C3=4.042650V	C4=4.043550V	C5=4.042350V	C6=4.041450V	C7=4.048200V	C8=4.045800V	C9=4.046850V	C10=4.042950V	C11=4.044000V	C12=4.044600V	C13=4.047150V	C14=4.047900V	C15=4.043250V	C16=4.041750V	C17=4.041900V	C18=4.043250V	C19=4.043550V	C20=4.044750V	C21=4.046400V	C22=4.044150V	C23=4.038450V	C24=4.045200V	C25=4.045650V	C26=4.045650V	C27=4.047150V	C28=4.046250V	
max_temp: 16.743982	min_temp: 13.569391	avg_temp: 14.094748
undervoltage: 0	overvoltage: 0	pec: 0	overtemperature: 0	openwire: 0	openwire_temp: 0
dcc1: 00	dcc2: 00	
Time: 103159
Current: -0.117950
SOC: 0.838984
total_v: 113.234993	max_v: 4.048200	min_v: 4.038300	avg_v: 4.044107	max-min: 0.009900
C1=4.039500V	C2=4.041150V	C3=4.042650V	C4=4.043550V	C5=4.042350V	C6=4.041300V	C7=4.048200V	C8=4.045800V	C9=4.046850V	C10=4.043100V	C11=4.044150V	C12=4.044600V	C13=4.047150V	C14=4.048050V	C15=4.043250V	C16=4.041750V	C17=4.041900V	C18=4.043100V	C19=4.043550V	C20=4.044600V	C21=4.046400V	C22=4.044000V	C23=4.038300V	C24=4.045200V	C25=4.045500V	C26=4.045650V	C27=4.047150V	C28=4.046250V	
max_temp: 16.743982	min_temp: 13.569391	avg_temp: 14.094433
undervoltage: 0	overvoltage: 0	pec: 0	overtemperature: 0	openwire: 0	openwire_temp: 0
dcc1: 00	dcc2: 00	
Time: 103360
Current: -0.216232
SOC: 0.838985
total_v: 113.235153	max_v: 4.048200	min_v: 4.038450	avg_v: 4.044113	max-min: 0.009750
C1=4.039650V	C2=4.041150V	C3=4.042650V	C4=4.043550V	C5=4.042350V	C6=4.041300V	C7=4.048200V	C8=4.045800V	C9=4.046850V	C10=4.042950V	C11=4.044000V	C12=4.044600V	C13=4.047150V	C14=4.048050V	C15=4.043250V	C16=4.041750V	C17=4.041900V	C18=4.043250V	C19=4.043550V	C20=4.044750V	C21=4.046400V	C22=4.044000V	C23=4.038450V	C24=4.045200V	C25=4.045500V	C26=4.045650V	C27=4.047000V	C28=4.046250V	
max_temp: 16.743982	min_temp: 13.569391	avg_temp: 14.094433
undervoltage: 0	overvoltage: 0	pec: 0	overtemperature: 0	openwire: 0	openwire_temp: 0
dcc1: 00	dcc2: 00	
Time: 103561
Current: -0.117950
SOC: 0.838985
total_v: 113.234535	max_v: 4.048200	min_v: 4.038300	avg_v: 4.044091	max-min: 0.009900
C1=4.039500V	C2=4.041000V	C3=4.042650V	C4=4.043550V	C5=4.042350V	C6=4.041300V	C7=4.048200V	C8=4.045800V	C9=4.046700V	C10=4.042950V	C11=4.044000V	C12=4.044600V	C13=4.047150V	C14=4.047900V	C15=4.043250V	C16=4.041750V	C17=4.041900V	C18=4.043250V	C19=4.043550V	C20=4.044750V	C21=4.046400V	C22=4.044000V	C23=4.038300V	C24=4.045200V	C25=4.045650V	C26=4.045650V	C27=4.047000V	C28=4.046250V	
max_temp: 16.743982	min_temp: 13.569391	avg_temp: 14.095379
undervoltage: 0	overvoltage: 0	pec: 0	overtemperature: 0	openwire: 0	openwire_temp: 0
dcc1: 00	dcc2: 00	
Time: 103762
Current: -0.117950
SOC: 0.838986
total_v: 113.235130	max_v: 4.048200	min_v: 4.038450	avg_v: 4.044112	max-min: 0.009750
C1=4.039500V	C2=4.041150V	C3=4.042650V	C4=4.043550V	C5=4.042350V	C6=4.041300V	C7=4.048200V	C8=4.045800V	C9=4.046850V	C10=4.043100V	C11=4.044000V	C12=4.044600V	C13=4.047150V	C14=4.048050V	C15=4.043100V	C16=4.041900V	C17=4.041900V	C18=4.043100V	C19=4.043550V	C20=4.044750V	C21=4.046400V	C22=4.044000V	C23=4.038450V	C24=4.045200V	C25=4.045650V	C26=4.045650V	C27=4.047000V	C28=4.046250V	
max_temp: 16.743982	min_temp: 13.569391	avg_temp: 14.094433
undervoltage: 0	overvoltage: 0	pec: 0	overtemperature: 0	openwire: 0	openwire_temp: 0
dcc1: 00	dcc2: 00	
Time: 103963
Current: -0.216232
SOC: 0.838987
total_v: 113.235298	max_v: 4.048200	min_v: 4.038450	avg_v: 4.044118	max-min: 0.009750
C1=4.039500V	C2=4.041150V	C3=4.042650V	C4=4.043550V	C5=4.042350V	C6=4.041300V	C7=4.048200V	C8=4.045800V	C9=4.046850V	C10=4.042950V	C11=4.044000V	C12=4.044600V	C13=4.047150V	C14=4.048050V	C15=4.043250V	C16=4.041750V	C17=4.041900V	C18=4.043250V	C19=4.043550V	C20=4.044750V	C21=4.046400V	C22=4.044000V	C23=4.038450V	C24=4.045200V	C25=4.045650V	C26=4.045650V	C27=4.047150V	C28=4.046250V	
max_temp: 16.738977	min_temp: 13.569391	avg_temp: 14.094749
undervoltage: 0	overvoltage: 0	pec: 0	overtemperature: 0	openwire: 0	openwire_temp: 0
dcc1: 00	dcc2: 00	
Time: 104164
Current: -0.216232
SOC: 0.838988
total_v: 113.235153	max_v: 4.048350	min_v: 4.038450	avg_v: 4.044113	max-min: 0.009900
C1=4.039650V	C2=4.041000V	C3=4.042650V	C4=4.043550V	C5=4.042350V	C6=4.041300V	C7=4.048350V	C8=4.045800V	C9=4.046850V	C10=4.042950V	C11=4.044000V	C12=4.044600V	C13=4.047150V	C14=4.048050V	C15=4.043100V	C16=4.041750V	C17=4.041900V	C18=4.043250V	C19=4.043550V	C20=4.044750V	C21=4.046400V	C22=4.044000V	C23=4.038450V	C24=4.045200V	C25=4.045500V	C26=4.045650V	C27=4.047150V	C28=4.046250V	
max_temp: 16.738977	min_temp: 13.569391	avg_temp: 14.094435
undervoltage: 0	overvoltage: 0	pec: 0	overtemperature: 0	openwire: 0	openwire_temp: 0
dcc1: 00	dcc2: 00	
Time: 104365
Current: -0.216232
SOC: 0.838988
total_v: 113.235443	max_v: 4.048200	min_v: 4.038300	avg_v: 4.044123	max-min: 0.009900
C1=4.039650V	C2=4.041150V	C3=4.042650V	C4=4.043550V	C5=4.042500V	C6=4.041300V	C7=4.048200V	C8=4.045800V	C9=4.046850V	C10=4.043100V	C11=4.044150V	C12=4.044600V	C13=4.047150V	C14=4.048050V	C15=4.043250V	C16=4.041750V	C17=4.041900V	C18=4.043250V	C19=4.043550V	C20=4.044750V	C21=4.046400V	C22=4.044000V	C23=4.038300V	C24=4.045200V	C25=4.045500V	C26=4.045650V	C27=4.047000V	C28=4.046250V	
max_temp: 16.738977	min_temp: 13.569391	avg_temp: 14.094749
undervoltage: 0	overvoltage: 0	pec: 0	overtemperature: 0	openwire: 0	openwire_temp: 0
dcc1: 00	dcc2: 00	
Time: 104566
Current: -0.117950
SOC: 0.838989
total_v: 113.234695	max_v: 4.048350	min_v: 4.038300	avg_v: 4.044096	max-min: 0.010050
C1=4.039500V	C2=4.041150V	C3=4.042650V	C4=4.043550V	C5=4.042350V	C6=4.041300V	C7=4.048350V	C8=4.045650V	C9=4.046850V	C10=4.042950V	C11=4.044150V	C12=4.044600V	C13=4.047150V	C14=4.047900V	C15=4.043100V	C16=4.041750V	C17=4.041900V	C18=4.043250V	C19=4.043550V	C20=4.044750V	C21=4.046400V	C22=4.044000V	C23=4.038300V	C24=4.045200V	C25=4.045500V	C26=4.045650V	C27=4.047000V	C28=4.046250V	
max_temp: 16.738977	min_temp: 13.569391	avg_temp: 14.094749
undervoltage: 0	overvoltage: 0	pec: 0	overtemperature: 0	openwire: 0	openwire_temp: 0
dcc1: 00	dcc2: 00	
Time: 104767
Current: -0.117950
SOC: 0.838989
total_v: 113.235146	max_v: 4.048200	min_v: 4.038450	avg_v: 4.044112	max-min: 0.009750
C1=4.039650V	C2=4.041150V	C3=4.042650V	C4=4.043550V	C5=4.042350V	C6=4.041300V	C7=4.048200V	C8=4.045800V	C9=4.046850V	C10=4.042950V	C11=4.044000V	C12=4.044600V	C13=4.047150V	C14=4.048050V	C15=4.043250V	C16=4.041900V	C17=4.041900V	C18=4.043250V	C19=4.043550V	C20=4.044750V	C21=4.046400V	C22=4.044000V	C23=4.038450V	C24=4.045200V	C25=4.045500V	C26=4.045500V	C27=4.047000V	C28=4.046250V	
max_temp: 16.738977	min_temp: 13.569391	avg_temp: 14.095064
undervoltage: 0	overvoltage: 0	pec: 0	overtemperature: 0	openwire: 0	openwire_temp: 0
dcc1: 00	dcc2: 00	
Time: 104968
Current: -0.117950
SOC: 0.838990
total_v: 113.235451	max_v: 4.048200	min_v: 4.038450	avg_v: 4.044123	max-min: 0.009750
C1=4.039500V	C2=4.041150V	C3=4.042650V	C4=4.043550V	C5=4.042350V	C6=4.041450V	C7=4.048200V	C8=4.045800V	C9=4.046850V	C10=4.042950V	C11=4.044000V	C12=4.044600V	C13=4.047150V	C14=4.047900V	C15=4.043250V	C16=4.041900V	C17=4.041900V	C18=4.043250V	C19=4.043550V	C20=4.044750V	C21=4.046400V	C22=4.044000V	C23=4.038450V	C24=4.045200V	C25=4.045650V	C26=4.045650V	C27=4.047150V	C28=4.046250V	
max_temp: 16.738977	min_temp: 13.569391	avg_temp: 14.094749
undervoltage: 0	overvoltage: 0	pec: 0	overtemperature: 0	openwire: 0	openwire_temp: 0
dcc1: 00	dcc2: 00	
Time: 105169
Current: 3.813080
SOC: 0.838974
total_v: 113.235451	max_v: 4.048200	min_v: 4.038450	avg_v: 4.044123	max-min: 0.009750
C1=4.039500V	C2=4.041150V	C3=4.042650V	C4=4.043550V	C5=4.042500V	C6=4.041300V	C7=4.048200V	C8=4.045800V	C9=4.046850V	C10=4.043100V	C11=4.044000V	C12=4.044600V	C13=4.047150V	C14=4.047900V	C15=4.043250V	C16=4.041750V	C17=4.041900V	C18=4.043250V	C19=4.043550V	C20=4.044750V	C21=4.046400V	C22=4.044000V	C23=4.038450V	C24=4.045200V	C25=4.045650V	C26=4.045650V	C27=4.047150V	C28=4.046250V	
max_temp: 16.738977	min_temp: 13.569391	avg_temp: 14.094749
undervoltage: 0	overvoltage: 0	pec: 0	overtemperature: 0	openwire: 0	openwire_temp: 0
dcc1: 00	dcc2: 00	
Time: 105370
Current: 0.176865
SOC: 0.838973
total_v: 113.235138	max_v: 4.048350	min_v: 4.038450	avg_v: 4.044112	max-min: 0.009900
C1=4.039500V	C2=4.041000V	C3=4.042650V	C4=4.043550V	C5=4.042350V	C6=4.041300V	C7=4.048350V	C8=4.045800V	C9=4.046850V	C10=4.043100V	C11=4.044000V	C12=4.044600V	C13=4.047150V	C14=4.047900V	C15=4.043250V	C16=4.041900V	C17=4.041900V	C18=4.043250V	C19=4.043550V	C20=4.044750V	C21=4.046400V	C22=4.044000V	C23=4.038450V	C24=4.045200V	C25=4.045500V	C26=4.045650V	C27=4.047000V	C28=4.046250V	
max_temp: 16.738977	min_temp: 13.569391	avg_temp: 14.094749
undervoltage: 0	overvoltage: 0	pec: 0	overtemperature: 0	openwire: 0	openwire_temp: 0
dcc1: 00	dcc2: 00	
Time: 105571
Current: 2.633774
SOC: 0.838962
total_v: 113.235146	max_v: 4.048200	min_v: 4.038450	avg_v: 4.044112	max-min: 0.009750
C1=4.039500V	C2=4.041150V	C3=4.042650V	C4=4.043550V	C5=4.042350V	C6=4.041300V	C7=4.048200V	C8=4.045800V	C9=4.046850V	C10=4.042950V	C11=4.044000V	C12=4.044600V	C13=4.047150V	C14=4.047900V	C15=4.043250V	C16=4.041900V	C17=4.041900V	C18=4.043100V	C19=4.043550V	C20=4.044750V	C21=4.046400V	C22=4.044000V	C23=4.038450V	C24=4.045200V	C25=4.045650V	C26=4.045650V	C27=4.047150V	C28=4.046250V	
max_temp: 16.733942	min_temp: 13.569391	avg_temp: 14.094749
undervoltage: 0	overvoltage: 0	pec: 0	overtemperature: 0	openwire: 0	openwire_temp: 0
dcc1: 00	dcc2: 00	
Time: 105772
Current: -0.019684
SOC: 0.838963
total_v: 113.235298	max_v: 4.048350	min_v: 4.038450	avg_v: 4.044118	max-min: 0.009900
C1=4.039500V	C2=4.041150V	C3=4.042650V	C4=4.043550V	C5=4.042350V	C6=4.041300V	C7=4.048350V	C8=4.045800V	C9=4.046700V	C10=4.042950V	C11=4.044150V	C12=4.044600V	C13=4.047150V	C14=4.047900V	C15=4.043100V	C16=4.041900V	C17=4.041900V	C18=4.043250V	C19=4.043550V	C20=4.044750V	C21=4.046400V	C22=4.044000V	C23=4.038450V	C24=4.045200V	C25=4.045650V	C26=4.045650V	C27=4.047150V	C28=4.046250V	
max_temp: 16.738977	min_temp: 13.569391	avg_temp: 14.094749
undervoltage: 0	overvoltage: 0	pec: 0	overtemperature: 0	openwire: 0	openwire_temp: 0
dcc1: 00	dcc2: 00	
Time: 105973
Current: -0.117950
SOC: 0.838963
total_v: 113.235443	max_v: 4.048200	min_v: 4.038450	avg_v: 4.044123	max-min: 0.009750
C1=4.039500V	C2=4.041150V	C3=4.042650V	C4=4.043550V	C5=4.042350V	C6=4.041450V	C7=4.048200V	C8=4.045800V	C9=4.046850V	C10=4.043100V	C11=4.044000V	C12=4.044600V	C13=4.047150V	C14=4.047900V	C15=4.043250V	C16=4.041750V	C17=4.041900V	C18=4.043250V	C19=4.043550V	C20=4.044600V	C21=4.046550V	C22=4.044000V	C23=4.038450V	C24=4.045200V	C25=4.045650V	C26=4.045650V	C27=4.047150V	C28=4.046250V	
max_temp: 16.733942	min_temp: 13.569391	avg_temp: 14.094435
undervoltage: 0	overvoltage: 0	pec: 0	overtemperature: 0	openwire: 0	openwire_temp: 0
dcc1: 00	dcc2: 00	
Time: 106174
Current: -0.117950
SOC: 0.838964
total_v: 113.234840	max_v: 4.048200	min_v: 4.038300	avg_v: 4.044101	max-min: 0.009900
C1=4.039500V	C2=4.041000V	C3=4.042650V	C4=4.043550V	C5=4.042350V	C6=4.041450V	C7=4.048200V	C8=4.045650V	C9=4.046850V	C10=4.042950V	C11=4.044000V	C12=4.044600V	C13=4.047150V	C14=4.047900V	C15=4.043250V	C16=4.041750V	C17=4.041900V	C18=4.043250V	C19=4.043550V	C20=4.044750V	C21=4.046400V	C22=4.044000V	C23=4.038300V	C24=4.045200V	C25=4.045650V	C26=4.045650V	C27=4.047150V	C28=4.046250V	
max_temp: 16.733942	min_temp: 13.569391	avg_temp: 14.094749
undervoltage: 0	overvoltage: 0	pec: 0	overtemperature: 0	openwire: 0	openwire_temp: 0
dcc1: 00	dcc2: 00	
Time: 106375
Current: -0.117950
SOC: 0.838964
total_v: 113.235306	max_v: 4.048200	min_v: 4.038300	avg_v: 4.044118	max-min: 0.009900
C1=4.039500V	C2=4.041150V	C3=4.042650V	C4=4.043550V	C5=4.042350V	C6=4.041450V	C7=4.048200V	C8=4.045800V	C9=4.046850V	C10=4.042950V	C11=4.044150V	C12=4.044600V	C13=4.047150V	C14=4.048050V	C15=4.043100V	C16=4.041750V	C17=4.041900V	C18=4.043250V	C19=4.043550V	C20=4.044750V	C21=4.046400V	C22=4.044000V	C23=4.038300V	C24=4.045200V	C25=4.045500V	C26=4.045800V	C27=4.047150V	C28=4.046250V	
max_temp: 16.733942	min_temp: 13.569391	avg_temp: 14.093805
undervoltage: 0	overvoltage: 0	pec: 0	overtemperature: 0	openwire: 0	openwire_temp: 0
dcc1: 00	dcc2: 00	
Time: 106576
Current: -0.117950
SOC: 0.838964
total_v: 113.234993	max_v: 4.048350	min_v: 4.038450	avg_v: 4.044107	max-min: 0.009900
C1=4.039500V	C2=4.041150V	C3=4.042650V	C4=4.043550V	C5=4.042350V	C6=4.041300V	C7=4.048350V	C8=4.045800V	C9=4.046850V	C10=4.043100V	C11=4.044000V	C12=4.044600V	C13=4.047150V	C14=4.047900V	C15=4.043250V	C16=4.041750V	C17=4.041900V	C18=4.043100V	C19=4.043550V	C20=4.044600V	C21=4.046400V	C22=4.044000V	C23=4.038450V	C24=4.045200V	C25=4.045650V	C26=4.045650V	C27=4.047150V	C28=4.046100V	
max_temp: 16.733942	min_temp: 13.569391	avg_temp: 14.094120
undervoltage: 0	overvoltage: 0	pec: 0	overtemperature: 0	openwire: 0	openwire_temp: 0
dcc1: 00	dcc2: 00	
Time: 106777
Current: 3.419983
SOC: 0.838950
total_v: 113.235138	max_v: 4.048200	min_v: 4.038450	avg_v: 4.044112	max-min: 0.009750
C1=4.039500V	C2=4.041000V	C3=4.042650V	C4=4.043550V	C5=4.042350V	C6=4.041300V	C7=4.048200V	C8=4.045800V	C9=4.046850V	C10=4.043100V	C11=4.044000V	C12=4.044600V	C13=4.047150V	C14=4.048050V	C15=4.043250V	C16=4.041750V	C17=4.041900V	C18=4.043250V	C19=4.043550V	C20=4.044750V	C21=4.046400V	C22=4.044000V	C23=4.038450V	C24=4.045200V	C25=4.045500V	C26=4.045650V	C27=4.047150V	C28=4.046250V	
max_temp: 16.728907	min_temp: 13.569391	avg_temp: 14.094120
undervoltage: 0	overvoltage: 0	pec: 0	overtemperature: 0	openwire: 0	openwire_temp: 0
dcc1: 00	dcc2: 00	
Time: 106978
Current: -0.117950
SOC: 0.838951
total_v: 113.235283	max_v: 4.048200	min_v: 4.038450	avg_v: 4.044117	max-min: 0.009750
C1=4.039500V	C2=4.041150V	C3=4.042650V	C4=4.043550V	C5=4.042350V	C6=4.041300V	C7=4.048200V	C8=4.045800V	C9=4.046850V	C10=4.043100V	C11=4.044000V	C12=4.044600V	C13=4.047150V	C14=4.048050V	C15=4.043100V	C16=4.041750V	C17=4.041900V	C18=4.043250V	C19=4.043550V	C20=4.044750V	C21=4.046400V	C22=4.044000V	C23=4.038450V	C24=4.045200V	C25=4.045650V	C26=4.045650V	C27=4.047150V	C28=4.046250V	
max_temp: 16.728907	min_temp: 13.569391	avg_temp: 14.093805
undervoltage: 0	overvoltage: 0	pec: 0	overtemperature: 0	openwire: 0	openwire_temp: 0
dcc1: 00	dcc2: 00	
Time: 107179
Current: -0.117950
SOC: 0.838951
total_v: 113.235153	max_v: 4.048200	min_v: 4.038450	avg_v: 4.044113	max-min: 0.009750
C1=4.039500V	C2=4.041150V	C3=4.042650V	C4=4.043550V	C5=4.042350V	C6=4.041300V	C7=4.048200V	C8=4.045800V	C9=4.046850V	C10=4.042950V	C11=4.044000V	C12=4.044600V	C13=4.047150V	C14=4.047900V	C15=4.043250V	C16=4.041900V	C17=4.041900V	C18=4.043250V	C19=4.043550V	C20=4.044750V	C21=4.046400V	C22=4.044000V	C23=4.038450V	C24=4.045200V	C25=4.045500V	C26=4.045650V	C27=4.047150V	C28=4.046250V	
max_temp: 16.733942	min_temp: 13.569391	avg_temp: 14.094435
undervoltage: 0	overvoltage: 0	pec: 0	overtemperature: 0	openwire: 0	openwire_temp: 0
dcc1: 00	dcc2: 00	
Time: 107380
Current: 1.945831
SOC: 0.838943
total_v: 113.235298	max_v: 4.048200	min_v: 4.038450	avg_v: 4.044118	max-min: 0.009750
C1=4.039500V	C2=4.041150V	C3=4.042650V	C4=4.043550V	C5=4.042350V	C6=4.041300V	C7=4.048200V	C8=4.045800V	C9=4.046850V	C10=4.043100V	C11=4.044000V	C12=4.044600V	C13=4.047150V	C14=4.047900V	C15=4.043250V	C16=4.041750V	C17=4.041900V	C18=4.043250V	C19=4.043550V	C20=4.044750V	C21=4.046400V	C22=4.044000V	C23=4.038450V	C24=4.045200V	C25=4.045650V	C26=4.045650V	C27=4.047150V	C28=4.046250V	
max_temp: 16.733942	min_temp: 13.569391	avg_temp: 14.094435
undervoltage: 0	overvoltage: 0	pec: 0	overtemperature: 0	openwire: 0	openwire_temp: 0
dcc1: 00	dcc2: 00	
Time: 107581
Current: -0.117950
SOC: 0.838944
total_v: 113.234848	max_v: 4.048200	min_v: 4.038450	avg_v: 4.044102	max-min: 0.009750
C1=4.039500V	C2=4.041000V	C3=4.042650V	C4=4.043550V	C5=4.042350V	C6=4.041300V	C7=4.048200V	C8=4.045800V	C9=4.046850V	C10=4.042950V	C11=4.044000V	C12=4.044600V	C13=4.047150V	C14=4.047900V	C15=4.043250V	C16=4.041750V	C17=4.041900V	C18=4.043250V	C19=4.043550V	C20=4.044750V	C21=4.046400V	C22=4.044150V	C23=4.038450V	C24=4.045200V	C25=4.045500V	C26=4.045650V	C27=4.047000V	C28=4.046250V	
max_temp: 16.728907	min_temp: 13.569391	avg_temp: 14.094120
undervoltage: 0	overvoltage: 0	pec: 0	overtemperature: 0	openwire: 0	openwire_temp: 0
dcc1: 00	dcc2: 00	
Time: 107782
Current: -0.117950
SOC: 0.838944
total_v: 113.235146	max_v: 4.048200	min_v: 4.038450	avg_v: 4.044112	max-min: 0.009750
C1=4.039500V	C2=4.041150V	C3=4.042650V	C4=4.043550V	C5=4.042350V	C6=4.041300V	C7=4.048200V	C8=4.045800V	C9=4.046700V	C10=4.042950V	C11=4.044000V	C12=4.044600V	C13=4.047150V	C14=4.048050V	C15=4.043250V	C16=4.041900V	C17=4.041900V	C18=4.043250V	C19=4.043550V	C20=4.044750V	C21=4.046400V	C22=4.044000V	C23=4.038450V	C24=4.045200V	C25=4.045650V	C26=4.045650V	C27=4.047000V	C28=4.046250V	
max_temp: 16.728907	min_temp: 13.569391	avg_temp: 14.093805
undervoltage: 0	overvoltage: 0	pec: 0	overtemperature: 0	openwire: 0	openwire_temp: 0
dcc1: 00	dcc2: 00	
Time: 107983
Current: -0.216232
SOC: 0.838945
total_v: 113.235435	max_v: 4.048200	min_v: 4.038450	avg_v: 4.044123	max-min: 0.009750
C1=4.039500V	C2=4.041150V	C3=4.042650V	C4=4.043550V	C5=4.042350V	C6=4.041300V	C7=4.048200V	C8=4.045800V	C9=4.046850V	C10=4.043100V	C11=4.044000V	C12=4.044600V	C13=4.047150V	C14=4.048050V	C15=4.043250V	C16=4.041750V	C17=4.041900V	C18=4.043250V	C19=4.043550V	C20=4.044750V	C21=4.046400V	C22=4.044000V	C23=4.038450V	C24=4.045200V	C25=4.045650V	C26=4.045650V	C27=4.047150V	C28=4.046250V	
max_temp: 16.728907	min_temp: 13.569391	avg_temp: 14.093805
undervoltage: 0	overvoltage: 0	pec: 0	overtemperature: 0	openwire: 0	openwire_temp: 0
dcc1: 00	dcc2: 00	
Time: 108184
Current: -0.117950
SOC: 0.838946
total_v: 113.235001	max_v: 4.048200	min_v: 4.038300	avg_v: 4.044107	max-min: 0.009900
C1=4.039500V	C2=4.041150V	C3=4.042650V	C4=4.043550V	C5=4.042350V	C6=4.041300V	C7=4.048200V	C8=4.045650V	C9=4.046850V	C10=4.043100V	C11=4.044000V	C12=4.044600V	C13=4.047150V	C14=4.048050V	C15=4.043250V	C16=4.041750V	C17=4.041900V	C18=4.043250V	C19=4.043550V	C20=4.044750V	C21=4.046400V	C22=4.044000V	C23=4.038300V	C24=4.045200V	C25=4.045500V	C26=4.045650V	C27=4.047150V	C28=4.046250V	
max_temp: 16.728907	min_temp: 13.569391	avg_temp: 14.094435
undervoltage: 0	overvoltage: 0	pec: 0	overtemperature: 0	openwire: 0	openwire_temp: 0
dcc1: 00	dcc2: 00	
Time: 108385
Current: -0.117950
SOC: 0.838946
total_v: 113.235451	max_v: 4.048200	min_v: 4.038300	avg_v: 4.044123	max-min: 0.009900
C1=4.039500V	C2=4.041150V	C3=4.042650V	C4=4.043550V	C5=4.042500V	C6=4.041450V	C7=4.048200V	C8=4.045800V	C9=4.046850V	C10=4.042950V	C11=4.044000V	C12=4.044600V	C13=4.047300V	C14=4.047900V	C15=4.043250V	C16=4.041750V	C17=4.041900V	C18=4.043250V	C19=4.043550V	C20=4.044750V	C21=4.046400V	C22=4.044000V	C23=4.038300V	C24=4.045200V	C25=4.045650V	C26=4.045650V	C27=4.047150V	C28=4.046250V	
max_temp: 16.728907	min_temp: 13.569391	avg_temp: 14.094749
undervoltage: 0	overvoltage: 0	pec: 0	overtemperature: 0	openwire: 0	openwire_temp: 0
dcc1: 00	dcc2: 00	
Time: 108586
Current: -0.216232
SOC: 0.838947
total_v: 113.234993	max_v: 4.048200	min_v: 4.038450	avg_v: 4.044107	max-min: 0.009750
C1=4.039500V	C2=4.041000V	C3=4.042650V	C4=4.043550V	C5=4.042350V	C6=4.041300V	C7=4.048200V	C8=4.045800V	C9=4.046850V	C10=4.043100V	C11=4.044000V	C12=4.044600V	C13=4.047150V	C14=4.047900V	C15=4.043250V	C16=4.041750V	C17=4.041900V	C18=4.043250V	C19=4.043550V	C20=4.044750V	C21=4.046400V	C22=4.044000V	C23=4.038450V	C24=4.045200V	C25=4.045650V	C26=4.045650V	C27=4.047150V	C28=4.046100V	
max_temp: 16.728907	min_temp: 13.569391	avg_temp: 14.094435
undervoltage: 0	overvoltage: 0	pec: 0	overtemperature: 0	openwire: 0	openwire_temp: 0
dcc1: 00	dcc2: 00	
Time: 108787
Current: -0.117950
SOC: 0.838947
total_v: 113.234993	max_v: 4.048200	min_v: 4.038300	avg_v: 4.044107	max-min: 0.009900
C1=4.039500V	C2=4.041150V	C3=4.042650V	C4=4.043550V	C5=4.042350V	C6=4.041300V	C7=4.048200V	C8=4.045800V	C9=4.046700V	C10=4.042950V	C11=4.044150V	C12=4.044600V	C13=4.047150V	C14=4.047900V	C15=4.043100V	C16=4.041900V	C17=4.041900V	C18=4.043250V	C19=4.043550V	C20=4.044750V	C21=4.046400V	C22=4.044000V	C23=4.038300V	C24=4.045200V	C25=4.045650V	C26=4.045650V	C27=4.047150V	C28=4.046250V	
max_temp: 16.728907	min_temp: 13.569391	avg_temp: 14.094120
undervoltage: 0	overvoltage: 0	pec: 0	overtemperature: 0	openwire: 0	openwire_temp: 0
dcc1: 00	dcc2: 00	
Time: 108988
Current: 4.206177
SOC: 0.838930
total_v: 113.235298	max_v: 4.048200	min_v: 4.038450	avg_v: 4.044118	max-min: 0.009750
C1=4.039500V	C2=4.041150V	C3=4.042650V	C4=4.043550V	C5=4.042350V	C6=4.041300V	C7=4.048200V	C8=4.045800V	C9=4.046850V	C10=4.042950V	C11=4.044000V	C12=4.044600V	C13=4.047150V	C14=4.048050V	C15=4.043250V	C16=4.041750V	C17=4.041900V	C18=4.043250V	C19=4.043550V	C20=4.044750V	C21=4.046400V	C22=4.044000V	C23=4.038450V	C24=4.045200V	C25=4.045650V	C26=4.045650V	C27=4.047150V	C28=4.046250V	
max_temp: 16.728907	min_temp: 13.569391	avg_temp: 14.093805
undervoltage: 0	overvoltage: 0	pec: 0	overtemperature: 0	openwire: 0	openwire_temp: 0
dcc1: 00	dcc2: 00	
Time: 109189
Current: -0.117950
SOC: 0.838930
total_v: 113.235596	max_v: 4.048350	min_v: 4.038300	avg_v: 4.044128	max-min: 0.010050
C1=4.039500V	C2=4.041150V	C3=4.042650V	C4=4.043550V	C5=4.042350V	C6=4.041300V	C7=4.048350V	C8=4.045800V	C9=4.046850V	C10=4.042950V	C11=4.044150V	C12=4.044750V	C13=4.047150V	C14=4.048050V	C15=4.043250V	C16=4.041750V	C17=4.041900V	C18=4.043250V	C19=4.043700V	C20=4.044750V	C21=4.046400V	C22=4.044000V	C23=4.038300V	C24=4.045200V	C25=4.045500V	C26=4.045800V	C27=4.047000V	C28=4.046250V	
max_temp: 16.728907	min_temp: 13.569391	avg_temp: 14.094120
undervoltage: 0	overvoltage: 0	pec: 0	overtemperature: 0	openwire: 0	openwire_temp: 0
dcc1: 00	dcc2: 00	
Time: 109390
Current: -0.117950
SOC: 0.838931
total_v: 113.235748	max_v: 4.048350	min_v: 4.038450	avg_v: 4.044134	max-min: 0.009900
C1=4.039500V	C2=4.041150V	C3=4.042650V	C4=4.043550V	C5=4.042350V	C6=4.041300V	C7=4.048350V	C8=4.045800V	C9=4.046850V	C10=4.043100V	C11=4.044150V	C12=4.044600V	C13=4.047150V	C14=4.047900V	C15=4.043250V	C16=4.041750V	C17=4.041900V	C18=4.043250V	C19=4.043550V	C20=4.044750V	C21=4.046550V	C22=4.044000V	C23=4.038450V	C24=4.045200V	C25=4.045650V	C26=4.045650V	C27=4.047150V	C28=4.046250V	
max_temp: 16.728907	min_temp: 13.569391	avg_temp: 14.094120
undervoltage: 0	overvoltage: 0	pec: 0	overtemperature: 0	openwire: 0	openwire_temp: 0
dcc1: 00	dcc2: 00	
Time: 109591
Current: 0.078598
SOC: 0.838931
total_v: 113.235291	max_v: 4.048200	min_v: 4.038450	avg_v: 4.044117	max-min: 0.009750
C1=4.039500V	C2=4.041150V	C3=4.042650V	C4=4.043550V	C5=4.042350V	C6=4.041300V	C7=4.048200V	C8=4.045800V	C9=4.046850V	C10=4.043100V	C11=4.044000V	C12=4.044600V	C13=4.047150V	C14=4.048050V	C15=4.043250V	C16=4.041750V	C17=4.041900V	C18=4.043250V	C19=4.043700V	C20=4.044750V	C21=4.046400V	C22=4.044000V	C23=4.038450V	C24=4.045200V	C25=4.045500V	C26=4.045650V	C27=4.047000V	C28=4.046250V	
max_temp: 16.728907	min_temp: 13.569391	avg_temp: 14.094120
undervoltage: 0	overvoltage: 0	pec: 0	overtemperature: 0	openwire: 0	openwire_temp: 0
dcc1: 00	dcc2: 00	
Time: 109792
Current: -0.216232
SOC: 0.838932
total_v: 113.235435	max_v: 4.048350	min_v: 4.038450	avg_v: 4.044123	max-min: 0.009900
C1=4.039500V	C2=4.041150V	C3=4.042650V	C4=4.043550V	C5=4.042500V	C6=4.041300V	C7=4.048350V	C8=4.045800V	C9=4.046850V	C10=4.042950V	C11=4.044000V	C12=4.044600V	C13=4.047150V	C14=4.047900V	C15=4.043250V	C16=4.041900V	C17=4.041900V	C18=4.043250V	C19=4.043550V	C20=4.044750V	C21=4.046400V	C22=4.044000V	C23=4.038450V	C24=4.045200V	C25=4.045650V	C26=4.045650V	C27=4.047000V	C28=4.046250V	
max_temp: 16.728907	min_temp: 13.569391	avg_temp: 14.094120
undervoltage: 0	overvoltage: 0	pec: 0	overtemperature: 0	openwire: 0	openwire_temp: 0
dcc1: 00	dcc2: 00	
Time: 109993
Current: -0.216232
SOC: 0.838932
total_v: 113.235153	max_v: 4.048350	min_v: 4.038450	avg_v: 4.044113	max-min: 0.009900
C1=4.039650V	C2=4.041000V	C3=4.042650V	C4=4.043550V	C5=4.042350V	C6=4.041450V	C7=4.048350V	C8=4.045800V	C9=4.046850V	C10=4.042950V	C11=4.044000V	C12=4.044600V	C13=4.047150V	C14=4.047900V	C15=4.043250V	C16=4.041900V	C17=4.041900V	C18=4.043250V	C19=4.043550V	C20=4.044600V	C21=4.046400V	C22=4.044000V	C23=4.038450V	C24=4.045200V	C25=4.045500V	C26=4.045650V	C27=4.047000V	C28=4.046250V	
max_temp: 16.728907	min_temp: 13.569391	avg_temp: 14.094435
undervoltage: 0	overvoltage: 0	pec: 0	overtemperature: 0	openwire: 0	openwire_temp: 0
dcc1: 00	dcc2: 00	
Time: 110194
Current: -0.117950
SOC: 0.838933
total_v: 113.235001	max_v: 4.048200	min_v: 4.038450	avg_v: 4.044107	max-min: 0.009750
C1=4.039500V	C2=4.041000V	C3=4.042650V	C4=4.043550V	C5=4.042350V	C6=4.041300V	C7=4.048200V	C8=4.045800V	C9=4.046850V	C10=4.042950V	C11=4.044150V	C12=4.044600V	C13=4.047150V	C14=4.047900V	C15=4.043250V	C16=4.041900V	C17=4.041900V	C18=4.043250V	C19=4.043550V	C20=4.044750V	C21=4.046400V	C22=4.044000V	C23=4.038450V	C24=4.045200V	C25=4.045500V	C26=4.045650V	C27=4.047000V	C28=4.046250V	
max_temp: 16.728907	min_temp: 13.569391	avg_temp: 14.094435
undervoltage: 0	overvoltage: 0	pec: 0	overtemperature: 0	openwire: 0	openwire_temp: 0
dcc1: 00	dcc2: 00	
Time: 110395
Current: 0.569992
SOC: 0.838931
total_v: 113.235138	max_v: 4.048200	min_v: 4.038450	avg_v: 4.044112	max-min: 0.009750
C1=4.039500V	C2=4.041150V	C3=4.042650V	C4=4.043550V	C5=4.042350V	C6=4.041300V	C7=4.048200V	C8=4.045650V	C9=4.046700V	C10=4.043100V	C11=4.044000V	C12=4.044600V	C13=4.047150V	C14=4.047900V	C15=4.043250V	C16=4.041750V	C17=4.041900V	C18=4.043250V	C19=4.043550V	C20=4.044750V	C21=4.046550V	C22=4.044000V	C23=4.038450V	C24=4.045200V	C25=4.045650V	C26=4.045650V	C27=4.047150V	C28=4.046250V	
max_temp: 16.728907	min_temp: 13.569391	avg_temp: 14.093805
undervoltage: 0	overvoltage: 0	pec: 0	overtemperature: 0	openwire: 0	openwire_temp: 0
dcc1: 00	dcc2: 00	
Time: 110596
Current: -0.117950
SOC: 0.838931
total_v: 113.235741	max_v: 4.048200	min_v: 4.038450	avg_v: 4.044134	max-min: 0.009750
C1=4.039500V	C2=4.041150V	C3=4.042650V	C4=4.043700V	C5=4.042500V	C6=4.041300V	C7=4.048200V	C8=4.045800V	C9=4.046850V	C10=4.043100V	C11=4.044000V	C12=4.044600V	C13=4.047150V	C14=4.048050V	C15=4.043250V	C16=4.041900V	C17=4.041900V	C18=4.043250V	C19=4.043550V	C20=4.044750V	C21=4.046400V	C22=4.044000V	C23=4.038450V	C24=4.045200V	C25=4.045650V	C26=4.045650V	C27=4.047000V	C28=4.046250V	
max_temp: 16.728907	min_temp: 13.569391	avg_temp: 14.094435
undervoltage: 0	overvoltage: 0	pec: 0	overtemperature: 0	openwire: 0	openwire_temp: 0
dcc1: 00	dcc2: 00	
Time: 110797
Current: -0.117950
SOC: 0.838932
total_v: 113.235458	max_v: 4.048200	min_v: 4.038450	avg_v: 4.044124	max-min: 0.009750
C1=4.039500V	C2=4.041150V	C3=4.042650V	C4=4.043550V	C5=4.042500V	C6=4.041450V	C7=4.048200V	C8=4.045800V	C9=4.046850V	C10=4.042950V	C11=4.044150V	C12=4.044600V	C13=4.047150V	C14=4.047900V	C15=4.043250V	C16=4.041750V	C17=4.041900V	C18=4.043250V	C19=4.043550V	C20=4.044750V	C21=4.046400V	C22=4.044000V	C23=4.038450V	C24=4.045200V	C25=4.045500V	C26=4.045650V	C27=4.047150V	C28=4.046250V	
max_temp: 16.728907	min_temp: 13.569391	avg_temp: 14.094435
undervoltage: 0	overvoltage: 0	pec: 0	overtemperature: 0	openwire: 0	openwire_temp: 0
dcc1: 00	dcc2: 00	
Time: 110998
Current: -0.117950
SOC: 0.838932
total_v: 113.235443	max_v: 4.048350	min_v: 4.038450	avg_v: 4.044123	max-min: 0.009900
C1=4.039500V	C2=4.041000V	C3=4.042650V	C4=4.043550V	C5=4.042350V	C6=4.041450V	C7=4.048350V	C8=4.045800V	C9=4.046850V	C10=4.042950V	C11=4.044000V	C12=4.044600V	C13=4.047150V	C14=4.048050V	C15=4.043250V	C16=4.041900V	C17=4.041900V	C18=4.043250V	C19=4.043550V	C20=4.044750V	C21=4.046400V	C22=4.044000V	C23=4.038450V	C24=4.045200V	C25=4.045500V	C26=4.045650V	C27=4.047150V	C28=4.046250V	
max_temp: 16.728907	min_temp: 13.569391	avg_temp: 14.094120
undervoltage: 0	overvoltage: 0	pec: 0	overtemperature: 0	openwire: 0	openwire_temp: 0
dcc1: 00	dcc2: 00	
Time: 111199
Current: -0.117950
SOC: 0.838932
total_v: 113.235298	max_v: 4.048350	min_v: 4.038450	avg_v: 4.044118	max-min: 0.009900
C1=4.039500V	C2=4.041150V	C3=4.042650V	C4=4.043550V	C5=4.042350V	C6=4.041300V	C7=4.048350V	C8=4.045800V	C9=4.046850V	C10=4.042950V	C11=4.044000V	C12=4.044600V	C13=4.047150V	C14=4.047900V	C15=4.043250V	C16=4.041900V	C17=4.041900V	C18=4.043250V	C19=4.043550V	C20=4.044750V	C21=4.046400V	C22=4.044000V	C23=4.038450V	C24=4.045200V	C25=4.045650V	C26=4.045650V	C27=4.047000V	C28=4.046250V	
max_temp: 16.728907	min_temp: 13.569391	avg_temp: 14.095379
undervoltage: 0	overvoltage: 0	pec: 0	overtemperature: 0	openwire: 0	openwire_temp: 0
dcc1: 00	dcc2: 00	
Time: 111400
Current: -0.216232
SOC: 0.838933
total_v: 113.235146	max_v: 4.048200	min_v: 4.038450	avg_v: 4.044112	max-min: 0.009750
C1=4.039500V	C2=4.041150V	C3=4.042650V	C4=4.043550V	C5=4.042350V	C6=4.041300V	C7=4.048200V	C8=4.045800V	C9=4.046850V	C10=4.042950V	C11=4.044000V	C12=4.044600V	C13=4.047150V	C14=4.048050V	C15=4.043250V	C16=4.041900V	C17=4.041900V	C18=4.043250V	C19=4.043550V	C20=4.044750V	C21=4.046400V	C22=4.044000V	C23=4.038450V	C24=4.045050V	C25=4.045500V	C26=4.045650V	C27=4.047150V	C28=4.046250V	
max_temp: 16.723902	min_temp: 13.569391	avg_temp: 14.093807
undervoltage: 0	overvoltage: 0	pec: 0	overtemperature: 0	openwire: 0	openwire_temp: 0
dcc1: 00	dcc2: 00	
Time: 111601
Current: -0.117950
SOC: 0.838934
total_v: 113.234848	max_v: 4.048200	min_v: 4.038450	avg_v: 4.044102	max-min: 0.009750
C1=4.039500V	C2=4.041000V	C3=4.042650V	C4=4.043550V	C5=4.042350V	C6=4.041300V	C7=4.048200V	C8=4.045800V	C9=4.046700V	C10=4.042950V	C11=4.044150V	C12=4.044600V	C13=4.047150V	C14=4.048050V	C15=4.043250V	C16=4.041750V	C17=4.041900V	C18=4.043250V	C19=4.043550V	C20=4.044750V	C21=4.046400V	C22=4.044000V	C23=4.038450V	C24=4.045200V	C25=4.045500V	C26=4.045650V	C27=4.047000V	C28=4.046250V	
max_temp: 16.728907	min_temp: 13.569391	avg_temp: 14.094749
undervoltage: 0	overvoltage: 0	pec: 0	overtemperature: 0	openwire: 0	openwire_temp: 0
dcc1: 00	dcc2: 00	
Time: 111802
Current: 0.176865
SOC: 0.838933
total_v: 113.235298	max_v: 4.048200	min_v: 4.038450	avg_v: 4.044118	max-min: 0.009750
C1=4.039500V	C2=4.041150V	C3=4.042650V	C4=4.043550V	C5=4.042350V	C6=4.041300V	C7=4.048200V	C8=4.045800V	C9=4.046850V	C10=4.043100V	C11=4.044000V	C12=4.044600V	C13=4.047150V	C14=4.047900V	C15=4.043250V	C16=4.041750V	C17=4.041900V	C18=4.043250V	C19=4.043550V	C20=4.044750V	C21=4.046400V	C22=4.044000V	C23=4.038450V	C24=4.045200V	C25=4.045650V	C26=4.045650V	C27=4.047150V	C28=4.046250V	
max_temp: 16.728907	min_temp: 13.569391	avg_temp: 14.094120
undervoltage: 0	overvoltage: 0	pec: 0	overtemperature: 0	openwire: 0	openwire_temp: 0
dcc1: 00	dcc2: 00	
Time: 112003
Current: -0.117950
SOC: 0.838934
total_v: 113.234695	max_v: 4.048200	min_v: 4.038300	avg_v: 4.044096	max-min: 0.009900
C1=4.039500V	C2=4.041150V	C3=4.042650V	C4=4.043550V	C5=4.042350V	C6=4.041450V	C7=4.048200V	C8=4.045650V	C9=4.046850V	C10=4.042950V	C11=4.044000V	C12=4.044600V	C13=4.047150V	C14=4.047900V	C15=4.043250V	C16=4.041750V	C17=4.041900V	C18=4.043100V	C19=4.043550V	C20=4.044750V	C21=4.046400V	C22=4.044000V	C23=4.038300V	C24=4.045200V	C25=4.045500V	C26=4.045650V	C27=4.047150V	C28=4.046250V	
max_temp: 16.728907	min_temp: 13.569391	avg_temp: 14.094435
undervoltage: 0	overvoltage: 0	pec: 0	overtemperature: 0	openwire: 0	openwire_temp: 0
dcc1: 00	dcc2: 00	
Time: 112204
Current: 2.338943
SOC: 0.838924
total_v: 113.235298	max_v: 4.048200	min_v: 4.038450	avg_v: 4.044118	max-min: 0.009750
C1=4.039650V	C2=4.041150V	C3=4.042650V	C4=4.043550V	C5=4.042350V	C6=4.041300V	C7=4.048200V	C8=4.045800V	C9=4.046700V	C10=4.042950V	C11=4.044000V	C12=4.044600V	C13=4.047150V	C14=4.048050V	C15=4.043250V	C16=4.041750V	C17=4.041900V	C18=4.043250V	C19=4.043550V	C20=4.044750V	C21=4.046400V	C22=4.044000V	C23=4.038450V	C24=4.045200V	C25=4.045650V	C26=4.045650V	C27=4.047150V	C28=4.046250V	
max_temp: 16.728907	min_temp: 13.569391	avg_temp: 14.094435
undervoltage: 0	overvoltage: 0	pec: 0	overtemperature: 0	openwire: 0	openwire_temp: 0
dcc1: 00	dcc2: 00	
Time: 112405
Current: -0.117950
SOC: 0.838924
total_v: 113.235283	max_v: 4.048200	min_v: 4.038300	avg_v: 4.044117	max-min: 0.009900
C1=4.039500V	C2=4.041150V	C3=4.042650V	C4=4.043550V	C5=4.042350V	C6=4.041300V	C7=4.048200V	C8=4.045800V	C9=4.046850V	C10=4.042950V	C11=4.044000V	C12=4.044600V	C13=4.047150V	C14=4.048050V	C15=4.043250V	C16=4.041900V	C17=4.041900V	C18=4.043250V	C19=4.043550V	C20=4.044750V	C21=4.046400V	C22=4.044000V	C23=4.038300V	C24=4.045200V	C25=4.045650V	C26=4.045650V	C27=4.047150V	C28=4.046250V	
max_temp: 16.728907	min_temp: 13.569391	avg_temp: 14.094120
undervoltage: 0	overvoltage: 0	pec: 0	overtemperature: 0	openwire: 0	openwire_temp: 0
dcc1: 00	dcc2: 00	
Time: 112606
Current: -0.216232
SOC: 0.838925
total_v: 113.235291	max_v: 4.048200	min_v: 4.038300	avg_v: 4.044117	max-min: 0.009900
C1=4.039500V	C2=4.041150V	C3=4.042650V	C4=4.043550V	C5=4.042350V	C6=4.041300V	C7=4.048200V	C8=4.045950V	C9=4.046850V	C10=4.043100V	C11=4.044000V	C12=4.044600V	C13=4.047150V	C14=4.047900V	C15=4.043250V	C16=4.041900V	C17=4.041900V	C18=4.043250V	C19=4.043550V	C20=4.044750V	C21=4.046400V	C22=4.044000V	C23=4.038300V	C24=4.045200V	C25=4.045500V	C26=4.045650V	C27=4.047150V	C28=4.046250V	
max_temp: 16.728907	min_temp: 13.569391	avg_temp: 14.094435
undervoltage: 0	overvoltage: 0	pec: 0	overtemperature: 0	openwire: 0	openwire_temp: 0
dcc1: 00	dcc2: 00	
Time: 112807
Current: -0.117950
SOC: 0.838926
total_v: 113.235741	max_v: 4.048350	min_v: 4.038450	avg_v: 4.044134	max-min: 0.009900
C1=4.039500V	C2=4.041150V	C3=4.042650V	C4=4.043550V	C5=4.042500V	C6=4.041450V	C7=4.048350V	C8=4.045800V	C9=4.046850V	C10=4.043100V	C11=4.044150V	C12=4.044600V	C13=4.047150V	C14=4.048050V	C15=4.043100V	C16=4.041750V	C17=4.041900V	C18=4.043250V	C19=4.043550V	C20=4.044750V	C21=4.046400V	C22=4.044000V	C23=4.038450V	C24=4.045200V	C25=4.045650V	C26=4.045650V	C27=4.047000V	C28=4.046250V	
max_temp: 16.728907	min_temp: 13.569391	avg_temp: 14.094435
undervoltage: 0	overvoltage: 0	pec: 0	overtemperature: 0	openwire: 0	openwire_temp: 0
dcc1: 00	dcc2: 00	
Time: 113008
Current: -0.216232
SOC: 0.838927
total_v: 113.235283	max_v: 4.048200	min_v: 4.038300	avg_v: 4.044117	max-min: 0.009900
C1=4.039650V	C2=4.041150V	C3=4.042650V	C4=4.043550V	C5=4.042350V	C6=4.041300V	C7=4.048200V	C8=4.045800V	C9=4.046850V	C10=4.043100V	C11=4.044000V	C12=4.044600V	C13=4.047150V	C14=4.047900V	C15=4.043250V	C16=4.041900V	C17=4.041900V	C18=4.043250V	C19=4.043550V	C20=4.044750V	C21=4.046400V	C22=4.044000V	C23=4.038300V	C24=4.045200V	C25=4.045650V	C26=4.045650V	C27=4.047000V	C28=4.046250V	
max_temp: 16.728907	min_temp: 13.569391	avg_temp: 14.095066
undervoltage: 0	overvoltage: 0	pec: 0	overtemperature: 0	openwire: 0	openwire_temp: 0
dcc1: 00	dcc2: 00	
Time: 113209
Current: -0.117950
SOC: 0.838927
total_v: 113.235153	max_v: 4.048200	min_v: 4.038300	avg_v: 4.044113	max-min: 0.009900
C1=4.039500V	C2=4.041150V	C3=4.042650V	C4=4.043550V	C5=4.042500V	C6=4.041300V	C7=4.048200V	C8=4.045800V	C9=4.046850V	C10=4.042950V	C11=4.044000V	C12=4.044600V	C13=4.047150V	C14=4.048050V	C15=4.043250V	C16=4.041750V	C17=4.041900V	C18=4.043250V	C19=4.043550V	C20=4.044750V	C21=4.046400V	C22=4.044150V	C23=4.038300V	C24=4.045200V	C25=4.045500V	C26=4.045650V	C27=4.047000V	C28=4.046250V	
max_temp: 16.728907	min_temp: 13.569391	avg_temp: 14.095064
undervoltage: 0	overvoltage: 0	pec: 0	overtemperature: 0	openwire: 0	openwire_temp: 0
dcc1: 00	dcc2: 00	
Time: 113410
Current: -0.117950
SOC: 0.838928
total_v: 113.235001	max_v: 4.048200	min_v: 4.038450	avg_v: 4.044107	max-min: 0.009750
C1=4.039500V	C2=4.041150V	C3=4.042650V	C4=4.043700V	C5=4.042500V	C6=4.041300V	C7=4.048200V	C8=4.045650V	C9=4.046850V	C10=4.042950V	C11=4.044000V	C12=4.044600V	C13=4.047150V	C14=4.047900V	C15=4.043250V	C16=4.041750V	C17=4.041900V	C18=4.043250V	C19=4.043550V	C20=4.044750V	C21=4.046400V	C22=4.044000V	C23=4.038450V	C24=4.045200V	C25=4.045500V	C26=4.045650V	C27=4.047000V	C28=4.046250V	
max_temp: 16.728907	min_temp: 13.569391	avg_temp: 14.094435
undervoltage: 0	overvoltage: 0	pec: 0	overtemperature: 0	openwire: 0	openwire_temp: 0
dcc1: 00	dcc2: 00	
Time: 113611
Current: -0.117950
SOC: 0.838928
total_v: 113.235146	max_v: 4.048350	min_v: 4.038450	avg_v: 4.044112	max-min: 0.009900
C1=4.039500V	C2=4.041150V	C3=4.042650V	C4=4.043550V	C5=4.042350V	C6=4.041300V	C7=4.048350V	C8=4.045800V	C9=4.046700V	C10=4.042950V	C11=4.044000V	C12=4.044600V	C13=4.047150V	C14=4.047900V	C15=4.043250V	C16=4.041750V	C17=4.041900V	C18=4.043250V	C19=4.043550V	C20=4.044750V	C21=4.046550V	C22=4.044000V	C23=4.038450V	C24=4.045200V	C25=4.045500V	C26=4.045650V	C27=4.047150V	C28=4.046250V	
max_temp: 16.728907	min_temp: 13.569391	avg_temp: 14.094435
undervoltage: 0	overvoltage: 0	pec: 0	overtemperature: 0	openwire: 0	openwire_temp: 0
dcc1: 00	dcc2: 00	
Time: 113812
Current: -0.216232
SOC: 0.838929
total_v: 113.235008	max_v: 4.048200	min_v: 4.038450	avg_v: 4.044107	max-min: 0.009750
C1=4.039500V	C2=4.041000V	C3=4.042650V	C4=4.043550V	C5=4.042500V	C6=4.041300V	C7=4.048200V	C8=4.045800V	C9=4.046850V	C10=4.043100V	C11=4.044150V	C12=4.044600V	C13=4.047150V	C14=4.047900V	C15=4.043250V	C16=4.041750V	C17=4.041900V	C18=4.043250V	C19=4.043550V	C20=4.044750V	C21=4.046400V	C22=4.044000V	C23=4.038450V	C24=4.045050V	C25=4.045500V	C26=4.045650V	C27=4.047150V	C28=4.046100V	
max_temp: 16.728907	min_temp: 13.569391	avg_temp: 14.094749
undervoltage: 0	overvoltage: 0	pec: 0	overtemperature: 0	openwire: 0	openwire_temp: 0
dcc1: 00	dcc2: 00	
Time: 114013
Current: -0.117950
SOC: 0.838929
total_v: 113.234703	max_v: 4.048200	min_v: 4.038450	avg_v: 4.044096	max-min: 0.009750
C1=4.039500V	C2=4.041150V	C3=4.042650V	C4=4.043550V	C5=4.042350V	C6=4.041300V	C7=4.048200V	C8=4.045800V	C9=4.046700V	C10=4.043100V	C11=4.044000V	C12=4.044450V	C13=4.047000V	C14=4.047900V	C15=4.043250V	C16=4.041900V	C17=4.041900V	C18=4.043250V	C19=4.043550V	C20=4.044750V	C21=4.046400V	C22=4.044000V	C23=4.038450V	C24=4.045050V	C25=4.045500V	C26=4.045650V	C27=4.047150V	C28=4.046250V	
max_temp: 16.733942	min_temp: 13.569391	avg_temp: 14.095064
undervoltage: 0	overvoltage: 0	pec: 0	overtemperature: 0	openwire: 0	openwire_temp: 0
dcc1: 00	dcc2: 00	
Time: 114214
Current: -0.117950
SOC: 0.838930
total_v: 113.235146	max_v: 4.048200	min_v: 4.038300	avg_v: 4.044112	max-min: 0.009900
C1=4.039500V	C2=4.041150V	C3=4.042650V	C4=4.043550V	C5=4.042350V	C6=4.041300V	C7=4.048200V	C8=4.045800V	C9=4.046850V	C10=4.042950V	C11=4.044150V	C12=4.044600V	C13=4.047150V	C14=4.047900V	C15=4.043250V	C16=4.041900V	C17=4.041900V	C18=4.043250V	C19=4.043550V	C20=4.044750V	C21=4.046400V	C22=4.044000V	C23=4.038300V	C24=4.045200V	C25=4.045650V	C26=4.045650V	C27=4.047150V	C28=4.046100V	
max_temp: 16.728907	min_temp: 13.569391	avg_temp: 14.094435
undervoltage: 0	overvoltage: 0	pec: 0	overtemperature: 0	openwire: 0	openwire_temp: 0
dcc1: 00	dcc2: 00	
Time: 114415
Current: 3.321701
SOC: 0.838916
total_v: 113.235298	max_v: 4.048350	min_v: 4.038450	avg_v: 4.044118	max-min: 0.009900
C1=4.039500V	C2=4.041150V	C3=4.042650V	C4=4.043550V	C5=4.042350V	C6=4.041300V	C7=4.048350V	C8=4.045800V	C9=4.046850V	C10=4.042950V	C11=4.044000V	C12=4.044600V	C13=4.047150V	C14=4.048050V	C15=4.043250V	C16=4.041750V	C17=4.041900V	C18=4.043250V	C19=4.043550V	C20=4.044750V	C21=4.046400V	C22=4.044000V	C23=4.038450V	C24=4.045200V	C25=4.045650V	C26=4.045650V	C27=4.047000V	C28=4.046250V	
max_temp: 16.728907	min_temp: 13.569391	avg_temp: 14.094749
undervoltage: 0	overvoltage: 0	pec: 0	overtemperature: 0	openwire: 0	openwire_temp: 0
dcc1: 00	dcc2: 00	
Time: 114616
Current: -0.216232
SOC: 0.838917
total_v: 113.235741	max_v: 4.048350	min_v: 4.038450	avg_v: 4.044134	max-min: 0.009900
C1=4.039500V	C2=4.041150V	C3=4.042650V	C4=4.043550V	C5=4.042500V	C6=4.041300V	C7=4.048350V	C8=4.045800V	C9=4.046850V	C10=4.042950V	C11=4.044000V	C12=4.044600V	C13=4.047150V	C14=4.048050V	C15=4.043250V	C16=4.041900V	C17=4.041900V	C18=4.043250V	C19=4.043550V	C20=4.044750V	C21=4.046400V	C22=4.044000V	C23=4.038450V	C24=4.045200V	C25=4.045650V	C26=4.045650V	C27=4.047150V	C28=4.046250V	
max_temp: 16.733942	min_temp: 13.569391	avg_temp: 14.095379
undervoltage: 0	overvoltage: 0	pec: 0	overtemperature: 0	openwire: 0	openwire_temp: 0
dcc1: 00	dcc2: 00	
Time: 114817
Current: 1.257904
SOC: 0.838912
total_v: 113.234993	max_v: 4.048200	min_v: 4.038450	avg_v: 4.044107	max-min: 0.009750
C1=4.039500V	C2=4.041150V	C3=4.042650V	C4=4.043550V	C5=4.042350V	C6=4.041300V	C7=4.048200V	C8=4.045800V	C9=4.046850V	C10=4.042950V	C11=4.044000V	C12=4.044600V	C13=4.047150V	C14=4.047900V	C15=4.043250V	C16=4.041750V	C17=4.041900V	C18=4.043100V	C19=4.043550V	C20=4.044750V	C21=4.046400V	C22=4.044000V	C23=4.038450V	C24=4.045200V	C25=4.045650V	C26=4.045650V	C27=4.047150V	C28=4.046250V	
max_temp: 16.728907	min_temp: 13.569391	avg_temp: 14.095695
undervoltage: 0	overvoltage: 0	pec: 0	overtemperature: 0	openwire: 0	openwire_temp: 0
dcc1: 00	dcc2: 00	
Time: 115018
Current: -0.216232
SOC: 0.838913
total_v: 113.235298	max_v: 4.048200	min_v: 4.038450	avg_v: 4.044118	max-min: 0.009750
C1=4.039650V	C2=4.041150V	C3=4.042650V	C4=4.043550V	C5=4.042350V	C6=4.041300V	C7=4.048200V	C8=4.045800V	C9=4.046700V	C10=4.042950V	C11=4.044000V	C12=4.044600V	C13=4.047150V	C14=4.048050V	C15=4.043250V	C16=4.041750V	C17=4.041900V	C18=4.043250V	C19=4.043550V	C20=4.044750V	C21=4.046400V	C22=4.044000V	C23=4.038450V	C24=4.045200V	C25=4.045650V	C26=4.045650V	C27=4.047150V	C28=4.046250V	
max_temp: 16.733942	min_temp: 13.569391	avg_temp: 14.095064
undervoltage: 0	overvoltage: 0	pec: 0	overtemperature: 0	openwire: 0	openwire_temp: 0
dcc1: 00	dcc2: 00	
Time: 115219
Current: -0.117950
SOC: 0.838913
total_v: 113.234993	max_v: 4.048350	min_v: 4.038450	avg_v: 4.044107	max-min: 0.009900
C1=4.039500V	C2=4.041150V	C3=4.042650V	C4=4.043550V	C5=4.042350V	C6=4.041300V	C7=4.048350V	C8=4.045800V	C9=4.046850V	C10=4.042950V	C11=4.044000V	C12=4.044600V	C13=4.047150V	C14=4.047900V	C15=4.043250V	C16=4.041750V	C17=4.041900V	C18=4.043250V	C19=4.043550V	C20=4.044600V	C21=4.046400V	C22=4.044000V	C23=4.038450V	C24=4.045200V	C25=4.045650V	C26=4.045650V	C27=4.047150V	C28=4.046100V	
max_temp: 16.728907	min_temp: 13.569391	avg_temp: 14.094749
undervoltage: 0	overvoltage: 0	pec: 0	overtemperature: 0	openwire: 0	openwire_temp: 0
dcc1: 00	dcc2: 00	
Time: 115420
Current: -0.216232
SOC: 0.838914
total_v: 113.235153	max_v: 4.048200	min_v: 4.038300	avg_v: 4.044113	max-min: 0.009900
C1=4.039500V	C2=4.041150V	C3=4.042650V	C4=4.043550V	C5=4.042350V	C6=4.041300V	C7=4.048200V	C8=4.045800V	C9=4.046850V	C10=4.042950V	C11=4.044150V	C12=4.044600V	C13=4.047150V	C14=4.048050V	C15=4.043250V	C16=4.041750V	C17=4.041900V	C18=4.043250V	C19=4.043700V	C20=4.044750V	C21=4.046400V	C22=4.044000V	C23=4.038300V	C24=4.045200V	C25=4.045500V	C26=4.045650V	C27=4.047000V	C28=4.046250V	
max_temp: 16.728907	min_temp: 13.569391	avg_temp: 14.095381
undervoltage: 0	overvoltage: 0	pec: 0	overtemperature: 0	openwire: 0	openwire_temp: 0
dcc1: 00	dcc2: 00	
Time: 115621
Current: -0.117950
SOC: 0.838915
total_v: 113.235291	max_v: 4.048350	min_v: 4.038300	avg_v: 4.044117	max-min: 0.010050
C1=4.039500V	C2=4.041150V	C3=4.042650V	C4=4.043550V	C5=4.042350V	C6=4.041450V	C7=4.048350V	C8=4.045800V	C9=4.046850V	C10=4.043100V	C11=4.044000V	C12=4.044600V	C13=4.047150V	C14=4.048050V	C15=4.043250V	C16=4.041750V	C17=4.041900V	C18=4.043100V	C19=4.043550V	C20=4.044750V	C21=4.046400V	C22=4.044000V	C23=4.038300V	C24=4.045200V	C25=4.045500V	C26=4.045650V	C27=4.047150V	C28=4.046250V	
max_temp: 16.728907	min_temp: 13.569391	avg_temp: 14.095064
undervoltage: 0	overvoltage: 0	pec: 0	overtemperature: 0	openwire: 0	openwire_temp: 0
dcc1: 00	dcc2: 00	
Time: 115822
Current: -0.117950
SOC: 0.838915
total_v: 113.235001	max_v: 4.048200	min_v: 4.038450	avg_v: 4.044107	max-min: 0.009750
C1=4.039500V	C2=4.041150V	C3=4.042650V	C4=4.043550V	C5=4.042350V	C6=4.041300V	C7=4.048200V	C8=4.045800V	C9=4.046850V	C10=4.042950V	C11=4.044150V	C12=4.044600V	C13=4.047150V	C14=4.047900V	C15=4.043100V	C16=4.041900V	C17=4.041900V	C18=4.043250V	C19=4.043550V	C20=4.044750V	C21=4.046400V	C22=4.044000V	C23=4.038450V	C24=4.045200V	C25=4.045500V	C26=4.045650V	C27=4.047000V	C28=4.046250V	
max_temp: 16.728907	min_temp: 13.569391	avg_temp: 14.095694
undervoltage: 0	overvoltage: 0	pec: 0	overtemperature: 0	openwire: 0	openwire_temp: 0
dcc1: 00	dcc2: 00	
Time: 116023
Current: -0.117950
SOC: 0.838916
total_v: 113.234833	max_v: 4.048200	min_v: 4.038300	avg_v: 4.044101	max-min: 0.009900
C1=4.039500V	C2=4.041150V	C3=4.042650V	C4=4.043550V	C5=4.042350V	C6=4.041450V	C7=4.048200V	C8=4.045800V	C9=4.046850V	C10=4.042950V	C11=4.044000V	C12=4.044600V	C13=4.047150V	C14=4.048050V	C15=4.043100V	C16=4.041900V	C17=4.041900V	C18=4.043100V	C19=4.043550V	C20=4.044750V	C21=4.046400V	C22=4.044000V	C23=4.038300V	C24=4.045200V	C25=4.045500V	C26=4.045650V	C27=4.047000V	C28=4.046250V	
max_temp: 16.728907	min_temp: 13.569391	avg_temp: 14.094749
undervoltage: 0	overvoltage: 0	pec: 0	overtemperature: 0	openwire: 0	openwire_temp: 0
dcc1: 00	dcc2: 00	
Time: 116224
Current: -0.117950
SOC: 0.838916
total_v: 113.235283	max_v: 4.048200	min_v: 4.038300	avg_v: 4.044117	max-min: 0.009900
C1=4.039650V	C2=4.041150V	C3=4.042650V	C4=4.043550V	C5=4.042350V	C6=4.041300V	C7=4.048200V	C8=4.045800V	C9=4.046850V	C10=4.043100V	C11=4.044150V	C12=4.044600V	C13=4.047150V	C14=4.047900V	C15=4.043100V	C16=4.041900V	C17=4.041900V	C18=4.043250V	C19=4.043550V	C20=4.044750V	C21=4.046400V	C22=4.044000V	C23=4.038300V	C24=4.045200V	C25=4.045650V	C26=4.045650V	C27=4.047000V	C28=4.046250V	
max_temp: 16.728907	min_temp: 13.569391	avg_temp: 14.095064
undervoltage: 0	overvoltage: 0	pec: 0	overtemperature: 0	openwire: 0	openwire_temp: 0
dcc1: 00	dcc2: 00	
Time: 116425
Current: -0.216232
SOC: 0.838917
total_v: 113.235741	max_v: 4.048200	min_v: 4.038450	avg_v: 4.044134	max-min: 0.009750
C1=4.039500V	C2=4.041150V	C3=4.042650V	C4=4.043550V	C5=4.042350V	C6=4.041450V	C7=4.048200V	C8=4.045800V	C9=4.046850V	C10=4.043100V	C11=4.044000V	C12=4.044600V	C13=4.047150V	C14=4.047900V	C15=4.043250V	C16=4.041900V	C17=4.041900V	C18=4.043250V	C19=4.043550V	C20=4.044750V	C21=4.046400V	C22=4.044150V	C23=4.038450V	C24=4.045200V	C25=4.045650V	C26=4.045650V	C27=4.047150V	C28=4.046250V	
max_temp: 16.728907	min_temp: 13.569391	avg_temp: 14.095064
undervoltage: 0	overvoltage: 0	pec: 0	overtemperature: 0	openwire: 0	openwire_temp: 0
dcc1: 00	dcc2: 00	
Time: 116626
Current: -0.117950
SOC: 0.838917
total_v: 113.235588	max_v: 4.048350	min_v: 4.038450	avg_v: 4.044128	max-min: 0.009900
C1=4.039500V	C2=4.041000V	C3=4.042650V	C4=4.043550V	C5=4.042350V	C6=4.041300V	C7=4.048350V	C8=4.045800V	C9=4.046850V	C10=4.042950V	C11=4.044150V	C12=4.044600V	C13=4.047150V	C14=4.048050V	C15=4.043250V	C16=4.041900V	C17=4.041900V	C18=4.043250V	C19=4.043550V	C20=4.044750V	C21=4.046400V	C22=4.044000V	C23=4.038450V	C24=4.045200V	C25=4.045650V	C26=4.045650V	C27=4.047150V	C28=4.046250V	
max_temp: 16.728907	min_temp: 13.569391	avg_temp: 14.095379
undervoltage: 0	overvoltage: 0	pec: 0	overtemperature: 0	openwire: 0	openwire_temp: 0
dcc1: 00	dcc2: 00	
Time: 116827
Current: -0.117950
SOC: 0.838918
total_v: 113.235138	max_v: 4.048200	min_v: 4.038450	avg_v: 4.044112	max-min: 0.009750
C1=4.039500V	C2=4.041000V	C3=4.042650V	C4=4.043550V	C5=4.042350V	C6=4.041300V	C7=4.048200V	C8=4.045800V	C9=4.046850V	C10=4.043100V	C11=4.044000V	C12=4.044600V	C13=4.047150V	C14=4.047900V	C15=4.043250V	C16=4.041750V	C17=4.041900V	C18=4.043250V	C19=4.043550V	C20=4.044750V	C21=4.046550V	C22=4.044000V	C23=4.038450V	C24=4.045200V	C25=4.045650V	C26=4.045650V	C27=4.047000V	C28=4.046250V	
max_temp: 16.728907	min_temp: 13.569391	avg_temp: 14.095694
undervoltage: 0	overvoltage: 0	pec: 0	overtemperature: 0	openwire: 0	openwire_temp: 0
dcc1: 00	dcc2: 00	
Time: 117028
Current: -0.117950
SOC: 0.838918
total_v: 113.235138	max_v: 4.048200	min_v: 4.038300	avg_v: 4.044112	max-min: 0.009900
C1=4.039500V	C2=4.041000V	C3=4.042650V	C4=4.043550V	C5=4.042350V	C6=4.041300V	C7=4.048200V	C8=4.045800V	C9=4.046850V	C10=4.042950V	C11=4.044000V	C12=4.044600V	C13=4.047150V	C14=4.047900V	C15=4.043250V	C16=4.041900V	C17=4.041900V	C18=4.043250V	C19=4.043550V	C20=4.044750V	C21=4.046550V	C22=4.044000V	C23=4.038300V	C24=4.045200V	C25=4.045650V	C26=4.045650V	C27=4.047150V	C28=4.046250V	
max_temp: 16.723902	min_temp: 13.569391	avg_temp: 14.095381
undervoltage: 0	overvoltage: 0	pec: 0	overtemperature: 0	openwire: 0	openwire_temp: 0
dcc1: 00	dcc2: 00	
Time: 117229
Current: -0.216232
SOC: 0.838919
total_v: 113.235146	max_v: 4.048200	min_v: 4.038300	avg_v: 4.044112	max-min: 0.009900
C1=4.039650V	C2=4.041150V	C3=4.042650V	C4=4.043550V	C5=4.042350V	C6=4.041300V	C7=4.048200V	C8=4.045800V	C9=4.046850V	C10=4.042950V	C11=4.044000V	C12=4.044600V	C13=4.047150V	C14=4.048050V	C15=4.043250V	C16=4.041750V	C17=4.041900V	C18=4.043250V	C19=4.043550V	C20=4.044750V	C21=4.046400V	C22=4.044000V	C23=4.038300V	C24=4.045200V	C25=4.045650V	C26=4.045650V	C27=4.047000V	C28=4.046250V	
max_temp: 16.728907	min_temp: 13.569391	avg_temp: 14.095694
undervoltage: 0	overvoltage: 0	pec: 0	overtemperature: 0	openwire: 0	openwire_temp: 0
dcc1: 00	dcc2: 00	
Time: 117430
Current: -0.216232
SOC: 0.838920
total_v: 113.235603	max_v: 4.048200	min_v: 4.038450	avg_v: 4.044129	max-min: 0.009750
C1=4.039500V	C2=4.041000V	C3=4.042650V	C4=4.043550V	C5=4.042350V	C6=4.041450V	C7=4.048200V	C8=4.045800V	C9=4.046850V	C10=4.042950V	C11=4.044150V	C12=4.044600V	C13=4.047150V	C14=4.048050V	C15=4.043100V	C16=4.041750V	C17=4.042050V	C18=4.043250V	C19=4.043550V	C20=4.044750V	C21=4.046400V	C22=4.044150V	C23=4.038450V	C24=4.045200V	C25=4.045650V	C26=4.045650V	C27=4.047150V	C28=4.046250V	
max_temp: 16.728907	min_temp: 13.569391	avg_temp: 14.095379
undervoltage: 0	overvoltage: 0	pec: 0	overtemperature: 0	openwire: 0	openwire_temp: 0
dcc1: 00	dcc2: 00	
Time: 117631
Current: -0.216232
SOC: 0.838921
total_v: 113.235443	max_v: 4.048350	min_v: 4.038450	avg_v: 4.044123	max-min: 0.009900
C1=4.039500V	C2=4.041150V	C3=4.042650V	C4=4.043550V	C5=4.042500V	C6=4.041450V	C7=4.048350V	C8=4.045800V	C9=4.046700V	C10=4.043100V	C11=4.044000V	C12=4.044600V	C13=4.047150V	C14=4.047900V	C15=4.043250V	C16=4.041900V	C17=4.041900V	C18=4.043250V	C19=4.043550V	C20=4.044750V	C21=4.046400V	C22=4.044000V	C23=4.038450V	C24=4.045200V	C25=4.045500V	C26=4.045650V	C27=4.047000V	C28=4.046250V	
max_temp: 16.728907	min_temp: 13.569391	avg_temp: 14.096010
undervoltage: 0	overvoltage: 0	pec: 0	overtemperature: 0	openwire: 0	openwire_temp: 0
dcc1: 00	dcc2: 00	
Time: 117832
Current: -0.216232
SOC: 0.838922
total_v: 113.235153	max_v: 4.048200	min_v: 4.038450	avg_v: 4.044113	max-min: 0.009750
C1=4.039500V	C2=4.041150V	C3=4.042650V	C4=4.043550V	C5=4.042350V	C6=4.041300V	C7=4.048200V	C8=4.045800V	C9=4.046850V	C10=4.043100V	C11=4.044000V	C12=4.044600V	C13=4.047150V	C14=4.047900V	C15=4.043250V	C16=4.041750V	C17=4.041900V	C18=4.043250V	C19=4.043550V	C20=4.044750V	C21=4.046400V	C22=4.044000V	C23=4.038450V	C24=4.045200V	C25=4.045500V	C26=4.045650V	C27=4.047150V	C28=4.046250V	
max_temp: 16.728907	min_temp: 13.569391	avg_temp: 14.095695
undervoltage: 0	overvoltage: 0	pec: 0	overtemperature: 0	openwire: 0	openwire_temp: 0
dcc1: 00	dcc2: 00	
Time: 118033
Current: 2.928604
SOC: 0.838910
total_v: 113.235748	max_v: 4.048350	min_v: 4.038450	avg_v: 4.044134	max-min: 0.009900
C1=4.039650V	C2=4.041150V	C3=4.042650V	C4=4.043550V	C5=4.042500V	C6=4.041450V	C7=4.048350V	C8=4.045800V	C9=4.046700V	C10=4.043100V	C11=4.044000V	C12=4.044600V	C13=4.047150V	C14=4.047900V	C15=4.043250V	C16=4.041900V	C17=4.041900V	C18=4.043250V	C19=4.043550V	C20=4.044750V	C21=4.046400V	C22=4.044000V	C23=4.038450V	C24=4.045200V	C25=4.045500V	C26=4.045650V	C27=4.047150V	C28=4.046250V	
max_temp: 16.728907	min_temp: 13.569391	avg_temp: 14.096010
undervoltage: 0	overvoltage: 0	pec: 0	overtemperature: 0	openwire: 0	openwire_temp: 0
dcc1: 00	dcc2: 00	
Time: 118234
Current: -0.117950
SOC: 0.838910
total_v: 113.234993	max_v: 4.048200	min_v: 4.038300	avg_v: 4.044107	max-min: 0.009900
C1=4.039500V	C2=4.041000V	C3=4.042650V	C4=4.043550V	C5=4.042350V	C6=4.041300V	C7=4.048200V	C8=4.045800V	C9=4.046850V	C10=4.042950V	C11=4.044000V	C12=4.044600V	C13=4.047150V	C14=4.048050V	C15=4.043250V	C16=4.041750V	C17=4.041900V	C18=4.043250V	C19=4.043550V	C20=4.044750V	C21=4.046400V	C22=4.044000V	C23=4.038300V	C24=4.045200V	C25=4.045650V	C26=4.045650V	C27=4.047150V	C28=4.046250V	
max_temp: 16.728907	min_temp: 13.569391	avg_temp: 14.095694
undervoltage: 0	overvoltage: 0	pec: 0	overtemperature: 0	openwire: 0	openwire_temp: 0
dcc1: 00	dcc2: 00	
Time: 118435
Current: 1.847565
SOC: 0.838903
total_v: 113.234985	max_v: 4.048200	min_v: 4.038300	avg_v: 4.044106	max-min: 0.009900
C1=4.039650V	C2=4.041150V	C3=4.042500V	C4=4.043550V	C5=4.042350V	C6=4.041300V	C7=4.048200V	C8=4.045800V	C9=4.046850V	C10=4.043100V	C11=4.044000V	C12=4.044600V	C13=4.047150V	C14=4.047900V	C15=4.043100V	C16=4.041900V	C17=4.041900V	C18=4.043250V	C19=4.043550V	C20=4.044750V	C21=4.046400V	C22=4.044000V	C23=4.038300V	C24=4.045200V	C25=4.045500V	C26=4.045650V	C27=4.047150V	C28=4.046250V	
max_temp: 16.728907	min_temp: 13.569391	avg_temp: 14.095064
undervoltage: 0	overvoltage: 0	pec: 0	overtemperature: 0	openwire: 0	openwire_temp: 0
dcc1: 00	dcc2: 00	
Time: 118636
Current: -0.117950
SOC: 0.838903
total_v: 113.235001	max_v: 4.048200	min_v: 4.038300	avg_v: 4.044107	max-min: 0.009900
C1=4.039500V	C2=4.041150V	C3=4.042650V	C4=4.043550V	C5=4.042500V	C6=4.041300V	C7=4.048200V	C8=4.045800V	C9=4.046700V	C10=4.043100V	C11=4.044000V	C12=4.044600V	C13=4.047150V	C14=4.047900V	C15=4.043250V	C16=4.041750V	C17=4.041900V	C18=4.043250V	C19=4.043550V	C20=4.044750V	C21=4.046400V	C22=4.044000V	C23=4.038300V	C24=4.045200V	C25=4.045500V	C26=4.045650V	C27=4.047150V	C28=4.046250V	
max_temp: 16.728907	min_temp: 13.569391	avg_temp: 14.096323
undervoltage: 0	overvoltage: 0	pec: 0	overtemperature: 0	openwire: 0	openwire_temp: 0
dcc1: 00	dcc2: 00	
Time: 118837
Current: -0.117950
SOC: 0.838904
total_v: 113.235435	max_v: 4.048350	min_v: 4.038450	avg_v: 4.044123	max-min: 0.009900
C1=4.039500V	C2=4.041000V	C3=4.042650V	C4=4.043550V	C5=4.042500V	C6=4.041300V	C7=4.048350V	C8=4.045800V	C9=4.046850V	C10=4.043100V	C11=4.044000V	C12=4.044600V	C13=4.047150V	C14=4.048050V	C15=4.043250V	C16=4.041750V	C17=4.041900V	C18=4.043250V	C19=4.043550V	C20=4.044750V	C21=4.046400V	C22=4.044000V	C23=4.038450V	C24=4.045200V	C25=4.045650V	C26=4.045650V	C27=4.047000V	C28=4.046250V	
max_temp: 16.728907	min_temp: 13.569391	avg_temp: 14.095379
undervoltage: 0	overvoltage: 0	pec: 0	overtemperature: 0	openwire: 0	openwire_temp: 0
dcc1: 00	dcc2: 00	
Time: 119038
Current: -0.216232
SOC: 0.838905
total_v: 113.235901	max_v: 4.048350	min_v: 4.038450	avg_v: 4.044139	max-min: 0.009900
C1=4.039650V	C2=4.041150V	C3=4.042650V	C4=4.043550V	C5=4.042500V	C6=4.041450V	C7=4.048350V	C8=4.045800V	C9=4.046700V	C10=4.043100V	C11=4.044000V	C12=4.044600V	C13=4.047150V	C14=4.047900V	C15=4.043250V	C16=4.041900V	C17=4.041900V	C18=4.043250V	C19=4.043550V	C20=4.044750V	C21=4.046400V	C22=4.044150V	C23=4.038450V	C24=4.045200V	C25=4.045500V	C26=4.045650V	C27=4.047150V	C28=4.046250V	
max_temp: 16.728907	min_temp: 13.569391	avg_temp: 14.095694
undervoltage: 0	overvoltage: 0	pec: 0	overtemperature: 0	openwire: 0	openwire_temp: 0
dcc1: 00	dcc2: 00	
Time: 119239
Current: -0.216232
SOC: 0.838906
total_v: 113.235733	max_v: 4.048200	min_v: 4.038450	avg_v: 4.044133	max-min: 0.009750
C1=4.039500V	C2=4.041150V	C3=4.042650V	C4=4.043550V	C5=4.042500V	C6=4.041300V	C7=4.048200V	C8=4.045800V	C9=4.046850V	C10=4.043100V	C11=4.044000V	C12=4.044600V	C13=4.047150V	C14=4.048050V	C15=4.043250V	C16=4.041750V	C17=4.041900V	C18=4.043250V	C19=4.043550V	C20=4.044750V	C21=4.046550V	C22=4.044000V	C23=4.038450V	C24=4.045200V	C25=4.045650V	C26=4.045650V	C27=4.047150V	C28=4.046250V	
max_temp: 16.733942	min_temp: 13.569391	avg_temp: 14.096640
undervoltage: 0	overvoltage: 0	pec: 0	overtemperature: 0	openwire: 0	openwire_temp: 0
dcc1: 00	dcc2: 00	
Time: 119440
Current: -0.117950
SOC: 0.838906
total_v: 113.235298	max_v: 4.048200	min_v: 4.038450	avg_v: 4.044118	max-min: 0.009750
C1=4.039500V	C2=4.041150V	C3=4.042650V	C4=4.043550V	C5=4.042350V	C6=4.041450V	C7=4.048200V	C8=4.045800V	C9=4.046850V	C10=4.042950V	C11=4.044150V	C12=4.044600V	C13=4.047150V	C14=4.047900V	C15=4.043250V	C16=4.041900V	C17=4.041900V	C18=4.043100V	C19=4.043550V	C20=4.044750V	C21=4.046400V	C22=4.044000V	C23=4.038450V	C24=4.045200V	C25=4.045650V	C26=4.045650V	C27=4.047000V	C28=4.046250V	
max_temp: 16.733942	min_temp: 13.569391	avg_temp: 14.096954
undervoltage: 0	overvoltage: 0	pec: 0	overtemperature: 0	openwire: 0	openwire_temp: 0
dcc1: 00	dcc2: 00	
Time: 119641
Current: 0.766541
SOC: 0.838903
total_v: 113.235603	max_v: 4.048200	min_v: 4.038450	avg_v: 4.044129	max-min: 0.009750
C1=4.039500V	C2=4.041000V	C3=4.042650V	C4=4.043550V	C5=4.042500V	C6=4.041450V	C7=4.048200V	C8=4.045950V	C9=4.046850V	C10=4.042950V	C11=4.044000V	C12=4.044600V	C13=4.047150V	C14=4.048050V	C15=4.043250V	C16=4.041750V	C17=4.041900V	C18=4.043250V	C19=4.043550V	C20=4.044750V	C21=4.046550V	C22=4.044000V	C23=4.038450V	C24=4.045200V	C25=4.045500V	C26=4.045650V	C27=4.047150V	C28=4.046250V	
max_temp: 16.733942	min_temp: 13.569391	avg_temp: 14.096952
undervoltage: 0	overvoltage: 0	pec: 0	overtemperature: 0	openwire: 0	openwire_temp: 0
dcc1: 00	dcc2: 00	
Time: 119842
Current: -0.216232
SOC: 0.838904
total_v: 113.235153	max_v: 4.048200	min_v: 4.038300	avg_v: 4.044113	max-min: 0.009900
C1=4.039500V	C2=4.041150V	C3=4.042650V	C4=4.043550V	C5=4.042350V	C6=4.041300V	C7=4.048200V	C8=4.045800V	C9=4.046850V	C10=4.042950V	C11=4.044000V	C12=4.044600V	C13=4.047150V	C14=4.048050V	C15=4.043250V	C16=4.041750V	C17=4.041900V	C18=4.043250V	C19=4.043700V	C20=4.044750V	C21=4.046400V	C22=4.044000V	C23=4.038300V	C24=4.045200V	C25=4.045500V	C26=4.045650V	C27=4.047150V	C28=4.046250V	
max_temp: 16.733942	min_temp: 13.569391	avg_temp: 14.096640
undervoltage: 0	overvoltage: 0	pec: 0	overtemperature: 0	openwire: 0	openwire_temp: 0
dcc1: 00	dcc2: 00	
Time: 120043
Current: 1.945831
SOC: 0.838896
total_v: 113.235893	max_v: 4.048200	min_v: 4.038300	avg_v: 4.044139	max-min: 0.009900
C1=4.039650V	C2=4.041150V	C3=4.042650V	C4=4.043700V	C5=4.042350V	C6=4.041450V	C7=4.048200V	C8=4.045800V	C9=4.046850V	C10=4.043100V	C11=4.044000V	C12=4.044600V	C13=4.047150V	C14=4.048050V	C15=4.043250V	C16=4.041900V	C17=4.041900V	C18=4.043250V	C19=4.043550V	C20=4.044750V	C21=4.046400V	C22=4.044000V	C23=4.038300V	C24=4.045200V	C25=4.045650V	C26=4.045650V	C27=4.047150V	C28=4.046250V	
max_temp: 16.733942	min_temp: 13.569391	avg_temp: 14.096638
undervoltage: 0	overvoltage: 0	pec: 0	overtemperature: 0	openwire: 0	openwire_temp: 0
dcc1: 00	dcc2: 00	
Time: 120244
Current: -0.216232
SOC: 0.838897
total_v: 113.235146	max_v: 4.048200	min_v: 4.038450	avg_v: 4.044112	max-min: 0.009750
C1=4.039500V	C2=4.041000V	C3=4.042650V	C4=4.043550V	C5=4.042350V	C6=4.041300V	C7=4.048200V	C8=4.045800V	C9=4.046850V	C10=4.042950V	C11=4.044000V	C12=4.044600V	C13=4.047150V	C14=4.047900V	C15=4.043250V	C16=4.041900V	C17=4.041900V	C18=4.043250V	C19=4.043550V	C20=4.044750V	C21=4.046400V	C22=4.044000V	C23=4.038450V	C24=4.045200V	C25=4.045650V	C26=4.045650V	C27=4.047150V	C28=4.046250V	
max_temp: 16.733942	min_temp: 13.569391	avg_temp: 14.095694
undervoltage: 0	overvoltage: 0	pec: 0	overtemperature: 0	openwire: 0	openwire_temp: 0
dcc1: 00	dcc2: 00	
Time: 120445
Current: -0.216232
SOC: 0.838897
total_v: 113.235001	max_v: 4.048200	min_v: 4.038450	avg_v: 4.044107	max-min: 0.009750
C1=4.039500V	C2=4.041150V	C3=4.042650V	C4=4.043550V	C5=4.042500V	C6=4.041300V	C7=4.048200V	C8=4.045800V	C9=4.046850V	C10=4.042950V	C11=4.044150V	C12=4.044600V	C13=4.047150V	C14=4.047900V	C15=4.043100V	C16=4.041900V	C17=4.041900V	C18=4.043250V	C19=4.043550V	C20=4.044750V	C21=4.046400V	C22=4.044000V	C23=4.038450V	C24=4.045200V	C25=4.045500V	C26=4.045650V	C27=4.047000V	C28=4.046100V	
max_temp: 16.733942	min_temp: 13.569391	avg_temp: 14.096008
undervoltage: 0	overvoltage: 0	pec: 0	overtemperature: 0	openwire: 0	openwire_temp: 0
dcc1: 00	dcc2: 00	
Time: 120646
Current: -0.117950
SOC: 0.838898
total_v: 113.235306	max_v: 4.048200	min_v: 4.038450	avg_v: 4.044118	max-min: 0.009750
C1=4.039500V	C2=4.041150V	C3=4.042650V	C4=4.043550V	C5=4.042350V	C6=4.041300V	C7=4.048200V	C8=4.045800V	C9=4.046850V	C10=4.042950V	C11=4.044150V	C12=4.044600V	C13=4.047150V	C14=4.048050V	C15=4.043250V	C16=4.041750V	C17=4.041900V	C18=4.043250V	C19=4.043550V	C20=4.044750V	C21=4.046400V	C22=4.044000V	C23=4.038450V	C24=4.045200V	C25=4.045500V	C26=4.045650V	C27=4.047150V	C28=4.046250V	
max_temp: 16.733942	min_temp: 13.569391	avg_temp: 14.096323
undervoltage: 0	overvoltage: 0	pec: 0	overtemperature: 0	openwire: 0	openwire_temp: 0
dcc1: 00	dcc2: 00	
Time: 120847
Current: 0.864807
SOC: 0.838894
total_v: 113.235138	max_v: 4.048350	min_v: 4.038450	avg_v: 4.044112	max-min: 0.009900
C1=4.039650V	C2=4.041150V	C3=4.042650V	C4=4.043550V	C5=4.042350V	C6=4.041300V	C7=4.048350V	C8=4.045800V	C9=4.046850V	C10=4.042950V	C11=4.044000V	C12=4.044600V	C13=4.047150V	C14=4.047900V	C15=4.043250V	C16=4.041750V	C17=4.041900V	C18=4.043100V	C19=4.043550V	C20=4.044600V	C21=4.046400V	C22=4.044000V	C23=4.038450V	C24=4.045200V	C25=4.045650V	C26=4.045650V	C27=4.047150V	C28=4.046250V	
max_temp: 16.738977	min_temp: 13.569391	avg_temp: 14.096952
undervoltage: 0	overvoltage: 0	pec: 0	overtemperature: 0	openwire: 0	openwire_temp: 0
dcc1: 00	dcc2: 00	
Time: 121048
Current: -0.117950
SOC: 0.838895
total_v: 113.235146	max_v: 4.048350	min_v: 4.038450	avg_v: 4.044112	max-min: 0.009900
C1=4.039500V	C2=4.041150V	C3=4.042650V	C4=4.043550V	C5=4.042350V	C6=4.041300V	C7=4.048350V	C8=4.045800V	C9=4.046850V	C10=4.042950V	C11=4.044000V	C12=4.044600V	C13=4.047150V	C14=4.048050V	C15=4.043250V	C16=4.041900V	C17=4.041900V	C18=4.043250V	C19=4.043550V	C20=4.044600V	C21=4.046400V	C22=4.044000V	C23=4.038450V	C24=4.045200V	C25=4.045500V	C26=4.045650V	C27=4.047000V	C28=4.046250V	
max_temp: 16.733942	min_temp: 13.574427	avg_temp: 14.097269
undervoltage: 0	overvoltage: 0	pec: 0	overtemperature: 0	openwire: 0	openwire_temp: 0
dcc1: 00	dcc2: 00	
Time: 121249
Current: -0.216232
SOC: 0.838896
total_v: 113.234848	max_v: 4.048200	min_v: 4.038450	avg_v: 4.044102	max-min: 0.009750
C1=4.039650V	C2=4.041000V	C3=4.042650V	C4=4.043550V	C5=4.042350V	C6=4.041300V	C7=4.048200V	C8=4.045800V	C9=4.046850V	C10=4.042950V	C11=4.044000V	C12=4.044600V	C13=4.047150V	C14=4.047900V	C15=4.043100V	C16=4.041900V	C17=4.041900V	C18=4.043250V	C19=4.043550V	C20=4.044750V	C21=4.046400V	C22=4.044000V	C23=4.038450V	C24=4.045200V	C25=4.045500V	C26=4.045650V	C27=4.047000V	C28=4.046250V	
max_temp: 16.738977	min_temp: 13.569391	avg_temp: 14.096640
undervoltage: 0	overvoltage: 0	pec: 0	overtemperature: 0	openwire: 0	openwire_temp: 0
dcc1: 00	dcc2: 00	
Time: 121450
Current: 1.356186
SOC: 0.838890
total_v: 113.235443	max_v: 4.048200	min_v: 4.038450	avg_v: 4.044123	max-min: 0.009750
C1=4.039500V	C2=4.041150V	C3=4.042650V	C4=4.043550V	C5=4.042500V	C6=4.041300V	C7=4.048200V	C8=4.045800V	C9=4.046850V	C10=4.043100V	C11=4.044000V	C12=4.044600V	C13=4.047150V	C14=4.048050V	C15=4.043250V	C16=4.041750V	C17=4.041900V	C18=4.043250V	C19=4.043550V	C20=4.044750V	C21=4.046400V	C22=4.044000V	C23=4.038450V	C24=4.045200V	C25=4.045500V	C26=4.045650V	C27=4.047150V	C28=4.046250V	
max_temp: 16.738977	min_temp: 13.569391	avg_temp: 14.096952
undervoltage: 0	overvoltage: 0	pec: 0	overtemperature: 0	openwire: 0	openwire_temp: 0
dcc1: 00	dcc2: 00	
Time: 121651
Current: -0.216232
SOC: 0.838891
total_v: 113.234993	max_v: 4.048200	min_v: 4.038450	avg_v: 4.044107	max-min: 0.009750
C1=4.039500V	C2=4.041150V	C3=4.042650V	C4=4.043550V	C5=4.042350V	C6=4.041300V	C7=4.048200V	C8=4.045800V	C9=4.046850V	C10=4.042950V	C11=4.044000V	C12=4.044600V	C13=4.047150V	C14=4.047900V	C15=4.043250V	C16=4.041750V	C17=4.041900V	C18=4.043250V	C19=4.043550V	C20=4.044750V	C21=4.046400V	C22=4.044000V	C23=4.038450V	C24=4.045200V	C25=4.045650V	C26=4.045650V	C27=4.047000V	C28=4.046250V	
max_temp: 16.738977	min_temp: 13.569391	avg_temp: 14.096638
undervoltage: 0	overvoltage: 0	pec: 0	overtemperature: 0	openwire: 0	openwire_temp: 0
dcc1: 00	dcc2: 00	
Time: 121852
Current: -0.117950
SOC: 0.838892
total_v: 113.235443	max_v: 4.048200	min_v: 4.038450	avg_v: 4.044123	max-min: 0.009750
C1=4.039500V	C2=4.041150V	C3=4.042650V	C4=4.043700V	C5=4.042350V	C6=4.041300V	C7=4.048200V	C8=4.045800V	C9=4.046850V	C10=4.043100V	C11=4.044000V	C12=4.044750V	C13=4.047150V	C14=4.047900V	C15=4.043250V	C16=4.041900V	C17=4.041900V	C18=4.043100V	C19=4.043550V	C20=4.044750V	C21=4.046400V	C22=4.044000V	C23=4.038450V	C24=4.045200V	C25=4.045500V	C26=4.045650V	C27=4.047150V	C28=4.046250V	
max_temp: 16.738977	min_temp: 13.574427	avg_temp: 14.097267
undervoltage: 0	overvoltage: 0	pec: 0	overtemperature: 0	openwire: 0	openwire_temp: 0
dcc1: 00	dcc2: 00	
Time: 122053
Current: -0.117950
SOC: 0.838892
total_v: 113.235298	max_v: 4.048200	min_v: 4.038450	avg_v: 4.044118	max-min: 0.009750
C1=4.039650V	C2=4.041150V	C3=4.042650V	C4=4.043550V	C5=4.042350V	C6=4.041300V	C7=4.048200V	C8=4.045800V	C9=4.046850V	C10=4.042950V	C11=4.044000V	C12=4.044600V	C13=4.047150V	C14=4.047900V	C15=4.043250V	C16=4.041750V	C17=4.041900V	C18=4.043250V	C19=4.043550V	C20=4.044750V	C21=4.046400V	C22=4.044000V	C23=4.038450V	C24=4.045200V	C25=4.045650V	C26=4.045650V	C27=4.047150V	C28=4.046250V	
max_temp: 16.738977	min_temp: 13.569391	avg_temp: 14.097584
undervoltage: 0	overvoltage: 0	pec: 0	overtemperature: 0	openwire: 0	openwire_temp: 0
dcc1: 00	dcc2: 00	
Time: 122254
Current: 0.471710
SOC: 0.838890
total_v: 113.235001	max_v: 4.048350	min_v: 4.038450	avg_v: 4.044107	max-min: 0.009900
C1=4.039500V	C2=4.041150V	C3=4.042650V	C4=4.043550V	C5=4.042350V	C6=4.041300V	C7=4.048350V	C8=4.045800V	C9=4.046850V	C10=4.042950V	C11=4.044000V	C12=4.044600V	C13=4.047150V	C14=4.047900V	C15=4.043250V	C16=4.041750V	C17=4.041900V	C18=4.043250V	C19=4.043550V	C20=4.044750V	C21=4.046400V	C22=4.044000V	C23=4.038450V	C24=4.045200V	C25=4.045500V	C26=4.045650V	C27=4.047000V	C28=4.046250V	
max_temp: 16.738977	min_temp: 13.569391	avg_temp: 14.097267
undervoltage: 0	overvoltage: 0	pec: 0	overtemperature: 0	openwire: 0	openwire_temp: 0
dcc1: 00	dcc2: 00	
Time: 122455
Current: 7.350998
SOC: 0.838860
total_v: 113.235435	max_v: 4.048200	min_v: 4.038450	avg_v: 4.044123	max-min: 0.009750
C1=4.039500V	C2=4.041150V	C3=4.042650V	C4=4.043550V	C5=4.042500V	C6=4.041300V	C7=4.048200V	C8=4.045800V	C9=4.046850V	C10=4.043100V	C11=4.044000V	C12=4.044600V	C13=4.047150V	C14=4.048050V	C15=4.043250V	C16=4.041750V	C17=4.041900V	C18=4.043250V	C19=4.043550V	C20=4.044750V	C21=4.046400V	C22=4.044000V	C23=4.038450V	C24=4.045200V	C25=4.045650V	C26=4.045650V	C27=4.047000V	C28=4.046250V	
max_temp: 16.743982	min_temp: 13.569391	avg_temp: 14.096951
undervoltage: 0	overvoltage: 0	pec: 0	overtemperature: 0	openwire: 0	openwire_temp: 0
dcc1: 00	dcc2: 00	
Time: 122656
Current: -0.117950
SOC: 0.838860
total_v: 113.234833	max_v: 4.048200	min_v: 4.038300	avg_v: 4.044101	max-min: 0.009900
C1=4.039650V	C2=4.041000V	C3=4.042650V	C4=4.043550V	C5=4.042350V	C6=4.041300V	C7=4.048200V	C8=4.045800V	C9=4.046850V	C10=4.042950V	C11=4.044000V	C12=4.044600V	C13=4.047150V	C14=4.047900V	C15=4.043250V	C16=4.041750V	C17=4.041900V	C18=4.043250V	C19=4.043550V	C20=4.044750V	C21=4.046550V	C22=4.044000V	C23=4.038300V	C24=4.045200V	C25=4.045650V	C26=4.045650V	C27=4.047000V	C28=4.046100V	
max_temp: 16.738977	min_temp: 13.569391	avg_temp: 14.097269
undervoltage: 0	overvoltage: 0	pec: 0	overtemperature: 0	openwire: 0	openwire_temp: 0
dcc1: 00	dcc2: 00	
Time: 122857
Current: -0.216232
SOC: 0.838861
total_v: 113.235291	max_v: 4.048200	min_v: 4.038450	avg_v: 4.044117	max-min: 0.009750
C1=4.039500V	C2=4.041150V	C3=4.042650V	C4=4.043550V	C5=4.042500V	C6=4.041300V	C7=4.048200V	C8=4.045800V	C9=4.046850V	C10=4.042950V	C11=4.044000V	C12=4.044600V	C13=4.047150V	C14=4.048050V	C15=4.043250V	C16=4.041900V	C17=4.041900V	C18=4.043250V	C19=4.043550V	C20=4.044750V	C21=4.046400V	C22=4.044000V	C23=4.038450V	C24=4.045200V	C25=4.045500V	C26=4.045650V	C27=4.047000V	C28=4.046250V	
max_temp: 16.738977	min_temp: 13.569391	avg_temp: 14.097584
undervoltage: 0	overvoltage: 0	pec: 0	overtemperature: 0	openwire: 0	openwire_temp: 0
dcc1: 00	dcc2: 00	
Time: 123058
Current: -0.216232
SOC: 0.838862
total_v: 113.235283	max_v: 4.048200	min_v: 4.038300	avg_v: 4.044117	max-min: 0.009900
C1=4.039500V	C2=4.041150V	C3=4.042650V	C4=4.043550V	C5=4.042500V	C6=4.041300V	C7=4.048200V	C8=4.045800V	C9=4.046850V	C10=4.042950V	C11=4.044000V	C12=4.044600V	C13=4.047150V	C14=4.048050V	C15=4.043250V	C16=4.041900V	C17=4.041900V	C18=4.043250V	C19=4.043550V	C20=4.044750V	C21=4.046400V	C22=4.044000V	C23=4.038300V	C24=4.045200V	C25=4.045650V	C26=4.045650V	C27=4.047000V	C28=4.046250V	
max_temp: 16.738977	min_temp: 13.569391	avg_temp: 14.097269
undervoltage: 0	overvoltage: 0	pec: 0	overtemperature: 0	openwire: 0	openwire_temp: 0
dcc1: 00	dcc2: 00	
Time: 123259
Current: -0.216232
SOC: 0.838863
total_v: 113.235283	max_v: 4.048200	min_v: 4.038450	avg_v: 4.044117	max-min: 0.009750
C1=4.039500V	C2=4.041150V	C3=4.042650V	C4=4.043550V	C5=4.042350V	C6=4.041450V	C7=4.048200V	C8=4.045800V	C9=4.046850V	C10=4.042950V	C11=4.044000V	C12=4.044600V	C13=4.047150V	C14=4.048050V	C15=4.043250V	C16=4.041900V	C17=4.041900V	C18=4.043100V	C19=4.043550V	C20=4.044750V	C21=4.046400V	C22=4.044000V	C23=4.038450V	C24=4.045200V	C25=4.045650V	C26=4.045650V	C27=4.047000V	C28=4.046250V	
max_temp: 16.743982	min_temp: 13.569391	avg_temp: 14.097265
undervoltage: 0	overvoltage: 0	pec: 0	overtemperature: 0	openwire: 0	openwire_temp: 0
dcc1: 00	dcc2: 00	
Time: 123460
Current: -0.117950
SOC: 0.838863
total_v: 113.235001	max_v: 4.048200	min_v: 4.038450	avg_v: 4.044107	max-min: 0.009750
C1=4.039500V	C2=4.041150V	C3=4.042650V	C4=4.043550V	C5=4.042500V	C6=4.041300V	C7=4.048200V	C8=4.045800V	C9=4.046700V	C10=4.043100V	C11=4.044000V	C12=4.044600V	C13=4.047150V	C14=4.047900V	C15=4.043100V	C16=4.041750V	C17=4.041900V	C18=4.043250V	C19=4.043550V	C20=4.044750V	C21=4.046400V	C22=4.044150V	C23=4.038450V	C24=4.045200V	C25=4.045500V	C26=4.045650V	C27=4.047000V	C28=4.046250V	
max_temp: 16.743982	min_temp: 13.574427	avg_temp: 14.097582
undervoltage: 0	overvoltage: 0	pec: 0	overtemperature: 0	openwire: 0	openwire_temp: 0
dcc1: 00	dcc2: 00	
Time: 123661
Current: 0.864807
SOC: 0.838860
total_v: 113.235001	max_v: 4.048200	min_v: 4.038300	avg_v: 4.044107	max-min: 0.009900
C1=4.039650V	C2=4.041000V	C3=4.042650V	C4=4.043550V	C5=4.042350V	C6=4.041300V	C7=4.048200V	C8=4.045800V	C9=4.046850V	C10=4.042950V	C11=4.044000V	C12=4.044600V	C13=4.047150V	C14=4.047900V	C15=4.043250V	C16=4.041900V	C17=4.041900V	C18=4.043250V	C19=4.043550V	C20=4.044750V	C21=4.046400V	C22=4.044000V	C23=4.038300V	C24=4.045200V	C25=4.045500V	C26=4.045650V	C27=4.047150V	C28=4.046250V	
max_temp: 16.743982	min_temp: 13.569391	avg_temp: 14.096951
undervoltage: 0	overvoltage: 0	pec: 0	overtemperature: 0	openwire: 0	openwire_temp: 0
dcc1: 00	dcc2: 00	
Time: 123862
Current: -0.216232
SOC: 0.838861
total_v: 113.235001	max_v: 4.048200	min_v: 4.038450	avg_v: 4.044107	max-min: 0.009750
C1=4.039500V	C2=4.041150V	C3=4.042650V	C4=4.043550V	C5=4.042500V	C6=4.041300V	C7=4.048200V	C8=4.045800V	C9=4.046700V	C10=4.042950V	C11=4.044000V	C12=4.044600V	C13=4.047150V	C14=4.047900V	C15=4.043100V	C16=4.041900V	C17=4.041900V	C18=4.043250V	C19=4.043550V	C20=4.044750V	C21=4.046400V	C22=4.044000V	C23=4.038450V	C24=4.045200V	C25=4.045500V	C26=4.045650V	C27=4.047150V	C28=4.046250V	
max_temp: 16.743982	min_temp: 13.574427	avg_temp: 14.097580
undervoltage: 0	overvoltage: 0	pec: 0	overtemperature: 0	openwire: 0	openwire_temp: 0
dcc1: 00	dcc2: 00	
Time: 124063
Current: -0.216232
SOC: 0.838861
total_v: 113.234993	max_v: 4.048200	min_v: 4.038300	avg_v: 4.044107	max-min: 0.009900
C1=4.039500V	C2=4.041150V	C3=4.042650V	C4=4.043550V	C5=4.042350V	C6=4.041300V	C7=4.048200V	C8=4.045800V	C9=4.046850V	C10=4.043100V	C11=4.044150V	C12=4.044600V	C13=4.047150V	C14=4.047900V	C15=4.043250V	C16=4.041750V	C17=4.041900V	C18=4.043250V	C19=4.043550V	C20=4.044600V	C21=4.046400V	C22=4.044150V	C23=4.038300V	C24=4.045200V	C25=4.045650V	C26=4.045650V	C27=4.047000V	C28=4.046100V	
max_temp: 16.743982	min_temp: 13.569391	avg_temp: 14.097897
undervoltage: 0	overvoltage: 0	pec: 0	overtemperature: 0	openwire: 0	openwire_temp: 0
dcc1: 00	dcc2: 00	
Time: 124264
Current: -0.117950
SOC: 0.838862
total_v: 113.235291	max_v: 4.048350	min_v: 4.038300	avg_v: 4.044117	max-min: 0.010050
C1=4.039500V	C2=4.041150V	C3=4.042650V	C4=4.043550V	C5=4.042500V	C6=4.041450V	C7=4.048350V	C8=4.045800V	C9=4.046700V	C10=4.043100V	C11=4.044000V	C12=4.044600V	C13=4.047150V	C14=4.047900V	C15=4.043250V	C16=4.041750V	C17=4.041900V	C18=4.043250V	C19=4.043550V	C20=4.044750V	C21=4.046400V	C22=4.044000V	C23=4.038300V	C24=4.045200V	C25=4.045500V	C26=4.045650V	C27=4.047150V	C28=4.046250V	
max_temp: 16.743982	min_temp: 13.569391	avg_temp: 14.096951
undervoltage: 0	overvoltage: 0	pec: 0	overtemperature: 0	openwire: 0	openwire_temp: 0
dcc1: 00	dcc2: 00	
Time: 124465
Current: -0.117950
SOC: 0.838862
total_v: 113.235435	max_v: 4.048200	min_v: 4.038300	avg_v: 4.044123	max-min: 0.009900
C1=4.039500V	C2=4.041150V	C3=4.042650V	C4=4.043550V	C5=4.042500V	C6=4.041300V	C7=4.048200V	C8=4.045800V	C9=4.046850V	C10=4.043100V	C11=4.044000V	C12=4.044600V	C13=4.047150V	C14=4.048050V	C15=4.043100V	C16=4.041900V	C17=4.041900V	C18=4.043250V	C19=4.043550V	C20=4.044750V	C21=4.046400V	C22=4.044000V	C23=4.038300V	C24=4.045200V	C25=4.045650V	C26=4.045650V	C27=4.047150V	C28=4.046250V	
max_temp: 16.743982	min_temp: 13.569391	avg_temp: 14.097582
undervoltage: 0	overvoltage: 0	pec: 0	overtemperature: 0	openwire: 0	openwire_temp: 0
dcc1: 00	dcc2: 00	
Time: 124666
Current: -0.216232
SOC: 0.838863
total_v: 113.235451	max_v: 4.048200	min_v: 4.038450	avg_v: 4.044123	max-min: 0.009750
C1=4.039500V	C2=4.041150V	C3=4.042650V	C4=4.043550V	C5=4.042350V	C6=4.041300V	C7=4.048200V	C8=4.045800V	C9=4.046850V	C10=4.042950V	C11=4.044150V	C12=4.044600V	C13=4.047150V	C14=4.048050V	C15=4.043250V	C16=4.041750V	C17=4.041900V	C18=4.043250V	C19=4.043550V	C20=4.044750V	C21=4.046400V	C22=4.044000V	C23=4.038450V	C24=4.045200V	C25=4.045650V	C26=4.045650V	C27=4.047150V	C28=4.046250V	
max_temp: 16.743982	min_temp: 13.569391	avg_temp: 14.098526
undervoltage: 0	overvoltage: 0	pec: 0	overtemperature: 0	openwire: 0	openwire_temp: 0
dcc1: 00	dcc2: 00	
Time: 124867
Current: -0.117950
SOC: 0.838864
total_v: 113.234993	max_v: 4.048200	min_v: 4.038450	avg_v: 4.044107	max-min: 0.009750
C1=4.039500V	C2=4.041150V	C3=4.042650V	C4=4.043550V	C5=4.042350V	C6=4.041300V	C7=4.048200V	C8=4.045800V	C9=4.046700V	C10=4.042950V	C11=4.044150V	C12=4.044600V	C13=4.047150V	C14=4.047900V	C15=4.043250V	C16=4.041750V	C17=4.041900V	C18=4.043100V	C19=4.043550V	C20=4.044750V	C21=4.046400V	C22=4.044000V	C23=4.038450V	C24=4.045200V	C25=4.045650V	C26=4.045650V	C27=4.047150V	C28=4.046250V	
max_temp: 16.738977	min_temp: 13.574427	avg_temp: 14.097582
undervoltage: 0	overvoltage: 0	pec: 0	overtemperature: 0	openwire: 0	openwire_temp: 0
dcc1: 00	dcc2: 00	
Time: 125068
Current: -0.216232
SOC: 0.838865
total_v: 113.235153	max_v: 4.048200	min_v: 4.038450	avg_v: 4.044113	max-min: 0.009750
C1=4.039500V	C2=4.041150V	C3=4.042650V	C4=4.043550V	C5=4.042350V	C6=4.041450V	C7=4.048200V	C8=4.045800V	C9=4.046850V	C10=4.042950V	C11=4.044000V	C12=4.044600V	C13=4.047150V	C14=4.047900V	C15=4.043250V	C16=4.041750V	C17=4.041900V	C18=4.043250V	C19=4.043550V	C20=4.044750V	C21=4.046400V	C22=4.044000V	C23=4.038450V	C24=4.045050V	C25=4.045650V	C26=4.045650V	C27=4.047150V	C28=4.046250V	
max_temp: 16.743982	min_temp: 13.569391	avg_temp: 14.097582
undervoltage: 0	overvoltage: 0	pec: 0	overtemperature: 0	openwire: 0	openwire_temp: 0
dcc1: 00	dcc2: 00	
Time: 125269
Current: -0.216232
SOC: 0.838866
total_v: 113.235596	max_v: 4.048200	min_v: 4.038300	avg_v: 4.044128	max-min: 0.009900
C1=4.039650V	C2=4.041150V	C3=4.042650V	C4=4.043550V	C5=4.042350V	C6=4.041450V	C7=4.048200V	C8=4.045800V	C9=4.046850V	C10=4.042950V	C11=4.044000V	C12=4.044600V	C13=4.047150V	C14=4.047900V	C15=4.043250V	C16=4.041900V	C17=4.041900V	C18=4.043250V	C19=4.043550V	C20=4.044750V	C21=4.046550V	C22=4.044000V	C23=4.038300V	C24=4.045200V	C25=4.045650V	C26=4.045650V	C27=4.047150V	C28=4.046250V	
max_temp: 16.738977	min_temp: 13.569391	avg_temp: 14.097584
undervoltage: 0	overvoltage: 0	pec: 0	overtemperature: 0	openwire: 0	openwire_temp: 0
dcc1: 00	dcc2: 00	
Time: 125470
Current: -0.216232
SOC: 0.838866
total_v: 113.235580	max_v: 4.048200	min_v: 4.038300	avg_v: 4.044128	max-min: 0.009900
C1=4.039500V	C2=4.041150V	C3=4.042650V	C4=4.043550V	C5=4.042500V	C6=4.041300V	C7=4.048200V	C8=4.045800V	C9=4.046850V	C10=4.043100V	C11=4.044150V	C12=4.044600V	C13=4.047150V	C14=4.047900V	C15=4.043250V	C16=4.041900V	C17=4.041900V	C18=4.043250V	C19=4.043550V	C20=4.044750V	C21=4.046550V	C22=4.044000V	C23=4.038300V	C24=4.045200V	C25=4.045650V	C26=4.045650V	C27=4.047000V	C28=4.046250V	
max_temp: 16.738977	min_temp: 13.569391	avg_temp: 14.097898
undervoltage: 0	overvoltage: 0	pec: 0	overtemperature: 0	openwire: 0	openwire_temp: 0
dcc1: 00	dcc2: 00	
Time: 125671
Current: -0.216232
SOC: 0.838867
total_v: 113.235588	max_v: 4.048200	min_v: 4.038450	avg_v: 4.044128	max-min: 0.009750
C1=4.039650V	C2=4.041150V	C3=4.042650V	C4=4.043550V	C5=4.042500V	C6=4.041300V	C7=4.048200V	C8=4.045800V	C9=4.046850V	C10=4.043100V	C11=4.044000V	C12=4.044600V	C13=4.047150V	C14=4.047900V	C15=4.043250V	C16=4.041900V	C17=4.041900V	C18=4.043250V	C19=4.043550V	C20=4.044750V	C21=4.046400V	C22=4.044000V	C23=4.038450V	C24=4.045200V	C25=4.045650V	C26=4.045650V	C27=4.047000V	C28=4.046250V	
max_temp: 16.738977	min_temp: 13.569391	avg_temp: 14.097269
undervoltage: 0	overvoltage: 0	pec: 0	overtemperature: 0	openwire: 0	openwire_temp: 0
dcc1: 00	dcc2: 00	
Time: 125872
Current: -0.216232
SOC: 0.838868
total_v: 113.235291	max_v: 4.048200	min_v: 4.038450	avg_v: 4.044117	max-min: 0.009750
C1=4.039650V	C2=4.041150V	C3=4.042650V	C4=4.043550V	C5=4.042350V	C6=4.041300V	C7=4.048200V	C8=4.045800V	C9=4.046850V	C10=4.042950V	C11=4.044000V	C12=4.044600V	C13=4.047150V	C14=4.047900V	C15=4.043250V	C16=4.041750V	C17=4.041900V	C18=4.043250V	C19=4.043550V	C20=4.044750V	C21=4.046550V	C22=4.044000V	C23=4.038450V	C24=4.045200V	C25=4.045650V	C26=4.045650V	C27=4.047000V	C28=4.046250V	
max_temp: 16.738977	min_temp: 13.569391	avg_temp: 14.097898
undervoltage: 0	overvoltage: 0	pec: 0	overtemperature: 0	openwire: 0	openwire_temp: 0
dcc1: 00	dcc2: 00	
Time: 126073
Current: -0.216232
SOC: 0.838869
total_v: 113.235146	max_v: 4.048200	min_v: 4.038450	avg_v: 4.044112	max-min: 0.009750
C1=4.039500V	C2=4.041150V	C3=4.042650V	C4=4.043550V	C5=4.042350V	C6=4.041300V	C7=4.048200V	C8=4.045800V	C9=4.046850V	C10=4.042950V	C11=4.044000V	C12=4.044600V	C13=4.047150V	C14=4.048050V	C15=4.043250V	C16=4.041750V	C17=4.041900V	C18=4.043250V	C19=4.043550V	C20=4.044750V	C21=4.046400V	C22=4.044000V	C23=4.038450V	C24=4.045200V	C25=4.045650V	C26=4.045650V	C27=4.047000V	C28=4.046250V	
max_temp: 16.738977	min_temp: 13.569391	avg_temp: 14.096952
undervoltage: 0	overvoltage: 0	pec: 0	overtemperature: 0	openwire: 0	openwire_temp: 0
dcc1: 00	dcc2: 00	
Time: 126274
Current: -0.117950
SOC: 0.838870
total_v: 113.235451	max_v: 4.048200	min_v: 4.038450	avg_v: 4.044123	max-min: 0.009750
C1=4.039650V	C2=4.041150V	C3=4.042650V	C4=4.043550V	C5=4.042350V	C6=4.041300V	C7=4.048200V	C8=4.045800V	C9=4.046850V	C10=4.042950V	C11=4.044150V	C12=4.044600V	C13=4.047150V	C14=4.048050V	C15=4.043250V	C16=4.041750V	C17=4.041900V	C18=4.043250V	C19=4.043550V	C20=4.044750V	C21=4.046400V	C22=4.044000V	C23=4.038450V	C24=4.045200V	C25=4.045650V	C26=4.045650V	C27=4.047000V	C28=4.046250V	
max_temp: 16.738977	min_temp: 13.574427	avg_temp: 14.098213
undervoltage: 0	overvoltage: 0	pec: 0	overtemperature: 0	openwire: 0	openwire_temp: 0
dcc1: 00	dcc2: 00	
Time: 126475
Current: 1.159637
SOC: 0.838865
total_v: 113.235001	max_v: 4.048350	min_v: 4.038450	avg_v: 4.044107	max-min: 0.009900
C1=4.039500V	C2=4.041000V	C3=4.042650V	C4=4.043550V	C5=4.042350V	C6=4.041300V	C7=4.048350V	C8=4.045800V	C9=4.046850V	C10=4.042950V	C11=4.044000V	C12=4.044600V	C13=4.047300V	C14=4.047900V	C15=4.043250V	C16=4.041750V	C17=4.041900V	C18=4.043250V	C19=4.043550V	C20=4.044750V	C21=4.046400V	C22=4.044000V	C23=4.038450V	C24=4.045200V	C25=4.045500V	C26=4.045650V	C27=4.047000V	C28=4.046250V	
max_temp: 16.738977	min_temp: 13.574427	avg_temp: 14.098211
undervoltage: 0	overvoltage: 0	pec: 0	overtemperature: 0	openwire: 0	openwire_temp: 0
dcc1: 00	dcc2: 00	
Time: 126676
Current: -0.019684
SOC: 0.838865
total_v: 113.235443	max_v: 4.048350	min_v: 4.038450	avg_v: 4.044123	max-min: 0.009900
C1=4.039650V	C2=4.041150V	C3=4.042650V	C4=4.043550V	C5=4.042350V	C6=4.041300V	C7=4.048350V	C8=4.045800V	C9=4.046850V	C10=4.043100V	C11=4.044000V	C12=4.044600V	C13=4.047150V	C14=4.048050V	C15=4.043100V	C16=4.041750V	C17=4.042050V	C18=4.043250V	C19=4.043550V	C20=4.044750V	C21=4.046400V	C22=4.044000V	C23=4.038450V	C24=4.045200V	C25=4.045500V	C26=4.045650V	C27=4.047000V	C28=4.046250V	
max_temp: 16.738977	min_temp: 13.569391	avg_temp: 14.097898
undervoltage: 0	overvoltage: 0	pec: 0	overtemperature: 0	openwire: 0	openwire_temp: 0
dcc1: 00	dcc2: 00	
Time: 126877
Current: -0.117950
SOC: 0.838865
total_v: 113.235153	max_v: 4.048200	min_v: 4.038300	avg_v: 4.044113	max-min: 0.009900
C1=4.039500V	C2=4.041150V	C3=4.042650V	C4=4.043550V	C5=4.042350V	C6=4.041300V	C7=4.048200V	C8=4.045800V	C9=4.046700V	C10=4.042950V	C11=4.044150V	C12=4.044600V	C13=4.047150V	C14=4.048050V	C15=4.043250V	C16=4.041900V	C17=4.041900V	C18=4.043250V	C19=4.043550V	C20=4.044750V	C21=4.046400V	C22=4.044000V	C23=4.038300V	C24=4.045200V	C25=4.045500V	C26=4.045650V	C27=4.047150V	C28=4.046250V	
max_temp: 16.738977	min_temp: 13.569391	avg_temp: 14.098213
undervoltage: 0	overvoltage: 0	pec: 0	overtemperature: 0	openwire: 0	openwire_temp: 0
dcc1: 00	dcc2: 00	
Time: 127078
Current: 1.257904
SOC: 0.838860
total_v: 113.235588	max_v: 4.048200	min_v: 4.038450	avg_v: 4.044128	max-min: 0.009750
C1=4.039650V	C2=4.041150V	C3=4.042650V	C4=4.043550V	C5=4.042500V	C6=4.041300V	C7=4.048200V	C8=4.045800V	C9=4.046850V	C10=4.042950V	C11=4.044150V	C12=4.044600V	C13=4.047150V	C14=4.047900V	C15=4.043100V	C16=4.041900V	C17=4.041900V	C18=4.043250V	C19=4.043550V	C20=4.044750V	C21=4.046400V	C22=4.044150V	C23=4.038450V	C24=4.045200V	C25=4.045650V	C26=4.045650V	C27=4.047000V	C28=4.046250V	
max_temp: 16.738977	min_temp: 13.569391	avg_temp: 14.097898
undervoltage: 0	overvoltage: 0	pec: 0	overtemperature: 0	openwire: 0	openwire_temp: 0
dcc1: 00	dcc2: 00	
Time: 127279
Current: -0.117950
SOC: 0.838861
total_v: 113.235291	max_v: 4.048350	min_v: 4.038450	avg_v: 4.044117	max-min: 0.009900
C1=4.039500V	C2=4.041000V	C3=4.042650V	C4=4.043700V	C5=4.042350V	C6=4.041300V	C7=4.048350V	C8=4.045800V	C9=4.046850V	C10=4.042950V	C11=4.044000V	C12=4.044600V	C13=4.047150V	C14=4.048050V	C15=4.043250V	C16=4.041900V	C17=4.041900V	C18=4.043250V	C19=4.043550V	C20=4.044750V	C21=4.046400V	C22=4.044000V	C23=4.038450V	C24=4.045200V	C25=4.045500V	C26=4.045650V	C27=4.047000V	C28=4.046250V	
max_temp: 16.738977	min_temp: 13.574427	avg_temp: 14.098526
undervoltage: 0	overvoltage: 0	pec: 0	overtemperature: 0	openwire: 0	openwire_temp: 0
dcc1: 00	dcc2: 00	
Time: 127480
Current: -0.117950
SOC: 0.838861
total_v: 113.235435	max_v: 4.048200	min_v: 4.038300	avg_v: 4.044123	max-min: 0.009900
C1=4.039500V	C2=4.041150V	C3=4.042650V	C4=4.043550V	C5=4.042350V	C6=4.041300V	C7=4.048200V	C8=4.045800V	C9=4.046850V	C10=4.042950V	C11=4.044000V	C12=4.044600V	C13=4.047150V	C14=4.048050V	C15=4.043250V	C16=4.041900V	C17=4.042050V	C18=4.043250V	C19=4.043550V	C20=4.044750V	C21=4.046400V	C22=4.044000V	C23=4.038300V	C24=4.045200V	C25=4.045650V	C26=4.045650V	C27=4.047150V	C28=4.046250V	
max_temp: 16.738977	min_temp: 13.574427	avg_temp: 14.098528
undervoltage: 0	overvoltage: 0	pec: 0	overtemperature: 0	openwire: 0	openwire_temp: 0
dcc1: 00	dcc2: 00	
Time: 127681
Current: -0.117950
SOC: 0.838862
total_v: 113.235138	max_v: 4.048200	min_v: 4.038450	avg_v: 4.044112	max-min: 0.009750
C1=4.039500V	C2=4.041150V	C3=4.042650V	C4=4.043550V	C5=4.042350V	C6=4.041300V	C7=4.048200V	C8=4.045800V	C9=4.046850V	C10=4.043100V	C11=4.044000V	C12=4.044450V	C13=4.047150V	C14=4.047900V	C15=4.043250V	C16=4.041900V	C17=4.041900V	C18=4.043250V	C19=4.043550V	C20=4.044750V	C21=4.046400V	C22=4.044000V	C23=4.038450V	C24=4.045200V	C25=4.045500V	C26=4.045650V	C27=4.047150V	C28=4.046250V	
max_temp: 16.738977	min_temp: 13.569391	avg_temp: 14.097269
undervoltage: 0	overvoltage: 0	pec: 0	overtemperature: 0	openwire: 0	openwire_temp: 0
dcc1: 00	dcc2: 00	
Time: 127882
Current: 1.159637
SOC: 0.838857
total_v: 113.235130	max_v: 4.048200	min_v: 4.038300	avg_v: 4.044112	max-min: 0.009900
C1=4.039500V	C2=4.041150V	C3=4.042650V	C4=4.043550V	C5=4.042350V	C6=4.041300V	C7=4.048200V	C8=4.045800V	C9=4.046850V	C10=4.043100V	C11=4.044000V	C12=4.044600V	C13=4.047150V	C14=4.047900V	C15=4.043250V	C16=4.041900V	C17=4.041900V	C18=4.043250V	C19=4.043550V	C20=4.044750V	C21=4.046400V	C22=4.044000V	C23=4.038300V	C24=4.045200V	C25=4.045650V	C26=4.045650V	C27=4.047000V	C28=4.046250V	
max_temp: 16.738977	min_temp: 13.574427	avg_temp: 14.098845
undervoltage: 0	overvoltage: 0	pec: 0	overtemperature: 0	openwire: 0	openwire_temp: 0
dcc1: 00	dcc2: 00	
Time: 128083
Current: -0.216232
SOC: 0.838858
total_v: 113.235435	max_v: 4.048200	min_v: 4.038300	avg_v: 4.044123	max-min: 0.009900
C1=4.039500V	C2=4.041150V	C3=4.042650V	C4=4.043550V	C5=4.042350V	C6=4.041450V	C7=4.048200V	C8=4.045800V	C9=4.046850V	C10=4.043100V	C11=4.044000V	C12=4.044600V	C13=4.047150V	C14=4.048050V	C15=4.043250V	C16=4.041900V	C17=4.041900V	C18=4.043250V	C19=4.043550V	C20=4.044750V	C21=4.046400V	C22=4.044000V	C23=4.038300V	C24=4.045200V	C25=4.045650V	C26=4.045650V	C27=4.047000V	C28=4.046250V	
max_temp: 16.733942	min_temp: 13.574427	avg_temp: 14.097898
undervoltage: 0	overvoltage: 0	pec: 0	overtemperature: 0	openwire: 0	openwire_temp: 0
dcc1: 00	dcc2: 00	
Time: 128284
Current: -0.216232
SOC: 0.838859
total_v: 113.235596	max_v: 4.048200	min_v: 4.038450	avg_v: 4.044128	max-min: 0.009750
C1=4.039650V	C2=4.041150V	C3=4.042650V	C4=4.043550V	C5=4.042500V	C6=4.041300V	C7=4.048200V	C8=4.045800V	C9=4.046700V	C10=4.043100V	C11=4.044000V	C12=4.044600V	C13=4.047150V	C14=4.048050V	C15=4.043250V	C16=4.041900V	C17=4.041900V	C18=4.043250V	C19=4.043550V	C20=4.044750V	C21=4.046400V	C22=4.044000V	C23=4.038450V	C24=4.045200V	C25=4.045500V	C26=4.045650V	C27=4.047150V	C28=4.046250V	
max_temp: 16.733942	min_temp: 13.569391	avg_temp: 14.097267
undervoltage: 0	overvoltage: 0	pec: 0	overtemperature: 0	openwire: 0	openwire_temp: 0
dcc1: 00	dcc2: 00	
Time: 128485
Current: -0.216232
SOC: 0.838860
total_v: 113.235001	max_v: 4.048200	min_v: 4.038300	avg_v: 4.044107	max-min: 0.009900
C1=4.039500V	C2=4.041150V	C3=4.042650V	C4=4.043550V	C5=4.042350V	C6=4.041300V	C7=4.048200V	C8=4.045800V	C9=4.046700V	C10=4.043100V	C11=4.044000V	C12=4.044600V	C13=4.047150V	C14=4.048050V	C15=4.043250V	C16=4.041750V	C17=4.041900V	C18=4.043250V	C19=4.043550V	C20=4.044750V	C21=4.046400V	C22=4.044000V	C23=4.038300V	C24=4.045200V	C25=4.045500V	C26=4.045650V	C27=4.047150V	C28=4.046250V	
max_temp: 16.738977	min_temp: 13.569391	avg_temp: 14.098213
undervoltage: 0	overvoltage: 0	pec: 0	overtemperature: 0	openwire: 0	openwire_temp: 0
dcc1: 00	dcc2: 00	
Time: 128686
Current: -0.216232
SOC: 0.838860
total_v: 113.235130	max_v: 4.048200	min_v: 4.038300	avg_v: 4.044112	max-min: 0.009900
C1=4.039500V	C2=4.041150V	C3=4.042650V	C4=4.043550V	C5=4.042350V	C6=4.041300V	C7=4.048200V	C8=4.045800V	C9=4.046850V	C10=4.043100V	C11=4.044000V	C12=4.044600V	C13=4.047150V	C14=4.048050V	C15=4.043250V	C16=4.041750V	C17=4.041900V	C18=4.043250V	C19=4.043550V	C20=4.044750V	C21=4.046400V	C22=4.044000V	C23=4.038300V	C24=4.045200V	C25=4.045650V	C26=4.045650V	C27=4.047000V	C28=4.046250V	
max_temp: 16.733942	min_temp: 13.569391	avg_temp: 14.097582
undervoltage: 0	overvoltage: 0	pec: 0	overtemperature: 0	openwire: 0	openwire_temp: 0
dcc1: 00	dcc2: 00	
Time: 128887
Current: -0.216232
SOC: 0.838861
total_v: 113.235146	max_v: 4.048200	min_v: 4.038450	avg_v: 4.044112	max-min: 0.009750
C1=4.039500V	C2=4.041150V	C3=4.042650V	C4=4.043550V	C5=4.042350V	C6=4.041300V	C7=4.048200V	C8=4.045800V	C9=4.046850V	C10=4.042950V	C11=4.044000V	C12=4.044600V	C13=4.047150V	C14=4.047900V	C15=4.043250V	C16=4.041750V	C17=4.041900V	C18=4.043250V	C19=4.043550V	C20=4.044750V	C21=4.046400V	C22=4.044000V	C23=4.038450V	C24=4.045200V	C25=4.045650V	C26=4.045650V	C27=4.047150V	C28=4.046250V	
max_temp: 16.733942	min_temp: 13.574427	avg_temp: 14.098528
undervoltage: 0	overvoltage: 0	pec: 0	overtemperature: 0	openwire: 0	openwire_temp: 0
dcc1: 00	dcc2: 00	
Time: 129088
Current: -0.216232
SOC: 0.838862
total_v: 113.235146	max_v: 4.048200	min_v: 4.038450	avg_v: 4.044112	max-min: 0.009750
C1=4.039500V	C2=4.041000V	C3=4.042650V	C4=4.043550V	C5=4.042500V	C6=4.041300V	C7=4.048200V	C8=4.045800V	C9=4.046850V	C10=4.042950V	C11=4.044000V	C12=4.044600V	C13=4.047150V	C14=4.047900V	C15=4.043100V	C16=4.041900V	C17=4.041900V	C18=4.043250V	C19=4.043550V	C20=4.044750V	C21=4.046400V	C22=4.044000V	C23=4.038450V	C24=4.045200V	C25=4.045650V	C26=4.045650V	C27=4.047150V	C28=4.046250V	
max_temp: 16.733942	min_temp: 13.574427	avg_temp: 14.098530
undervoltage: 0	overvoltage: 0	pec: 0	overtemperature: 0	openwire: 0	openwire_temp: 0
dcc1: 00	dcc2: 00	
Time: 129289
Current: -0.117950
SOC: 0.838863
total_v: 113.234993	max_v: 4.048200	min_v: 4.038450	avg_v: 4.044107	max-min: 0.009750
C1=4.039500V	C2=4.041150V	C3=4.042650V	C4=4.043550V	C5=4.042350V	C6=4.041450V	C7=4.048200V	C8=4.045800V	C9=4.046850V	C10=4.042950V	C11=4.044000V	C12=4.044600V	C13=4.047150V	C14=4.047900V	C15=4.043250V	C16=4.041750V	C17=4.041900V	C18=4.043250V	C19=4.043550V	C20=4.044750V	C21=4.046400V	C22=4.044000V	C23=4.038450V	C24=4.045200V	C25=4.045650V	C26=4.045650V	C27=4.047000V	C28=4.046100V	
max_temp: 16.733942	min_temp: 13.569391	avg_temp: 14.098213
undervoltage: 0	overvoltage: 0	pec: 0	overtemperature: 0	openwire: 0	openwire_temp: 0
dcc1: 00	dcc2: 00	
Time: 129490
Current: 0.864807
SOC: 0.838859
total_v: 113.235291	max_v: 4.048200	min_v: 4.038300	avg_v: 4.044117	max-min: 0.009900
C1=4.039650V	C2=4.041150V	C3=4.042650V	C4=4.043550V	C5=4.042500V	C6=4.041300V	C7=4.048200V	C8=4.045800V	C9=4.046850V	C10=4.042950V	C11=4.044000V	C12=4.044600V	C13=4.047150V	C14=4.047900V	C15=4.043250V	C16=4.041900V	C17=4.041900V	C18=4.043250V	C19=4.043550V	C20=4.044750V	C21=4.046400V	C22=4.044000V	C23=4.038300V	C24=4.045200V	C25=4.045500V	C26=4.045650V	C27=4.047150V	C28=4.046250V	
max_temp: 16.733942	min_temp: 13.574427	avg_temp: 14.098528
undervoltage: 0	overvoltage: 0	pec: 0	overtemperature: 0	openwire: 0	openwire_temp: 0
dcc1: 00	dcc2: 00	
Time: 129691
Current: -0.216232
SOC: 0.838860
total_v: 113.235451	max_v: 4.048350	min_v: 4.038450	avg_v: 4.044123	max-min: 0.009900
C1=4.039500V	C2=4.041150V	C3=4.042650V	C4=4.043550V	C5=4.042350V	C6=4.041300V	C7=4.048350V	C8=4.045800V	C9=4.046850V	C10=4.042950V	C11=4.044150V	C12=4.044600V	C13=4.047150V	C14=4.047900V	C15=4.043250V	C16=4.041900V	C17=4.041900V	C18=4.043250V	C19=4.043550V	C20=4.044750V	C21=4.046400V	C22=4.044000V	C23=4.038450V	C24=4.045200V	C25=4.045650V	C26=4.045650V	C27=4.047000V	C28=4.046250V	
max_temp: 16.733942	min_temp: 13.569391	avg_temp: 14.097898
undervoltage: 0	overvoltage: 0	pec: 0	overtemperature: 0	openwire: 0	openwire_temp: 0
dcc1: 00	dcc2: 00	
Time: 129892
Current: -0.117950
SOC: 0.838861
total_v: 113.235291	max_v: 4.048200	min_v: 4.038450	avg_v: 4.044117	max-min: 0.009750
C1=4.039650V	C2=4.041150V	C3=4.042650V	C4=4.043550V	C5=4.042350V	C6=4.041300V	C7=4.048200V	C8=4.045800V	C9=4.046850V	C10=4.043100V	C11=4.044000V	C12=4.044600V	C13=4.047150V	C14=4.048050V	C15=4.043250V	C16=4.041900V	C17=4.041900V	C18=4.043250V	C19=4.043550V	C20=4.044750V	C21=4.046400V	C22=4.044000V	C23=4.038450V	C24=4.045200V	C25=4.045500V	C26=4.045650V	C27=4.047000V	C28=4.046100V	
max_temp: 16.733942	min_temp: 13.574427	avg_temp: 14.098843
undervoltage: 0	overvoltage: 0	pec: 0	overtemperature: 0	openwire: 0	openwire_temp: 0
dcc1: 00	dcc2: 00	
Time: 130098
Current: -0.117950
SOC: 0.838861
total_v: 113.235443	max_v: 4.048350	min_v: 4.038450	avg_v: 4.044123	max-min: 0.009900
C1=4.039500V	C2=4.041150V	C3=4.042650V	C4=4.043550V	C5=4.042500V	C6=4.041300V	C7=4.048350V	C8=4.045800V	C9=4.046850V	C10=4.043100V	C11=4.044000V	C12=4.044600V	C13=4.047150V	C14=4.047900V	C15=4.043100V	C16=4.041900V	C17=4.041900V	C18=4.043250V	C19=4.043550V	C20=4.044750V	C21=4.046400V	C22=4.044000V	C23=4.038450V	C24=4.045200V	C25=4.045500V	C26=4.045650V	C27=4.047150V	C28=4.046250V	
max_temp: 16.733942	min_temp: 13.569391	avg_temp: 14.098215
undervoltage: 0	overvoltage: 0	pec: 0	overtemperature: 0	openwire: 0	openwire_temp: 0
dcc1: 00	dcc2: 00	
Time: 130299
Current: -0.117950
SOC: 0.838861
total_v: 113.234993	max_v: 4.048200	min_v: 4.038300	avg_v: 4.044107	max-min: 0.009900
C1=4.039500V	C2=4.041150V	C3=4.042650V	C4=4.043550V	C5=4.042350V	C6=4.041300V	C7=4.048200V	C8=4.045800V	C9=4.046850V	C10=4.042950V	C11=4.044000V	C12=4.044600V	C13=4.047150V	C14=4.047900V	C15=4.043250V	C16=4.041750V	C17=4.041900V	C18=4.043250V	C19=4.043550V	C20=4.044750V	C21=4.046550V	C22=4.044000V	C23=4.038300V	C24=4.045200V	C25=4.045500V	C26=4.045650V	C27=4.047150V	C28=4.046250V	
max_temp: 16.733942	min_temp: 13.574427	avg_temp: 14.098530
undervoltage: 0	overvoltage: 0	pec: 0	overtemperature: 0	openwire: 0	openwire_temp: 0
dcc1: 00	dcc2: 00	
Time: 130500
Current: -0.117950
SOC: 0.838862
total_v: 113.235291	max_v: 4.048350	min_v: 4.038300	avg_v: 4.044117	max-min: 0.010050
C1=4.039650V	C2=4.041150V	C3=4.042500V	C4=4.043550V	C5=4.042350V	C6=4.041300V	C7=4.048350V	C8=4.045800V	C9=4.046850V	C10=4.043100V	C11=4.044000V	C12=4.044600V	C13=4.047150V	C14=4.047900V	C15=4.043250V	C16=4.041900V	C17=4.041900V	C18=4.043250V	C19=4.043550V	C20=4.044750V	C21=4.046400V	C22=4.044000V	C23=4.038300V	C24=4.045200V	C25=4.045500V	C26=4.045650V	C27=4.047150V	C28=4.046250V	
max_temp: 16.733942	min_temp: 13.569391	avg_temp: 14.097898
undervoltage: 0	overvoltage: 0	pec: 0	overtemperature: 0	openwire: 0	openwire_temp: 0
dcc1: 00	dcc2: 00	
Time: 130701
Current: 0.569992
SOC: 0.838860
total_v: 113.235291	max_v: 4.048200	min_v: 4.038450	avg_v: 4.044117	max-min: 0.009750
C1=4.039500V	C2=4.041150V	C3=4.042650V	C4=4.043550V	C5=4.042350V	C6=4.041300V	C7=4.048200V	C8=4.045800V	C9=4.046850V	C10=4.043100V	C11=4.044000V	C12=4.044600V	C13=4.047150V	C14=4.047900V	C15=4.043250V	C16=4.041900V	C17=4.041900V	C18=4.043250V	C19=4.043550V	C20=4.044750V	C21=4.046400V	C22=4.044000V	C23=4.038450V	C24=4.045200V	C25=4.045500V	C26=4.045650V	C27=4.047150V	C28=4.046250V	
max_temp: 16.728907	min_temp: 13.569391	avg_temp: 14.097584
undervoltage: 0	overvoltage: 0	pec: 0	overtemperature: 0	openwire: 0	openwire_temp: 0
dcc1: 00	dcc2: 00	
Time: 130902
Current: 5.680313
SOC: 0.838836
total_v: 113.235451	max_v: 4.048200	min_v: 4.038450	avg_v: 4.044123	max-min: 0.009750
C1=4.039650V	C2=4.041150V	C3=4.042650V	C4=4.043550V	C5=4.042350V	C6=4.041300V	C7=4.048200V	C8=4.045800V	C9=4.046850V	C10=4.042950V	C11=4.044000V	C12=4.044600V	C13=4.047150V	C14=4.047900V	C15=4.043250V	C16=4.041900V	C17=4.041900V	C18=4.043250V	C19=4.043550V	C20=4.044750V	C21=4.046400V	C22=4.044000V	C23=4.038450V	C24=4.045200V	C25=4.045650V	C26=4.045650V	C27=4.047150V	C28=4.046250V	
max_temp: 16.728907	min_temp: 13.569391	avg_temp: 14.097269
undervoltage: 0	overvoltage: 0	pec: 0	overtemperature: 0	openwire: 0	openwire_temp: 0
dcc1: 00	dcc2: 00	
Time: 131103
Current: -0.117950
SOC: 0.838837
total_v: 113.235291	max_v: 4.048350	min_v: 4.038450	avg_v: 4.044117	max-min: 0.009900
C1=4.039500V	C2=4.041150V	C3=4.042650V	C4=4.043700V	C5=4.042350V	C6=4.041300V	C7=4.048350V	C8=4.045800V	C9=4.046850V	C10=4.042950V	C11=4.044000V	C12=4.044600V	C13=4.047150V	C14=4.048050V	C15=4.043250V	C16=4.041750V	C17=4.041900V	C18=4.043250V	C19=4.043550V	C20=4.044750V	C21=4.046400V	C22=4.044000V	C23=4.038450V	C24=4.045200V	C25=4.045500V	C26=4.045650V	C27=4.047000V	C28=4.046250V	
max_temp: 16.728907	min_temp: 13.574427	avg_temp: 14.098845
undervoltage: 0	overvoltage: 0	pec: 0	overtemperature: 0	openwire: 0	openwire_temp: 0
dcc1: 00	dcc2: 00	
Time: 131304
Current: -0.117950
SOC: 0.838837
total_v: 113.235596	max_v: 4.048200	min_v: 4.038450	avg_v: 4.044128	max-min: 0.009750
C1=4.039500V	C2=4.041150V	C3=4.042650V	C4=4.043550V	C5=4.042500V	C6=4.041300V	C7=4.048200V	C8=4.045800V	C9=4.046850V	C10=4.042950V	C11=4.044000V	C12=4.044600V	C13=4.047150V	C14=4.048050V	C15=4.043250V	C16=4.041900V	C17=4.041900V	C18=4.043250V	C19=4.043700V	C20=4.044750V	C21=4.046400V	C22=4.044000V	C23=4.038450V	C24=4.045200V	C25=4.045500V	C26=4.045650V	C27=4.047150V	C28=4.046250V	
max_temp: 16.733942	min_temp: 13.574427	avg_temp: 14.098213
undervoltage: 0	overvoltage: 0	pec: 0	overtemperature: 0	openwire: 0	openwire_temp: 0
dcc1: 00	dcc2: 00	
Time: 131505
Current: -0.117950
SOC: 0.838838
total_v: 113.235588	max_v: 4.048350	min_v: 4.038450	avg_v: 4.044128	max-min: 0.009900
C1=4.039500V	C2=4.041150V	C3=4.042650V	C4=4.043550V	C5=4.042500V	C6=4.041450V	C7=4.048350V	C8=4.045800V	C9=4.046850V	C10=4.043100V	C11=4.044000V	C12=4.044600V	C13=4.047150V	C14=4.047900V	C15=4.043250V	C16=4.041750V	C17=4.041900V	C18=4.043100V	C19=4.043550V	C20=4.044750V	C21=4.046400V	C22=4.044000V	C23=4.038450V	C24=4.045200V	C25=4.045650V	C26=4.045650V	C27=4.047150V	C28=4.046250V	
max_temp: 16.733942	min_temp: 13.574427	avg_temp: 14.098845
undervoltage: 0	overvoltage: 0	pec: 0	overtemperature: 0	openwire: 0	openwire_temp: 0
dcc1: 00	dcc2: 00	
Time: 131706
Current: -0.117950
SOC: 0.838838
total_v: 113.235001	max_v: 4.048200	min_v: 4.038300	avg_v: 4.044107	max-min: 0.009900
C1=4.039650V	C2=4.041150V	C3=4.042650V	C4=4.043550V	C5=4.042350V	C6=4.041300V	C7=4.048200V	C8=4.045800V	C9=4.046850V	C10=4.042950V	C11=4.044000V	C12=4.044600V	C13=4.047150V	C14=4.047900V	C15=4.043100V	C16=4.041900V	C17=4.041900V	C18=4.043250V	C19=4.043550V	C20=4.044750V	C21=4.046400V	C22=4.044000V	C23=4.038300V	C24=4.045200V	C25=4.045500V	C26=4.045650V	C27=4.047150V	C28=4.046250V	
max_temp: 16.733942	min_temp: 13.569391	avg_temp: 14.097900
undervoltage: 0	overvoltage: 0	pec: 0	overtemperature: 0	openwire: 0	openwire_temp: 0
dcc1: 00	dcc2: 00	
Time: 131907
Current: -0.117950
SOC: 0.838838
total_v: 113.235153	max_v: 4.048200	min_v: 4.038450	avg_v: 4.044113	max-min: 0.009750
C1=4.039500V	C2=4.041000V	C3=4.042650V	C4=4.043550V	C5=4.042350V	C6=4.041300V	C7=4.048200V	C8=4.045800V	C9=4.046850V	C10=4.042950V	C11=4.044000V	C12=4.044600V	C13=4.047150V	C14=4.048050V	C15=4.043250V	C16=4.041750V	C17=4.041900V	C18=4.043250V	C19=4.043550V	C20=4.044750V	C21=4.046400V	C22=4.044150V	C23=4.038450V	C24=4.045200V	C25=4.045500V	C26=4.045650V	C27=4.047150V	C28=4.046250V	
max_temp: 16.733942	min_temp: 13.574427	avg_temp: 14.098845
undervoltage: 0	overvoltage: 0	pec: 0	overtemperature: 0	openwire: 0	openwire_temp: 0
dcc1: 00	dcc2: 00	
Time: 132108
Current: -0.117950
SOC: 0.838839
total_v: 113.234993	max_v: 4.048200	min_v: 4.038450	avg_v: 4.044107	max-min: 0.009750
C1=4.039500V	C2=4.041150V	C3=4.042650V	C4=4.043550V	C5=4.042350V	C6=4.041300V	C7=4.048200V	C8=4.045800V	C9=4.046850V	C10=4.042950V	C11=4.044000V	C12=4.044600V	C13=4.047150V	C14=4.047900V	C15=4.043100V	C16=4.041750V	C17=4.041900V	C18=4.043250V	C19=4.043550V	C20=4.044750V	C21=4.046400V	C22=4.044000V	C23=4.038450V	C24=4.045200V	C25=4.045650V	C26=4.045650V	C27=4.047150V	C28=4.046250V	
max_temp: 16.733942	min_temp: 13.574427	avg_temp: 14.098845
undervoltage: 0	overvoltage: 0	pec: 0	overtemperature: 0	openwire: 0	openwire_temp: 0
dcc1: 00	dcc2: 00	
Time: 132309
Current: -0.117950
SOC: 0.838839
total_v: 113.234985	max_v: 4.048200	min_v: 4.038300	avg_v: 4.044106	max-min: 0.009900
C1=4.039500V	C2=4.041150V	C3=4.042650V	C4=4.043550V	C5=4.042350V	C6=4.041300V	C7=4.048200V	C8=4.045800V	C9=4.046850V	C10=4.042950V	C11=4.044000V	C12=4.044600V	C13=4.047150V	C14=4.048050V	C15=4.043250V	C16=4.041900V	C17=4.041900V	C18=4.043250V	C19=4.043550V	C20=4.044750V	C21=4.046400V	C22=4.044000V	C23=4.038300V	C24=4.045200V	C25=4.045500V	C26=4.045650V	C27=4.047000V	C28=4.046250V	
max_temp: 16.728907	min_temp: 13.574427	avg_temp: 14.098215
undervoltage: 0	overvoltage: 0	pec: 0	overtemperature: 0	openwire: 0	openwire_temp: 0
dcc1: 00	dcc2: 00	
Time: 132510
Current: -0.117950
SOC: 0.838840
total_v: 113.235588	max_v: 4.048200	min_v: 4.038450	avg_v: 4.044128	max-min: 0.009750
C1=4.039650V	C2=4.041150V	C3=4.042650V	C4=4.043550V	C5=4.042500V	C6=4.041300V	C7=4.048200V	C8=4.045800V	C9=4.046850V	C10=4.042950V	C11=4.044000V	C12=4.044600V	C13=4.047150V	C14=4.047900V	C15=4.043250V	C16=4.041900V	C17=4.041900V	C18=4.043250V	C19=4.043550V	C20=4.044750V	C21=4.046400V	C22=4.044000V	C23=4.038450V	C24=4.045200V	C25=4.045650V	C26=4.045650V	C27=4.047150V	C28=4.046250V	
max_temp: 16.733942	min_temp: 13.574427	avg_temp: 14.098530
undervoltage: 0	overvoltage: 0	pec: 0	overtemperature: 0	openwire: 0	openwire_temp: 0
dcc1: 00	dcc2: 00	
Time: 132711
Current: -0.117950
SOC: 0.838840
total_v: 113.235283	max_v: 4.048350	min_v: 4.038300	avg_v: 4.044117	max-min: 0.010050
C1=4.039500V	C2=4.041150V	C3=4.042650V	C4=4.043550V	C5=4.042350V	C6=4.041300V	C7=4.048350V	C8=4.045800V	C9=4.046850V	C10=4.043100V	C11=4.044000V	C12=4.044600V	C13=4.047150V	C14=4.047900V	C15=4.043250V	C16=4.041900V	C17=4.041900V	C18=4.043250V	C19=4.043550V	C20=4.044750V	C21=4.046400V	C22=4.044000V	C23=4.038300V	C24=4.045200V	C25=4.045650V	C26=4.045650V	C27=4.047000V	C28=4.046250V	
max_temp: 16.728907	min_temp: 13.569391	avg_temp: 14.097902
undervoltage: 0	overvoltage: 0	pec: 0	overtemperature: 0	openwire: 0	openwire_temp: 0
dcc1: 00	dcc2: 00	
Time: 132912
Current: -0.216232
SOC: 0.838841
total_v: 113.235435	max_v: 4.048350	min_v: 4.038300	avg_v: 4.044123	max-min: 0.010050
C1=4.039500V	C2=4.041150V	C3=4.042650V	C4=4.043550V	C5=4.042500V	C6=4.041300V	C7=4.048350V	C8=4.045800V	C9=4.046850V	C10=4.042950V	C11=4.044000V	C12=4.044600V	C13=4.047150V	C14=4.048050V	C15=4.043250V	C16=4.041750V	C17=4.041900V	C18=4.043250V	C19=4.043550V	C20=4.044750V	C21=4.046400V	C22=4.044000V	C23=4.038300V	C24=4.045200V	C25=4.045650V	C26=4.045650V	C27=4.047150V	C28=4.046250V	
max_temp: 16.733942	min_temp: 13.574427	avg_temp: 14.098845
undervoltage: 0	overvoltage: 0	pec: 0	overtemperature: 0	openwire: 0	openwire_temp: 0
dcc1: 00	dcc2: 00	
Time: 133113
Current: 2.633774
SOC: 0.838830
total_v: 113.235298	max_v: 4.048200	min_v: 4.038300	avg_v: 4.044118	max-min: 0.009900
C1=4.039500V	C2=4.041150V	C3=4.042650V	C4=4.043550V	C5=4.042500V	C6=4.041450V	C7=4.048200V	C8=4.045800V	C9=4.046850V	C10=4.042950V	C11=4.044000V	C12=4.044600V	C13=4.047150V	C14=4.047900V	C15=4.043250V	C16=4.041900V	C17=4.041900V	C18=4.043250V	C19=4.043550V	C20=4.044750V	C21=4.046400V	C22=4.044000V	C23=4.038300V	C24=4.045200V	C25=4.045650V	C26=4.045650V	C27=4.047000V	C28=4.046250V	
max_temp: 16.733942	min_temp: 13.574427	avg_temp: 14.098213
undervoltage: 0	overvoltage: 0	pec: 0	overtemperature: 0	openwire: 0	openwire_temp: 0
dcc1: 00	dcc2: 00	
Time: 133314
Current: -0.117950
SOC: 0.838831
total_v: 113.234993	max_v: 4.048200	min_v: 4.038450	avg_v: 4.044107	max-min: 0.009750
C1=4.039500V	C2=4.041000V	C3=4.042650V	C4=4.043550V	C5=4.042350V	C6=4.041450V	C7=4.048200V	C8=4.045650V	C9=4.046850V	C10=4.042950V	C11=4.044000V	C12=4.044600V	C13=4.047150V	C14=4.047900V	C15=4.043250V	C16=4.041750V	C17=4.041900V	C18=4.043250V	C19=4.043550V	C20=4.044750V	C21=4.046400V	C22=4.044000V	C23=4.038450V	C24=4.045200V	C25=4.045650V	C26=4.045650V	C27=4.047150V	C28=4.046250V	
max_temp: 16.728907	min_temp: 13.574427	avg_temp: 14.098530
undervoltage: 0	overvoltage: 0	pec: 0	overtemperature: 0	openwire: 0	openwire_temp: 0
dcc1: 00	dcc2: 00	
Time: 133515
Current: -0.117950
SOC: 0.838831
total_v: 113.235451	max_v: 4.048200	min_v: 4.038450	avg_v: 4.044123	max-min: 0.009750
C1=4.039500V	C2=4.041150V	C3=4.042650V	C4=4.043550V	C5=4.042500V	C6=4.041300V	C7=4.048200V	C8=4.045800V	C9=4.046850V	C10=4.042950V	C11=4.044000V	C12=4.044600V	C13=4.047150V	C14=4.047900V	C15=4.043250V	C16=4.041900V	C17=4.041900V	C18=4.043250V	C19=4.043550V	C20=4.044750V	C21=4.046400V	C22=4.044000V	C23=4.038450V	C24=4.045200V	C25=4.045650V	C26=4.045650V	C27=4.047150V	C28=4.046250V	
max_temp: 16.728907	min_temp: 13.574427	avg_temp: 14.098528
undervoltage: 0	overvoltage: 0	pec: 0	overtemperature: 0	openwire: 0	openwire_temp: 0
dcc1: 00	dcc2: 00	
Time: 133716
Current: -0.117950
SOC: 0.838832
total_v: 113.235001	max_v: 4.048200	min_v: 4.038450	avg_v: 4.044107	max-min: 0.009750
C1=4.039500V	C2=4.041000V	C3=4.042650V	C4=4.043550V	C5=4.042500V	C6=4.041300V	C7=4.048200V	C8=4.045800V	C9=4.046850V	C10=4.042950V	C11=4.044000V	C12=4.044600V	C13=4.047150V	C14=4.048050V	C15=4.043100V	C16=4.041750V	C17=4.042050V	C18=4.043250V	C19=4.043550V	C20=4.044750V	C21=4.046400V	C22=4.044000V	C23=4.038450V	C24=4.045200V	C25=4.045500V	C26=4.045650V	C27=4.047000V	C28=4.046250V	
max_temp: 16.733942	min_temp: 13.574427	avg_temp: 14.098845
undervoltage: 0	overvoltage: 0	pec: 0	overtemperature: 0	openwire: 0	openwire_temp: 0
dcc1: 00	dcc2: 00	
Time: 133917
Current: 0.963089
SOC: 0.838828
total_v: 113.235138	max_v: 4.048200	min_v: 4.038300	avg_v: 4.044112	max-min: 0.009900
C1=4.039500V	C2=4.041150V	C3=4.042650V	C4=4.043550V	C5=4.042350V	C6=4.041300V	C7=4.048200V	C8=4.045800V	C9=4.046700V	C10=4.042950V	C11=4.044000V	C12=4.044600V	C13=4.047300V	C14=4.048050V	C15=4.043250V	C16=4.041900V	C17=4.041900V	C18=4.043250V	C19=4.043550V	C20=4.044750V	C21=4.046400V	C22=4.044000V	C23=4.038300V	C24=4.045200V	C25=4.045500V	C26=4.045650V	C27=4.047150V	C28=4.046250V	
max_temp: 16.733942	min_temp: 13.574427	avg_temp: 14.098528
undervoltage: 0	overvoltage: 0	pec: 0	overtemperature: 0	openwire: 0	openwire_temp: 0
dcc1: 00	dcc2: 00	
Time: 134118
Current: -0.117950
SOC: 0.838828
total_v: 113.235153	max_v: 4.048350	min_v: 4.038450	avg_v: 4.044113	max-min: 0.009900
C1=4.039500V	C2=4.041150V	C3=4.042650V	C4=4.043550V	C5=4.042350V	C6=4.041300V	C7=4.048350V	C8=4.045800V	C9=4.046850V	C10=4.043100V	C11=4.044000V	C12=4.044600V	C13=4.047150V	C14=4.047900V	C15=4.043250V	C16=4.041750V	C17=4.041900V	C18=4.043250V	C19=4.043550V	C20=4.044750V	C21=4.046400V	C22=4.044000V	C23=4.038450V	C24=4.045200V	C25=4.045500V	C26=4.045650V	C27=4.047000V	C28=4.046250V	
max_temp: 16.733942	min_temp: 13.574427	avg_temp: 14.098528
undervoltage: 0	overvoltage: 0	pec: 0	overtemperature: 0	openwire: 0	openwire_temp: 0
dcc1: 00	dcc2: 00	
Time: 134319
Current: -0.117950
SOC: 0.838829
total_v: 113.235138	max_v: 4.048200	min_v: 4.038300	avg_v: 4.044112	max-min: 0.009900
C1=4.039500V	C2=4.041000V	C3=4.042650V	C4=4.043550V	C5=4.042350V	C6=4.041450V	C7=4.048200V	C8=4.045800V	C9=4.046850V	C10=4.043100V	C11=4.044000V	C12=4.044600V	C13=4.047150V	C14=4.048050V	C15=4.043250V	C16=4.041900V	C17=4.041900V	C18=4.043250V	C19=4.043550V	C20=4.044750V	C21=4.046400V	C22=4.044000V	C23=4.038300V	C24=4.045200V	C25=4.045500V	C26=4.045650V	C27=4.047000V	C28=4.046250V	
max_temp: 16.733942	min_temp: 13.574427	avg_temp: 14.098530
undervoltage: 0	overvoltage: 0	pec: 0	overtemperature: 0	openwire: 0	openwire_temp: 0
dcc1: 00	dcc2: 00	
Time: 134520
Current: -0.216232
SOC: 0.838830
total_v: 113.235283	max_v: 4.048200	min_v: 4.038300	avg_v: 4.044117	max-min: 0.009900
C1=4.039500V	C2=4.041150V	C3=4.042650V	C4=4.043550V	C5=4.042350V	C6=4.041450V	C7=4.048200V	C8=4.045800V	C9=4.046850V	C10=4.042950V	C11=4.044000V	C12=4.044600V	C13=4.047150V	C14=4.048050V	C15=4.043250V	C16=4.041900V	C17=4.041900V	C18=4.043250V	C19=4.043550V	C20=4.044750V	C21=4.046400V	C22=4.044000V	C23=4.038300V	C24=4.045200V	C25=4.045650V	C26=4.045650V	C27=4.047000V	C28=4.046250V	
max_temp: 16.728907	min_temp: 13.574427	avg_temp: 14.098528
undervoltage: 0	overvoltage: 0	pec: 0	overtemperature: 0	openwire: 0	openwire_temp: 0
dcc1: 00	dcc2: 00	
Time: 134721
Current: -0.117950
SOC: 0.838830
total_v: 113.235130	max_v: 4.048200	min_v: 4.038300	avg_v: 4.044112	max-min: 0.009900
C1=4.039500V	C2=4.041000V	C3=4.042650V	C4=4.043550V	C5=4.042350V	C6=4.041300V	C7=4.048200V	C8=4.045800V	C9=4.046850V	C10=4.042950V	C11=4.044000V	C12=4.044600V	C13=4.047150V	C14=4.048050V	C15=4.043250V	C16=4.041900V	C17=4.041900V	C18=4.043250V	C19=4.043550V	C20=4.044750V	C21=4.046400V	C22=4.044000V	C23=4.038300V	C24=4.045200V	C25=4.045650V	C26=4.045650V	C27=4.047150V	C28=4.046250V	
max_temp: 16.733942	min_temp: 13.574427	avg_temp: 14.098845
undervoltage: 0	overvoltage: 0	pec: 0	overtemperature: 0	openwire: 0	openwire_temp: 0
dcc1: 00	dcc2: 00	
Time: 134922
Current: -0.117950
SOC: 0.838831
total_v: 113.234543	max_v: 4.048200	min_v: 4.038300	avg_v: 4.044091	max-min: 0.009900
C1=4.039500V	C2=4.041150V	C3=4.042650V	C4=4.043550V	C5=4.042350V	C6=4.041300V	C7=4.048200V	C8=4.045650V	C9=4.046700V	C10=4.042950V	C11=4.044000V	C12=4.044600V	C13=4.047150V	C14=4.047900V	C15=4.043250V	C16=4.041750V	C17=4.041900V	C18=4.043250V	C19=4.043550V	C20=4.044750V	C21=4.046400V	C22=4.044000V	C23=4.038300V	C24=4.045200V	C25=4.045500V	C26=4.045650V	C27=4.047150V	C28=4.046250V	
max_temp: 16.733942	min_temp: 13.574427	avg_temp: 14.098845
undervoltage: 0	overvoltage: 0	pec: 0	overtemperature: 0	openwire: 0	openwire_temp: 0
dcc1: 00	dcc2: 00	
Time: 135123
Current: -0.117950
SOC: 0.838831
total_v: 113.235146	max_v: 4.048200	min_v: 4.038300	avg_v: 4.044112	max-min: 0.009900
C1=4.039500V	C2=4.041150V	C3=4.042650V	C4=4.043550V	C5=4.042350V	C6=4.041450V	C7=4.048200V	C8=4.045800V	C9=4.046850V	C10=4.042950V	C11=4.044000V	C12=4.044600V	C13=4.047150V	C14=4.047900V	C15=4.043250V	C16=4.041750V	C17=4.041900V	C18=4.043250V	C19=4.043550V	C20=4.044750V	C21=4.046400V	C22=4.044000V	C23=4.038300V	C24=4.045200V	C25=4.045650V	C26=4.045650V	C27=4.047150V	C28=4.046250V	
max_temp: 16.733942	min_temp: 13.574427	avg_temp: 14.098528
undervoltage: 0	overvoltage: 0	pec: 0	overtemperature: 0	openwire: 0	openwire_temp: 0
dcc1: 00	dcc2: 00	
Time: 135324
Current: -0.117950
SOC: 0.838832
total_v: 113.235153	max_v: 4.048200	min_v: 4.038450	avg_v: 4.044113	max-min: 0.009750
C1=4.039650V	C2=4.041150V	C3=4.042650V	C4=4.043550V	C5=4.042350V	C6=4.041300V	C7=4.048200V	C8=4.045800V	C9=4.046850V	C10=4.042950V	C11=4.044000V	C12=4.044600V	C13=4.047150V	C14=4.048050V	C15=4.043100V	C16=4.041750V	C17=4.041900V	C18=4.043250V	C19=4.043550V	C20=4.044750V	C21=4.046400V	C22=4.044000V	C23=4.038450V	C24=4.045200V	C25=4.045500V	C26=4.045650V	C27=4.047150V	C28=4.046250V	
max_temp: 16.728907	min_temp: 13.574427	avg_temp: 14.098845
undervoltage: 0	overvoltage: 0	pec: 0	overtemperature: 0	openwire: 0	openwire_temp: 0
dcc1: 00	dcc2: 00	
Time: 135525
Current: -0.117950
SOC: 0.838832
total_v: 113.235435	max_v: 4.048200	min_v: 4.038450	avg_v: 4.044123	max-min: 0.009750
C1=4.039500V	C2=4.041150V	C3=4.042650V	C4=4.043550V	C5=4.042350V	C6=4.041450V	C7=4.048200V	C8=4.045800V	C9=4.046850V	C10=4.042950V	C11=4.044000V	C12=4.044600V	C13=4.047150V	C14=4.048050V	C15=4.043250V	C16=4.041900V	C17=4.041900V	C18=4.043100V	C19=4.043550V	C20=4.044750V	C21=4.046400V	C22=4.044000V	C23=4.038450V	C24=4.045200V	C25=4.045650V	C26=4.045650V	C27=4.047150V	C28=4.046250V	
max_temp: 16.733942	min_temp: 13.574427	avg_temp: 14.098843
undervoltage: 0	overvoltage: 0	pec: 0	overtemperature: 0	openwire: 0	openwire_temp: 0
dcc1: 00	dcc2: 00	
Time: 135726
Current: -0.117950
SOC: 0.838832
total_v: 113.235741	max_v: 4.048350	min_v: 4.038450	avg_v: 4.044134	max-min: 0.009900
C1=4.039500V	C2=4.041150V	C3=4.042500V	C4=4.043550V	C5=4.042500V	C6=4.041300V	C7=4.048350V	C8=4.045800V	C9=4.046850V	C10=4.043100V	C11=4.044000V	C12=4.044600V	C13=4.047150V	C14=4.048050V	C15=4.043250V	C16=4.041900V	C17=4.041900V	C18=4.043250V	C19=4.043550V	C20=4.044750V	C21=4.046400V	C22=4.044000V	C23=4.038450V	C24=4.045200V	C25=4.045650V	C26=4.045650V	C27=4.047150V	C28=4.046250V	
max_temp: 16.728907	min_temp: 13.574427	avg_temp: 14.098530
undervoltage: 0	overvoltage: 0	pec: 0	overtemperature: 0	openwire: 0	openwire_temp: 0
dcc1: 00	dcc2: 00	
Time: 135927
Current: -0.216232
SOC: 0.838833
total_v: 113.235153	max_v: 4.048200	min_v: 4.038450	avg_v: 4.044113	max-min: 0.009750
C1=4.039500V	C2=4.041150V	C3=4.042650V	C4=4.043550V	C5=4.042350V	C6=4.041450V	C7=4.048200V	C8=4.045800V	C9=4.046850V	C10=4.043100V	C11=4.044000V	C12=4.044600V	C13=4.047150V	C14=4.047900V	C15=4.043250V	C16=4.041750V	C17=4.041900V	C18=4.043250V	C19=4.043550V	C20=4.044750V	C21=4.046400V	C22=4.044000V	C23=4.038450V	C24=4.045200V	C25=4.045500V	C26=4.045650V	C27=4.047000V	C28=4.046250V	
max_temp: 16.728907	min_temp: 13.569391	avg_temp: 14.098213
undervoltage: 0	overvoltage: 0	pec: 0	overtemperature: 0	openwire: 0	openwire_temp: 0
dcc1: 00	dcc2: 00	
Time: 136128
Current: -0.117950
SOC: 0.838834
total_v: 113.235435	max_v: 4.048350	min_v: 4.038450	avg_v: 4.044123	max-min: 0.009900
C1=4.039650V	C2=4.041150V	C3=4.042650V	C4=4.043550V	C5=4.042350V	C6=4.041300V	C7=4.048350V	C8=4.045800V	C9=4.046850V	C10=4.042950V	C11=4.044000V	C12=4.044600V	C13=4.047150V	C14=4.047900V	C15=4.043250V	C16=4.041750V	C17=4.041900V	C18=4.043250V	C19=4.043700V	C20=4.044750V	C21=4.046550V	C22=4.044000V	C23=4.038450V	C24=4.045200V	C25=4.045500V	C26=4.045650V	C27=4.047000V	C28=4.046250V	
max_temp: 16.728907	min_temp: 13.574427	avg_temp: 14.099159
undervoltage: 0	overvoltage: 0	pec: 0	overtemperature: 0	openwire: 0	openwire_temp: 0
dcc1: 00	dcc2: 00	
Time: 136329
Current: -0.019684
SOC: 0.838834
total_v: 113.235001	max_v: 4.048200	min_v: 4.038300	avg_v: 4.044107	max-min: 0.009900
C1=4.039500V	C2=4.041150V	C3=4.042650V	C4=4.043550V	C5=4.042350V	C6=4.041450V	C7=4.048200V	C8=4.045800V	C9=4.046850V	C10=4.042950V	C11=4.044000V	C12=4.044600V	C13=4.047150V	C14=4.047900V	C15=4.043250V	C16=4.041750V	C17=4.041900V	C18=4.043250V	C19=4.043550V	C20=4.044750V	C21=4.046400V	C22=4.044000V	C23=4.038300V	C24=4.045200V	C25=4.045500V	C26=4.045650V	C27=4.047150V	C28=4.046250V	
max_temp: 16.728907	min_temp: 13.574427	avg_temp: 14.098213
undervoltage: 0	overvoltage: 0	pec: 0	overtemperature: 0	openwire: 0	openwire_temp: 0
dcc1: 00	dcc2: 00	
Time: 136530
Current: -0.019684
SOC: 0.838834
total_v: 113.235146	max_v: 4.048200	min_v: 4.038300	avg_v: 4.044112	max-min: 0.009900
C1=4.039500V	C2=4.041150V	C3=4.042650V	C4=4.043550V	C5=4.042350V	C6=4.041450V	C7=4.048200V	C8=4.045800V	C9=4.046700V	C10=4.042950V	C11=4.044000V	C12=4.044600V	C13=4.047150V	C14=4.048050V	C15=4.043250V	C16=4.041750V	C17=4.041900V	C18=4.043250V	C19=4.043550V	C20=4.044750V	C21=4.046400V	C22=4.044000V	C23=4.038300V	C24=4.045200V	C25=4.045650V	C26=4.045650V	C27=4.047150V	C28=4.046250V	
max_temp: 16.728907	min_temp: 13.574427	avg_temp: 14.099161
undervoltage: 0	overvoltage: 0	pec: 0	overtemperature: 0	openwire: 0	openwire_temp: 0
dcc1: 00	dcc2: 00	
Time: 136731
Current: -0.117950
SOC: 0.838834
total_v: 113.234993	max_v: 4.048200	min_v: 4.038300	avg_v: 4.044107	max-min: 0.009900
C1=4.039650V	C2=4.041150V	C3=4.042650V	C4=4.043550V	C5=4.042500V	C6=4.041300V	C7=4.048200V	C8=4.045800V	C9=4.046850V	C10=4.042950V	C11=4.044000V	C12=4.044600V	C13=4.047150V	C14=4.047900V	C15=4.043250V	C16=4.041900V	C17=4.041900V	C18=4.043250V	C19=4.043550V	C20=4.044600V	C21=4.046400V	C22=4.044000V	C23=4.038300V	C24=4.045200V	C25=4.045500V	C26=4.045650V	C27=4.047000V	C28=4.046250V	
max_temp: 16.728907	min_temp: 13.574427	avg_temp: 14.098846
undervoltage: 0	overvoltage: 0	pec: 0	overtemperature: 0	openwire: 0	openwire_temp: 0
dcc1: 00	dcc2: 00	
Time: 136932
Current: -0.117950
SOC: 0.838835
total_v: 113.235001	max_v: 4.048200	min_v: 4.038300	avg_v: 4.044107	max-min: 0.009900
C1=4.039500V	C2=4.041150V	C3=4.042650V	C4=4.043550V	C5=4.042350V	C6=4.041300V	C7=4.048200V	C8=4.045800V	C9=4.046850V	C10=4.043100V	C11=4.044000V	C12=4.044600V	C13=4.047150V	C14=4.047900V	C15=4.043250V	C16=4.041750V	C17=4.041900V	C18=4.043250V	C19=4.043550V	C20=4.044750V	C21=4.046400V	C22=4.044150V	C23=4.038300V	C24=4.045200V	C25=4.045650V	C26=4.045500V	C27=4.047000V	C28=4.046250V	
max_temp: 16.728907	min_temp: 13.574427	avg_temp: 14.098843
undervoltage: 0	overvoltage: 0	pec: 0	overtemperature: 0	openwire: 0	openwire_temp: 0
dcc1: 00	dcc2: 00	
Time: 137133
Current: -0.117950
SOC: 0.838835
total_v: 113.235153	max_v: 4.048200	min_v: 4.038450	avg_v: 4.044113	max-min: 0.009750
C1=4.039500V	C2=4.041150V	C3=4.042650V	C4=4.043550V	C5=4.042350V	C6=4.041300V	C7=4.048200V	C8=4.045800V	C9=4.046850V	C10=4.042950V	C11=4.044000V	C12=4.044600V	C13=4.047150V	C14=4.047900V	C15=4.043250V	C16=4.041750V	C17=4.041900V	C18=4.043250V	C19=4.043700V	C20=4.044750V	C21=4.046400V	C22=4.044000V	C23=4.038450V	C24=4.045200V	C25=4.045500V	C26=4.045650V	C27=4.047150V	C28=4.046250V	
max_temp: 16.728907	min_temp: 13.574427	avg_temp: 14.098845
undervoltage: 0	overvoltage: 0	pec: 0	overtemperature: 0	openwire: 0	openwire_temp: 0
dcc1: 00	dcc2: 00	
Time: 137334
Current: -0.117950
SOC: 0.838836
total_v: 113.235146	max_v: 4.048200	min_v: 4.038450	avg_v: 4.044112	max-min: 0.009750
C1=4.039500V	C2=4.041150V	C3=4.042650V	C4=4.043550V	C5=4.042500V	C6=4.041300V	C7=4.048200V	C8=4.045800V	C9=4.046850V	C10=4.043100V	C11=4.044000V	C12=4.044600V	C13=4.047150V	C14=4.047900V	C15=4.043250V	C16=4.041750V	C17=4.041900V	C18=4.043250V	C19=4.043550V	C20=4.044750V	C21=4.046400V	C22=4.044000V	C23=4.038450V	C24=4.045200V	C25=4.045650V	C26=4.045650V	C27=4.047000V	C28=4.046100V	
max_temp: 16.728907	min_temp: 13.574427	avg_temp: 14.098846
undervoltage: 0	overvoltage: 0	pec: 0	overtemperature: 0	openwire: 0	openwire_temp: 0
dcc1: 00	dcc2: 00	
Time: 137535
Current: -0.117950
SOC: 0.838836
total_v: 113.235283	max_v: 4.048350	min_v: 4.038300	avg_v: 4.044117	max-min: 0.010050
C1=4.039500V	C2=4.041150V	C3=4.042650V	C4=4.043550V	C5=4.042350V	C6=4.041300V	C7=4.048350V	C8=4.045800V	C9=4.046700V	C10=4.042950V	C11=4.044000V	C12=4.044600V	C13=4.047150V	C14=4.048050V	C15=4.043250V	C16=4.041900V	C17=4.041900V	C18=4.043250V	C19=4.043550V	C20=4.044750V	C21=4.046400V	C22=4.044000V	C23=4.038300V	C24=4.045200V	C25=4.045650V	C26=4.045650V	C27=4.047150V	C28=4.046250V	
max_temp: 16.728907	min_temp: 13.574427	avg_temp: 14.098846
undervoltage: 0	overvoltage: 0	pec: 0	overtemperature: 0	openwire: 0	openwire_temp: 0
dcc1: 00	dcc2: 00	
Time: 137736
Current: -0.117950
SOC: 0.838837
total_v: 113.235146	max_v: 4.048200	min_v: 4.038450	avg_v: 4.044112	max-min: 0.009750
C1=4.039500V	C2=4.041150V	C3=4.042650V	C4=4.043550V	C5=4.042350V	C6=4.041300V	C7=4.048200V	C8=4.045650V	C9=4.046700V	C10=4.042950V	C11=4.044000V	C12=4.044450V	C13=4.047150V	C14=4.048050V	C15=4.043250V	C16=4.041900V	C17=4.042050V	C18=4.043250V	C19=4.043550V	C20=4.044750V	C21=4.046400V	C22=4.044000V	C23=4.038450V	C24=4.045200V	C25=4.045650V	C26=4.045650V	C27=4.047150V	C28=4.046250V	
max_temp: 16.728907	min_temp: 13.574427	avg_temp: 14.098846
undervoltage: 0	overvoltage: 0	pec: 0	overtemperature: 0	openwire: 0	openwire_temp: 0
dcc1: 00	dcc2: 00	
Time: 137937
Current: -0.117950
SOC: 0.838837
total_v: 113.235443	max_v: 4.048200	min_v: 4.038450	avg_v: 4.044123	max-min: 0.009750
C1=4.039500V	C2=4.041150V	C3=4.042650V	C4=4.043550V	C5=4.042350V	C6=4.041300V	C7=4.048200V	C8=4.045800V	C9=4.046850V	C10=4.042950V	C11=4.044150V	C12=4.044600V	C13=4.047150V	C14=4.048050V	C15=4.043250V	C16=4.041900V	C17=4.041900V	C18=4.043250V	C19=4.043550V	C20=4.044750V	C21=4.046400V	C22=4.044000V	C23=4.038450V	C24=4.045200V	C25=4.045500V	C26=4.045650V	C27=4.047150V	C28=4.046250V	
max_temp: 16.728907	min_temp: 13.574427	avg_temp: 14.100105
undervoltage: 0	overvoltage: 0	pec: 0	overtemperature: 0	openwire: 0	openwire_temp: 0
dcc1: 00	dcc2: 00	
Time: 138138
Current: -0.117950
SOC: 0.838838
total_v: 113.235435	max_v: 4.048350	min_v: 4.038450	avg_v: 4.044123	max-min: 0.009900
C1=4.039650V	C2=4.041150V	C3=4.042650V	C4=4.043550V	C5=4.042350V	C6=4.041300V	C7=4.048350V	C8=4.045800V	C9=4.046850V	C10=4.042950V	C11=4.044000V	C12=4.044600V	C13=4.047150V	C14=4.047900V	C15=4.043250V	C16=4.041900V	C17=4.041900V	C18=4.043250V	C19=4.043550V	C20=4.044750V	C21=4.046550V	C22=4.044000V	C23=4.038450V	C24=4.045200V	C25=4.045500V	C26=4.045650V	C27=4.047000V	C28=4.046250V	
max_temp: 16.728907	min_temp: 13.574427	avg_temp: 14.098530
undervoltage: 0	overvoltage: 0	pec: 0	overtemperature: 0	openwire: 0	openwire_temp: 0
dcc1: 00	dcc2: 00	
Time: 138339
Current: -0.216232
SOC: 0.838839
total_v: 113.235451	max_v: 4.048200	min_v: 4.038300	avg_v: 4.044123	max-min: 0.009900
C1=4.039500V	C2=4.041150V	C3=4.042650V	C4=4.043550V	C5=4.042350V	C6=4.041450V	C7=4.048200V	C8=4.045800V	C9=4.046850V	C10=4.042950V	C11=4.044150V	C12=4.044600V	C13=4.047150V	C14=4.048050V	C15=4.043250V	C16=4.041750V	C17=4.041900V	C18=4.043250V	C19=4.043550V	C20=4.044750V	C21=4.046400V	C22=4.044000V	C23=4.038300V	C24=4.045200V	C25=4.045650V	C26=4.045650V	C27=4.047150V	C28=4.046250V	
max_temp: 16.728907	min_temp: 13.574427	avg_temp: 14.098213
undervoltage: 0	overvoltage: 0	pec: 0	overtemperature: 0	openwire: 0	openwire_temp: 0
dcc1: 00	dcc2: 00	
Time: 138540
Current: -0.117950
SOC: 0.838839
total_v: 113.235153	max_v: 4.048200	min_v: 4.038450	avg_v: 4.044113	max-min: 0.009750
C1=4.039500V	C2=4.041150V	C3=4.042650V	C4=4.043550V	C5=4.042350V	C6=4.041300V	C7=4.048200V	C8=4.045800V	C9=4.046850V	C10=4.042950V	C11=4.044000V	C12=4.044600V	C13=4.047150V	C14=4.047900V	C15=4.043250V	C16=4.041900V	C17=4.041900V	C18=4.043250V	C19=4.043550V	C20=4.044750V	C21=4.046400V	C22=4.044000V	C23=4.038450V	C24=4.045200V	C25=4.045500V	C26=4.045650V	C27=4.047150V	C28=4.046250V	
max_temp: 16.728907	min_temp: 13.574427	avg_temp: 14.099161
undervoltage: 0	overvoltage: 0	pec: 0	overtemperature: 0	openwire: 0	openwire_temp: 0
dcc1: 00	dcc2: 00	
Time: 138741
Current: -0.117950
SOC: 0.838840
total_v: 113.235146	max_v: 4.048200	min_v: 4.038450	avg_v: 4.044112	max-min: 0.009750
C1=4.039500V	C2=4.041150V	C3=4.042650V	C4=4.043550V	C5=4.042350V	C6=4.041300V	C7=4.048200V	C8=4.045800V	C9=4.046850V	C10=4.042950V	C11=4.044000V	C12=4.044600V	C13=4.047150V	C14=4.047900V	C15=4.043250V	C16=4.041900V	C17=4.041900V	C18=4.043250V	C19=4.043550V	C20=4.044750V	C21=4.046400V	C22=4.044000V	C23=4.038450V	C24=4.045200V	C25=4.045650V	C26=4.045650V	C27=4.047000V	C28=4.046250V	
max_temp: 16.728907	min_temp: 13.574427	avg_temp: 14.098530
undervoltage: 0	overvoltage: 0	pec: 0	overtemperature: 0	openwire: 0	openwire_temp: 0
dcc1: 00	dcc2: 00	
Time: 138942
Current: -0.117950
SOC: 0.838840
total_v: 113.235298	max_v: 4.048350	min_v: 4.038450	avg_v: 4.044118	max-min: 0.009900
C1=4.039500V	C2=4.041150V	C3=4.042650V	C4=4.043550V	C5=4.042500V	C6=4.041300V	C7=4.048350V	C8=4.045800V	C9=4.046850V	C10=4.043100V	C11=4.044000V	C12=4.044600V	C13=4.047150V	C14=4.047900V	C15=4.043250V	C16=4.041750V	C17=4.041900V	C18=4.043250V	C19=4.043550V	C20=4.044600V	C21=4.046400V	C22=4.044000V	C23=4.038450V	C24=4.045200V	C25=4.045500V	C26=4.045650V	C27=4.047150V	C28=4.046250V	
max_temp: 16.728907	min_temp: 13.574427	avg_temp: 14.098845
undervoltage: 0	overvoltage: 0	pec: 0	overtemperature: 0	openwire: 0	openwire_temp: 0
dcc1: 00	dcc2: 00	
Time: 139143
Current: 0.963089
SOC: 0.838836
total_v: 113.235451	max_v: 4.048200	min_v: 4.038450	avg_v: 4.044123	max-min: 0.009750
C1=4.039500V	C2=4.041150V	C3=4.042650V	C4=4.043550V	C5=4.042350V	C6=4.041450V	C7=4.048200V	C8=4.045800V	C9=4.046850V	C10=4.043100V	C11=4.044000V	C12=4.044600V	C13=4.047150V	C14=4.048050V	C15=4.043250V	C16=4.041750V	C17=4.042050V	C18=4.043250V	C19=4.043550V	C20=4.044600V	C21=4.046400V	C22=4.044150V	C23=4.038450V	C24=4.045200V	C25=4.045500V	C26=4.045650V	C27=4.047000V	C28=4.046250V	
max_temp: 16.733942	min_temp: 13.574427	avg_temp: 14.100105
undervoltage: 0	overvoltage: 0	pec: 0	overtemperature: 0	openwire: 0	openwire_temp: 0
dcc1: 00	dcc2: 00	
Time: 139344
Current: -0.117950
SOC: 0.838837
total_v: 113.235756	max_v: 4.048200	min_v: 4.038450	avg_v: 4.044134	max-min: 0.009750
C1=4.039500V	C2=4.041150V	C3=4.042650V	C4=4.043550V	C5=4.042350V	C6=4.041450V	C7=4.048200V	C8=4.045800V	C9=4.046850V	C10=4.042950V	C11=4.044150V	C12=4.044600V	C13=4.047150V	C14=4.047900V	C15=4.043250V	C16=4.041900V	C17=4.042050V	C18=4.043250V	C19=4.043550V	C20=4.044750V	C21=4.046400V	C22=4.044000V	C23=4.038450V	C24=4.045200V	C25=4.045650V	C26=4.045650V	C27=4.047150V	C28=4.046250V	
max_temp: 16.728907	min_temp: 13.574427	avg_temp: 14.099157
undervoltage: 0	overvoltage: 0	pec: 0	overtemperature: 0	openwire: 0	openwire_temp: 0
dcc1: 00	dcc2: 00	
Time: 139545
Current: -0.117950
SOC: 0.838837
total_v: 113.235283	max_v: 4.048200	min_v: 4.038300	avg_v: 4.044117	max-min: 0.009900
C1=4.039650V	C2=4.041000V	C3=4.042650V	C4=4.043550V	C5=4.042350V	C6=4.041300V	C7=4.048200V	C8=4.045800V	C9=4.046850V	C10=4.042950V	C11=4.044000V	C12=4.044600V	C13=4.047150V	C14=4.048050V	C15=4.043250V	C16=4.041900V	C17=4.041900V	C18=4.043250V	C19=4.043550V	C20=4.044750V	C21=4.046400V	C22=4.044000V	C23=4.038300V	C24=4.045200V	C25=4.045650V	C26=4.045650V	C27=4.047150V	C28=4.046250V	
max_temp: 16.733942	min_temp: 13.574427	avg_temp: 14.099157
undervoltage: 0	overvoltage: 0	pec: 0	overtemperature: 0	openwire: 0	openwire_temp: 0
dcc1: 00	dcc2: 00	
Time: 139746
Current: -0.216232
SOC: 0.838838
total_v: 113.235153	max_v: 4.048200	min_v: 4.038450	avg_v: 4.044113	max-min: 0.009750
C1=4.039650V	C2=4.041150V	C3=4.042650V	C4=4.043550V	C5=4.042350V	C6=4.041300V	C7=4.048200V	C8=4.045800V	C9=4.046850V	C10=4.042950V	C11=4.044000V	C12=4.044600V	C13=4.047150V	C14=4.047900V	C15=4.043250V	C16=4.041750V	C17=4.041900V	C18=4.043250V	C19=4.043550V	C20=4.044750V	C21=4.046400V	C22=4.044000V	C23=4.038450V	C24=4.045200V	C25=4.045500V	C26=4.045650V	C27=4.047150V	C28=4.046250V	
max_temp: 16.728907	min_temp: 13.574427	avg_temp: 14.099159
undervoltage: 0	overvoltage: 0	pec: 0	overtemperature: 0	openwire: 0	openwire_temp: 0
dcc1: 00	dcc2: 00	
Time: 139947
Current: -0.117950
SOC: 0.838838
total_v: 113.235146	max_v: 4.048200	min_v: 4.038450	avg_v: 4.044112	max-min: 0.009750
C1=4.039650V	C2=4.041150V	C3=4.042650V	C4=4.043700V	C5=4.042500V	C6=4.041300V	C7=4.048200V	C8=4.045800V	C9=4.046700V	C10=4.042950V	C11=4.044150V	C12=4.044600V	C13=4.047150V	C14=4.047900V	C15=4.043250V	C16=4.041750V	C17=4.041900V	C18=4.043100V	C19=4.043550V	C20=4.044750V	C21=4.046400V	C22=4.044000V	C23=4.038450V	C24=4.045200V	C25=4.045650V	C26=4.045650V	C27=4.047000V	C28=4.046100V	
max_temp: 16.728907	min_temp: 13.574427	avg_temp: 14.099161
undervoltage: 0	overvoltage: 0	pec: 0	overtemperature: 0	openwire: 0	openwire_temp: 0
dcc1: 00	dcc2: 00	
Time: 140148
Current: -0.216232
SOC: 0.838839
total_v: 113.235306	max_v: 4.048200	min_v: 4.038450	avg_v: 4.044118	max-min: 0.009750
C1=4.039650V	C2=4.041150V	C3=4.042650V	C4=4.043550V	C5=4.042350V	C6=4.041450V	C7=4.048200V	C8=4.045800V	C9=4.046850V	C10=4.042950V	C11=4.044150V	C12=4.044600V	C13=4.047150V	C14=4.048050V	C15=4.043250V	C16=4.041750V	C17=4.041900V	C18=4.043100V	C19=4.043550V	C20=4.044750V	C21=4.046400V	C22=4.044000V	C23=4.038450V	C24=4.045200V	C25=4.045500V	C26=4.045650V	C27=4.047000V	C28=4.046250V	
max_temp: 16.728907	min_temp: 13.574427	avg_temp: 14.098845
undervoltage: 0	overvoltage: 0	pec: 0	overtemperature: 0	openwire: 0	openwire_temp: 0
dcc1: 00	dcc2: 00	
Time: 140349
Current: 0.078598
SOC: 0.838839
total_v: 113.234993	max_v: 4.048200	min_v: 4.038300	avg_v: 4.044107	max-min: 0.009900
C1=4.039500V	C2=4.041150V	C3=4.042650V	C4=4.043550V	C5=4.042350V	C6=4.041300V	C7=4.048200V	C8=4.045800V	C9=4.046850V	C10=4.042950V	C11=4.044000V	C12=4.044600V	C13=4.047150V	C14=4.048050V	C15=4.043250V	C16=4.041750V	C17=4.041900V	C18=4.043250V	C19=4.043550V	C20=4.044750V	C21=4.046400V	C22=4.044000V	C23=4.038300V	C24=4.045200V	C25=4.045650V	C26=4.045650V	C27=4.047000V	C28=4.046250V	
max_temp: 16.728907	min_temp: 13.574427	avg_temp: 14.098843
undervoltage: 0	overvoltage: 0	pec: 0	overtemperature: 0	openwire: 0	openwire_temp: 0
dcc1: 00	dcc2: 00	
Time: 140550
Current: -0.117950
SOC: 0.838840
total_v: 113.235283	max_v: 4.048200	min_v: 4.038300	avg_v: 4.044117	max-min: 0.009900
C1=4.039500V	C2=4.041150V	C3=4.042650V	C4=4.043550V	C5=4.042350V	C6=4.041300V	C7=4.048200V	C8=4.045800V	C9=4.046850V	C10=4.042950V	C11=4.044000V	C12=4.044600V	C13=4.047150V	C14=4.048050V	C15=4.043250V	C16=4.041900V	C17=4.041900V	C18=4.043250V	C19=4.043550V	C20=4.044750V	C21=4.046400V	C22=4.044000V	C23=4.038300V	C24=4.045200V	C25=4.045650V	C26=4.045650V	C27=4.047150V	C28=4.046250V	
max_temp: 16.728907	min_temp: 13.574427	avg_temp: 14.099476
undervoltage: 0	overvoltage: 0	pec: 0	overtemperature: 0	openwire: 0	openwire_temp: 0
dcc1: 00	dcc2: 00	
Time: 140751
Current: -0.117950
SOC: 0.838840
total_v: 113.235291	max_v: 4.048200	min_v: 4.038450	avg_v: 4.044117	max-min: 0.009750
C1=4.039500V	C2=4.041150V	C3=4.042650V	C4=4.043550V	C5=4.042350V	C6=4.041300V	C7=4.048200V	C8=4.045800V	C9=4.046850V	C10=4.043100V	C11=4.044000V	C12=4.044600V	C13=4.047150V	C14=4.048050V	C15=4.043250V	C16=4.041750V	C17=4.041900V	C18=4.043250V	C19=4.043550V	C20=4.044750V	C21=4.046400V	C22=4.044000V	C23=4.038450V	C24=4.045200V	C25=4.045500V	C26=4.045650V	C27=4.047150V	C28=4.046250V	
max_temp: 16.728907	min_temp: 13.574427	avg_temp: 14.099476
undervoltage: 0	overvoltage: 0	pec: 0	overtemperature: 0	openwire: 0	openwire_temp: 0
dcc1: 00	dcc2: 00	
Time: 140952
Current: -0.117950
SOC: 0.838840
total_v: 113.234840	max_v: 4.048200	min_v: 4.038450	avg_v: 4.044101	max-min: 0.009750
C1=4.039500V	C2=4.041150V	C3=4.042650V	C4=4.043550V	C5=4.042350V	C6=4.041300V	C7=4.048200V	C8=4.045650V	C9=4.046850V	C10=4.042950V	C11=4.044000V	C12=4.044600V	C13=4.047150V	C14=4.047900V	C15=4.043250V	C16=4.041900V	C17=4.041900V	C18=4.043100V	C19=4.043550V	C20=4.044750V	C21=4.046400V	C22=4.044000V	C23=4.038450V	C24=4.045200V	C25=4.045650V	C26=4.045650V	C27=4.047000V	C28=4.046250V	
max_temp: 16.728907	min_temp: 13.574427	avg_temp: 14.099476
undervoltage: 0	overvoltage: 0	pec: 0	overtemperature: 0	openwire: 0	openwire_temp: 0
dcc1: 00	dcc2: 00	
Time: 141153
Current: -0.117950
SOC: 0.838841
total_v: 113.235748	max_v: 4.048350	min_v: 4.038300	avg_v: 4.044134	max-min: 0.010050
C1=4.039650V	C2=4.041150V	C3=4.042650V	C4=4.043550V	C5=4.042500V	C6=4.041450V	C7=4.048350V	C8=4.045800V	C9=4.046850V	C10=4.043100V	C11=4.044150V	C12=4.044600V	C13=4.047150V	C14=4.047900V	C15=4.043250V	C16=4.041900V	C17=4.041900V	C18=4.043100V	C19=4.043550V	C20=4.044750V	C21=4.046400V	C22=4.044150V	C23=4.038300V	C24=4.045200V	C25=4.045500V	C26=4.045650V	C27=4.047000V	C28=4.046250V	
max_temp: 16.728907	min_temp: 13.574427	avg_temp: 14.099161
undervoltage: 0	overvoltage: 0	pec: 0	overtemperature: 0	openwire: 0	openwire_temp: 0
dcc1: 00	dcc2: 00	
Time: 141354
Current: -0.117950
SOC: 0.838841
total_v: 113.235443	max_v: 4.048200	min_v: 4.038450	avg_v: 4.044123	max-min: 0.009750
C1=4.039500V	C2=4.041150V	C3=4.042650V	C4=4.043550V	C5=4.042350V	C6=4.041450V	C7=4.048200V	C8=4.045800V	C9=4.046850V	C10=4.042950V	C11=4.044150V	C12=4.044600V	C13=4.047150V	C14=4.048050V	C15=4.043250V	C16=4.041750V	C17=4.041900V	C18=4.043100V	C19=4.043550V	C20=4.044750V	C21=4.046550V	C22=4.044000V	C23=4.038450V	C24=4.045200V	C25=4.045650V	C26=4.045650V	C27=4.047150V	C28=4.046100V	
max_temp: 16.728907	min_temp: 13.574427	avg_temp: 14.099161
undervoltage: 0	overvoltage: 0	pec: 0	overtemperature: 0	openwire: 0	openwire_temp: 0
dcc1: 00	dcc2: 00	
Time: 141555
Current: -0.216232
SOC: 0.838842
total_v: 113.235130	max_v: 4.048200	min_v: 4.038300	avg_v: 4.044112	max-min: 0.009900
C1=4.039650V	C2=4.041000V	C3=4.042650V	C4=4.043550V	C5=4.042350V	C6=4.041300V	C7=4.048200V	C8=4.045800V	C9=4.046850V	C10=4.042950V	C11=4.044000V	C12=4.044600V	C13=4.047150V	C14=4.048050V	C15=4.043250V	C16=4.041900V	C17=4.041900V	C18=4.043250V	C19=4.043550V	C20=4.044750V	C21=4.046400V	C22=4.044000V	C23=4.038300V	C24=4.045200V	C25=4.045650V	C26=4.045650V	C27=4.047000V	C28=4.046250V	
max_temp: 16.723902	min_temp: 13.574427	avg_temp: 14.098217
undervoltage: 0	overvoltage: 0	pec: 0	overtemperature: 0	openwire: 0	openwire_temp: 0
dcc1: 00	dcc2: 00	
Time: 141756
Current: -0.117950
SOC: 0.838843
total_v: 113.235748	max_v: 4.048200	min_v: 4.038300	avg_v: 4.044134	max-min: 0.009900
C1=4.039500V	C2=4.041150V	C3=4.042650V	C4=4.043700V	C5=4.042500V	C6=4.041450V	C7=4.048200V	C8=4.045800V	C9=4.046850V	C10=4.043100V	C11=4.044000V	C12=4.044600V	C13=4.047150V	C14=4.048050V	C15=4.043250V	C16=4.041900V	C17=4.041900V	C18=4.043250V	C19=4.043550V	C20=4.044750V	C21=4.046400V	C22=4.044000V	C23=4.038300V	C24=4.045200V	C25=4.045500V	C26=4.045650V	C27=4.047150V	C28=4.046250V	
max_temp: 16.723902	min_temp: 13.574427	avg_temp: 14.098848
undervoltage: 0	overvoltage: 0	pec: 0	overtemperature: 0	openwire: 0	openwire_temp: 0
dcc1: 00	dcc2: 00	
Time: 141957
Current: -0.117950
SOC: 0.838843
total_v: 113.235580	max_v: 4.048200	min_v: 4.038450	avg_v: 4.044128	max-min: 0.009750
C1=4.039500V	C2=4.041150V	C3=4.042650V	C4=4.043700V	C5=4.042500V	C6=4.041450V	C7=4.048200V	C8=4.045650V	C9=4.046700V	C10=4.043100V	C11=4.044000V	C12=4.044600V	C13=4.047150V	C14=4.047900V	C15=4.043250V	C16=4.041750V	C17=4.041900V	C18=4.043250V	C19=4.043550V	C20=4.044750V	C21=4.046550V	C22=4.044150V	C23=4.038450V	C24=4.045200V	C25=4.045650V	C26=4.045650V	C27=4.047000V	C28=4.046250V	
max_temp: 16.723902	min_temp: 13.574427	avg_temp: 14.098530
undervoltage: 0	overvoltage: 0	pec: 0	overtemperature: 0	openwire: 0	openwire_temp: 0
dcc1: 00	dcc2: 00	
Time: 142158
Current: -0.117950
SOC: 0.838844
total_v: 113.235153	max_v: 4.048350	min_v: 4.038450	avg_v: 4.044113	max-min: 0.009900
C1=4.039500V	C2=4.041150V	C3=4.042650V	C4=4.043550V	C5=4.042350V	C6=4.041300V	C7=4.048350V	C8=4.045800V	C9=4.046850V	C10=4.042950V	C11=4.044000V	C12=4.044600V	C13=4.047150V	C14=4.047900V	C15=4.043250V	C16=4.041900V	C17=4.041900V	C18=4.043250V	C19=4.043550V	C20=4.044750V	C21=4.046400V	C22=4.044000V	C23=4.038450V	C24=4.045200V	C25=4.045500V	C26=4.045650V	C27=4.047000V	C28=4.046250V	
max_temp: 16.728907	min_temp: 13.574427	avg_temp: 14.099161
undervoltage: 0	overvoltage: 0	pec: 0	overtemperature: 0	openwire: 0	openwire_temp: 0
dcc1: 00	dcc2: 00	
Time: 142359
Current: -0.216232
SOC: 0.838845
