total_v: 113.265434	max_v: 4.048650	min_v: 4.038900	avg_v: 4.045194	max-min: 0.009750
C1=4.041300V	C2=4.042800V	C3=4.044300V	C4=4.045200V	C5=4.044000V	C6=4.042950V	C7=4.048650V	C8=4.046250V	C9=4.047300V	C10=4.043550V	C11=4.044600V	C12=4.045050V	C13=4.047600V	C14=4.048350V	C15=4.045200V	C16=4.043850V	C17=4.044000V	C18=4.045350V	C19=4.045650V	C20=4.046700V	C21=4.047000V	C22=4.044600V	C23=4.038900V	C24=4.045650V	C25=4.046100V	C26=4.046250V	C27=4.047600V	C28=4.046700V	
max_temp: 15.819208	min_temp: 13.160669	avg_temp: 13.630505
undervoltage: 0	overvoltage: 0	pec: 0	overtemperature: 0	openwire: 0	openwire_temp: 0
dcc1: 00	dcc2: 00	
Time: 1246
Current: -0.137604
SOC: 0.844499
total_v: 113.265434	max_v: 4.048650	min_v: 4.038900	avg_v: 4.045194	max-min: 0.009750
C1=4.041150V	C2=4.042800V	C3=4.044300V	C4=4.045200V	C5=4.044150V	C6=4.042950V	C7=4.048650V	C8=4.046250V	C9=4.047300V	C10=4.043550V	C11=4.044450V	C12=4.045050V	C13=4.047600V	C14=4.048350V	C15=4.045200V	C16=4.043850V	C17=4.044000V	C18=4.045350V	C19=4.045650V	C20=4.046700V	C21=4.047000V	C22=4.044600V	C23=4.038900V	C24=4.045800V	C25=4.046100V	C26=4.046250V	C27=4.047600V	C28=4.046700V	
max_temp: 15.819208	min_temp: 13.165705	avg_temp: 13.631136
undervoltage: 0	overvoltage: 0	pec: 0	overtemperature: 0	openwire: 0	openwire_temp: 0
dcc1: 00	dcc2: 00	
Time: 1447
Current: 0.058945
SOC: 0.844499
total_v: 113.266037	max_v: 4.048650	min_v: 4.039050	avg_v: 4.045216	max-min: 0.009600
C1=4.041300V	C2=4.042800V	C3=4.044300V	C4=4.045200V	C5=4.044000V	C6=4.043100V	C7=4.048650V	C8=4.046250V	C9=4.047300V	C10=4.043550V	C11=4.044600V	C12=4.045050V	C13=4.047600V	C14=4.048500V	C15=4.045200V	C16=4.043850V	C17=4.044000V	C18=4.045350V	C19=4.045650V	C20=4.046700V	C21=4.047000V	C22=4.044600V	C23=4.039050V	C24=4.045800V	C25=4.046100V	C26=4.046250V	C27=4.047600V	C28=4.046700V	
max_temp: 15.819208	min_temp: 13.165705	avg_temp: 13.632082
undervoltage: 0	overvoltage: 0	pec: 0	overtemperature: 0	openwire: 0	openwire_temp: 0
dcc1: 00	dcc2: 00	
Time: 1648
Current: -0.137604
SOC: 0.844500
total_v: 113.265587	max_v: 4.048650	min_v: 4.038900	avg_v: 4.045199	max-min: 0.009750
C1=4.041300V	C2=4.042800V	C3=4.044300V	C4=4.045200V	C5=4.044150V	C6=4.043100V	C7=4.048650V	C8=4.046250V	C9=4.047300V	C10=4.043550V	C11=4.044450V	C12=4.045050V	C13=4.047600V	C14=4.048500V	C15=4.045200V	C16=4.043850V	C17=4.044000V	C18=4.045200V	C19=4.045500V	C20=4.046700V	C21=4.047000V	C22=4.044600V	C23=4.038900V	C24=4.045800V	C25=4.046100V	C26=4.046250V	C27=4.047600V	C28=4.046700V	
max_temp: 15.819208	min_temp: 13.165705	avg_temp: 13.632711
undervoltage: 0	overvoltage: 0	pec: 0	overtemperature: 0	openwire: 0	openwire_temp: 0
dcc1: 00	dcc2: 00	
Time: 1849
Current: -0.039322
SOC: 0.844500
total_v: 113.265884	max_v: 4.048650	min_v: 4.039050	avg_v: 4.045210	max-min: 0.009600
C1=4.041300V	C2=4.042800V	C3=4.044300V	C4=4.045200V	C5=4.044000V	C6=4.043100V	C7=4.048650V	C8=4.046250V	C9=4.047300V	C10=4.043550V	C11=4.044600V	C12=4.045050V	C13=4.047600V	C14=4.048500V	C15=4.045200V	C16=4.043850V	C17=4.044000V	C18=4.045350V	C19=4.045650V	C20=4.046700V	C21=4.047000V	C22=4.044600V	C23=4.039050V	C24=4.045650V	C25=4.046100V	C26=4.046250V	C27=4.047600V	C28=4.046700V	
max_temp: 15.819208	min_temp: 13.170771	avg_temp: 13.633657
undervoltage: 0	overvoltage: 0	pec: 0	overtemperature: 0	openwire: 0	openwire_temp: 0
dcc1: 00	dcc2: 00	
Time: 2050
Current: 0.353775
SOC: 0.844499
total_v: 113.265884	max_v: 4.048650	min_v: 4.039050	avg_v: 4.045210	max-min: 0.009600
C1=4.041300V	C2=4.042800V	C3=4.044300V	C4=4.045200V	C5=4.044000V	C6=4.043100V	C7=4.048650V	C8=4.046250V	C9=4.047300V	C10=4.043550V	C11=4.044600V	C12=4.045050V	C13=4.047600V	C14=4.048500V	C15=4.045200V	C16=4.043850V	C17=4.044000V	C18=4.045350V	C19=4.045650V	C20=4.046700V	C21=4.047000V	C22=4.044600V	C23=4.039050V	C24=4.045650V	C25=4.046100V	C26=4.046250V	C27=4.047600V	C28=4.046700V	
max_temp: 15.819208	min_temp: 13.165705	avg_temp: 13.633972
undervoltage: 0	overvoltage: 0	pec: 0	overtemperature: 0	openwire: 0	openwire_temp: 0
dcc1: 00	dcc2: 00	
Time: 2251
Current: -0.137604
SOC: 0.844499
total_v: 113.265282	max_v: 4.048650	min_v: 4.038900	avg_v: 4.045188	max-min: 0.009750
C1=4.041300V	C2=4.042800V	C3=4.044300V	C4=4.045200V	C5=4.044000V	C6=4.043100V	C7=4.048650V	C8=4.046250V	C9=4.047300V	C10=4.043400V	C11=4.044450V	C12=4.045050V	C13=4.047600V	C14=4.048500V	C15=4.045200V	C16=4.043850V	C17=4.044000V	C18=4.045200V	C19=4.045650V	C20=4.046700V	C21=4.047000V	C22=4.044600V	C23=4.038900V	C24=4.045650V	C25=4.046100V	C26=4.046250V	C27=4.047600V	C28=4.046700V	
max_temp: 15.824244	min_temp: 13.165705	avg_temp: 13.635233
undervoltage: 0	overvoltage: 0	pec: 0	overtemperature: 0	openwire: 0	openwire_temp: 0
dcc1: 00	dcc2: 00	
Time: 2452
Current: 0.157227
SOC: 0.844498
total_v: 113.265579	max_v: 4.048650	min_v: 4.039050	avg_v: 4.045199	max-min: 0.009600
C1=4.041150V	C2=4.042800V	C3=4.044300V	C4=4.045200V	C5=4.044000V	C6=4.043100V	C7=4.048650V	C8=4.046250V	C9=4.047300V	C10=4.043550V	C11=4.044450V	C12=4.045050V	C13=4.047600V	C14=4.048350V	C15=4.045200V	C16=4.044000V	C17=4.044000V	C18=4.045200V	C19=4.045650V	C20=4.046700V	C21=4.047000V	C22=4.044600V	C23=4.039050V	C24=4.045800V	C25=4.046100V	C26=4.046250V	C27=4.047600V	C28=4.046700V	
max_temp: 15.824244	min_temp: 13.165705	avg_temp: 13.634918
undervoltage: 0	overvoltage: 0	pec: 0	overtemperature: 0	openwire: 0	openwire_temp: 0
dcc1: 00	dcc2: 00	
Time: 2653
Current: -0.137604
SOC: 0.844499
total_v: 113.265739	max_v: 4.048650	min_v: 4.038900	avg_v: 4.045205	max-min: 0.009750
C1=4.041300V	C2=4.042800V	C3=4.044300V	C4=4.045200V	C5=4.044000V	C6=4.043100V	C7=4.048650V	C8=4.046250V	C9=4.047300V	C10=4.043550V	C11=4.044600V	C12=4.045050V	C13=4.047600V	C14=4.048350V	C15=4.045200V	C16=4.043850V	C17=4.044000V	C18=4.045350V	C19=4.045650V	C20=4.046700V	C21=4.047000V	C22=4.044600V	C23=4.038900V	C24=4.045800V	C25=4.046100V	C26=4.046250V	C27=4.047600V	C28=4.046700V	
max_temp: 15.824244	min_temp: 13.165705	avg_temp: 13.635548
undervoltage: 0	overvoltage: 0	pec: 0	overtemperature: 0	openwire: 0	openwire_temp: 0
dcc1: 00	dcc2: 00	
Time: 2854
Current: -0.137604
SOC: 0.844500
total_v: 113.265579	max_v: 4.048650	min_v: 4.039050	avg_v: 4.045199	max-min: 0.009600
C1=4.041150V	C2=4.042800V	C3=4.044300V	C4=4.045350V	C5=4.044000V	C6=4.043100V	C7=4.048650V	C8=4.046250V	C9=4.047150V	C10=4.043550V	C11=4.044450V	C12=4.045050V	C13=4.047600V	C14=4.048350V	C15=4.045200V	C16=4.043850V	C17=4.044000V	C18=4.045350V	C19=4.045650V	C20=4.046700V	C21=4.047000V	C22=4.044600V	C23=4.039050V	C24=4.045800V	C25=4.046100V	C26=4.046250V	C27=4.047600V	C28=4.046700V	
max_temp: 15.824244	min_temp: 13.170771	avg_temp: 13.636806
undervoltage: 0	overvoltage: 0	pec: 0	overtemperature: 0	openwire: 0	openwire_temp: 0
dcc1: 00	dcc2: 00	
Time: 3055
Current: -0.039322
SOC: 0.844500
total_v: 113.265739	max_v: 4.048650	min_v: 4.038900	avg_v: 4.045205	max-min: 0.009750
C1=4.041300V	C2=4.042800V	C3=4.044300V	C4=4.045200V	C5=4.044150V	C6=4.043100V	C7=4.048650V	C8=4.046250V	C9=4.047300V	C10=4.043550V	C11=4.044450V	C12=4.045050V	C13=4.047600V	C14=4.048500V	C15=4.045200V	C16=4.043850V	C17=4.044000V	C18=4.045350V	C19=4.045500V	C20=4.046700V	C21=4.047000V	C22=4.044600V	C23=4.038900V	C24=4.045800V	C25=4.046100V	C26=4.046250V	C27=4.047600V	C28=4.046700V	
max_temp: 15.829279	min_temp: 13.170771	avg_temp: 13.636492
undervoltage: 0	overvoltage: 0	pec: 0	overtemperature: 0	openwire: 0	openwire_temp: 0
dcc1: 00	dcc2: 00	
Time: 3256
Current: -0.039322
SOC: 0.844500
total_v: 113.265739	max_v: 4.048650	min_v: 4.038900	avg_v: 4.045205	max-min: 0.009750
C1=4.041300V	C2=4.042800V	C3=4.044300V	C4=4.045200V	C5=4.044150V	C6=4.043100V	C7=4.048650V	C8=4.046250V	C9=4.047300V	C10=4.043550V	C11=4.044600V	C12=4.045050V	C13=4.047600V	C14=4.048500V	C15=4.045200V	C16=4.043850V	C17=4.044000V	C18=4.045200V	C19=4.045500V	C20=4.046700V	C21=4.047000V	C22=4.044600V	C23=4.038900V	C24=4.045800V	C25=4.046100V	C26=4.046250V	C27=4.047600V	C28=4.046700V	
max_temp: 15.824244	min_temp: 13.170771	avg_temp: 13.637123
undervoltage: 0	overvoltage: 0	pec: 0	overtemperature: 0	openwire: 0	openwire_temp: 0
dcc1: 00	dcc2: 00	
Time: 3457
Current: -0.039322
SOC: 0.844500
total_v: 113.265587	max_v: 4.048800	min_v: 4.038900	avg_v: 4.045199	max-min: 0.009900
C1=4.041300V	C2=4.042800V	C3=4.044300V	C4=4.045200V	C5=4.044150V	C6=4.042950V	C7=4.048800V	C8=4.046250V	C9=4.047300V	C10=4.043550V	C11=4.044450V	C12=4.045050V	C13=4.047600V	C14=4.048350V	C15=4.045200V	C16=4.043850V	C17=4.044000V	C18=4.045200V	C19=4.045650V	C20=4.046700V	C21=4.047000V	C22=4.044600V	C23=4.038900V	C24=4.045800V	C25=4.046100V	C26=4.046250V	C27=4.047600V	C28=4.046700V	
max_temp: 15.829279	min_temp: 13.170771	avg_temp: 13.638067
undervoltage: 0	overvoltage: 0	pec: 0	overtemperature: 0	openwire: 0	openwire_temp: 0
dcc1: 00	dcc2: 00	
Time: 3658
Current: -0.039322
SOC: 0.844500
total_v: 113.265732	max_v: 4.048650	min_v: 4.039050	avg_v: 4.045205	max-min: 0.009600
C1=4.041300V	C2=4.042800V	C3=4.044300V	C4=4.045200V	C5=4.044000V	C6=4.043100V	C7=4.048650V	C8=4.046250V	C9=4.047300V	C10=4.043550V	C11=4.044600V	C12=4.045050V	C13=4.047600V	C14=4.048350V	C15=4.045200V	C16=4.043850V	C17=4.044000V	C18=4.045200V	C19=4.045650V	C20=4.046700V	C21=4.047000V	C22=4.044600V	C23=4.039050V	C24=4.045800V	C25=4.046100V	C26=4.046250V	C27=4.047600V	C28=4.046700V	
max_temp: 15.829279	min_temp: 13.170771	avg_temp: 13.637753
undervoltage: 0	overvoltage: 0	pec: 0	overtemperature: 0	openwire: 0	openwire_temp: 0
dcc1: 00	dcc2: 00	
Time: 3859
Current: -0.137604
SOC: 0.844501
total_v: 113.265884	max_v: 4.048650	min_v: 4.039050	avg_v: 4.045210	max-min: 0.009600
C1=4.041150V	C2=4.042800V	C3=4.044300V	C4=4.045200V	C5=4.044150V	C6=4.043100V	C7=4.048650V	C8=4.046250V	C9=4.047300V	C10=4.043550V	C11=4.044600V	C12=4.045050V	C13=4.047600V	C14=4.048500V	C15=4.045200V	C16=4.043850V	C17=4.044000V	C18=4.045350V	C19=4.045650V	C20=4.046700V	C21=4.047000V	C22=4.044600V	C23=4.039050V	C24=4.045800V	C25=4.046100V	C26=4.046100V	C27=4.047600V	C28=4.046700V	
max_temp: 15.829279	min_temp: 13.170771	avg_temp: 13.638067
undervoltage: 0	overvoltage: 0	pec: 0	overtemperature: 0	openwire: 0	openwire_temp: 0
dcc1: 00	dcc2: 00	
Time: 4060
Current: -0.039322
SOC: 0.844501
total_v: 113.265732	max_v: 4.048650	min_v: 4.039050	avg_v: 4.045205	max-min: 0.009600
C1=4.041150V	C2=4.042800V	C3=4.044300V	C4=4.045200V	C5=4.044000V	C6=4.042950V	C7=4.048650V	C8=4.046250V	C9=4.047300V	C10=4.043550V	C11=4.044450V	C12=4.045050V	C13=4.047600V	C14=4.048500V	C15=4.045200V	C16=4.043850V	C17=4.044000V	C18=4.045350V	C19=4.045650V	C20=4.046850V	C21=4.047000V	C22=4.044600V	C23=4.039050V	C24=4.045800V	C25=4.046100V	C26=4.046250V	C27=4.047600V	C28=4.046700V	
max_temp: 15.829279	min_temp: 13.170771	avg_temp: 13.638382
undervoltage: 0	overvoltage: 0	pec: 0	overtemperature: 0	openwire: 0	openwire_temp: 0
dcc1: 00	dcc2: 00	
Time: 4261
Current: -0.039322
SOC: 0.844501
total_v: 113.265579	max_v: 4.048650	min_v: 4.039050	avg_v: 4.045199	max-min: 0.009600
C1=4.041300V	C2=4.042800V	C3=4.044300V	C4=4.045200V	C5=4.044150V	C6=4.043100V	C7=4.048650V	C8=4.046250V	C9=4.047300V	C10=4.043550V	C11=4.044450V	C12=4.045050V	C13=4.047600V	C14=4.048350V	C15=4.045200V	C16=4.043850V	C17=4.044000V	C18=4.045200V	C19=4.045650V	C20=4.046700V	C21=4.047000V	C22=4.044600V	C23=4.039050V	C24=4.045800V	C25=4.046100V	C26=4.046100V	C27=4.047600V	C28=4.046700V	
max_temp: 15.829279	min_temp: 13.170771	avg_temp: 13.638697
undervoltage: 0	overvoltage: 0	pec: 0	overtemperature: 0	openwire: 0	openwire_temp: 0
dcc1: 00	dcc2: 00	
Time: 4462
Current: -0.039322
SOC: 0.844501
total_v: 113.265434	max_v: 4.048650	min_v: 4.039050	avg_v: 4.045194	max-min: 0.009600
C1=4.041300V	C2=4.042800V	C3=4.044300V	C4=4.045350V	C5=4.044000V	C6=4.043100V	C7=4.048650V	C8=4.046250V	C9=4.047300V	C10=4.043550V	C11=4.044450V	C12=4.045050V	C13=4.047600V	C14=4.048500V	C15=4.045200V	C16=4.043850V	C17=4.044000V	C18=4.045200V	C19=4.045500V	C20=4.046700V	C21=4.047000V	C22=4.044600V	C23=4.039050V	C24=4.045650V	C25=4.046100V	C26=4.046100V	C27=4.047600V	C28=4.046700V	
max_temp: 15.829279	min_temp: 13.170771	avg_temp: 13.638697
undervoltage: 0	overvoltage: 0	pec: 0	overtemperature: 0	openwire: 0	openwire_temp: 0
dcc1: 00	dcc2: 00	
Time: 4663
Current: -0.039322
SOC: 0.844502
total_v: 113.265587	max_v: 4.048650	min_v: 4.038900	avg_v: 4.045199	max-min: 0.009750
C1=4.041300V	C2=4.042800V	C3=4.044300V	C4=4.045200V	C5=4.044150V	C6=4.043100V	C7=4.048650V	C8=4.046250V	C9=4.047300V	C10=4.043550V	C11=4.044450V	C12=4.045050V	C13=4.047600V	C14=4.048500V	C15=4.045200V	C16=4.043850V	C17=4.044000V	C18=4.045200V	C19=4.045500V	C20=4.046700V	C21=4.047000V	C22=4.044600V	C23=4.038900V	C24=4.045800V	C25=4.046100V	C26=4.046250V	C27=4.047600V	C28=4.046700V	
max_temp: 15.829279	min_temp: 13.170771	avg_temp: 13.639957
undervoltage: 0	overvoltage: 0	pec: 0	overtemperature: 0	openwire: 0	openwire_temp: 0
dcc1: 00	dcc2: 00	
Time: 4864
Current: -0.137604
SOC: 0.844502
total_v: 113.265289	max_v: 4.048650	min_v: 4.038900	avg_v: 4.045189	max-min: 0.009750
C1=4.041300V	C2=4.042800V	C3=4.044150V	C4=4.045350V	C5=4.044150V	C6=4.042950V	C7=4.048650V	C8=4.046250V	C9=4.047300V	C10=4.043550V	C11=4.044450V	C12=4.045050V	C13=4.047600V	C14=4.048350V	C15=4.045200V	C16=4.043850V	C17=4.044000V	C18=4.045200V	C19=4.045500V	C20=4.046700V	C21=4.047000V	C22=4.044600V	C23=4.038900V	C24=4.045800V	C25=4.046100V	C26=4.046250V	C27=4.047600V	C28=4.046700V	
max_temp: 15.834284	min_temp: 13.170771	avg_temp: 13.638695
undervoltage: 0	overvoltage: 0	pec: 0	overtemperature: 0	openwire: 0	openwire_temp: 0
dcc1: 00	dcc2: 00	
Time: 5065
Current: -0.039322
SOC: 0.844502
total_v: 113.265724	max_v: 4.048650	min_v: 4.039050	avg_v: 4.045205	max-min: 0.009600
C1=4.041300V	C2=4.042800V	C3=4.044300V	C4=4.045200V	C5=4.044150V	C6=4.043100V	C7=4.048650V	C8=4.046250V	C9=4.047300V	C10=4.043550V	C11=4.044450V	C12=4.045050V	C13=4.047600V	C14=4.048500V	C15=4.045200V	C16=4.043850V	C17=4.044000V	C18=4.045200V	C19=4.045650V	C20=4.046700V	C21=4.047000V	C22=4.044600V	C23=4.039050V	C24=4.045800V	C25=4.046100V	C26=4.046250V	C27=4.047600V	C28=4.046550V	
max_temp: 15.834284	min_temp: 13.170771	avg_temp: 13.639639
undervoltage: 0	overvoltage: 0	pec: 0	overtemperature: 0	openwire: 0	openwire_temp: 0
dcc1: 00	dcc2: 00	
Time: 5266
Current: -0.039322
SOC: 0.844503
total_v: 113.265427	max_v: 4.048650	min_v: 4.039050	avg_v: 4.045194	max-min: 0.009600
C1=4.041300V	C2=4.042800V	C3=4.044300V	C4=4.045200V	C5=4.044150V	C6=4.043100V	C7=4.048650V	C8=4.046250V	C9=4.047300V	C10=4.043400V	C11=4.044450V	C12=4.045050V	C13=4.047600V	C14=4.048350V	C15=4.045200V	C16=4.043850V	C17=4.044000V	C18=4.045200V	C19=4.045650V	C20=4.046700V	C21=4.047000V	C22=4.044600V	C23=4.039050V	C24=4.045650V	C25=4.046100V	C26=4.046250V	C27=4.047600V	C28=4.046700V	
max_temp: 15.834284	min_temp: 13.170771	avg_temp: 13.639324
undervoltage: 0	overvoltage: 0	pec: 0	overtemperature: 0	openwire: 0	openwire_temp: 0
dcc1: 00	dcc2: 00	
Time: 5467
Current: 3.989975
SOC: 0.844486
total_v: 113.265892	max_v: 4.048650	min_v: 4.039050	avg_v: 4.045210	max-min: 0.009600
C1=4.041300V	C2=4.042800V	C3=4.044300V	C4=4.045200V	C5=4.044150V	C6=4.043100V	C7=4.048650V	C8=4.046250V	C9=4.047300V	C10=4.043550V	C11=4.044600V	C12=4.045050V	C13=4.047600V	C14=4.048350V	C15=4.045200V	C16=4.043850V	C17=4.044000V	C18=4.045350V	C19=4.045500V	C20=4.046700V	C21=4.047000V	C22=4.044600V	C23=4.039050V	C24=4.045800V	C25=4.046100V	C26=4.046250V	C27=4.047600V	C28=4.046700V	
max_temp: 15.834284	min_temp: 13.170771	avg_temp: 13.639009
undervoltage: 0	overvoltage: 0	pec: 0	overtemperature: 0	openwire: 0	openwire_temp: 0
dcc1: 00	dcc2: 00	
Time: 5668
Current: 0.452072
SOC: 0.844484
total_v: 113.265732	max_v: 4.048650	min_v: 4.038900	avg_v: 4.045205	max-min: 0.009750
C1=4.041150V	C2=4.042800V	C3=4.044300V	C4=4.045200V	C5=4.044150V	C6=4.043100V	C7=4.048650V	C8=4.046250V	C9=4.047300V	C10=4.043550V	C11=4.044450V	C12=4.045050V	C13=4.047600V	C14=4.048500V	C15=4.045200V	C16=4.044000V	C17=4.044000V	C18=4.045200V	C19=4.045650V	C20=4.046700V	C21=4.047000V	C22=4.044600V	C23=4.038900V	C24=4.045800V	C25=4.046100V	C26=4.046250V	C27=4.047600V	C28=4.046700V	
max_temp: 15.834284	min_temp: 13.170771	avg_temp: 13.639639
undervoltage: 0	overvoltage: 0	pec: 0	overtemperature: 0	openwire: 0	openwire_temp: 0
dcc1: 00	dcc2: 00	
Time: 5869
Current: -0.039322
SOC: 0.844484
total_v: 113.265434	max_v: 4.048650	min_v: 4.039050	avg_v: 4.045194	max-min: 0.009600
C1=4.041300V	C2=4.042800V	C3=4.044300V	C4=4.045200V	C5=4.044150V	C6=4.043100V	C7=4.048650V	C8=4.046250V	C9=4.047300V	C10=4.043550V	C11=4.044600V	C12=4.045050V	C13=4.047600V	C14=4.048350V	C15=4.045200V	C16=4.043850V	C17=4.044000V	C18=4.045200V	C19=4.045500V	C20=4.046700V	C21=4.047000V	C22=4.044600V	C23=4.039050V	C24=4.045650V	C25=4.046100V	C26=4.046100V	C27=4.047600V	C28=4.046700V	
max_temp: 15.834284	min_temp: 13.175806	avg_temp: 13.639954
undervoltage: 0	overvoltage: 0	pec: 0	overtemperature: 0	openwire: 0	openwire_temp: 0
dcc1: 00	dcc2: 00	
Time: 6070
Current: -0.039322
SOC: 0.844485
total_v: 113.265877	max_v: 4.048650	min_v: 4.039050	avg_v: 4.045210	max-min: 0.009600
C1=4.041300V	C2=4.042800V	C3=4.044300V	C4=4.045200V	C5=4.044150V	C6=4.043100V	C7=4.048650V	C8=4.046250V	C9=4.047300V	C10=4.043550V	C11=4.044450V	C12=4.045050V	C13=4.047600V	C14=4.048500V	C15=4.045200V	C16=4.043850V	C17=4.044000V	C18=4.045200V	C19=4.045650V	C20=4.046700V	C21=4.047000V	C22=4.044600V	C23=4.039050V	C24=4.045800V	C25=4.046100V	C26=4.046250V	C27=4.047600V	C28=4.046700V	
max_temp: 15.839319	min_temp: 13.170771	avg_temp: 13.641216
undervoltage: 0	overvoltage: 0	pec: 0	overtemperature: 0	openwire: 0	openwire_temp: 0
dcc1: 00	dcc2: 00	
Time: 6271
Current: -0.137604
SOC: 0.844485
total_v: 113.265587	max_v: 4.048650	min_v: 4.039050	avg_v: 4.045199	max-min: 0.009600
C1=4.041300V	C2=4.042800V	C3=4.044300V	C4=4.045350V	C5=4.044150V	C6=4.043100V	C7=4.048650V	C8=4.046250V	C9=4.047300V	C10=4.043550V	C11=4.044450V	C12=4.045050V	C13=4.047600V	C14=4.048350V	C15=4.045200V	C16=4.043850V	C17=4.044000V	C18=4.045200V	C19=4.045500V	C20=4.046700V	C21=4.047000V	C22=4.044600V	C23=4.039050V	C24=4.045650V	C25=4.046100V	C26=4.046250V	C27=4.047600V	C28=4.046700V	
max_temp: 15.839319	min_temp: 13.170771	avg_temp: 13.640270
undervoltage: 0	overvoltage: 0	pec: 0	overtemperature: 0	openwire: 0	openwire_temp: 0
dcc1: 00	dcc2: 00	
Time: 6472
Current: -0.137604
SOC: 0.844486
total_v: 113.265892	max_v: 4.048650	min_v: 4.039050	avg_v: 4.045210	max-min: 0.009600
C1=4.041300V	C2=4.042800V	C3=4.044300V	C4=4.045200V	C5=4.044150V	C6=4.042950V	C7=4.048650V	C8=4.046250V	C9=4.047300V	C10=4.043550V	C11=4.044600V	C12=4.045050V	C13=4.047600V	C14=4.048500V	C15=4.045200V	C16=4.043850V	C17=4.044000V	C18=4.045350V	C19=4.045500V	C20=4.046700V	C21=4.047000V	C22=4.044600V	C23=4.039050V	C24=4.045800V	C25=4.046100V	C26=4.046250V	C27=4.047600V	C28=4.046700V	
max_temp: 15.839319	min_temp: 13.170771	avg_temp: 13.640583
undervoltage: 0	overvoltage: 0	pec: 0	overtemperature: 0	openwire: 0	openwire_temp: 0
dcc1: 00	dcc2: 00	
Time: 6673
Current: -0.039322
SOC: 0.844486
total_v: 113.265884	max_v: 4.048650	min_v: 4.038900	avg_v: 4.045210	max-min: 0.009750
C1=4.041300V	C2=4.042800V	C3=4.044300V	C4=4.045200V	C5=4.044150V	C6=4.043100V	C7=4.048650V	C8=4.046250V	C9=4.047300V	C10=4.043550V	C11=4.044600V	C12=4.045050V	C13=4.047600V	C14=4.048500V	C15=4.045200V	C16=4.043850V	C17=4.044000V	C18=4.045200V	C19=4.045650V	C20=4.046700V	C21=4.047000V	C22=4.044600V	C23=4.038900V	C24=4.045800V	C25=4.046100V	C26=4.046250V	C27=4.047600V	C28=4.046700V	
max_temp: 15.839319	min_temp: 13.170771	avg_temp: 13.641216
undervoltage: 0	overvoltage: 0	pec: 0	overtemperature: 0	openwire: 0	openwire_temp: 0
dcc1: 00	dcc2: 00	
Time: 6874
Current: -0.137604
SOC: 0.844487
total_v: 113.265587	max_v: 4.048650	min_v: 4.038900	avg_v: 4.045199	max-min: 0.009750
C1=4.041300V	C2=4.042800V	C3=4.044300V	C4=4.045200V	C5=4.044150V	C6=4.043100V	C7=4.048650V	C8=4.046250V	C9=4.047300V	C10=4.043400V	C11=4.044600V	C12=4.045050V	C13=4.047600V	C14=4.048350V	C15=4.045200V	C16=4.043850V	C17=4.044000V	C18=4.045350V	C19=4.045650V	C20=4.046700V	C21=4.047000V	C22=4.044600V	C23=4.038900V	C24=4.045650V	C25=4.046100V	C26=4.046250V	C27=4.047600V	C28=4.046700V	
max_temp: 15.839319	min_temp: 13.170771	avg_temp: 13.640270
undervoltage: 0	overvoltage: 0	pec: 0	overtemperature: 0	openwire: 0	openwire_temp: 0
dcc1: 00	dcc2: 00	
Time: 7075
Current: -0.039322
SOC: 0.844487
total_v: 113.265732	max_v: 4.048650	min_v: 4.038900	avg_v: 4.045205	max-min: 0.009750
C1=4.041300V	C2=4.042800V	C3=4.044300V	C4=4.045200V	C5=4.044150V	C6=4.043100V	C7=4.048650V	C8=4.046250V	C9=4.047300V	C10=4.043550V	C11=4.044600V	C12=4.045050V	C13=4.047600V	C14=4.048500V	C15=4.045200V	C16=4.044000V	C17=4.044000V	C18=4.045200V	C19=4.045650V	C20=4.046700V	C21=4.047000V	C22=4.044600V	C23=4.038900V	C24=4.045650V	C25=4.046100V	C26=4.046100V	C27=4.047600V	C28=4.046700V	
max_temp: 15.839319	min_temp: 13.170771	avg_temp: 13.640585
undervoltage: 0	overvoltage: 0	pec: 0	overtemperature: 0	openwire: 0	openwire_temp: 0
dcc1: 00	dcc2: 00	
Time: 7276
Current: 0.550339
SOC: 0.844485
total_v: 113.266029	max_v: 4.048650	min_v: 4.039050	avg_v: 4.045215	max-min: 0.009600
C1=4.041300V	C2=4.042800V	C3=4.044300V	C4=4.045200V	C5=4.044150V	C6=4.043100V	C7=4.048650V	C8=4.046250V	C9=4.047300V	C10=4.043550V	C11=4.044600V	C12=4.045050V	C13=4.047600V	C14=4.048350V	C15=4.045200V	C16=4.044000V	C17=4.044000V	C18=4.045200V	C19=4.045650V	C20=4.046700V	C21=4.047000V	C22=4.044600V	C23=4.039050V	C24=4.045800V	C25=4.046100V	C26=4.046250V	C27=4.047600V	C28=4.046700V	
max_temp: 15.839319	min_temp: 13.175806	avg_temp: 13.641214
undervoltage: 0	overvoltage: 0	pec: 0	overtemperature: 0	openwire: 0	openwire_temp: 0
dcc1: 00	dcc2: 00	
Time: 7477
Current: -0.039322
SOC: 0.844485
total_v: 113.265884	max_v: 4.048800	min_v: 4.039050	avg_v: 4.045210	max-min: 0.009750
C1=4.041300V	C2=4.042800V	C3=4.044300V	C4=4.045200V	C5=4.044150V	C6=4.043100V	C7=4.048800V	C8=4.046250V	C9=4.047300V	C10=4.043550V	C11=4.044450V	C12=4.045050V	C13=4.047600V	C14=4.048350V	C15=4.045200V	C16=4.043850V	C17=4.044000V	C18=4.045200V	C19=4.045650V	C20=4.046700V	C21=4.047000V	C22=4.044600V	C23=4.039050V	C24=4.045800V	C25=4.046250V	C26=4.046250V	C27=4.047600V	C28=4.046550V	
max_temp: 15.844355	min_temp: 13.175806	avg_temp: 13.641214
undervoltage: 0	overvoltage: 0	pec: 0	overtemperature: 0	openwire: 0	openwire_temp: 0
dcc1: 00	dcc2: 00	
Time: 7678
Current: 1.336533
SOC: 0.844479
total_v: 113.265892	max_v: 4.048650	min_v: 4.038900	avg_v: 4.045210	max-min: 0.009750
C1=4.041300V	C2=4.042800V	C3=4.044300V	C4=4.045200V	C5=4.044000V	C6=4.043100V	C7=4.048650V	C8=4.046250V	C9=4.047300V	C10=4.043550V	C11=4.044450V	C12=4.045050V	C13=4.047600V	C14=4.048500V	C15=4.045200V	C16=4.043850V	C17=4.044000V	C18=4.045350V	C19=4.045650V	C20=4.046700V	C21=4.047150V	C22=4.044600V	C23=4.038900V	C24=4.045800V	C25=4.046100V	C26=4.046250V	C27=4.047600V	C28=4.046700V	
max_temp: 15.844355	min_temp: 13.175806	avg_temp: 13.641846
undervoltage: 0	overvoltage: 0	pec: 0	overtemperature: 0	openwire: 0	openwire_temp: 0
dcc1: 00	dcc2: 00	
Time: 7879
Current: -0.137604
SOC: 0.844480
total_v: 113.265739	max_v: 4.048650	min_v: 4.038900	avg_v: 4.045205	max-min: 0.009750
C1=4.041300V	C2=4.042800V	C3=4.044300V	C4=4.045350V	C5=4.044150V	C6=4.043100V	C7=4.048650V	C8=4.046250V	C9=4.047300V	C10=4.043550V	C11=4.044450V	C12=4.045050V	C13=4.047600V	C14=4.048350V	C15=4.045200V	C16=4.043850V	C17=4.044000V	C18=4.045200V	C19=4.045650V	C20=4.046700V	C21=4.047000V	C22=4.044600V	C23=4.038900V	C24=4.045800V	C25=4.046100V	C26=4.046250V	C27=4.047600V	C28=4.046700V	
max_temp: 15.839319	min_temp: 13.175806	avg_temp: 13.642162
undervoltage: 0	overvoltage: 0	pec: 0	overtemperature: 0	openwire: 0	openwire_temp: 0
dcc1: 00	dcc2: 00	
Time: 8080
Current: 0.058945
SOC: 0.844480
total_v: 113.265434	max_v: 4.048650	min_v: 4.038900	avg_v: 4.045194	max-min: 0.009750
C1=4.041300V	C2=4.042800V	C3=4.044300V	C4=4.045200V	C5=4.044150V	C6=4.043100V	C7=4.048650V	C8=4.046250V	C9=4.047300V	C10=4.043400V	C11=4.044600V	C12=4.045050V	C13=4.047600V	C14=4.048350V	C15=4.045200V	C16=4.043850V	C17=4.044000V	C18=4.045200V	C19=4.045650V	C20=4.046700V	C21=4.047000V	C22=4.044600V	C23=4.038900V	C24=4.045650V	C25=4.046100V	C26=4.046250V	C27=4.047600V	C28=4.046700V	
max_temp: 15.839319	min_temp: 13.175806	avg_temp: 13.643110
undervoltage: 0	overvoltage: 0	pec: 0	overtemperature: 0	openwire: 0	openwire_temp: 0
dcc1: 00	dcc2: 00	
Time: 8281
Current: -0.039322
SOC: 0.844480
total_v: 113.265739	max_v: 4.048650	min_v: 4.038900	avg_v: 4.045205	max-min: 0.009750
C1=4.041300V	C2=4.042800V	C3=4.044300V	C4=4.045200V	C5=4.044150V	C6=4.043100V	C7=4.048650V	C8=4.046250V	C9=4.047300V	C10=4.043550V	C11=4.044450V	C12=4.045050V	C13=4.047600V	C14=4.048500V	C15=4.045200V	C16=4.043850V	C17=4.044000V	C18=4.045350V	C19=4.045500V	C20=4.046700V	C21=4.047000V	C22=4.044600V	C23=4.038900V	C24=4.045800V	C25=4.046100V	C26=4.046250V	C27=4.047600V	C28=4.046700V	
max_temp: 15.839319	min_temp: 13.175806	avg_temp: 13.642160
undervoltage: 0	overvoltage: 0	pec: 0	overtemperature: 0	openwire: 0	openwire_temp: 0
dcc1: 00	dcc2: 00	
Time: 8482
Current: -0.137604
SOC: 0.844480
total_v: 113.266037	max_v: 4.048650	min_v: 4.038900	avg_v: 4.045216	max-min: 0.009750
C1=4.041300V	C2=4.042800V	C3=4.044300V	C4=4.045350V	C5=4.044150V	C6=4.043100V	C7=4.048650V	C8=4.046250V	C9=4.047300V	C10=4.043550V	C11=4.044450V	C12=4.045050V	C13=4.047600V	C14=4.048500V	C15=4.045200V	C16=4.043850V	C17=4.044000V	C18=4.045350V	C19=4.045650V	C20=4.046850V	C21=4.047000V	C22=4.044600V	C23=4.038900V	C24=4.045650V	C25=4.046100V	C26=4.046250V	C27=4.047600V	C28=4.046700V	
max_temp: 15.839319	min_temp: 13.175806	avg_temp: 13.642162
undervoltage: 0	overvoltage: 0	pec: 0	overtemperature: 0	openwire: 0	openwire_temp: 0
dcc1: 00	dcc2: 00	
Time: 8683
Current: -0.039322
SOC: 0.844480
total_v: 113.265274	max_v: 4.048650	min_v: 4.039050	avg_v: 4.045188	max-min: 0.009600
C1=4.041300V	C2=4.042800V	C3=4.044300V	C4=4.045200V	C5=4.044000V	C6=4.042950V	C7=4.048650V	C8=4.046250V	C9=4.047300V	C10=4.043550V	C11=4.044450V	C12=4.045050V	C13=4.047600V	C14=4.048350V	C15=4.045200V	C16=4.043850V	C17=4.044000V	C18=4.045200V	C19=4.045650V	C20=4.046700V	C21=4.047000V	C22=4.044600V	C23=4.039050V	C24=4.045800V	C25=4.046100V	C26=4.046100V	C27=4.047600V	C28=4.046700V	
max_temp: 15.834284	min_temp: 13.175806	avg_temp: 13.642481
undervoltage: 0	overvoltage: 0	pec: 0	overtemperature: 0	openwire: 0	openwire_temp: 0
dcc1: 00	dcc2: 00	
Time: 8884
Current: 0.058945
SOC: 0.844480
total_v: 113.266045	max_v: 4.048650	min_v: 4.038900	avg_v: 4.045216	max-min: 0.009750
C1=4.041300V	C2=4.042800V	C3=4.044300V	C4=4.045200V	C5=4.044150V	C6=4.043100V	C7=4.048650V	C8=4.046250V	C9=4.047300V	C10=4.043550V	C11=4.044600V	C12=4.045050V	C13=4.047600V	C14=4.048350V	C15=4.045200V	C16=4.043850V	C17=4.044000V	C18=4.045200V	C19=4.045650V	C20=4.046700V	C21=4.047150V	C22=4.044600V	C23=4.038900V	C24=4.045800V	C25=4.046250V	C26=4.046250V	C27=4.047600V	C28=4.046700V	
max_temp: 15.839319	min_temp: 13.175806	avg_temp: 13.642794
undervoltage: 0	overvoltage: 0	pec: 0	overtemperature: 0	openwire: 0	openwire_temp: 0
dcc1: 00	dcc2: 00	
Time: 9085
Current: -0.039322
SOC: 0.844480
total_v: 113.265732	max_v: 4.048650	min_v: 4.039050	avg_v: 4.045205	max-min: 0.009600
C1=4.041150V	C2=4.042800V	C3=4.044300V	C4=4.045200V	C5=4.044150V	C6=4.043100V	C7=4.048650V	C8=4.046250V	C9=4.047300V	C10=4.043550V	C11=4.044450V	C12=4.045050V	C13=4.047600V	C14=4.048500V	C15=4.045200V	C16=4.043850V	C17=4.044000V	C18=4.045200V	C19=4.045650V	C20=4.046700V	C21=4.047000V	C22=4.044600V	C23=4.039050V	C24=4.045800V	C25=4.046100V	C26=4.046250V	C27=4.047600V	C28=4.046700V	
max_temp: 15.834284	min_temp: 13.175806	avg_temp: 13.642166
undervoltage: 0	overvoltage: 0	pec: 0	overtemperature: 0	openwire: 0	openwire_temp: 0
dcc1: 00	dcc2: 00	
Time: 9286
Current: -0.137604
SOC: 0.844481
total_v: 113.265892	max_v: 4.048650	min_v: 4.039050	avg_v: 4.045210	max-min: 0.009600
C1=4.041300V	C2=4.042800V	C3=4.044300V	C4=4.045200V	C5=4.044150V	C6=4.043100V	C7=4.048650V	C8=4.046250V	C9=4.047150V	C10=4.043550V	C11=4.044600V	C12=4.045050V	C13=4.047600V	C14=4.048500V	C15=4.045200V	C16=4.043850V	C17=4.044000V	C18=4.045200V	C19=4.045500V	C20=4.046850V	C21=4.047000V	C22=4.044600V	C23=4.039050V	C24=4.045800V	C25=4.046100V	C26=4.046250V	C27=4.047600V	C28=4.046700V	
max_temp: 15.834284	min_temp: 13.170771	avg_temp: 13.642166
undervoltage: 0	overvoltage: 0	pec: 0	overtemperature: 0	openwire: 0	openwire_temp: 0
dcc1: 00	dcc2: 00	
Time: 9487
Current: -0.137604
SOC: 0.844482
total_v: 113.265884	max_v: 4.048650	min_v: 4.039050	avg_v: 4.045210	max-min: 0.009600
C1=4.041300V	C2=4.042800V	C3=4.044300V	C4=4.045200V	C5=4.044000V	C6=4.043100V	C7=4.048650V	C8=4.046250V	C9=4.047300V	C10=4.043550V	C11=4.044600V	C12=4.045050V	C13=4.047600V	C14=4.048350V	C15=4.045200V	C16=4.044000V	C17=4.044000V	C18=4.045200V	C19=4.045650V	C20=4.046700V	C21=4.047000V	C22=4.044600V	C23=4.039050V	C24=4.045800V	C25=4.046100V	C26=4.046250V	C27=4.047600V	C28=4.046700V	
max_temp: 15.834284	min_temp: 13.175806	avg_temp: 13.642796
undervoltage: 0	overvoltage: 0	pec: 0	overtemperature: 0	openwire: 0	openwire_temp: 0
dcc1: 00	dcc2: 00	
Time: 9688
Current: -0.137604
SOC: 0.844482
total_v: 113.266045	max_v: 4.048800	min_v: 4.038900	avg_v: 4.045216	max-min: 0.009900
C1=4.041300V	C2=4.042800V	C3=4.044300V	C4=4.045200V	C5=4.044000V	C6=4.042950V	C7=4.048800V	C8=4.046250V	C9=4.047300V	C10=4.043550V	C11=4.044600V	C12=4.045050V	C13=4.047600V	C14=4.048500V	C15=4.045200V	C16=4.043850V	C17=4.044000V	C18=4.045350V	C19=4.045650V	C20=4.046700V	C21=4.047000V	C22=4.044600V	C23=4.038900V	C24=4.045800V	C25=4.046250V	C26=4.046250V	C27=4.047600V	C28=4.046700V	
max_temp: 15.834284	min_temp: 13.175806	avg_temp: 13.642794
undervoltage: 0	overvoltage: 0	pec: 0	overtemperature: 0	openwire: 0	openwire_temp: 0
dcc1: 00	dcc2: 00	
Time: 9889
Current: -0.137604
SOC: 0.844483
total_v: 113.265892	max_v: 4.048650	min_v: 4.039050	avg_v: 4.045210	max-min: 0.009600
C1=4.041300V	C2=4.042800V	C3=4.044300V	C4=4.045200V	C5=4.044150V	C6=4.043100V	C7=4.048650V	C8=4.046250V	C9=4.047300V	C10=4.043400V	C11=4.044600V	C12=4.045050V	C13=4.047600V	C14=4.048350V	C15=4.045200V	C16=4.043850V	C17=4.044000V	C18=4.045350V	C19=4.045500V	C20=4.046700V	C21=4.047150V	C22=4.044600V	C23=4.039050V	C24=4.045800V	C25=4.046100V	C26=4.046250V	C27=4.047600V	C28=4.046700V	
max_temp: 15.834284	min_temp: 13.170771	avg_temp: 13.642797
undervoltage: 0	overvoltage: 0	pec: 0	overtemperature: 0	openwire: 0	openwire_temp: 0
dcc1: 00	dcc2: 00	
Time: 10090
Current: -0.137604
SOC: 0.844483
total_v: 113.265732	max_v: 4.048650	min_v: 4.039050	avg_v: 4.045205	max-min: 0.009600
C1=4.041300V	C2=4.042800V	C3=4.044300V	C4=4.045200V	C5=4.044150V	C6=4.043100V	C7=4.048650V	C8=4.046250V	C9=4.047300V	C10=4.043550V	C11=4.044450V	C12=4.045050V	C13=4.047600V	C14=4.048500V	C15=4.045200V	C16=4.043850V	C17=4.044000V	C18=4.045350V	C19=4.045500V	C20=4.046700V	C21=4.047000V	C22=4.044600V	C23=4.039050V	C24=4.045650V	C25=4.046100V	C26=4.046250V	C27=4.047600V	C28=4.046700V	
max_temp: 15.829279	min_temp: 13.175806	avg_temp: 13.642799
undervoltage: 0	overvoltage: 0	pec: 0	overtemperature: 0	openwire: 0	openwire_temp: 0
dcc1: 00	dcc2: 00	
Time: 10291
Current: -0.039322
SOC: 0.844484
total_v: 113.265427	max_v: 4.048650	min_v: 4.039050	avg_v: 4.045194	max-min: 0.009600
C1=4.041300V	C2=4.042800V	C3=4.044300V	C4=4.045200V	C5=4.044000V	C6=4.043100V	C7=4.048650V	C8=4.046250V	C9=4.047150V	C10=4.043550V	C11=4.044450V	C12=4.045050V	C13=4.047600V	C14=4.048350V	C15=4.045200V	C16=4.043850V	C17=4.044000V	C18=4.045200V	C19=4.045650V	C20=4.046700V	C21=4.047000V	C22=4.044600V	C23=4.039050V	C24=4.045800V	C25=4.046100V	C26=4.046250V	C27=4.047600V	C28=4.046700V	
max_temp: 15.829279	min_temp: 13.175806	avg_temp: 13.643114
undervoltage: 0	overvoltage: 0	pec: 0	overtemperature: 0	openwire: 0	openwire_temp: 0
dcc1: 00	dcc2: 00	
Time: 10492
Current: -0.039322
SOC: 0.844484
total_v: 113.265434	max_v: 4.048650	min_v: 4.038900	avg_v: 4.045194	max-min: 0.009750
C1=4.041150V	C2=4.042800V	C3=4.044300V	C4=4.045200V	C5=4.044150V	C6=4.043100V	C7=4.048650V	C8=4.046250V	C9=4.047300V	C10=4.043550V	C11=4.044600V	C12=4.045050V	C13=4.047600V	C14=4.048350V	C15=4.045200V	C16=4.043850V	C17=4.044000V	C18=4.045200V	C19=4.045650V	C20=4.046700V	C21=4.047000V	C22=4.044600V	C23=4.038900V	C24=4.045650V	C25=4.046100V	C26=4.046250V	C27=4.047600V	C28=4.046700V	
max_temp: 15.829279	min_temp: 13.175806	avg_temp: 13.643114
undervoltage: 0	overvoltage: 0	pec: 0	overtemperature: 0	openwire: 0	openwire_temp: 0
dcc1: 00	dcc2: 00	
Time: 10693
Current: 2.515854
SOC: 0.844473
total_v: 113.265442	max_v: 4.048650	min_v: 4.038900	avg_v: 4.045194	max-min: 0.009750
C1=4.041150V	C2=4.042800V	C3=4.044300V	C4=4.045350V	C5=4.044150V	C6=4.043100V	C7=4.048650V	C8=4.046250V	C9=4.047150V	C10=4.043550V	C11=4.044600V	C12=4.045050V	C13=4.047600V	C14=4.048350V	C15=4.045200V	C16=4.043850V	C17=4.044000V	C18=4.045200V	C19=4.045500V	C20=4.046700V	C21=4.047000V	C22=4.044600V	C23=4.038900V	C24=4.045800V	C25=4.046100V	C26=4.046250V	C27=4.047600V	C28=4.046700V	
max_temp: 15.829279	min_temp: 13.170771	avg_temp: 13.642485
undervoltage: 0	overvoltage: 0	pec: 0	overtemperature: 0	openwire: 0	openwire_temp: 0
dcc1: 00	dcc2: 00	
Time: 10894
Current: -0.039322
SOC: 0.844473
total_v: 113.265579	max_v: 4.048800	min_v: 4.039050	avg_v: 4.045199	max-min: 0.009750
C1=4.041150V	C2=4.042800V	C3=4.044300V	C4=4.045200V	C5=4.044150V	C6=4.042950V	C7=4.048800V	C8=4.046250V	C9=4.047300V	C10=4.043550V	C11=4.044450V	C12=4.045200V	C13=4.047600V	C14=4.048500V	C15=4.045200V	C16=4.043850V	C17=4.044000V	C18=4.045200V	C19=4.045500V	C20=4.046700V	C21=4.047000V	C22=4.044600V	C23=4.039050V	C24=4.045800V	C25=4.046100V	C26=4.046100V	C27=4.047600V	C28=4.046700V	
max_temp: 15.824244	min_temp: 13.175806	avg_temp: 13.642485
undervoltage: 0	overvoltage: 0	pec: 0	overtemperature: 0	openwire: 0	openwire_temp: 0
dcc1: 00	dcc2: 00	
Time: 11095
Current: 2.024460
SOC: 0.844465
total_v: 113.265579	max_v: 4.048650	min_v: 4.039050	avg_v: 4.045199	max-min: 0.009600
C1=4.041300V	C2=4.042800V	C3=4.044300V	C4=4.045200V	C5=4.044150V	C6=4.043100V	C7=4.048650V	C8=4.046250V	C9=4.047300V	C10=4.043550V	C11=4.044450V	C12=4.044900V	C13=4.047600V	C14=4.048350V	C15=4.045200V	C16=4.043850V	C17=4.044000V	C18=4.045200V	C19=4.045650V	C20=4.046700V	C21=4.047000V	C22=4.044600V	C23=4.039050V	C24=4.045800V	C25=4.046100V	C26=4.046250V	C27=4.047600V	C28=4.046700V	
max_temp: 15.824244	min_temp: 13.175806	avg_temp: 13.642485
undervoltage: 0	overvoltage: 0	pec: 0	overtemperature: 0	openwire: 0	openwire_temp: 0
dcc1: 00	dcc2: 00	
Time: 11296
Current: -0.137604
SOC: 0.844466
total_v: 113.265732	max_v: 4.048650	min_v: 4.038900	avg_v: 4.045205	max-min: 0.009750
C1=4.041300V	C2=4.042800V	C3=4.044300V	C4=4.045200V	C5=4.044150V	C6=4.042950V	C7=4.048650V	C8=4.046250V	C9=4.047300V	C10=4.043550V	C11=4.044600V	C12=4.045200V	C13=4.047600V	C14=4.048500V	C15=4.045200V	C16=4.043850V	C17=4.044000V	C18=4.045200V	C19=4.045650V	C20=4.046700V	C21=4.047000V	C22=4.044600V	C23=4.038900V	C24=4.045650V	C25=4.046100V	C26=4.046250V	C27=4.047600V	C28=4.046700V	
max_temp: 15.824244	min_temp: 13.175806	avg_temp: 13.642799
undervoltage: 0	overvoltage: 0	pec: 0	overtemperature: 0	openwire: 0	openwire_temp: 0
dcc1: 00	dcc2: 00	
Time: 11497
Current: -0.137604
SOC: 0.844466
total_v: 113.265427	max_v: 4.048650	min_v: 4.039050	avg_v: 4.045194	max-min: 0.009600
C1=4.041300V	C2=4.042800V	C3=4.044300V	C4=4.045200V	C5=4.044150V	C6=4.043100V	C7=4.048650V	C8=4.046250V	C9=4.047150V	C10=4.043400V	C11=4.044450V	C12=4.045050V	C13=4.047600V	C14=4.048350V	C15=4.045200V	C16=4.043850V	C17=4.044000V	C18=4.045200V	C19=4.045650V	C20=4.046700V	C21=4.047000V	C22=4.044600V	C23=4.039050V	C24=4.045800V	C25=4.046100V	C26=4.046250V	C27=4.047600V	C28=4.046700V	
max_temp: 15.824244	min_temp: 13.175806	avg_temp: 13.642168
undervoltage: 0	overvoltage: 0	pec: 0	overtemperature: 0	openwire: 0	openwire_temp: 0
dcc1: 00	dcc2: 00	
Time: 11698
Current: -0.137604
SOC: 0.844467
total_v: 113.265892	max_v: 4.048800	min_v: 4.038900	avg_v: 4.045210	max-min: 0.009900
C1=4.041300V	C2=4.042800V	C3=4.044300V	C4=4.045200V	C5=4.044000V	C6=4.043100V	C7=4.048800V	C8=4.046250V	C9=4.047300V	C10=4.043550V	C11=4.044450V	C12=4.045050V	C13=4.047600V	C14=4.048500V	C15=4.045200V	C16=4.043850V	C17=4.044000V	C18=4.045350V	C19=4.045650V	C20=4.046700V	C21=4.047000V	C22=4.044600V	C23=4.038900V	C24=4.045800V	C25=4.046100V	C26=4.046250V	C27=4.047600V	C28=4.046700V	
max_temp: 15.824244	min_temp: 13.175806	avg_temp: 13.642168
undervoltage: 0	overvoltage: 0	pec: 0	overtemperature: 0	openwire: 0	openwire_temp: 0
dcc1: 00	dcc2: 00	
Time: 11899
Current: -0.039322
SOC: 0.844467
total_v: 113.265884	max_v: 4.048650	min_v: 4.038900	avg_v: 4.045210	max-min: 0.009750
C1=4.041300V	C2=4.042800V	C3=4.044300V	C4=4.045200V	C5=4.044150V	C6=4.043100V	C7=4.048650V	C8=4.046250V	C9=4.047300V	C10=4.043550V	C11=4.044450V	C12=4.045200V	C13=4.047600V	C14=4.048350V	C15=4.045200V	C16=4.043850V	C17=4.044000V	C18=4.045350V	C19=4.045650V	C20=4.046700V	C21=4.047000V	C22=4.044600V	C23=4.038900V	C24=4.045800V	C25=4.046100V	C26=4.046250V	C27=4.047600V	C28=4.046700V	
max_temp: 15.824244	min_temp: 13.175806	avg_temp: 13.642801
undervoltage: 0	overvoltage: 0	pec: 0	overtemperature: 0	openwire: 0	openwire_temp: 0
dcc1: 00	dcc2: 00	
Time: 12100
Current: 0.452072
SOC: 0.844465
total_v: 113.265884	max_v: 4.048650	min_v: 4.039050	avg_v: 4.045210	max-min: 0.009600
C1=4.041300V	C2=4.042800V	C3=4.044300V	C4=4.045200V	C5=4.044150V	C6=4.043100V	C7=4.048650V	C8=4.046250V	C9=4.047300V	C10=4.043550V	C11=4.044600V	C12=4.045050V	C13=4.047600V	C14=4.048500V	C15=4.045200V	C16=4.043850V	C17=4.044000V	C18=4.045200V	C19=4.045500V	C20=4.046700V	C21=4.047000V	C22=4.044600V	C23=4.039050V	C24=4.045800V	C25=4.046100V	C26=4.046250V	C27=4.047600V	C28=4.046700V	
max_temp: 15.824244	min_temp: 13.175806	avg_temp: 13.643116
undervoltage: 0	overvoltage: 0	pec: 0	overtemperature: 0	openwire: 0	openwire_temp: 0
dcc1: 00	dcc2: 00	
Time: 12301
Current: 0.058945
SOC: 0.844465
total_v: 113.265724	max_v: 4.048800	min_v: 4.039050	avg_v: 4.045205	max-min: 0.009750
C1=4.041300V	C2=4.042800V	C3=4.044300V	C4=4.045350V	C5=4.044150V	C6=4.043100V	C7=4.048800V	C8=4.046250V	C9=4.047300V	C10=4.043550V	C11=4.044450V	C12=4.044900V	C13=4.047600V	C14=4.048350V	C15=4.045200V	C16=4.043850V	C17=4.044000V	C18=4.045200V	C19=4.045650V	C20=4.046700V	C21=4.047000V	C22=4.044600V	C23=4.039050V	C24=4.045800V	C25=4.046100V	C26=4.046100V	C27=4.047600V	C28=4.046700V	
max_temp: 15.824244	min_temp: 13.175806	avg_temp: 13.642799
undervoltage: 0	overvoltage: 0	pec: 0	overtemperature: 0	openwire: 0	openwire_temp: 0
dcc1: 00	dcc2: 00	
Time: 12502
Current: -0.137604
SOC: 0.844466
total_v: 113.265877	max_v: 4.048650	min_v: 4.039050	avg_v: 4.045210	max-min: 0.009600
C1=4.041300V	C2=4.042800V	C3=4.044300V	C4=4.045200V	C5=4.044000V	C6=4.042950V	C7=4.048650V	C8=4.046400V	C9=4.047300V	C10=4.043550V	C11=4.044450V	C12=4.045050V	C13=4.047600V	C14=4.048500V	C15=4.045200V	C16=4.044000V	C17=4.044000V	C18=4.045200V	C19=4.045650V	C20=4.046700V	C21=4.047000V	C22=4.044600V	C23=4.039050V	C24=4.045800V	C25=4.046100V	C26=4.046250V	C27=4.047600V	C28=4.046700V	
max_temp: 15.824244	min_temp: 13.175806	avg_temp: 13.643116
undervoltage: 0	overvoltage: 0	pec: 0	overtemperature: 0	openwire: 0	openwire_temp: 0
dcc1: 00	dcc2: 00	
Time: 12703
Current: -0.137604
SOC: 0.844466
total_v: 113.265732	max_v: 4.048650	min_v: 4.039050	avg_v: 4.045205	max-min: 0.009600
C1=4.041300V	C2=4.042800V	C3=4.044300V	C4=4.045200V	C5=4.044150V	C6=4.043100V	C7=4.048650V	C8=4.046250V	C9=4.047300V	C10=4.043550V	C11=4.044450V	C12=4.045050V	C13=4.047600V	C14=4.048500V	C15=4.045200V	C16=4.043850V	C17=4.044000V	C18=4.045200V	C19=4.045500V	C20=4.046700V	C21=4.047000V	C22=4.044600V	C23=4.039050V	C24=4.045800V	C25=4.046100V	C26=4.046250V	C27=4.047600V	C28=4.046700V	
max_temp: 15.824244	min_temp: 13.175806	avg_temp: 13.643431
undervoltage: 0	overvoltage: 0	pec: 0	overtemperature: 0	openwire: 0	openwire_temp: 0
dcc1: 00	dcc2: 00	
Time: 12904
Current: -0.137604
SOC: 0.844467
total_v: 113.265579	max_v: 4.048650	min_v: 4.039050	avg_v: 4.045199	max-min: 0.009600
C1=4.041300V	C2=4.042800V	C3=4.044300V	C4=4.045200V	C5=4.044000V	C6=4.043100V	C7=4.048650V	C8=4.046250V	C9=4.047300V	C10=4.043550V	C11=4.044600V	C12=4.045050V	C13=4.047600V	C14=4.048350V	C15=4.045200V	C16=4.043850V	C17=4.044000V	C18=4.045200V	C19=4.045650V	C20=4.046700V	C21=4.047000V	C22=4.044600V	C23=4.039050V	C24=4.045800V	C25=4.046100V	C26=4.046100V	C27=4.047600V	C28=4.046700V	
max_temp: 15.824244	min_temp: 13.175806	avg_temp: 13.643431
undervoltage: 0	overvoltage: 0	pec: 0	overtemperature: 0	openwire: 0	openwire_temp: 0
dcc1: 00	dcc2: 00	
Time: 13105
Current: -0.137604
SOC: 0.844467
total_v: 113.265732	max_v: 4.048650	min_v: 4.039050	avg_v: 4.045205	max-min: 0.009600
C1=4.041300V	C2=4.042800V	C3=4.044300V	C4=4.045200V	C5=4.044150V	C6=4.043100V	C7=4.048650V	C8=4.046250V	C9=4.047300V	C10=4.043550V	C11=4.044450V	C12=4.045050V	C13=4.047600V	C14=4.048350V	C15=4.045200V	C16=4.043850V	C17=4.044000V	C18=4.045350V	C19=4.045650V	C20=4.046700V	C21=4.047000V	C22=4.044600V	C23=4.039050V	C24=4.045800V	C25=4.046100V	C26=4.046250V	C27=4.047600V	C28=4.046550V	
max_temp: 15.824244	min_temp: 13.175806	avg_temp: 13.643747
undervoltage: 0	overvoltage: 0	pec: 0	overtemperature: 0	openwire: 0	openwire_temp: 0
dcc1: 00	dcc2: 00	
Time: 13306
Current: -0.137604
SOC: 0.844468
total_v: 113.265579	max_v: 4.048650	min_v: 4.039050	avg_v: 4.045199	max-min: 0.009600
C1=4.041300V	C2=4.042800V	C3=4.044300V	C4=4.045200V	C5=4.044150V	C6=4.042950V	C7=4.048650V	C8=4.046250V	C9=4.047300V	C10=4.043400V	C11=4.044600V	C12=4.045050V	C13=4.047600V	C14=4.048500V	C15=4.045200V	C16=4.043850V	C17=4.044000V	C18=4.045200V	C19=4.045650V	C20=4.046700V	C21=4.047000V	C22=4.044600V	C23=4.039050V	C24=4.045800V	C25=4.046100V	C26=4.046100V	C27=4.047600V	C28=4.046700V	
max_temp: 15.824244	min_temp: 13.175806	avg_temp: 13.643747
undervoltage: 0	overvoltage: 0	pec: 0	overtemperature: 0	openwire: 0	openwire_temp: 0
dcc1: 00	dcc2: 00	
Time: 13507
Current: 1.631363
SOC: 0.844461
total_v: 113.265739	max_v: 4.048650	min_v: 4.038900	avg_v: 4.045205	max-min: 0.009750
C1=4.041300V	C2=4.042800V	C3=4.044300V	C4=4.045200V	C5=4.044000V	C6=4.043100V	C7=4.048650V	C8=4.046250V	C9=4.047300V	C10=4.043550V	C11=4.044600V	C12=4.045050V	C13=4.047600V	C14=4.048500V	C15=4.045200V	C16=4.043850V	C17=4.044000V	C18=4.045200V	C19=4.045650V	C20=4.046700V	C21=4.047000V	C22=4.044600V	C23=4.038900V	C24=4.045800V	C25=4.046100V	C26=4.046250V	C27=4.047600V	C28=4.046700V	
max_temp: 15.824244	min_temp: 13.175806	avg_temp: 13.643431
undervoltage: 0	overvoltage: 0	pec: 0	overtemperature: 0	openwire: 0	openwire_temp: 0
dcc1: 00	dcc2: 00	
Time: 13708
Current: 0.353775
SOC: 0.844460
total_v: 113.265282	max_v: 4.048650	min_v: 4.039050	avg_v: 4.045188	max-min: 0.009600
C1=4.041300V	C2=4.042800V	C3=4.044300V	C4=4.045200V	C5=4.044150V	C6=4.043100V	C7=4.048650V	C8=4.046250V	C9=4.047300V	C10=4.043550V	C11=4.044600V	C12=4.045050V	C13=4.047600V	C14=4.048350V	C15=4.045200V	C16=4.043850V	C17=4.044000V	C18=4.045200V	C19=4.045500V	C20=4.046700V	C21=4.047000V	C22=4.044600V	C23=4.039050V	C24=4.045650V	C25=4.046100V	C26=4.046100V	C27=4.047450V	C28=4.046700V	
max_temp: 15.824244	min_temp: 13.175806	avg_temp: 13.643431
undervoltage: 0	overvoltage: 0	pec: 0	overtemperature: 0	openwire: 0	openwire_temp: 0
dcc1: 00	dcc2: 00	
Time: 13909
Current: -0.137604
SOC: 0.844460
total_v: 113.266045	max_v: 4.048650	min_v: 4.039050	avg_v: 4.045216	max-min: 0.009600
C1=4.041300V	C2=4.042800V	C3=4.044300V	C4=4.045350V	C5=4.044150V	C6=4.043100V	C7=4.048650V	C8=4.046250V	C9=4.047300V	C10=4.043400V	C11=4.044600V	C12=4.045050V	C13=4.047600V	C14=4.048500V	C15=4.045200V	C16=4.043850V	C17=4.044000V	C18=4.045350V	C19=4.045500V	C20=4.046850V	C21=4.047000V	C22=4.044600V	C23=4.039050V	C24=4.045650V	C25=4.046100V	C26=4.046250V	C27=4.047600V	C28=4.046700V	
max_temp: 15.829279	min_temp: 13.175806	avg_temp: 13.644062
undervoltage: 0	overvoltage: 0	pec: 0	overtemperature: 0	openwire: 0	openwire_temp: 0
dcc1: 00	dcc2: 00	
Time: 14110
Current: -0.137604
SOC: 0.844461
total_v: 113.266037	max_v: 4.048650	min_v: 4.039050	avg_v: 4.045216	max-min: 0.009600
C1=4.041300V	C2=4.042650V	C3=4.044300V	C4=4.045200V	C5=4.044150V	C6=4.043100V	C7=4.048650V	C8=4.046250V	C9=4.047300V	C10=4.043550V	C11=4.044600V	C12=4.045050V	C13=4.047600V	C14=4.048500V	C15=4.045200V	C16=4.044000V	C17=4.044000V	C18=4.045350V	C19=4.045500V	C20=4.046700V	C21=4.047000V	C22=4.044600V	C23=4.039050V	C24=4.045800V	C25=4.046100V	C26=4.046250V	C27=4.047600V	C28=4.046700V	
max_temp: 15.824244	min_temp: 13.175806	avg_temp: 13.644062
undervoltage: 0	overvoltage: 0	pec: 0	overtemperature: 0	openwire: 0	openwire_temp: 0
dcc1: 00	dcc2: 00	
Time: 14311
Current: 3.596878
SOC: 0.844446
total_v: 113.266640	max_v: 4.048800	min_v: 4.039050	avg_v: 4.045237	max-min: 0.009750
C1=4.041300V	C2=4.042800V	C3=4.044300V	C4=4.045200V	C5=4.044150V	C6=4.043100V	C7=4.048800V	C8=4.046250V	C9=4.047300V	C10=4.043550V	C11=4.044600V	C12=4.045050V	C13=4.047600V	C14=4.048350V	C15=4.045200V	C16=4.044000V	C17=4.044000V	C18=4.045350V	C19=4.045650V	C20=4.046850V	C21=4.047000V	C22=4.044600V	C23=4.039050V	C24=4.045800V	C25=4.046250V	C26=4.046250V	C27=4.047600V	C28=4.046700V	
max_temp: 15.829279	min_temp: 13.175806	avg_temp: 13.644691
undervoltage: 0	overvoltage: 0	pec: 0	overtemperature: 0	openwire: 0	openwire_temp: 0
dcc1: 00	dcc2: 00	
Time: 14512
Current: -0.137604
SOC: 0.844447
total_v: 113.266174	max_v: 4.048650	min_v: 4.039050	avg_v: 4.045220	max-min: 0.009600
C1=4.041300V	C2=4.042800V	C3=4.044300V	C4=4.045350V	C5=4.044150V	C6=4.043100V	C7=4.048650V	C8=4.046250V	C9=4.047300V	C10=4.043550V	C11=4.044450V	C12=4.045050V	C13=4.047750V	C14=4.048500V	C15=4.045200V	C16=4.043850V	C17=4.044000V	C18=4.045200V	C19=4.045650V	C20=4.046700V	C21=4.047000V	C22=4.044600V	C23=4.039050V	C24=4.045800V	C25=4.046100V	C26=4.046250V	C27=4.047600V	C28=4.046700V	
max_temp: 15.829279	min_temp: 13.175806	avg_temp: 13.644377
undervoltage: 0	overvoltage: 0	pec: 0	overtemperature: 0	openwire: 0	openwire_temp: 0
dcc1: 00	dcc2: 00	
Time: 14713
Current: -0.039322
SOC: 0.844447
total_v: 113.265579	max_v: 4.048650	min_v: 4.039050	avg_v: 4.045199	max-min: 0.009600
C1=4.041150V	C2=4.042800V	C3=4.044300V	C4=4.045200V	C5=4.044150V	C6=4.042950V	C7=4.048650V	C8=4.046250V	C9=4.047300V	C10=4.043550V	C11=4.044600V	C12=4.045050V	C13=4.047600V	C14=4.048350V	C15=4.045200V	C16=4.043850V	C17=4.044000V	C18=4.045200V	C19=4.045650V	C20=4.046700V	C21=4.047000V	C22=4.044600V	C23=4.039050V	C24=4.045800V	C25=4.046100V	C26=4.046250V	C27=4.047600V	C28=4.046700V	
max_temp: 15.829279	min_temp: 13.175806	avg_temp: 13.644060
undervoltage: 0	overvoltage: 0	pec: 0	overtemperature: 0	openwire: 0	openwire_temp: 0
dcc1: 00	dcc2: 00	
Time: 14914
Current: -0.137604
SOC: 0.844447
total_v: 113.266037	max_v: 4.048650	min_v: 4.039050	avg_v: 4.045216	max-min: 0.009600
C1=4.041300V	C2=4.042800V	C3=4.044300V	C4=4.045350V	C5=4.044150V	C6=4.043100V	C7=4.048650V	C8=4.046250V	C9=4.047300V	C10=4.043550V	C11=4.044600V	C12=4.045050V	C13=4.047600V	C14=4.048350V	C15=4.045200V	C16=4.043850V	C17=4.044000V	C18=4.045350V	C19=4.045650V	C20=4.046700V	C21=4.047000V	C22=4.044600V	C23=4.039050V	C24=4.045800V	C25=4.046100V	C26=4.046250V	C27=4.047600V	C28=4.046550V	
max_temp: 15.829279	min_temp: 13.175806	avg_temp: 13.643745
undervoltage: 0	overvoltage: 0	pec: 0	overtemperature: 0	openwire: 0	openwire_temp: 0
dcc1: 00	dcc2: 00	
Time: 15115
Current: 0.746887
SOC: 0.844444
total_v: 113.265892	max_v: 4.048650	min_v: 4.038900	avg_v: 4.045210	max-min: 0.009750
C1=4.041300V	C2=4.042800V	C3=4.044300V	C4=4.045350V	C5=4.044150V	C6=4.043100V	C7=4.048650V	C8=4.046250V	C9=4.047300V	C10=4.043400V	C11=4.044450V	C12=4.045050V	C13=4.047600V	C14=4.048500V	C15=4.045200V	C16=4.043850V	C17=4.044000V	C18=4.045350V	C19=4.045650V	C20=4.046700V	C21=4.047000V	C22=4.044600V	C23=4.038900V	C24=4.045800V	C25=4.046100V	C26=4.046250V	C27=4.047600V	C28=4.046700V	
max_temp: 15.829279	min_temp: 13.175806	avg_temp: 13.644377
undervoltage: 0	overvoltage: 0	pec: 0	overtemperature: 0	openwire: 0	openwire_temp: 0
dcc1: 00	dcc2: 00	
Time: 15316
Current: -0.137604
SOC: 0.844445
total_v: 113.265884	max_v: 4.048650	min_v: 4.038900	avg_v: 4.045210	max-min: 0.009750
C1=4.041300V	C2=4.042800V	C3=4.044300V	C4=4.045200V	C5=4.044150V	C6=4.043100V	C7=4.048650V	C8=4.046250V	C9=4.047300V	C10=4.043550V	C11=4.044600V	C12=4.045050V	C13=4.047600V	C14=4.048500V	C15=4.045200V	C16=4.043850V	C17=4.044000V	C18=4.045200V	C19=4.045650V	C20=4.046700V	C21=4.047000V	C22=4.044600V	C23=4.038900V	C24=4.045800V	C25=4.046250V	C26=4.046250V	C27=4.047600V	C28=4.046550V	
max_temp: 15.829279	min_temp: 13.175806	avg_temp: 13.644062
undervoltage: 0	overvoltage: 0	pec: 0	overtemperature: 0	openwire: 0	openwire_temp: 0
dcc1: 00	dcc2: 00	
Time: 15517
Current: -0.039322
SOC: 0.844445
total_v: 113.265442	max_v: 4.048650	min_v: 4.038900	avg_v: 4.045194	max-min: 0.009750
C1=4.041300V	C2=4.042800V	C3=4.044300V	C4=4.045200V	C5=4.044150V	C6=4.043100V	C7=4.048650V	C8=4.046250V	C9=4.047300V	C10=4.043550V	C11=4.044450V	C12=4.045050V	C13=4.047600V	C14=4.048350V	C15=4.045200V	C16=4.043850V	C17=4.044000V	C18=4.045200V	C19=4.045500V	C20=4.046700V	C21=4.047000V	C22=4.044600V	C23=4.038900V	C24=4.045800V	C25=4.046100V	C26=4.046250V	C27=4.047600V	C28=4.046700V	
max_temp: 15.829279	min_temp: 13.175806	avg_temp: 13.644062
undervoltage: 0	overvoltage: 0	pec: 0	overtemperature: 0	openwire: 0	openwire_temp: 0
dcc1: 00	dcc2: 00	
Time: 15718
Current: 0.845169
SOC: 0.844442
total_v: 113.265587	max_v: 4.048650	min_v: 4.039050	avg_v: 4.045199	max-min: 0.009600
C1=4.041300V	C2=4.042800V	C3=4.044300V	C4=4.045200V	C5=4.044150V	C6=4.043100V	C7=4.048650V	C8=4.046250V	C9=4.047300V	C10=4.043550V	C11=4.044600V	C12=4.045050V	C13=4.047600V	C14=4.048350V	C15=4.045200V	C16=4.043850V	C17=4.044000V	C18=4.045200V	C19=4.045500V	C20=4.046700V	C21=4.047000V	C22=4.044600V	C23=4.039050V	C24=4.045650V	C25=4.046100V	C26=4.046250V	C27=4.047600V	C28=4.046700V	
max_temp: 15.829279	min_temp: 13.175806	avg_temp: 13.644691
undervoltage: 0	overvoltage: 0	pec: 0	overtemperature: 0	openwire: 0	openwire_temp: 0
dcc1: 00	dcc2: 00	
Time: 15919
Current: -0.039322
SOC: 0.844442
total_v: 113.265739	max_v: 4.048650	min_v: 4.038900	avg_v: 4.045205	max-min: 0.009750
C1=4.041300V	C2=4.042950V	C3=4.044300V	C4=4.045200V	C5=4.044150V	C6=4.043100V	C7=4.048650V	C8=4.046250V	C9=4.047300V	C10=4.043400V	C11=4.044450V	C12=4.045050V	C13=4.047600V	C14=4.048500V	C15=4.045200V	C16=4.043850V	C17=4.044000V	C18=4.045200V	C19=4.045650V	C20=4.046700V	C21=4.047000V	C22=4.044600V	C23=4.038900V	C24=4.045800V	C25=4.046100V	C26=4.046250V	C27=4.047600V	C28=4.046700V	
max_temp: 15.829279	min_temp: 13.175806	avg_temp: 13.644691
undervoltage: 0	overvoltage: 0	pec: 0	overtemperature: 0	openwire: 0	openwire_temp: 0
dcc1: 00	dcc2: 00	
Time: 16120
Current: -0.039322
SOC: 0.844442
total_v: 113.266174	max_v: 4.048650	min_v: 4.039050	avg_v: 4.045220	max-min: 0.009600
C1=4.041300V	C2=4.042800V	C3=4.044300V	C4=4.045350V	C5=4.044150V	C6=4.043100V	C7=4.048650V	C8=4.046250V	C9=4.047300V	C10=4.043550V	C11=4.044600V	C12=4.045200V	C13=4.047600V	C14=4.048500V	C15=4.045200V	C16=4.043850V	C17=4.044000V	C18=4.045200V	C19=4.045650V	C20=4.046700V	C21=4.047150V	C22=4.044600V	C23=4.039050V	C24=4.045650V	C25=4.046100V	C26=4.046100V	C27=4.047600V	C28=4.046700V	
max_temp: 15.829279	min_temp: 13.175806	avg_temp: 13.644375
undervoltage: 0	overvoltage: 0	pec: 0	overtemperature: 0	openwire: 0	openwire_temp: 0
dcc1: 00	dcc2: 00	
Time: 16321
Current: -0.039322
SOC: 0.844442
total_v: 113.265724	max_v: 4.048650	min_v: 4.039050	avg_v: 4.045205	max-min: 0.009600
C1=4.041300V	C2=4.042800V	C3=4.044300V	C4=4.045200V	C5=4.044000V	C6=4.043100V	C7=4.048650V	C8=4.046250V	C9=4.047300V	C10=4.043550V	C11=4.044600V	C12=4.045050V	C13=4.047600V	C14=4.048500V	C15=4.045200V	C16=4.044000V	C17=4.044000V	C18=4.045200V	C19=4.045650V	C20=4.046700V	C21=4.047000V	C22=4.044600V	C23=4.039050V	C24=4.045650V	C25=4.046100V	C26=4.046100V	C27=4.047600V	C28=4.046700V	
max_temp: 15.829279	min_temp: 13.175806	avg_temp: 13.644691
undervoltage: 0	overvoltage: 0	pec: 0	overtemperature: 0	openwire: 0	openwire_temp: 0
dcc1: 00	dcc2: 00	
Time: 16522
Current: 2.810684
SOC: 0.844431
total_v: 113.265587	max_v: 4.048650	min_v: 4.038900	avg_v: 4.045199	max-min: 0.009750
C1=4.041300V	C2=4.042800V	C3=4.044300V	C4=4.045200V	C5=4.044150V	C6=4.043100V	C7=4.048650V	C8=4.046250V	C9=4.047300V	C10=4.043550V	C11=4.044600V	C12=4.045050V	C13=4.047600V	C14=4.048500V	C15=4.045200V	C16=4.043850V	C17=4.044000V	C18=4.045200V	C19=4.045500V	C20=4.046700V	C21=4.047000V	C22=4.044600V	C23=4.038900V	C24=4.045650V	C25=4.046100V	C26=4.046250V	C27=4.047600V	C28=4.046700V	
max_temp: 15.829279	min_temp: 13.175806	avg_temp: 13.644375
undervoltage: 0	overvoltage: 0	pec: 0	overtemperature: 0	openwire: 0	openwire_temp: 0
dcc1: 00	dcc2: 00	
Time: 16723
Current: -0.039322
SOC: 0.844431
total_v: 113.266037	max_v: 4.048650	min_v: 4.039050	avg_v: 4.045216	max-min: 0.009600
C1=4.041300V	C2=4.042800V	C3=4.044300V	C4=4.045200V	C5=4.044150V	C6=4.043100V	C7=4.048650V	C8=4.046250V	C9=4.047300V	C10=4.043550V	C11=4.044450V	C12=4.045050V	C13=4.047600V	C14=4.048350V	C15=4.045200V	C16=4.043850V	C17=4.044000V	C18=4.045350V	C19=4.045650V	C20=4.046850V	C21=4.047000V	C22=4.044600V	C23=4.039050V	C24=4.045800V	C25=4.046100V	C26=4.046250V	C27=4.047600V	C28=4.046700V	
max_temp: 15.829279	min_temp: 13.175806	avg_temp: 13.645006
undervoltage: 0	overvoltage: 0	pec: 0	overtemperature: 0	openwire: 0	openwire_temp: 0
dcc1: 00	dcc2: 00	
Time: 16924
Current: -0.039322
SOC: 0.844431
total_v: 113.266037	max_v: 4.048800	min_v: 4.038900	avg_v: 4.045216	max-min: 0.009900
C1=4.041300V	C2=4.042800V	C3=4.044300V	C4=4.045350V	C5=4.044000V	C6=4.043100V	C7=4.048800V	C8=4.046250V	C9=4.047300V	C10=4.043550V	C11=4.044600V	C12=4.045050V	C13=4.047600V	C14=4.048500V	C15=4.045200V	C16=4.044000V	C17=4.044000V	C18=4.045200V	C19=4.045650V	C20=4.046700V	C21=4.047000V	C22=4.044600V	C23=4.038900V	C24=4.045650V	C25=4.046100V	C26=4.046250V	C27=4.047600V	C28=4.046700V	
max_temp: 15.829279	min_temp: 13.175806	avg_temp: 13.644691
undervoltage: 0	overvoltage: 0	pec: 0	overtemperature: 0	openwire: 0	openwire_temp: 0
dcc1: 00	dcc2: 00	
Time: 17125
Current: -0.137604
SOC: 0.844431
total_v: 113.265884	max_v: 4.048650	min_v: 4.039050	avg_v: 4.045210	max-min: 0.009600
C1=4.041300V	C2=4.042800V	C3=4.044300V	C4=4.045350V	C5=4.044150V	C6=4.043100V	C7=4.048650V	C8=4.046250V	C9=4.047300V	C10=4.043550V	C11=4.044450V	C12=4.045050V	C13=4.047600V	C14=4.048350V	C15=4.045200V	C16=4.043850V	C17=4.044000V	C18=4.045350V	C19=4.045650V	C20=4.046700V	C21=4.047000V	C22=4.044600V	C23=4.039050V	C24=4.045650V	C25=4.046100V	C26=4.046250V	C27=4.047600V	C28=4.046700V	
max_temp: 15.829279	min_temp: 13.175806	avg_temp: 13.644058
undervoltage: 0	overvoltage: 0	pec: 0	overtemperature: 0	openwire: 0	openwire_temp: 0
dcc1: 00	dcc2: 00	
Time: 17326
Current: 1.827911
SOC: 0.844424
total_v: 113.265884	max_v: 4.048650	min_v: 4.039050	avg_v: 4.045210	max-min: 0.009600
C1=4.041300V	C2=4.042800V	C3=4.044300V	C4=4.045200V	C5=4.044150V	C6=4.043100V	C7=4.048650V	C8=4.046250V	C9=4.047300V	C10=4.043550V	C11=4.044600V	C12=4.045050V	C13=4.047600V	C14=4.048350V	C15=4.045200V	C16=4.043850V	C17=4.044000V	C18=4.045200V	C19=4.045650V	C20=4.046700V	C21=4.047000V	C22=4.044600V	C23=4.039050V	C24=4.045800V	C25=4.046100V	C26=4.046250V	C27=4.047600V	C28=4.046700V	
max_temp: 15.824244	min_temp: 13.175806	avg_temp: 13.644377
undervoltage: 0	overvoltage: 0	pec: 0	overtemperature: 0	openwire: 0	openwire_temp: 0
dcc1: 00	dcc2: 00	
Time: 17527
Current: -0.039322
SOC: 0.844424
total_v: 113.265884	max_v: 4.048650	min_v: 4.038900	avg_v: 4.045210	max-min: 0.009750
C1=4.041300V	C2=4.042800V	C3=4.044300V	C4=4.045200V	C5=4.044150V	C6=4.043100V	C7=4.048650V	C8=4.046250V	C9=4.047300V	C10=4.043550V	C11=4.044600V	C12=4.045050V	C13=4.047600V	C14=4.048500V	C15=4.045200V	C16=4.043850V	C17=4.044000V	C18=4.045200V	C19=4.045650V	C20=4.046700V	C21=4.047000V	C22=4.044600V	C23=4.038900V	C24=4.045800V	C25=4.046100V	C26=4.046250V	C27=4.047600V	C28=4.046700V	
max_temp: 15.824244	min_temp: 13.175806	avg_temp: 13.644377
undervoltage: 0	overvoltage: 0	pec: 0	overtemperature: 0	openwire: 0	openwire_temp: 0
dcc1: 00	dcc2: 00	
Time: 17728
Current: 1.041718
SOC: 0.844420
total_v: 113.265579	max_v: 4.048650	min_v: 4.038900	avg_v: 4.045199	max-min: 0.009750
C1=4.041300V	C2=4.042800V	C3=4.044300V	C4=4.045200V	C5=4.044150V	C6=4.043100V	C7=4.048650V	C8=4.046250V	C9=4.047300V	C10=4.043550V	C11=4.044600V	C12=4.045200V	C13=4.047600V	C14=4.048500V	C15=4.045200V	C16=4.043850V	C17=4.044000V	C18=4.045200V	C19=4.045500V	C20=4.046700V	C21=4.047000V	C22=4.044600V	C23=4.038900V	C24=4.045800V	C25=4.046100V	C26=4.046100V	C27=4.047600V	C28=4.046550V	
max_temp: 15.824244	min_temp: 13.175806	avg_temp: 13.644060
undervoltage: 0	overvoltage: 0	pec: 0	overtemperature: 0	openwire: 0	openwire_temp: 0
dcc1: 00	dcc2: 00	
Time: 17929
Current: -0.039322
SOC: 0.844420
total_v: 113.265732	max_v: 4.048800	min_v: 4.038900	avg_v: 4.045205	max-min: 0.009900
C1=4.041300V	C2=4.042800V	C3=4.044300V	C4=4.045200V	C5=4.044150V	C6=4.043100V	C7=4.048800V	C8=4.046250V	C9=4.047300V	C10=4.043550V	C11=4.044450V	C12=4.045050V	C13=4.047600V	C14=4.048500V	C15=4.045200V	C16=4.043850V	C17=4.044000V	C18=4.045350V	C19=4.045650V	C20=4.046700V	C21=4.047000V	C22=4.044600V	C23=4.038900V	C24=4.045650V	C25=4.046100V	C26=4.046100V	C27=4.047600V	C28=4.046700V	
max_temp: 15.824244	min_temp: 13.175806	avg_temp: 13.645006
undervoltage: 0	overvoltage: 0	pec: 0	overtemperature: 0	openwire: 0	openwire_temp: 0
dcc1: 00	dcc2: 00	
Time: 18130
Current: -0.137604
SOC: 0.844421
total_v: 113.266037	max_v: 4.048800	min_v: 4.038900	avg_v: 4.045216	max-min: 0.009900
C1=4.041300V	C2=4.042800V	C3=4.044300V	C4=4.045350V	C5=4.044150V	C6=4.043100V	C7=4.048800V	C8=4.046250V	C9=4.047300V	C10=4.043550V	C11=4.044600V	C12=4.045050V	C13=4.047600V	C14=4.048500V	C15=4.045200V	C16=4.043850V	C17=4.044000V	C18=4.045200V	C19=4.045500V	C20=4.046700V	C21=4.047000V	C22=4.044600V	C23=4.038900V	C24=4.045800V	C25=4.046100V	C26=4.046250V	C27=4.047600V	C28=4.046700V	
max_temp: 15.824244	min_temp: 13.175806	avg_temp: 13.644377
undervoltage: 0	overvoltage: 0	pec: 0	overtemperature: 0	openwire: 0	openwire_temp: 0
dcc1: 00	dcc2: 00	
Time: 18331
Current: -0.137604
SOC: 0.844421
total_v: 113.265892	max_v: 4.048650	min_v: 4.038900	avg_v: 4.045210	max-min: 0.009750
C1=4.041300V	C2=4.042800V	C3=4.044300V	C4=4.045350V	C5=4.044150V	C6=4.043100V	C7=4.048650V	C8=4.046250V	C9=4.047300V	C10=4.043550V	C11=4.044600V	C12=4.045050V	C13=4.047600V	C14=4.048500V	C15=4.045200V	C16=4.043850V	C17=4.044000V	C18=4.045200V	C19=4.045500V	C20=4.046700V	C21=4.047000V	C22=4.044600V	C23=4.038900V	C24=4.045800V	C25=4.046100V	C26=4.046250V	C27=4.047600V	C28=4.046700V	
max_temp: 15.824244	min_temp: 13.175806	avg_temp: 13.644060
undervoltage: 0	overvoltage: 0	pec: 0	overtemperature: 0	openwire: 0	openwire_temp: 0
dcc1: 00	dcc2: 00	
Time: 18532
Current: -0.039322
SOC: 0.844421
total_v: 113.265892	max_v: 4.048650	min_v: 4.038900	avg_v: 4.045210	max-min: 0.009750
C1=4.041300V	C2=4.042800V	C3=4.044300V	C4=4.045350V	C5=4.044150V	C6=4.043100V	C7=4.048650V	C8=4.046400V	C9=4.047300V	C10=4.043550V	C11=4.044600V	C12=4.045050V	C13=4.047600V	C14=4.048350V	C15=4.045200V	C16=4.043850V	C17=4.044000V	C18=4.045200V	C19=4.045500V	C20=4.046700V	C21=4.047000V	C22=4.044600V	C23=4.038900V	C24=4.045800V	C25=4.046100V	C26=4.046250V	C27=4.047600V	C28=4.046700V	
max_temp: 15.824244	min_temp: 13.175806	avg_temp: 13.645006
undervoltage: 0	overvoltage: 0	pec: 0	overtemperature: 0	openwire: 0	openwire_temp: 0
dcc1: 00	dcc2: 00	
Time: 18733
Current: -0.039322
SOC: 0.844422
total_v: 113.265732	max_v: 4.048800	min_v: 4.039050	avg_v: 4.045205	max-min: 0.009750
C1=4.041300V	C2=4.042800V	C3=4.044300V	C4=4.045200V	C5=4.044000V	C6=4.043100V	C7=4.048800V	C8=4.046250V	C9=4.047300V	C10=4.043550V	C11=4.044450V	C12=4.045050V	C13=4.047600V	C14=4.048350V	C15=4.045200V	C16=4.043850V	C17=4.044000V	C18=4.045200V	C19=4.045650V	C20=4.046700V	C21=4.047000V	C22=4.044600V	C23=4.039050V	C24=4.045800V	C25=4.046100V	C26=4.046250V	C27=4.047600V	C28=4.046700V	
max_temp: 15.824244	min_temp: 13.175806	avg_temp: 13.644062
undervoltage: 0	overvoltage: 0	pec: 0	overtemperature: 0	openwire: 0	openwire_temp: 0
dcc1: 00	dcc2: 00	
Time: 18934
Current: -0.137604
SOC: 0.844422
total_v: 113.265884	max_v: 4.048800	min_v: 4.039050	avg_v: 4.045210	max-min: 0.009750
C1=4.041300V	C2=4.042800V	C3=4.044300V	C4=4.045200V	C5=4.044150V	C6=4.043100V	C7=4.048800V	C8=4.046250V	C9=4.047300V	C10=4.043550V	C11=4.044450V	C12=4.045050V	C13=4.047600V	C14=4.048500V	C15=4.045200V	C16=4.043850V	C17=4.044000V	C18=4.045200V	C19=4.045500V	C20=4.046700V	C21=4.047000V	C22=4.044600V	C23=4.039050V	C24=4.045800V	C25=4.046100V	C26=4.046250V	C27=4.047600V	C28=4.046700V	
max_temp: 15.819208	min_temp: 13.175806	avg_temp: 13.644379
undervoltage: 0	overvoltage: 0	pec: 0	overtemperature: 0	openwire: 0	openwire_temp: 0
dcc1: 00	dcc2: 00	
Time: 19135
Current: 2.024460
SOC: 0.844414
total_v: 113.266029	max_v: 4.048800	min_v: 4.038900	avg_v: 4.045215	max-min: 0.009900
C1=4.041300V	C2=4.042800V	C3=4.044300V	C4=4.045350V	C5=4.044150V	C6=4.043100V	C7=4.048800V	C8=4.046250V	C9=4.047300V	C10=4.043550V	C11=4.044600V	C12=4.045050V	C13=4.047600V	C14=4.048500V	C15=4.045200V	C16=4.043850V	C17=4.044000V	C18=4.045200V	C19=4.045650V	C20=4.046700V	C21=4.047000V	C22=4.044600V	C23=4.038900V	C24=4.045800V	C25=4.046100V	C26=4.046100V	C27=4.047600V	C28=4.046700V	
max_temp: 15.819208	min_temp: 13.180841	avg_temp: 13.645008
undervoltage: 0	overvoltage: 0	pec: 0	overtemperature: 0	openwire: 0	openwire_temp: 0
dcc1: 00	dcc2: 00	
Time: 19336
Current: -0.137604
SOC: 0.844414
total_v: 113.266037	max_v: 4.048650	min_v: 4.039050	avg_v: 4.045216	max-min: 0.009600
C1=4.041300V	C2=4.042800V	C3=4.044300V	C4=4.045350V	C5=4.044150V	C6=4.043100V	C7=4.048650V	C8=4.046250V	C9=4.047300V	C10=4.043550V	C11=4.044600V	C12=4.045050V	C13=4.047600V	C14=4.048350V	C15=4.045200V	C16=4.043850V	C17=4.044000V	C18=4.045350V	C19=4.045650V	C20=4.046700V	C21=4.047000V	C22=4.044600V	C23=4.039050V	C24=4.045800V	C25=4.046100V	C26=4.046100V	C27=4.047600V	C28=4.046700V	
max_temp: 15.819208	min_temp: 13.175806	avg_temp: 13.644060
undervoltage: 0	overvoltage: 0	pec: 0	overtemperature: 0	openwire: 0	openwire_temp: 0
dcc1: 00	dcc2: 00	
Time: 19537
Current: -0.137604
SOC: 0.844415
total_v: 113.266182	max_v: 4.048650	min_v: 4.039050	avg_v: 4.045221	max-min: 0.009600
C1=4.041300V	C2=4.042950V	C3=4.044300V	C4=4.045200V	C5=4.044150V	C6=4.043100V	C7=4.048650V	C8=4.046250V	C9=4.047300V	C10=4.043550V	C11=4.044600V	C12=4.045050V	C13=4.047750V	C14=4.048500V	C15=4.045200V	C16=4.043850V	C17=4.044000V	C18=4.045200V	C19=4.045500V	C20=4.046700V	C21=4.047000V	C22=4.044600V	C23=4.039050V	C24=4.045800V	C25=4.046100V	C26=4.046250V	C27=4.047600V	C28=4.046700V	
max_temp: 15.819208	min_temp: 13.175806	avg_temp: 13.644060
undervoltage: 0	overvoltage: 0	pec: 0	overtemperature: 0	openwire: 0	openwire_temp: 0
dcc1: 00	dcc2: 00	
Time: 19738
Current: -0.039322
SOC: 0.844415
total_v: 113.265884	max_v: 4.048650	min_v: 4.038900	avg_v: 4.045210	max-min: 0.009750
C1=4.041300V	C2=4.042800V	C3=4.044300V	C4=4.045350V	C5=4.044150V	C6=4.043100V	C7=4.048650V	C8=4.046250V	C9=4.047300V	C10=4.043550V	C11=4.044600V	C12=4.045050V	C13=4.047600V	C14=4.048500V	C15=4.045200V	C16=4.043850V	C17=4.044000V	C18=4.045200V	C19=4.045650V	C20=4.046700V	C21=4.047000V	C22=4.044600V	C23=4.038900V	C24=4.045650V	C25=4.046100V	C26=4.046250V	C27=4.047600V	C28=4.046700V	
max_temp: 15.819208	min_temp: 13.175806	avg_temp: 13.644375
undervoltage: 0	overvoltage: 0	pec: 0	overtemperature: 0	openwire: 0	openwire_temp: 0
dcc1: 00	dcc2: 00	
Time: 19939
Current: -0.039322
SOC: 0.844415
total_v: 113.265594	max_v: 4.048650	min_v: 4.038900	avg_v: 4.045200	max-min: 0.009750
C1=4.041300V	C2=4.042800V	C3=4.044300V	C4=4.045200V	C5=4.044150V	C6=4.043100V	C7=4.048650V	C8=4.046250V	C9=4.047300V	C10=4.043550V	C11=4.044600V	C12=4.045050V	C13=4.047600V	C14=4.048350V	C15=4.045200V	C16=4.043850V	C17=4.044000V	C18=4.045200V	C19=4.045500V	C20=4.046700V	C21=4.047000V	C22=4.044600V	C23=4.038900V	C24=4.045800V	C25=4.046100V	C26=4.046250V	C27=4.047600V	C28=4.046700V	
max_temp: 15.819208	min_temp: 13.175806	avg_temp: 13.644377
undervoltage: 0	overvoltage: 0	pec: 0	overtemperature: 0	openwire: 0	openwire_temp: 0
dcc1: 00	dcc2: 00	
Time: 20140
Current: 2.417572
SOC: 0.844405
total_v: 113.266182	max_v: 4.048650	min_v: 4.039050	avg_v: 4.045221	max-min: 0.009600
C1=4.041300V	C2=4.042800V	C3=4.044300V	C4=4.045350V	C5=4.044150V	C6=4.043100V	C7=4.048650V	C8=4.046250V	C9=4.047300V	C10=4.043550V	C11=4.044600V	C12=4.045050V	C13=4.047600V	C14=4.048500V	C15=4.045200V	C16=4.043850V	C17=4.044000V	C18=4.045200V	C19=4.045650V	C20=4.046700V	C21=4.047000V	C22=4.044600V	C23=4.039050V	C24=4.045800V	C25=4.046100V	C26=4.046250V	C27=4.047600V	C28=4.046700V	
max_temp: 15.819208	min_temp: 13.175806	avg_temp: 13.644375
undervoltage: 0	overvoltage: 0	pec: 0	overtemperature: 0	openwire: 0	openwire_temp: 0
dcc1: 00	dcc2: 00	
Time: 20341
Current: -0.039322
SOC: 0.844405
total_v: 113.265892	max_v: 4.048650	min_v: 4.038900	avg_v: 4.045210	max-min: 0.009750
C1=4.041300V	C2=4.042800V	C3=4.044300V	C4=4.045350V	C5=4.044150V	C6=4.043100V	C7=4.048650V	C8=4.046250V	C9=4.047300V	C10=4.043550V	C11=4.044600V	C12=4.045050V	C13=4.047600V	C14=4.048350V	C15=4.045200V	C16=4.044000V	C17=4.044000V	C18=4.045200V	C19=4.045500V	C20=4.046700V	C21=4.047000V	C22=4.044600V	C23=4.038900V	C24=4.045800V	C25=4.046100V	C26=4.046250V	C27=4.047600V	C28=4.046700V	
max_temp: 15.819208	min_temp: 13.175806	avg_temp: 13.644693
undervoltage: 0	overvoltage: 0	pec: 0	overtemperature: 0	openwire: 0	openwire_temp: 0
dcc1: 00	dcc2: 00	
Time: 20542
Current: -0.039322
SOC: 0.844406
total_v: 113.265282	max_v: 4.048650	min_v: 4.038900	avg_v: 4.045188	max-min: 0.009750
C1=4.041300V	C2=4.042800V	C3=4.044300V	C4=4.045200V	C5=4.044150V	C6=4.043100V	C7=4.048650V	C8=4.046250V	C9=4.047150V	C10=4.043550V	C11=4.044450V	C12=4.045050V	C13=4.047600V	C14=4.048350V	C15=4.045200V	C16=4.043850V	C17=4.044000V	C18=4.045200V	C19=4.045650V	C20=4.046700V	C21=4.047000V	C22=4.044600V	C23=4.038900V	C24=4.045800V	C25=4.046100V	C26=4.046100V	C27=4.047600V	C28=4.046700V	
max_temp: 15.819208	min_temp: 13.175806	avg_temp: 13.645008
undervoltage: 0	overvoltage: 0	pec: 0	overtemperature: 0	openwire: 0	openwire_temp: 0
dcc1: 00	dcc2: 00	
Time: 20743
Current: -0.137604
SOC: 0.844406
total_v: 113.265739	max_v: 4.048650	min_v: 4.038900	avg_v: 4.045205	max-min: 0.009750
C1=4.041300V	C2=4.042800V	C3=4.044300V	C4=4.045350V	C5=4.044150V	C6=4.043100V	C7=4.048650V	C8=4.046250V	C9=4.047300V	C10=4.043550V	C11=4.044450V	C12=4.045050V	C13=4.047600V	C14=4.048500V	C15=4.045200V	C16=4.043850V	C17=4.044000V	C18=4.045350V	C19=4.045500V	C20=4.046700V	C21=4.047000V	C22=4.044600V	C23=4.038900V	C24=4.045800V	C25=4.046100V	C26=4.046100V	C27=4.047600V	C28=4.046700V	
max_temp: 15.819208	min_temp: 13.180841	avg_temp: 13.644377
undervoltage: 0	overvoltage: 0	pec: 0	overtemperature: 0	openwire: 0	openwire_temp: 0
dcc1: 00	dcc2: 00	
Time: 20944
Current: -0.137604
SOC: 0.844407
total_v: 113.266037	max_v: 4.048650	min_v: 4.039050	avg_v: 4.045216	max-min: 0.009600
C1=4.041300V	C2=4.042800V	C3=4.044300V	C4=4.045350V	C5=4.044150V	C6=4.043100V	C7=4.048650V	C8=4.046250V	C9=4.047300V	C10=4.043550V	C11=4.044600V	C12=4.045050V	C13=4.047450V	C14=4.048500V	C15=4.045200V	C16=4.043850V	C17=4.044000V	C18=4.045350V	C19=4.045650V	C20=4.046700V	C21=4.047000V	C22=4.044600V	C23=4.039050V	C24=4.045800V	C25=4.046100V	C26=4.046100V	C27=4.047600V	C28=4.046700V	
max_temp: 15.819208	min_temp: 13.175806	avg_temp: 13.644691
undervoltage: 0	overvoltage: 0	pec: 0	overtemperature: 0	openwire: 0	openwire_temp: 0
dcc1: 00	dcc2: 00	
Time: 21145
Current: -0.039322
SOC: 0.844407
total_v: 113.265121	max_v: 4.048650	min_v: 4.039050	avg_v: 4.045183	max-min: 0.009600
C1=4.041300V	C2=4.042800V	C3=4.044300V	C4=4.045200V	C5=4.044150V	C6=4.043100V	C7=4.048650V	C8=4.046250V	C9=4.047300V	C10=4.043400V	C11=4.044450V	C12=4.045050V	C13=4.047600V	C14=4.048350V	C15=4.045200V	C16=4.043850V	C17=4.044000V	C18=4.045200V	C19=4.045650V	C20=4.046700V	C21=4.047000V	C22=4.044600V	C23=4.039050V	C24=4.045650V	C25=4.046100V	C26=4.046100V	C27=4.047600V	C28=4.046550V	
max_temp: 15.819208	min_temp: 13.180841	avg_temp: 13.645325
undervoltage: 0	overvoltage: 0	pec: 0	overtemperature: 0	openwire: 0	openwire_temp: 0
dcc1: 00	dcc2: 00	
Time: 21346
Current: -0.137604
SOC: 0.844408
total_v: 113.265884	max_v: 4.048650	min_v: 4.039050	avg_v: 4.045210	max-min: 0.009600
C1=4.041300V	C2=4.042800V	C3=4.044300V	C4=4.045200V	C5=4.044150V	C6=4.043100V	C7=4.048650V	C8=4.046250V	C9=4.047300V	C10=4.043550V	C11=4.044600V	C12=4.045050V	C13=4.047600V	C14=4.048500V	C15=4.045200V	C16=4.043850V	C17=4.044000V	C18=4.045350V	C19=4.045500V	C20=4.046700V	C21=4.047000V	C22=4.044600V	C23=4.039050V	C24=4.045650V	C25=4.046100V	C26=4.046250V	C27=4.047600V	C28=4.046700V	
max_temp: 15.819208	min_temp: 13.175806	avg_temp: 13.645638
undervoltage: 0	overvoltage: 0	pec: 0	overtemperature: 0	openwire: 0	openwire_temp: 0
dcc1: 00	dcc2: 00	
Time: 21547
Current: 0.353775
SOC: 0.844406
total_v: 113.265732	max_v: 4.048650	min_v: 4.038900	avg_v: 4.045205	max-min: 0.009750
C1=4.041300V	C2=4.042800V	C3=4.044300V	C4=4.045350V	C5=4.044150V	C6=4.043100V	C7=4.048650V	C8=4.046250V	C9=4.047300V	C10=4.043550V	C11=4.044600V	C12=4.045050V	C13=4.047600V	C14=4.048500V	C15=4.045200V	C16=4.043850V	C17=4.044000V	C18=4.045200V	C19=4.045650V	C20=4.046700V	C21=4.047000V	C22=4.044600V	C23=4.038900V	C24=4.045650V	C25=4.046100V	C26=4.046250V	C27=4.047600V	C28=4.046550V	
max_temp: 15.819208	min_temp: 13.175806	avg_temp: 13.644693
undervoltage: 0	overvoltage: 0	pec: 0	overtemperature: 0	openwire: 0	openwire_temp: 0
dcc1: 00	dcc2: 00	
Time: 21748
Current: -0.137604
SOC: 0.844407
total_v: 113.265587	max_v: 4.048650	min_v: 4.039050	avg_v: 4.045199	max-min: 0.009600
C1=4.041300V	C2=4.042800V	C3=4.044300V	C4=4.045350V	C5=4.044150V	C6=4.043100V	C7=4.048650V	C8=4.046250V	C9=4.047300V	C10=4.043550V	C11=4.044450V	C12=4.045050V	C13=4.047600V	C14=4.048350V	C15=4.045200V	C16=4.043850V	C17=4.044000V	C18=4.045200V	C19=4.045500V	C20=4.046700V	C21=4.047000V	C22=4.044600V	C23=4.039050V	C24=4.045650V	C25=4.046100V	C26=4.046250V	C27=4.047600V	C28=4.046700V	
max_temp: 15.819208	min_temp: 13.175806	avg_temp: 13.645006
undervoltage: 0	overvoltage: 0	pec: 0	overtemperature: 0	openwire: 0	openwire_temp: 0
dcc1: 00	dcc2: 00	
Time: 21949
Current: -0.137604
SOC: 0.844407
total_v: 113.265732	max_v: 4.048650	min_v: 4.038900	avg_v: 4.045205	max-min: 0.009750
C1=4.041300V	C2=4.042800V	C3=4.044300V	C4=4.045200V	C5=4.044150V	C6=4.043100V	C7=4.048650V	C8=4.046250V	C9=4.047300V	C10=4.043550V	C11=4.044450V	C12=4.045050V	C13=4.047600V	C14=4.048500V	C15=4.045200V	C16=4.043850V	C17=4.044000V	C18=4.045350V	C19=4.045650V	C20=4.046700V	C21=4.047000V	C22=4.044600V	C23=4.038900V	C24=4.045800V	C25=4.046100V	C26=4.046100V	C27=4.047600V	C28=4.046700V	
max_temp: 15.819208	min_temp: 13.180841	avg_temp: 13.645954
undervoltage: 0	overvoltage: 0	pec: 0	overtemperature: 0	openwire: 0	openwire_temp: 0
dcc1: 00	dcc2: 00	
Time: 22150
Current: -0.039322
SOC: 0.844407
total_v: 113.266182	max_v: 4.048800	min_v: 4.039050	avg_v: 4.045221	max-min: 0.009750
C1=4.041300V	C2=4.042800V	C3=4.044300V	C4=4.045200V	C5=4.044150V	C6=4.043100V	C7=4.048800V	C8=4.046250V	C9=4.047300V	C10=4.043550V	C11=4.044600V	C12=4.045200V	C13=4.047600V	C14=4.048350V	C15=4.045200V	C16=4.043850V	C17=4.044000V	C18=4.045200V	C19=4.045650V	C20=4.046700V	C21=4.047000V	C22=4.044600V	C23=4.039050V	C24=4.045800V	C25=4.046100V	C26=4.046250V	C27=4.047600V	C28=4.046700V	
max_temp: 15.819208	min_temp: 13.175806	avg_temp: 13.645008
undervoltage: 0	overvoltage: 0	pec: 0	overtemperature: 0	openwire: 0	openwire_temp: 0
dcc1: 00	dcc2: 00	
Time: 22351
Current: -0.137604
SOC: 0.844408
total_v: 113.265732	max_v: 4.048650	min_v: 4.038900	avg_v: 4.045205	max-min: 0.009750
C1=4.041300V	C2=4.042950V	C3=4.044300V	C4=4.045200V	C5=4.044150V	C6=4.043100V	C7=4.048650V	C8=4.046250V	C9=4.047300V	C10=4.043550V	C11=4.044450V	C12=4.045050V	C13=4.047600V	C14=4.048500V	C15=4.045200V	C16=4.043850V	C17=4.044000V	C18=4.045350V	C19=4.045650V	C20=4.046700V	C21=4.047000V	C22=4.044600V	C23=4.038900V	C24=4.045650V	C25=4.046100V	C26=4.046100V	C27=4.047600V	C28=4.046700V	
max_temp: 15.819208	min_temp: 13.180841	avg_temp: 13.645008
undervoltage: 0	overvoltage: 0	pec: 0	overtemperature: 0	openwire: 0	openwire_temp: 0
dcc1: 00	dcc2: 00	
Time: 22552
Current: -0.137604
SOC: 0.844409
total_v: 113.265579	max_v: 4.048650	min_v: 4.039050	avg_v: 4.045199	max-min: 0.009600
C1=4.041300V	C2=4.042800V	C3=4.044300V	C4=4.045350V	C5=4.044150V	C6=4.042950V	C7=4.048650V	C8=4.046250V	C9=4.047150V	C10=4.043550V	C11=4.044450V	C12=4.045050V	C13=4.047600V	C14=4.048350V	C15=4.045200V	C16=4.043850V	C17=4.044000V	C18=4.045350V	C19=4.045650V	C20=4.046700V	C21=4.047000V	C22=4.044600V	C23=4.039050V	C24=4.045650V	C25=4.046100V	C26=4.046250V	C27=4.047600V	C28=4.046700V	
max_temp: 15.819208	min_temp: 13.180841	avg_temp: 13.645323
undervoltage: 0	overvoltage: 0	pec: 0	overtemperature: 0	openwire: 0	openwire_temp: 0
dcc1: 00	dcc2: 00	
Time: 22753
Current: -0.039322
SOC: 0.844409
total_v: 113.265587	max_v: 4.048650	min_v: 4.038900	avg_v: 4.045199	max-min: 0.009750
C1=4.041300V	C2=4.042800V	C3=4.044300V	C4=4.045350V	C5=4.044150V	C6=4.043100V	C7=4.048650V	C8=4.046250V	C9=4.047300V	C10=4.043550V	C11=4.044600V	C12=4.045050V	C13=4.047600V	C14=4.048500V	C15=4.045200V	C16=4.043850V	C17=4.044000V	C18=4.045200V	C19=4.045500V	C20=4.046700V	C21=4.047000V	C22=4.044600V	C23=4.038900V	C24=4.045650V	C25=4.046100V	C26=4.046250V	C27=4.047450V	C28=4.046700V	
max_temp: 15.819208	min_temp: 13.180841	avg_temp: 13.645008
undervoltage: 0	overvoltage: 0	pec: 0	overtemperature: 0	openwire: 0	openwire_temp: 0
dcc1: 00	dcc2: 00	
Time: 22954
Current: 1.729645
SOC: 0.844402
total_v: 113.266037	max_v: 4.048800	min_v: 4.039050	avg_v: 4.045216	max-min: 0.009750
C1=4.041300V	C2=4.042800V	C3=4.044450V	C4=4.045200V	C5=4.044150V	C6=4.043100V	C7=4.048800V	C8=4.046250V	C9=4.047300V	C10=4.043550V	C11=4.044450V	C12=4.045050V	C13=4.047600V	C14=4.048350V	C15=4.045200V	C16=4.043850V	C17=4.044000V	C18=4.045350V	C19=4.045500V	C20=4.046700V	C21=4.047000V	C22=4.044600V	C23=4.039050V	C24=4.045800V	C25=4.046100V	C26=4.046250V	C27=4.047600V	C28=4.046700V	
max_temp: 15.819208	min_temp: 13.175806	avg_temp: 13.644060
undervoltage: 0	overvoltage: 0	pec: 0	overtemperature: 0	openwire: 0	openwire_temp: 0
dcc1: 00	dcc2: 00	
Time: 23155
Current: -0.137604
SOC: 0.844402
total_v: 113.265572	max_v: 4.048650	min_v: 4.039050	avg_v: 4.045199	max-min: 0.009600
C1=4.041300V	C2=4.042800V	C3=4.044300V	C4=4.045200V	C5=4.044150V	C6=4.043100V	C7=4.048650V	C8=4.046250V	C9=4.047300V	C10=4.043400V	C11=4.044450V	C12=4.045050V	C13=4.047600V	C14=4.048500V	C15=4.045200V	C16=4.044000V	C17=4.044000V	C18=4.045200V	C19=4.045650V	C20=4.046700V	C21=4.047000V	C22=4.044600V	C23=4.039050V	C24=4.045800V	C25=4.046100V	C26=4.046100V	C27=4.047600V	C28=4.046550V	
max_temp: 15.819208	min_temp: 13.175806	avg_temp: 13.645325
undervoltage: 0	overvoltage: 0	pec: 0	overtemperature: 0	openwire: 0	openwire_temp: 0
dcc1: 00	dcc2: 00	
Time: 23356
Current: -0.039322
SOC: 0.844402
total_v: 113.265289	max_v: 4.048650	min_v: 4.038900	avg_v: 4.045189	max-min: 0.009750
C1=4.041300V	C2=4.042800V	C3=4.044300V	C4=4.045350V	C5=4.044150V	C6=4.043100V	C7=4.048650V	C8=4.046250V	C9=4.047300V	C10=4.043400V	C11=4.044450V	C12=4.045050V	C13=4.047600V	C14=4.048500V	C15=4.045200V	C16=4.043850V	C17=4.044000V	C18=4.045200V	C19=4.045500V	C20=4.046700V	C21=4.047000V	C22=4.044600V	C23=4.038900V	C24=4.045650V	C25=4.046100V	C26=4.046100V	C27=4.047600V	C28=4.046700V	
max_temp: 15.819208	min_temp: 13.175806	avg_temp: 13.646269
undervoltage: 0	overvoltage: 0	pec: 0	overtemperature: 0	openwire: 0	openwire_temp: 0
dcc1: 00	dcc2: 00	
Time: 23557
Current: -0.039322
SOC: 0.844403
total_v: 113.266182	max_v: 4.048800	min_v: 4.038900	avg_v: 4.045221	max-min: 0.009900
C1=4.041300V	C2=4.042800V	C3=4.044300V	C4=4.045200V	C5=4.044300V	C6=4.043100V	C7=4.048800V	C8=4.046250V	C9=4.047300V	C10=4.043550V	C11=4.044600V	C12=4.045050V	C13=4.047600V	C14=4.048500V	C15=4.045200V	C16=4.043850V	C17=4.044000V	C18=4.045200V	C19=4.045650V	C20=4.046700V	C21=4.047000V	C22=4.044600V	C23=4.038900V	C24=4.045800V	C25=4.046100V	C26=4.046250V	C27=4.047600V	C28=4.046700V	
max_temp: 15.819208	min_temp: 13.180841	avg_temp: 13.646271
undervoltage: 0	overvoltage: 0	pec: 0	overtemperature: 0	openwire: 0	openwire_temp: 0
dcc1: 00	dcc2: 00	
Time: 23758
Current: -0.039322
SOC: 0.844403
total_v: 113.265732	max_v: 4.048650	min_v: 4.039050	avg_v: 4.045205	max-min: 0.009600
C1=4.041300V	C2=4.042800V	C3=4.044300V	C4=4.045200V	C5=4.044150V	C6=4.043100V	C7=4.048650V	C8=4.046250V	C9=4.047150V	C10=4.043550V	C11=4.044600V	C12=4.045050V	C13=4.047600V	C14=4.048350V	C15=4.045200V	C16=4.043850V	C17=4.044000V	C18=4.045350V	C19=4.045650V	C20=4.046700V	C21=4.047000V	C22=4.044600V	C23=4.039050V	C24=4.045650V	C25=4.046100V	C26=4.046250V	C27=4.047600V	C28=4.046700V	
max_temp: 15.819208	min_temp: 13.180841	avg_temp: 13.645006
undervoltage: 0	overvoltage: 0	pec: 0	overtemperature: 0	openwire: 0	openwire_temp: 0
dcc1: 00	dcc2: 00	
Time: 23959
Current: 0.255493
SOC: 0.844402
total_v: 113.266037	max_v: 4.048800	min_v: 4.038900	avg_v: 4.045216	max-min: 0.009900
C1=4.041300V	C2=4.042800V	C3=4.044300V	C4=4.045200V	C5=4.044150V	C6=4.043100V	C7=4.048800V	C8=4.046250V	C9=4.047300V	C10=4.043550V	C11=4.044600V	C12=4.045050V	C13=4.047600V	C14=4.048500V	C15=4.045200V	C16=4.043850V	C17=4.044000V	C18=4.045350V	C19=4.045650V	C20=4.046700V	C21=4.047000V	C22=4.044600V	C23=4.038900V	C24=4.045650V	C25=4.046100V	C26=4.046250V	C27=4.047600V	C28=4.046700V	
max_temp: 15.819208	min_temp: 13.180841	avg_temp: 13.645639
undervoltage: 0	overvoltage: 0	pec: 0	overtemperature: 0	openwire: 0	openwire_temp: 0
dcc1: 00	dcc2: 00	
Time: 24160
Current: -0.137604
SOC: 0.844402
total_v: 113.265732	max_v: 4.048650	min_v: 4.039050	avg_v: 4.045205	max-min: 0.009600
C1=4.041300V	C2=4.042800V	C3=4.044300V	C4=4.045200V	C5=4.044150V	C6=4.043100V	C7=4.048650V	C8=4.046250V	C9=4.047300V	C10=4.043550V	C11=4.044450V	C12=4.045050V	C13=4.047600V	C14=4.048350V	C15=4.045200V	C16=4.043850V	C17=4.044000V	C18=4.045200V	C19=4.045650V	C20=4.046700V	C21=4.047000V	C22=4.044600V	C23=4.039050V	C24=4.045800V	C25=4.046100V	C26=4.046250V	C27=4.047600V	C28=4.046700V	
max_temp: 15.819208	min_temp: 13.180841	avg_temp: 13.646584
undervoltage: 0	overvoltage: 0	pec: 0	overtemperature: 0	openwire: 0	openwire_temp: 0
dcc1: 00	dcc2: 00	
Time: 24361
Current: -0.137604
SOC: 0.844403
total_v: 113.266037	max_v: 4.048650	min_v: 4.039050	avg_v: 4.045216	max-min: 0.009600
C1=4.041300V	C2=4.042800V	C3=4.044300V	C4=4.045200V	C5=4.044150V	C6=4.043100V	C7=4.048650V	C8=4.046250V	C9=4.047300V	C10=4.043550V	C11=4.044600V	C12=4.045050V	C13=4.047600V	C14=4.048500V	C15=4.045200V	C16=4.043850V	C17=4.044000V	C18=4.045350V	C19=4.045500V	C20=4.046700V	C21=4.047000V	C22=4.044600V	C23=4.039050V	C24=4.045800V	C25=4.046100V	C26=4.046250V	C27=4.047600V	C28=4.046700V	
max_temp: 15.819208	min_temp: 13.180841	avg_temp: 13.646271
undervoltage: 0	overvoltage: 0	pec: 0	overtemperature: 0	openwire: 0	openwire_temp: 0
dcc1: 00	dcc2: 00	
Time: 24562
Current: 3.007233
SOC: 0.844391
total_v: 113.265739	max_v: 4.048650	min_v: 4.039050	avg_v: 4.045205	max-min: 0.009600
C1=4.041300V	C2=4.042800V	C3=4.044300V	C4=4.045200V	C5=4.044150V	C6=4.043100V	C7=4.048650V	C8=4.046250V	C9=4.047150V	C10=4.043550V	C11=4.044600V	C12=4.045050V	C13=4.047600V	C14=4.048500V	C15=4.045200V	C16=4.043850V	C17=4.044000V	C18=4.045200V	C19=4.045500V	C20=4.046700V	C21=4.047000V	C22=4.044600V	C23=4.039050V	C24=4.045800V	C25=4.046100V	C26=4.046250V	C27=4.047600V	C28=4.046700V	
max_temp: 15.824244	min_temp: 13.180841	avg_temp: 13.646267
undervoltage: 0	overvoltage: 0	pec: 0	overtemperature: 0	openwire: 0	openwire_temp: 0
dcc1: 00	dcc2: 00	
Time: 24763
Current: 0.746887
SOC: 0.844387
total_v: 113.265587	max_v: 4.048650	min_v: 4.038900	avg_v: 4.045199	max-min: 0.009750
C1=4.041150V	C2=4.042800V	C3=4.044300V	C4=4.045200V	C5=4.044150V	C6=4.043100V	C7=4.048650V	C8=4.046250V	C9=4.047300V	C10=4.043550V	C11=4.044450V	C12=4.045200V	C13=4.047600V	C14=4.048350V	C15=4.045200V	C16=4.043850V	C17=4.044000V	C18=4.045200V	C19=4.045650V	C20=4.046700V	C21=4.047000V	C22=4.044600V	C23=4.038900V	C24=4.045800V	C25=4.046100V	C26=4.046250V	C27=4.047600V	C28=4.046700V	
max_temp: 15.819208	min_temp: 13.180841	avg_temp: 13.645636
undervoltage: 0	overvoltage: 0	pec: 0	overtemperature: 0	openwire: 0	openwire_temp: 0
dcc1: 00	dcc2: 00	
Time: 24964
Current: -0.137604
SOC: 0.844388
total_v: 113.265587	max_v: 4.048650	min_v: 4.038900	avg_v: 4.045199	max-min: 0.009750
C1=4.041300V	C2=4.042800V	C3=4.044300V	C4=4.045200V	C5=4.044000V	C6=4.043100V	C7=4.048650V	C8=4.046250V	C9=4.047300V	C10=4.043550V	C11=4.044450V	C12=4.045050V	C13=4.047600V	C14=4.048500V	C15=4.045200V	C16=4.043850V	C17=4.044000V	C18=4.045200V	C19=4.045650V	C20=4.046700V	C21=4.047000V	C22=4.044600V	C23=4.038900V	C24=4.045800V	C25=4.046100V	C26=4.046250V	C27=4.047600V	C28=4.046700V	
max_temp: 15.824244	min_temp: 13.175806	avg_temp: 13.646585
undervoltage: 0	overvoltage: 0	pec: 0	overtemperature: 0	openwire: 0	openwire_temp: 0
dcc1: 00	dcc2: 00	
Time: 25165
Current: -0.137604
SOC: 0.844389
total_v: 113.265587	max_v: 4.048650	min_v: 4.038900	avg_v: 4.045199	max-min: 0.009750
C1=4.041300V	C2=4.042800V	C3=4.044300V	C4=4.045200V	C5=4.044150V	C6=4.043100V	C7=4.048650V	C8=4.046250V	C9=4.047300V	C10=4.043550V	C11=4.044450V	C12=4.045050V	C13=4.047600V	C14=4.048350V	C15=4.045200V	C16=4.043850V	C17=4.044000V	C18=4.045350V	C19=4.045650V	C20=4.046700V	C21=4.047000V	C22=4.044600V	C23=4.038900V	C24=4.045800V	C25=4.046100V	C26=4.046100V	C27=4.047600V	C28=4.046700V	
max_temp: 15.824244	min_temp: 13.175806	avg_temp: 13.645954
undervoltage: 0	overvoltage: 0	pec: 0	overtemperature: 0	openwire: 0	openwire_temp: 0
dcc1: 00	dcc2: 00	
Time: 25366
Current: 0.845169
SOC: 0.844385
total_v: 113.266037	max_v: 4.048800	min_v: 4.039050	avg_v: 4.045216	max-min: 0.009750
C1=4.041300V	C2=4.042800V	C3=4.044300V	C4=4.045200V	C5=4.044150V	C6=4.043100V	C7=4.048800V	C8=4.046250V	C9=4.047300V	C10=4.043550V	C11=4.044450V	C12=4.045050V	C13=4.047600V	C14=4.048350V	C15=4.045200V	C16=4.043850V	C17=4.044000V	C18=4.045350V	C19=4.045650V	C20=4.046700V	C21=4.047000V	C22=4.044600V	C23=4.039050V	C24=4.045800V	C25=4.046100V	C26=4.046250V	C27=4.047600V	C28=4.046700V	
max_temp: 15.824244	min_temp: 13.180841	avg_temp: 13.646584
undervoltage: 0	overvoltage: 0	pec: 0	overtemperature: 0	openwire: 0	openwire_temp: 0
dcc1: 00	dcc2: 00	
Time: 25567
Current: -0.137604
SOC: 0.844386
total_v: 113.265434	max_v: 4.048650	min_v: 4.038900	avg_v: 4.045194	max-min: 0.009750
C1=4.041300V	C2=4.042800V	C3=4.044300V	C4=4.045200V	C5=4.044150V	C6=4.043100V	C7=4.048650V	C8=4.046250V	C9=4.047300V	C10=4.043550V	C11=4.044450V	C12=4.045050V	C13=4.047600V	C14=4.048500V	C15=4.045200V	C16=4.043850V	C17=4.044000V	C18=4.045350V	C19=4.045500V	C20=4.046700V	C21=4.047000V	C22=4.044600V	C23=4.038900V	C24=4.045650V	C25=4.046100V	C26=4.046100V	C27=4.047600V	C28=4.046700V	
max_temp: 15.824244	min_temp: 13.180841	avg_temp: 13.646585
undervoltage: 0	overvoltage: 0	pec: 0	overtemperature: 0	openwire: 0	openwire_temp: 0
dcc1: 00	dcc2: 00	
Time: 25768
Current: 1.041718
SOC: 0.844381
total_v: 113.265732	max_v: 4.048650	min_v: 4.039050	avg_v: 4.045205	max-min: 0.009600
C1=4.041300V	C2=4.042800V	C3=4.044300V	C4=4.045350V	C5=4.044150V	C6=4.043100V	C7=4.048650V	C8=4.046250V	C9=4.047150V	C10=4.043400V	C11=4.044450V	C12=4.045050V	C13=4.047750V	C14=4.048500V	C15=4.045200V	C16=4.043850V	C17=4.044000V	C18=4.045200V	C19=4.045650V	C20=4.046700V	C21=4.047000V	C22=4.044600V	C23=4.039050V	C24=4.045650V	C25=4.046100V	C26=4.046250V	C27=4.047600V	C28=4.046700V	
max_temp: 15.824244	min_temp: 13.180841	avg_temp: 13.646269
undervoltage: 0	overvoltage: 0	pec: 0	overtemperature: 0	openwire: 0	openwire_temp: 0
dcc1: 00	dcc2: 00	
Time: 25969
Current: -0.137604
SOC: 0.844382
total_v: 113.266037	max_v: 4.048650	min_v: 4.039050	avg_v: 4.045216	max-min: 0.009600
C1=4.041300V	C2=4.042800V	C3=4.044300V	C4=4.045350V	C5=4.044150V	C6=4.043100V	C7=4.048650V	C8=4.046250V	C9=4.047300V	C10=4.043550V	C11=4.044600V	C12=4.045050V	C13=4.047600V	C14=4.048500V	C15=4.045200V	C16=4.043850V	C17=4.044000V	C18=4.045200V	C19=4.045500V	C20=4.046700V	C21=4.047000V	C22=4.044600V	C23=4.039050V	C24=4.045800V	C25=4.046100V	C26=4.046250V	C27=4.047600V	C28=4.046700V	
max_temp: 15.829279	min_temp: 13.175806	avg_temp: 13.646265
undervoltage: 0	overvoltage: 0	pec: 0	overtemperature: 0	openwire: 0	openwire_temp: 0
dcc1: 00	dcc2: 00	
Time: 26170
Current: -0.039322
SOC: 0.844382
total_v: 113.265739	max_v: 4.048650	min_v: 4.038900	avg_v: 4.045205	max-min: 0.009750
C1=4.041300V	C2=4.042800V	C3=4.044300V	C4=4.045200V	C5=4.044150V	C6=4.043100V	C7=4.048650V	C8=4.046250V	C9=4.047300V	C10=4.043550V	C11=4.044450V	C12=4.045050V	C13=4.047600V	C14=4.048350V	C15=4.045200V	C16=4.043850V	C17=4.044000V	C18=4.045350V	C19=4.045650V	C20=4.046700V	C21=4.047000V	C22=4.044600V	C23=4.038900V	C24=4.045800V	C25=4.046100V	C26=4.046250V	C27=4.047600V	C28=4.046700V	
max_temp: 15.824244	min_temp: 13.180841	avg_temp: 13.646582
undervoltage: 0	overvoltage: 0	pec: 0	overtemperature: 0	openwire: 0	openwire_temp: 0
dcc1: 00	dcc2: 00	
Time: 26371
Current: -0.039322
SOC: 0.844382
total_v: 113.265884	max_v: 4.048800	min_v: 4.038900	avg_v: 4.045210	max-min: 0.009900
C1=4.041300V	C2=4.042800V	C3=4.044300V	C4=4.045350V	C5=4.044150V	C6=4.043100V	C7=4.048800V	C8=4.046250V	C9=4.047300V	C10=4.043550V	C11=4.044600V	C12=4.045050V	C13=4.047600V	C14=4.048500V	C15=4.045200V	C16=4.043850V	C17=4.044000V	C18=4.045200V	C19=4.045500V	C20=4.046700V	C21=4.047000V	C22=4.044600V	C23=4.038900V	C24=4.045650V	C25=4.046100V	C26=4.046250V	C27=4.047600V	C28=4.046700V	
max_temp: 15.824244	min_temp: 13.180841	avg_temp: 13.646269
undervoltage: 0	overvoltage: 0	pec: 0	overtemperature: 0	openwire: 0	openwire_temp: 0
dcc1: 00	dcc2: 00	
Time: 26572
Current: -0.039322
SOC: 0.844383
total_v: 113.265739	max_v: 4.048650	min_v: 4.038900	avg_v: 4.045205	max-min: 0.009750
C1=4.041300V	C2=4.042800V	C3=4.044300V	C4=4.045350V	C5=4.044150V	C6=4.043100V	C7=4.048650V	C8=4.046250V	C9=4.047300V	C10=4.043550V	C11=4.044450V	C12=4.045050V	C13=4.047600V	C14=4.048500V	C15=4.045200V	C16=4.043850V	C17=4.044000V	C18=4.045200V	C19=4.045500V	C20=4.046700V	C21=4.047000V	C22=4.044600V	C23=4.038900V	C24=4.045800V	C25=4.046100V	C26=4.046250V	C27=4.047600V	C28=4.046700V	
max_temp: 15.824244	min_temp: 13.180841	avg_temp: 13.646584
undervoltage: 0	overvoltage: 0	pec: 0	overtemperature: 0	openwire: 0	openwire_temp: 0
dcc1: 00	dcc2: 00	
Time: 26773
Current: -0.137604
SOC: 0.844383
total_v: 113.265732	max_v: 4.048650	min_v: 4.038900	avg_v: 4.045205	max-min: 0.009750
C1=4.041300V	C2=4.042800V	C3=4.044300V	C4=4.045350V	C5=4.044150V	C6=4.043100V	C7=4.048650V	C8=4.046250V	C9=4.047300V	C10=4.043550V	C11=4.044600V	C12=4.045050V	C13=4.047600V	C14=4.048500V	C15=4.045200V	C16=4.043850V	C17=4.044000V	C18=4.045200V	C19=4.045650V	C20=4.046700V	C21=4.047000V	C22=4.044600V	C23=4.038900V	C24=4.045650V	C25=4.046100V	C26=4.046250V	C27=4.047600V	C28=4.046550V	
max_temp: 15.829279	min_temp: 13.180841	avg_temp: 13.646265
undervoltage: 0	overvoltage: 0	pec: 0	overtemperature: 0	openwire: 0	openwire_temp: 0
dcc1: 00	dcc2: 00	
Time: 26974
Current: 0.550339
SOC: 0.844381
total_v: 113.265289	max_v: 4.048650	min_v: 4.038900	avg_v: 4.045189	max-min: 0.009750
C1=4.041300V	C2=4.042800V	C3=4.044300V	C4=4.045200V	C5=4.044150V	C6=4.043100V	C7=4.048650V	C8=4.046250V	C9=4.047300V	C10=4.043550V	C11=4.044450V	C12=4.045050V	C13=4.047600V	C14=4.048350V	C15=4.045200V	C16=4.043850V	C17=4.044000V	C18=4.045200V	C19=4.045500V	C20=4.046700V	C21=4.047000V	C22=4.044600V	C23=4.038900V	C24=4.045650V	C25=4.046100V	C26=4.046250V	C27=4.047600V	C28=4.046700V	
max_temp: 15.829279	min_temp: 13.180841	avg_temp: 13.647213
undervoltage: 0	overvoltage: 0	pec: 0	overtemperature: 0	openwire: 0	openwire_temp: 0
dcc1: 00	dcc2: 00	
Time: 27175
Current: -0.039322
SOC: 0.844381
total_v: 113.265129	max_v: 4.048650	min_v: 4.038900	avg_v: 4.045183	max-min: 0.009750
C1=4.041300V	C2=4.042800V	C3=4.044300V	C4=4.045200V	C5=4.044150V	C6=4.043100V	C7=4.048650V	C8=4.046250V	C9=4.047300V	C10=4.043400V	C11=4.044450V	C12=4.045050V	C13=4.047600V	C14=4.048500V	C15=4.045200V	C16=4.043850V	C17=4.044000V	C18=4.045200V	C19=4.045650V	C20=4.046700V	C21=4.047000V	C22=4.044450V	C23=4.038900V	C24=4.045650V	C25=4.046100V	C26=4.046100V	C27=4.047600V	C28=4.046700V	
max_temp: 15.824244	min_temp: 13.180841	avg_temp: 13.647217
undervoltage: 0	overvoltage: 0	pec: 0	overtemperature: 0	openwire: 0	openwire_temp: 0
dcc1: 00	dcc2: 00	
Time: 27376
Current: -0.039322
SOC: 0.844381
total_v: 113.266037	max_v: 4.048650	min_v: 4.039050	avg_v: 4.045216	max-min: 0.009600
C1=4.041300V	C2=4.042800V	C3=4.044300V	C4=4.045350V	C5=4.044150V	C6=4.043100V	C7=4.048650V	C8=4.046250V	C9=4.047300V	C10=4.043550V	C11=4.044600V	C12=4.045050V	C13=4.047600V	C14=4.048500V	C15=4.045200V	C16=4.043850V	C17=4.044000V	C18=4.045200V	C19=4.045500V	C20=4.046700V	C21=4.047000V	C22=4.044600V	C23=4.039050V	C24=4.045800V	C25=4.046100V	C26=4.046250V	C27=4.047600V	C28=4.046700V	
max_temp: 15.829279	min_temp: 13.180841	avg_temp: 13.647844
undervoltage: 0	overvoltage: 0	pec: 0	overtemperature: 0	openwire: 0	openwire_temp: 0
dcc1: 00	dcc2: 00	
Time: 27577
Current: -0.039322
SOC: 0.844381
total_v: 113.265572	max_v: 4.048650	min_v: 4.039050	avg_v: 4.045199	max-min: 0.009600
C1=4.041300V	C2=4.042800V	C3=4.044300V	C4=4.045350V	C5=4.044150V	C6=4.043100V	C7=4.048650V	C8=4.046250V	C9=4.047300V	C10=4.043550V	C11=4.044450V	C12=4.045050V	C13=4.047600V	C14=4.048500V	C15=4.045200V	C16=4.043850V	C17=4.044000V	C18=4.045200V	C19=4.045650V	C20=4.046700V	C21=4.047000V	C22=4.044450V	C23=4.039050V	C24=4.045650V	C25=4.046100V	C26=4.046100V	C27=4.047600V	C28=4.046700V	
max_temp: 15.829279	min_temp: 13.180841	avg_temp: 13.647215
undervoltage: 0	overvoltage: 0	pec: 0	overtemperature: 0	openwire: 0	openwire_temp: 0
dcc1: 00	dcc2: 00	
Time: 27778
Current: -0.137604
SOC: 0.844382
total_v: 113.265884	max_v: 4.048650	min_v: 4.038900	avg_v: 4.045210	max-min: 0.009750
C1=4.041300V	C2=4.042800V	C3=4.044300V	C4=4.045200V	C5=4.044150V	C6=4.043100V	C7=4.048650V	C8=4.046250V	C9=4.047300V	C10=4.043550V	C11=4.044600V	C12=4.045050V	C13=4.047600V	C14=4.048500V	C15=4.045200V	C16=4.043850V	C17=4.044000V	C18=4.045200V	C19=4.045650V	C20=4.046700V	C21=4.047000V	C22=4.044600V	C23=4.038900V	C24=4.045800V	C25=4.046100V	C26=4.046250V	C27=4.047600V	C28=4.046700V	
max_temp: 15.834284	min_temp: 13.175806	avg_temp: 13.647526
undervoltage: 0	overvoltage: 0	pec: 0	overtemperature: 0	openwire: 0	openwire_temp: 0
dcc1: 00	dcc2: 00	
Time: 27979
Current: -0.039322
SOC: 0.844382
total_v: 113.266029	max_v: 4.048650	min_v: 4.039050	avg_v: 4.045215	max-min: 0.009600
C1=4.041300V	C2=4.042800V	C3=4.044300V	C4=4.045200V	C5=4.044150V	C6=4.043100V	C7=4.048650V	C8=4.046250V	C9=4.047300V	C10=4.043550V	C11=4.044600V	C12=4.045050V	C13=4.047600V	C14=4.048500V	C15=4.045200V	C16=4.043850V	C17=4.044000V	C18=4.045200V	C19=4.045650V	C20=4.046700V	C21=4.047000V	C22=4.044600V	C23=4.039050V	C24=4.045800V	C25=4.046100V	C26=4.046250V	C27=4.047600V	C28=4.046700V	
max_temp: 15.829279	min_temp: 13.180841	avg_temp: 13.647844
undervoltage: 0	overvoltage: 0	pec: 0	overtemperature: 0	openwire: 0	openwire_temp: 0
dcc1: 00	dcc2: 00	
Time: 28180
Current: -0.039322
SOC: 0.844382
total_v: 113.265732	max_v: 4.048800	min_v: 4.038900	avg_v: 4.045205	max-min: 0.009900
C1=4.041300V	C2=4.042800V	C3=4.044300V	C4=4.045200V	C5=4.044150V	C6=4.043100V	C7=4.048800V	C8=4.046400V	C9=4.047300V	C10=4.043550V	C11=4.044450V	C12=4.045050V	C13=4.047600V	C14=4.048500V	C15=4.045200V	C16=4.043850V	C17=4.044000V	C18=4.045200V	C19=4.045500V	C20=4.046700V	C21=4.047000V	C22=4.044600V	C23=4.038900V	C24=4.045650V	C25=4.046100V	C26=4.046250V	C27=4.047600V	C28=4.046700V	
max_temp: 15.829279	min_temp: 13.180841	avg_temp: 13.648478
undervoltage: 0	overvoltage: 0	pec: 0	overtemperature: 0	openwire: 0	openwire_temp: 0
dcc1: 00	dcc2: 00	
Time: 28381
Current: 1.336533
SOC: 0.844377
total_v: 113.265892	max_v: 4.048650	min_v: 4.038900	avg_v: 4.045210	max-min: 0.009750
C1=4.041300V	C2=4.042800V	C3=4.044300V	C4=4.045350V	C5=4.044150V	C6=4.043100V	C7=4.048650V	C8=4.046250V	C9=4.047300V	C10=4.043550V	C11=4.044600V	C12=4.045050V	C13=4.047600V	C14=4.048350V	C15=4.045200V	C16=4.043850V	C17=4.044000V	C18=4.045350V	C19=4.045650V	C20=4.046700V	C21=4.047000V	C22=4.044600V	C23=4.038900V	C24=4.045650V	C25=4.046100V	C26=4.046250V	C27=4.047600V	C28=4.046700V	
max_temp: 15.829279	min_temp: 13.180841	avg_temp: 13.646584
undervoltage: 0	overvoltage: 0	pec: 0	overtemperature: 0	openwire: 0	openwire_temp: 0
dcc1: 00	dcc2: 00	
Time: 28582
Current: -0.137604
SOC: 0.844377
total_v: 113.266335	max_v: 4.048800	min_v: 4.039050	avg_v: 4.045226	max-min: 0.009750
C1=4.041300V	C2=4.042800V	C3=4.044300V	C4=4.045350V	C5=4.044150V	C6=4.043100V	C7=4.048800V	C8=4.046250V	C9=4.047300V	C10=4.043550V	C11=4.044600V	C12=4.045050V	C13=4.047600V	C14=4.048350V	C15=4.045200V	C16=4.043850V	C17=4.044000V	C18=4.045200V	C19=4.045650V	C20=4.046850V	C21=4.047000V	C22=4.044600V	C23=4.039050V	C24=4.045800V	C25=4.046100V	C26=4.046250V	C27=4.047600V	C28=4.046700V	
max_temp: 15.829279	min_temp: 13.180841	avg_temp: 13.647213
undervoltage: 0	overvoltage: 0	pec: 0	overtemperature: 0	openwire: 0	openwire_temp: 0
dcc1: 00	dcc2: 00	
Time: 28783
Current: -0.039322
SOC: 0.844378
total_v: 113.265732	max_v: 4.048650	min_v: 4.039050	avg_v: 4.045205	max-min: 0.009600
C1=4.041300V	C2=4.042800V	C3=4.044300V	C4=4.045200V	C5=4.044150V	C6=4.043100V	C7=4.048650V	C8=4.046250V	C9=4.047300V	C10=4.043550V	C11=4.044450V	C12=4.045050V	C13=4.047600V	C14=4.048350V	C15=4.045200V	C16=4.043850V	C17=4.044000V	C18=4.045200V	C19=4.045650V	C20=4.046700V	C21=4.047000V	C22=4.044600V	C23=4.039050V	C24=4.045800V	C25=4.046100V	C26=4.046250V	C27=4.047600V	C28=4.046700V	
max_temp: 15.834284	min_temp: 13.180841	avg_temp: 13.647528
undervoltage: 0	overvoltage: 0	pec: 0	overtemperature: 0	openwire: 0	openwire_temp: 0
dcc1: 00	dcc2: 00	
Time: 28984
Current: -0.137604
SOC: 0.844378
total_v: 113.265892	max_v: 4.048800	min_v: 4.038900	avg_v: 4.045210	max-min: 0.009900
C1=4.041300V	C2=4.042800V	C3=4.044300V	C4=4.045350V	C5=4.044000V	C6=4.043100V	C7=4.048800V	C8=4.046250V	C9=4.047300V	C10=4.043550V	C11=4.044600V	C12=4.045050V	C13=4.047600V	C14=4.048350V	C15=4.045200V	C16=4.043850V	C17=4.044000V	C18=4.045200V	C19=4.045650V	C20=4.046700V	C21=4.047000V	C22=4.044600V	C23=4.038900V	C24=4.045800V	C25=4.046100V	C26=4.046250V	C27=4.047600V	C28=4.046700V	
max_temp: 15.834284	min_temp: 13.180841	avg_temp: 13.647528
undervoltage: 0	overvoltage: 0	pec: 0	overtemperature: 0	openwire: 0	openwire_temp: 0
dcc1: 00	dcc2: 00	
Time: 29185
Current: 0.452072
SOC: 0.844376
total_v: 113.265579	max_v: 4.048650	min_v: 4.038900	avg_v: 4.045199	max-min: 0.009750
C1=4.041300V	C2=4.042800V	C3=4.044300V	C4=4.045350V	C5=4.044150V	C6=4.043100V	C7=4.048650V	C8=4.046250V	C9=4.047300V	C10=4.043550V	C11=4.044450V	C12=4.045050V	C13=4.047600V	C14=4.048500V	C15=4.045200V	C16=4.043850V	C17=4.044000V	C18=4.045200V	C19=4.045650V	C20=4.046700V	C21=4.047000V	C22=4.044600V	C23=4.038900V	C24=4.045800V	C25=4.046100V	C26=4.046250V	C27=4.047450V	C28=4.046550V	
max_temp: 15.834284	min_temp: 13.180841	avg_temp: 13.648474
undervoltage: 0	overvoltage: 0	pec: 0	overtemperature: 0	openwire: 0	openwire_temp: 0
dcc1: 00	dcc2: 00	
Time: 29386
Current: -0.137604
SOC: 0.844377
total_v: 113.265442	max_v: 4.048650	min_v: 4.038900	avg_v: 4.045194	max-min: 0.009750
C1=4.041300V	C2=4.042800V	C3=4.044300V	C4=4.045350V	C5=4.044150V	C6=4.043100V	C7=4.048650V	C8=4.046250V	C9=4.047300V	C10=4.043400V	C11=4.044600V	C12=4.045050V	C13=4.047600V	C14=4.048500V	C15=4.045200V	C16=4.043850V	C17=4.044000V	C18=4.045200V	C19=4.045500V	C20=4.046700V	C21=4.047000V	C22=4.044600V	C23=4.038900V	C24=4.045650V	C25=4.046100V	C26=4.046100V	C27=4.047600V	C28=4.046700V	
max_temp: 15.834284	min_temp: 13.180841	avg_temp: 13.647842
undervoltage: 0	overvoltage: 0	pec: 0	overtemperature: 0	openwire: 0	openwire_temp: 0
dcc1: 00	dcc2: 00	
Time: 29587
Current: 0.550339
SOC: 0.844375
total_v: 113.266029	max_v: 4.048650	min_v: 4.038900	avg_v: 4.045215	max-min: 0.009750
C1=4.041300V	C2=4.042800V	C3=4.044300V	C4=4.045350V	C5=4.044150V	C6=4.043100V	C7=4.048650V	C8=4.046250V	C9=4.047300V	C10=4.043550V	C11=4.044600V	C12=4.045050V	C13=4.047750V	C14=4.048500V	C15=4.045200V	C16=4.043850V	C17=4.044000V	C18=4.045200V	C19=4.045650V	C20=4.046700V	C21=4.047000V	C22=4.044600V	C23=4.038900V	C24=4.045800V	C25=4.046100V	C26=4.046100V	C27=4.047600V	C28=4.046700V	
max_temp: 15.829279	min_temp: 13.180841	avg_temp: 13.647217
undervoltage: 0	overvoltage: 0	pec: 0	overtemperature: 0	openwire: 0	openwire_temp: 0
dcc1: 00	dcc2: 00	
Time: 29788
Current: -0.039322
SOC: 0.844375
total_v: 113.265739	max_v: 4.048650	min_v: 4.038900	avg_v: 4.045205	max-min: 0.009750
C1=4.041300V	C2=4.042950V	C3=4.044300V	C4=4.045350V	C5=4.044150V	C6=4.043100V	C7=4.048650V	C8=4.046250V	C9=4.047300V	C10=4.043550V	C11=4.044450V	C12=4.045050V	C13=4.047600V	C14=4.048350V	C15=4.045200V	C16=4.043850V	C17=4.044000V	C18=4.045200V	C19=4.045500V	C20=4.046700V	C21=4.047000V	C22=4.044600V	C23=4.038900V	C24=4.045800V	C25=4.046100V	C26=4.046250V	C27=4.047600V	C28=4.046700V	
max_temp: 15.829279	min_temp: 13.180841	avg_temp: 13.647213
undervoltage: 0	overvoltage: 0	pec: 0	overtemperature: 0	openwire: 0	openwire_temp: 0
dcc1: 00	dcc2: 00	
Time: 29989
Current: 0.058945
SOC: 0.844375
total_v: 113.265289	max_v: 4.048800	min_v: 4.038900	avg_v: 4.045189	max-min: 0.009900
C1=4.041300V	C2=4.042800V	C3=4.044300V	C4=4.045200V	C5=4.044150V	C6=4.043100V	C7=4.048800V	C8=4.046250V	C9=4.047300V	C10=4.043550V	C11=4.044450V	C12=4.045050V	C13=4.047600V	C14=4.048500V	C15=4.045200V	C16=4.043850V	C17=4.044000V	C18=4.045200V	C19=4.045500V	C20=4.046700V	C21=4.046850V	C22=4.044600V	C23=4.038900V	C24=4.045650V	C25=4.046100V	C26=4.046100V	C27=4.047600V	C28=4.046700V	
max_temp: 15.829279	min_temp: 13.180841	avg_temp: 13.647844
undervoltage: 0	overvoltage: 0	pec: 0	overtemperature: 0	openwire: 0	openwire_temp: 0
dcc1: 00	dcc2: 00	
Time: 30190
Current: -0.137604
SOC: 0.844375
total_v: 113.266190	max_v: 4.048800	min_v: 4.038900	avg_v: 4.045221	max-min: 0.009900
C1=4.041300V	C2=4.042800V	C3=4.044300V	C4=4.045350V	C5=4.044150V	C6=4.043100V	C7=4.048800V	C8=4.046250V	C9=4.047300V	C10=4.043550V	C11=4.044600V	C12=4.045050V	C13=4.047600V	C14=4.048350V	C15=4.045200V	C16=4.043850V	C17=4.044000V	C18=4.045350V	C19=4.045650V	C20=4.046700V	C21=4.047000V	C22=4.044600V	C23=4.038900V	C24=4.045800V	C25=4.046100V	C26=4.046250V	C27=4.047600V	C28=4.046700V	
max_temp: 15.829279	min_temp: 13.180841	avg_temp: 13.647846
undervoltage: 0	overvoltage: 0	pec: 0	overtemperature: 0	openwire: 0	openwire_temp: 0
dcc1: 00	dcc2: 00	
Time: 30391
Current: -0.137604
SOC: 0.844376
total_v: 113.266037	max_v: 4.048650	min_v: 4.039050	avg_v: 4.045216	max-min: 0.009600
C1=4.041300V	C2=4.042800V	C3=4.044300V	C4=4.045350V	C5=4.044150V	C6=4.043100V	C7=4.048650V	C8=4.046250V	C9=4.047300V	C10=4.043550V	C11=4.044600V	C12=4.045050V	C13=4.047600V	C14=4.048500V	C15=4.045200V	C16=4.043850V	C17=4.044000V	C18=4.045200V	C19=4.045500V	C20=4.046700V	C21=4.047000V	C22=4.044600V	C23=4.039050V	C24=4.045800V	C25=4.046100V	C26=4.046250V	C27=4.047600V	C28=4.046700V	
max_temp: 15.829279	min_temp: 13.180841	avg_temp: 13.648161
undervoltage: 0	overvoltage: 0	pec: 0	overtemperature: 0	openwire: 0	openwire_temp: 0
dcc1: 00	dcc2: 00	
Time: 30592
Current: 0.452072
SOC: 0.844374
total_v: 113.265587	max_v: 4.048650	min_v: 4.038900	avg_v: 4.045199	max-min: 0.009750
C1=4.041300V	C2=4.042800V	C3=4.044300V	C4=4.045200V	C5=4.044150V	C6=4.043100V	C7=4.048650V	C8=4.046250V	C9=4.047300V	C10=4.043550V	C11=4.044450V	C12=4.045050V	C13=4.047600V	C14=4.048500V	C15=4.045200V	C16=4.043850V	C17=4.044000V	C18=4.045200V	C19=4.045500V	C20=4.046700V	C21=4.047000V	C22=4.044600V	C23=4.038900V	C24=4.045800V	C25=4.046100V	C26=4.046250V	C27=4.047600V	C28=4.046700V	
max_temp: 15.829279	min_temp: 13.180841	avg_temp: 13.647844
undervoltage: 0	overvoltage: 0	pec: 0	overtemperature: 0	openwire: 0	openwire_temp: 0
dcc1: 00	dcc2: 00	
Time: 30793
Current: -0.039322
SOC: 0.844374
total_v: 113.265442	max_v: 4.048650	min_v: 4.038900	avg_v: 4.045194	max-min: 0.009750
C1=4.041300V	C2=4.042800V	C3=4.044300V	C4=4.045350V	C5=4.044150V	C6=4.043100V	C7=4.048650V	C8=4.046250V	C9=4.047150V	C10=4.043550V	C11=4.044600V	C12=4.045050V	C13=4.047600V	C14=4.048500V	C15=4.045200V	C16=4.043850V	C17=4.044000V	C18=4.045200V	C19=4.045500V	C20=4.046700V	C21=4.047000V	C22=4.044600V	C23=4.038900V	C24=4.045650V	C25=4.046100V	C26=4.046100V	C27=4.047600V	C28=4.046700V	
max_temp: 15.824244	min_temp: 13.180841	avg_temp: 13.647530
undervoltage: 0	overvoltage: 0	pec: 0	overtemperature: 0	openwire: 0	openwire_temp: 0
dcc1: 00	dcc2: 00	
Time: 30994
Current: -0.039322
SOC: 0.844374
total_v: 113.265442	max_v: 4.048650	min_v: 4.038900	avg_v: 4.045194	max-min: 0.009750
C1=4.041300V	C2=4.042800V	C3=4.044300V	C4=4.045200V	C5=4.044150V	C6=4.043100V	C7=4.048650V	C8=4.046250V	C9=4.047300V	C10=4.043400V	C11=4.044600V	C12=4.045050V	C13=4.047600V	C14=4.048350V	C15=4.045200V	C16=4.043850V	C17=4.044000V	C18=4.045200V	C19=4.045500V	C20=4.046700V	C21=4.047000V	C22=4.044600V	C23=4.038900V	C24=4.045800V	C25=4.046100V	C26=4.046250V	C27=4.047600V	C28=4.046700V	
max_temp: 15.824244	min_temp: 13.180841	avg_temp: 13.647846
undervoltage: 0	overvoltage: 0	pec: 0	overtemperature: 0	openwire: 0	openwire_temp: 0
dcc1: 00	dcc2: 00	
Time: 31195
Current: -0.039322
SOC: 0.844374
total_v: 113.265884	max_v: 4.048650	min_v: 4.038900	avg_v: 4.045210	max-min: 0.009750
C1=4.041300V	C2=4.042800V	C3=4.044300V	C4=4.045350V	C5=4.044150V	C6=4.043100V	C7=4.048650V	C8=4.046250V	C9=4.047300V	C10=4.043550V	C11=4.044450V	C12=4.045050V	C13=4.047600V	C14=4.048500V	C15=4.045200V	C16=4.043850V	C17=4.044000V	C18=4.045350V	C19=4.045650V	C20=4.046700V	C21=4.047000V	C22=4.044600V	C23=4.038900V	C24=4.045650V	C25=4.046100V	C26=4.046250V	C27=4.047600V	C28=4.046700V	
max_temp: 15.824244	min_temp: 13.180841	avg_temp: 13.647846
undervoltage: 0	overvoltage: 0	pec: 0	overtemperature: 0	openwire: 0	openwire_temp: 0
dcc1: 00	dcc2: 00	
Time: 31396
Current: -0.137604
SOC: 0.844375
total_v: 113.265434	max_v: 4.048650	min_v: 4.038900	avg_v: 4.045194	max-min: 0.009750
C1=4.041300V	C2=4.042800V	C3=4.044300V	C4=4.045200V	C5=4.044150V	C6=4.043100V	C7=4.048650V	C8=4.046250V	C9=4.047150V	C10=4.043550V	C11=4.044450V	C12=4.045050V	C13=4.047600V	C14=4.048350V	C15=4.045200V	C16=4.043850V	C17=4.044000V	C18=4.045200V	C19=4.045650V	C20=4.046700V	C21=4.047000V	C22=4.044600V	C23=4.038900V	C24=4.045800V	C25=4.046100V	C26=4.046250V	C27=4.047600V	C28=4.046700V	
max_temp: 15.824244	min_temp: 13.180841	avg_temp: 13.648163
undervoltage: 0	overvoltage: 0	pec: 0	overtemperature: 0	openwire: 0	openwire_temp: 0
dcc1: 00	dcc2: 00	
Time: 31597
Current: -0.039322
SOC: 0.844375
total_v: 113.265884	max_v: 4.048650	min_v: 4.039050	avg_v: 4.045210	max-min: 0.009600
C1=4.041300V	C2=4.042800V	C3=4.044300V	C4=4.045350V	C5=4.044150V	C6=4.043100V	C7=4.048650V	C8=4.046250V	C9=4.047300V	C10=4.043400V	C11=4.044600V	C12=4.045050V	C13=4.047600V	C14=4.048350V	C15=4.045200V	C16=4.043850V	C17=4.044000V	C18=4.045350V	C19=4.045650V	C20=4.046700V	C21=4.047000V	C22=4.044600V	C23=4.039050V	C24=4.045650V	C25=4.046100V	C26=4.046250V	C27=4.047600V	C28=4.046700V	
max_temp: 15.829279	min_temp: 13.180841	avg_temp: 13.647844
undervoltage: 0	overvoltage: 0	pec: 0	overtemperature: 0	openwire: 0	openwire_temp: 0
dcc1: 00	dcc2: 00	
Time: 31798
Current: 0.255493
SOC: 0.844374
total_v: 113.265884	max_v: 4.048650	min_v: 4.039050	avg_v: 4.045210	max-min: 0.009600
C1=4.041300V	C2=4.042800V	C3=4.044300V	C4=4.045350V	C5=4.044150V	C6=4.043100V	C7=4.048650V	C8=4.046250V	C9=4.047300V	C10=4.043550V	C11=4.044450V	C12=4.044900V	C13=4.047600V	C14=4.048500V	C15=4.045200V	C16=4.044000V	C17=4.044000V	C18=4.045200V	C19=4.045500V	C20=4.046700V	C21=4.047000V	C22=4.044600V	C23=4.039050V	C24=4.045800V	C25=4.046100V	C26=4.046250V	C27=4.047600V	C28=4.046700V	
max_temp: 15.824244	min_temp: 13.180841	avg_temp: 13.647846
undervoltage: 0	overvoltage: 0	pec: 0	overtemperature: 0	openwire: 0	openwire_temp: 0
dcc1: 00	dcc2: 00	
Time: 31999
Current: -0.039322
SOC: 0.844374
total_v: 113.265427	max_v: 4.048650	min_v: 4.038900	avg_v: 4.045194	max-min: 0.009750
C1=4.041300V	C2=4.042800V	C3=4.044300V	C4=4.045200V	C5=4.044150V	C6=4.043100V	C7=4.048650V	C8=4.046250V	C9=4.047300V	C10=4.043550V	C11=4.044450V	C12=4.045050V	C13=4.047750V	C14=4.048500V	C15=4.045200V	C16=4.043850V	C17=4.044000V	C18=4.045200V	C19=4.045500V	C20=4.046700V	C21=4.047000V	C22=4.044600V	C23=4.038900V	C24=4.045650V	C25=4.046100V	C26=4.046100V	C27=4.047600V	C28=4.046700V	
max_temp: 15.824244	min_temp: 13.180841	avg_temp: 13.647846
undervoltage: 0	overvoltage: 0	pec: 0	overtemperature: 0	openwire: 0	openwire_temp: 0
dcc1: 00	dcc2: 00	
Time: 32200
Current: -0.039322
SOC: 0.844375
total_v: 113.265442	max_v: 4.048800	min_v: 4.038900	avg_v: 4.045194	max-min: 0.009900
C1=4.041300V	C2=4.042800V	C3=4.044300V	C4=4.045200V	C5=4.044150V	C6=4.043100V	C7=4.048800V	C8=4.046250V	C9=4.047300V	C10=4.043550V	C11=4.044450V	C12=4.045050V	C13=4.047600V	C14=4.048350V	C15=4.045200V	C16=4.043850V	C17=4.044000V	C18=4.045200V	C19=4.045500V	C20=4.046700V	C21=4.047000V	C22=4.044600V	C23=4.038900V	C24=4.045650V	C25=4.046100V	C26=4.046250V	C27=4.047600V	C28=4.046700V	
max_temp: 15.824244	min_temp: 13.180841	avg_temp: 13.647530
undervoltage: 0	overvoltage: 0	pec: 0	overtemperature: 0	openwire: 0	openwire_temp: 0
dcc1: 00	dcc2: 00	
Time: 32401
Current: -0.039322
SOC: 0.844375
total_v: 113.265884	max_v: 4.048650	min_v: 4.038900	avg_v: 4.045210	max-min: 0.009750
C1=4.041300V	C2=4.042800V	C3=4.044300V	C4=4.045350V	C5=4.044150V	C6=4.043100V	C7=4.048650V	C8=4.046250V	C9=4.047300V	C10=4.043550V	C11=4.044600V	C12=4.045050V	C13=4.047600V	C14=4.048500V	C15=4.045200V	C16=4.043850V	C17=4.044000V	C18=4.045200V	C19=4.045650V	C20=4.046700V	C21=4.047000V	C22=4.044600V	C23=4.038900V	C24=4.045650V	C25=4.046100V	C26=4.046250V	C27=4.047600V	C28=4.046700V	
max_temp: 15.824244	min_temp: 13.180841	avg_temp: 13.648161
undervoltage: 0	overvoltage: 0	pec: 0	overtemperature: 0	openwire: 0	openwire_temp: 0
dcc1: 00	dcc2: 00	
Time: 32602
Current: -0.137604
SOC: 0.844375
total_v: 113.266029	max_v: 4.048800	min_v: 4.039050	avg_v: 4.045215	max-min: 0.009750
C1=4.041300V	C2=4.042800V	C3=4.044300V	C4=4.045350V	C5=4.044150V	C6=4.043100V	C7=4.048800V	C8=4.046250V	C9=4.047300V	C10=4.043550V	C11=4.044600V	C12=4.045200V	C13=4.047600V	C14=4.048350V	C15=4.045200V	C16=4.043850V	C17=4.044000V	C18=4.045200V	C19=4.045500V	C20=4.046700V	C21=4.047000V	C22=4.044600V	C23=4.039050V	C24=4.045800V	C25=4.046100V	C26=4.046100V	C27=4.047600V	C28=4.046700V	
max_temp: 15.824244	min_temp: 13.180841	avg_temp: 13.648163
undervoltage: 0	overvoltage: 0	pec: 0	overtemperature: 0	openwire: 0	openwire_temp: 0
dcc1: 00	dcc2: 00	
Time: 32803
Current: -0.137604
SOC: 0.844376
total_v: 113.265587	max_v: 4.048800	min_v: 4.038900	avg_v: 4.045199	max-min: 0.009900
C1=4.041300V	C2=4.042800V	C3=4.044300V	C4=4.045200V	C5=4.044150V	C6=4.043100V	C7=4.048800V	C8=4.046250V	C9=4.047300V	C10=4.043550V	C11=4.044450V	C12=4.045050V	C13=4.047600V	C14=4.048500V	C15=4.045200V	C16=4.043850V	C17=4.044000V	C18=4.045200V	C19=4.045500V	C20=4.046700V	C21=4.047000V	C22=4.044600V	C23=4.038900V	C24=4.045800V	C25=4.046100V	C26=4.046100V	C27=4.047600V	C28=4.046700V	
max_temp: 15.824244	min_temp: 13.180841	avg_temp: 13.648163
undervoltage: 0	overvoltage: 0	pec: 0	overtemperature: 0	openwire: 0	openwire_temp: 0
dcc1: 00	dcc2: 00	
Time: 33004
Current: -0.137604
SOC: 0.844377
total_v: 113.265594	max_v: 4.048650	min_v: 4.038900	avg_v: 4.045200	max-min: 0.009750
C1=4.041300V	C2=4.042800V	C3=4.044300V	C4=4.045200V	C5=4.044150V	C6=4.043100V	C7=4.048650V	C8=4.046250V	C9=4.047300V	C10=4.043550V	C11=4.044600V	C12=4.045050V	C13=4.047600V	C14=4.048500V	C15=4.045200V	C16=4.043850V	C17=4.044000V	C18=4.045200V	C19=4.045500V	C20=4.046700V	C21=4.046850V	C22=4.044600V	C23=4.038900V	C24=4.045800V	C25=4.046100V	C26=4.046250V	C27=4.047600V	C28=4.046700V	
max_temp: 15.829279	min_temp: 13.180841	avg_temp: 13.648476
undervoltage: 0	overvoltage: 0	pec: 0	overtemperature: 0	openwire: 0	openwire_temp: 0
dcc1: 00	dcc2: 00	
Time: 33205
Current: -0.039322
SOC: 0.844377
total_v: 113.265732	max_v: 4.048650	min_v: 4.038900	avg_v: 4.045205	max-min: 0.009750
C1=4.041300V	C2=4.042800V	C3=4.044300V	C4=4.045350V	C5=4.044150V	C6=4.043100V	C7=4.048650V	C8=4.046250V	C9=4.047300V	C10=4.043550V	C11=4.044450V	C12=4.045050V	C13=4.047600V	C14=4.048500V	C15=4.045200V	C16=4.043850V	C17=4.044000V	C18=4.045200V	C19=4.045650V	C20=4.046700V	C21=4.047000V	C22=4.044600V	C23=4.038900V	C24=4.045800V	C25=4.046100V	C26=4.046100V	C27=4.047600V	C28=4.046700V	
max_temp: 15.824244	min_temp: 13.180841	avg_temp: 13.647846
undervoltage: 0	overvoltage: 0	pec: 0	overtemperature: 0	openwire: 0	openwire_temp: 0
dcc1: 00	dcc2: 00	
Time: 33406
Current: 0.058945
SOC: 0.844376
total_v: 113.265884	max_v: 4.048650	min_v: 4.038900	avg_v: 4.045210	max-min: 0.009750
C1=4.041300V	C2=4.042800V	C3=4.044300V	C4=4.045350V	C5=4.044150V	C6=4.043100V	C7=4.048650V	C8=4.046250V	C9=4.047300V	C10=4.043550V	C11=4.044450V	C12=4.045050V	C13=4.047600V	C14=4.048500V	C15=4.045200V	C16=4.043850V	C17=4.044000V	C18=4.045200V	C19=4.045650V	C20=4.046700V	C21=4.047000V	C22=4.044600V	C23=4.038900V	C24=4.045800V	C25=4.046100V	C26=4.046250V	C27=4.047600V	C28=4.046700V	
max_temp: 15.824244	min_temp: 13.180841	avg_temp: 13.648163
undervoltage: 0	overvoltage: 0	pec: 0	overtemperature: 0	openwire: 0	openwire_temp: 0
dcc1: 00	dcc2: 00	
Time: 33607
Current: -0.137604
SOC: 0.844377
total_v: 113.266037	max_v: 4.048650	min_v: 4.038900	avg_v: 4.045216	max-min: 0.009750
C1=4.041300V	C2=4.042950V	C3=4.044300V	C4=4.045350V	C5=4.044000V	C6=4.043100V	C7=4.048650V	C8=4.046400V	C9=4.047300V	C10=4.043550V	C11=4.044600V	C12=4.045200V	C13=4.047600V	C14=4.048500V	C15=4.045200V	C16=4.043850V	C17=4.044000V	C18=4.045200V	C19=4.045500V	C20=4.046700V	C21=4.047000V	C22=4.044600V	C23=4.038900V	C24=4.045650V	C25=4.046100V	C26=4.046250V	C27=4.047600V	C28=4.046700V	
max_temp: 15.824244	min_temp: 13.180841	avg_temp: 13.648478
undervoltage: 0	overvoltage: 0	pec: 0	overtemperature: 0	openwire: 0	openwire_temp: 0
dcc1: 00	dcc2: 00	
Time: 33808
Current: 1.238266
SOC: 0.844372
total_v: 113.266037	max_v: 4.048800	min_v: 4.038900	avg_v: 4.045216	max-min: 0.009900
C1=4.041300V	C2=4.042800V	C3=4.044300V	C4=4.045350V	C5=4.044150V	C6=4.043100V	C7=4.048800V	C8=4.046250V	C9=4.047300V	C10=4.043550V	C11=4.044600V	C12=4.045050V	C13=4.047600V	C14=4.048500V	C15=4.045200V	C16=4.043850V	C17=4.044000V	C18=4.045200V	C19=4.045500V	C20=4.046700V	C21=4.047000V	C22=4.044600V	C23=4.038900V	C24=4.045800V	C25=4.046100V	C26=4.046250V	C27=4.047600V	C28=4.046700V	
max_temp: 15.824244	min_temp: 13.180841	avg_temp: 13.648161
undervoltage: 0	overvoltage: 0	pec: 0	overtemperature: 0	openwire: 0	openwire_temp: 0
dcc1: 00	dcc2: 00	
Time: 34009
Current: -0.039322
SOC: 0.844372
total_v: 113.265434	max_v: 4.048650	min_v: 4.038900	avg_v: 4.045194	max-min: 0.009750
C1=4.041300V	C2=4.042800V	C3=4.044300V	C4=4.045350V	C5=4.044150V	C6=4.043100V	C7=4.048650V	C8=4.046250V	C9=4.047300V	C10=4.043550V	C11=4.044450V	C12=4.045050V	C13=4.047600V	C14=4.048500V	C15=4.045200V	C16=4.043850V	C17=4.044000V	C18=4.045200V	C19=4.045500V	C20=4.046700V	C21=4.047000V	C22=4.044600V	C23=4.038900V	C24=4.045650V	C25=4.046100V	C26=4.046100V	C27=4.047600V	C28=4.046700V	
max_temp: 15.829279	min_temp: 13.180841	avg_temp: 13.648792
undervoltage: 0	overvoltage: 0	pec: 0	overtemperature: 0	openwire: 0	openwire_temp: 0
dcc1: 00	dcc2: 00	
Time: 34210
Current: -0.137604
SOC: 0.844373
total_v: 113.266029	max_v: 4.048650	min_v: 4.039050	avg_v: 4.045215	max-min: 0.009600
C1=4.041300V	C2=4.042800V	C3=4.044300V	C4=4.045350V	C5=4.044150V	C6=4.043100V	C7=4.048650V	C8=4.046250V	C9=4.047300V	C10=4.043550V	C11=4.044450V	C12=4.045050V	C13=4.047750V	C14=4.048500V	C15=4.045200V	C16=4.043850V	C17=4.044000V	C18=4.045200V	C19=4.045500V	C20=4.046700V	C21=4.047000V	C22=4.044600V	C23=4.039050V	C24=4.045800V	C25=4.046100V	C26=4.046250V	C27=4.047600V	C28=4.046700V	
max_temp: 15.829279	min_temp: 13.180841	avg_temp: 13.648474
undervoltage: 0	overvoltage: 0	pec: 0	overtemperature: 0	openwire: 0	openwire_temp: 0
dcc1: 00	dcc2: 00	
Time: 34411
Current: -0.137604
SOC: 0.844373
total_v: 113.265579	max_v: 4.048650	min_v: 4.039050	avg_v: 4.045199	max-min: 0.009600
C1=4.041300V	C2=4.042800V	C3=4.044300V	C4=4.045350V	C5=4.044150V	C6=4.043100V	C7=4.048650V	C8=4.046250V	C9=4.047300V	C10=4.043550V	C11=4.044450V	C12=4.045050V	C13=4.047600V	C14=4.048500V	C15=4.045200V	C16=4.043850V	C17=4.044000V	C18=4.045200V	C19=4.045500V	C20=4.046700V	C21=4.047000V	C22=4.044600V	C23=4.039050V	C24=4.045650V	C25=4.046100V	C26=4.046100V	C27=4.047600V	C28=4.046700V	
max_temp: 15.829279	min_temp: 13.180841	avg_temp: 13.648159
undervoltage: 0	overvoltage: 0	pec: 0	overtemperature: 0	openwire: 0	openwire_temp: 0
dcc1: 00	dcc2: 00	
Time: 34612
Current: -0.137604
SOC: 0.844374
total_v: 113.266029	max_v: 4.048650	min_v: 4.039050	avg_v: 4.045215	max-min: 0.009600
C1=4.041300V	C2=4.042800V	C3=4.044450V	C4=4.045350V	C5=4.044150V	C6=4.043100V	C7=4.048650V	C8=4.046250V	C9=4.047300V	C10=4.043550V	C11=4.044600V	C12=4.045050V	C13=4.047600V	C14=4.048500V	C15=4.045200V	C16=4.043850V	C17=4.044000V	C18=4.045200V	C19=4.045500V	C20=4.046700V	C21=4.047000V	C22=4.044600V	C23=4.039050V	C24=4.045650V	C25=4.046100V	C26=4.046250V	C27=4.047600V	C28=4.046700V	
max_temp: 15.829279	min_temp: 13.180841	avg_temp: 13.649422
undervoltage: 0	overvoltage: 0	pec: 0	overtemperature: 0	openwire: 0	openwire_temp: 0
dcc1: 00	dcc2: 00	
Time: 34813
Current: -0.039322
SOC: 0.844374
total_v: 113.265732	max_v: 4.048800	min_v: 4.038900	avg_v: 4.045205	max-min: 0.009900
C1=4.041300V	C2=4.042800V	C3=4.044300V	C4=4.045200V	C5=4.044150V	C6=4.043100V	C7=4.048800V	C8=4.046250V	C9=4.047300V	C10=4.043550V	C11=4.044600V	C12=4.045050V	C13=4.047600V	C14=4.048500V	C15=4.045200V	C16=4.043850V	C17=4.044000V	C18=4.045200V	C19=4.045650V	C20=4.046700V	C21=4.047000V	C22=4.044600V	C23=4.038900V	C24=4.045650V	C25=4.046100V	C26=4.046100V	C27=4.047600V	C28=4.046700V	
max_temp: 15.824244	min_temp: 13.180841	avg_temp: 13.648163
undervoltage: 0	overvoltage: 0	pec: 0	overtemperature: 0	openwire: 0	openwire_temp: 0
dcc1: 00	dcc2: 00	
Time: 35014
Current: -0.137604
SOC: 0.844375
total_v: 113.264832	max_v: 4.048650	min_v: 4.038900	avg_v: 4.045173	max-min: 0.009750
C1=4.041300V	C2=4.042800V	C3=4.044300V	C4=4.045200V	C5=4.044000V	C6=4.043100V	C7=4.048650V	C8=4.046250V	C9=4.047150V	C10=4.043550V	C11=4.044450V	C12=4.045050V	C13=4.047600V	C14=4.048350V	C15=4.045200V	C16=4.043850V	C17=4.044000V	C18=4.045200V	C19=4.045500V	C20=4.046700V	C21=4.047000V	C22=4.044600V	C23=4.038900V	C24=4.045800V	C25=4.046100V	C26=4.046250V	C27=4.047450V	C28=4.046550V	
max_temp: 15.824244	min_temp: 13.180841	avg_temp: 13.648478
undervoltage: 0	overvoltage: 0	pec: 0	overtemperature: 0	openwire: 0	openwire_temp: 0
dcc1: 00	dcc2: 00	
Time: 35215
Current: -0.039322
SOC: 0.844375
total_v: 113.265587	max_v: 4.048650	min_v: 4.038900	avg_v: 4.045199	max-min: 0.009750
C1=4.041300V	C2=4.042800V	C3=4.044300V	C4=4.045350V	C5=4.044150V	C6=4.043100V	C7=4.048650V	C8=4.046250V	C9=4.047300V	C10=4.043550V	C11=4.044600V	C12=4.045050V	C13=4.047600V	C14=4.048500V	C15=4.045200V	C16=4.043850V	C17=4.044000V	C18=4.045200V	C19=4.045500V	C20=4.046700V	C21=4.047000V	C22=4.044450V	C23=4.038900V	C24=4.045800V	C25=4.046100V	C26=4.046100V	C27=4.047600V	C28=4.046700V	
max_temp: 15.824244	min_temp: 13.180841	avg_temp: 13.648792
undervoltage: 0	overvoltage: 0	pec: 0	overtemperature: 0	openwire: 0	openwire_temp: 0
dcc1: 00	dcc2: 00	
Time: 35416
Current: -0.137604
SOC: 0.844375
total_v: 113.266182	max_v: 4.048650	min_v: 4.039050	avg_v: 4.045221	max-min: 0.009600
C1=4.041300V	C2=4.042950V	C3=4.044300V	C4=4.045200V	C5=4.044000V	C6=4.043100V	C7=4.048650V	C8=4.046250V	C9=4.047300V	C10=4.043550V	C11=4.044450V	C12=4.045050V	C13=4.047750V	C14=4.048500V	C15=4.045200V	C16=4.043850V	C17=4.044000V	C18=4.045350V	C19=4.045650V	C20=4.046700V	C21=4.047000V	C22=4.044600V	C23=4.039050V	C24=4.045800V	C25=4.046100V	C26=4.046250V	C27=4.047600V	C28=4.046700V	
max_temp: 15.824244	min_temp: 13.180841	avg_temp: 13.648161
undervoltage: 0	overvoltage: 0	pec: 0	overtemperature: 0	openwire: 0	openwire_temp: 0
dcc1: 00	dcc2: 00	
Time: 35617
Current: -0.039322
SOC: 0.844376
total_v: 113.265434	max_v: 4.048650	min_v: 4.039050	avg_v: 4.045194	max-min: 0.009600
C1=4.041300V	C2=4.042800V	C3=4.044300V	C4=4.045350V	C5=4.044150V	C6=4.043100V	C7=4.048650V	C8=4.046250V	C9=4.047150V	C10=4.043400V	C11=4.044600V	C12=4.045050V	C13=4.047600V	C14=4.048350V	C15=4.045200V	C16=4.043850V	C17=4.044000V	C18=4.045200V	C19=4.045500V	C20=4.046700V	C21=4.047000V	C22=4.044600V	C23=4.039050V	C24=4.045800V	C25=4.046100V	C26=4.046100V	C27=4.047600V	C28=4.046700V	
max_temp: 15.824244	min_temp: 13.180841	avg_temp: 13.647848
undervoltage: 0	overvoltage: 0	pec: 0	overtemperature: 0	openwire: 0	openwire_temp: 0
dcc1: 00	dcc2: 00	
Time: 35818
Current: 1.139984
SOC: 0.844371
total_v: 113.265579	max_v: 4.048800	min_v: 4.039050	avg_v: 4.045199	max-min: 0.009750
C1=4.041300V	C2=4.042800V	C3=4.044300V	C4=4.045200V	C5=4.044150V	C6=4.043100V	C7=4.048800V	C8=4.046250V	C9=4.047300V	C10=4.043550V	C11=4.044450V	C12=4.045050V	C13=4.047600V	C14=4.048500V	C15=4.045200V	C16=4.043850V	C17=4.044000V	C18=4.045200V	C19=4.045500V	C20=4.046700V	C21=4.047000V	C22=4.044600V	C23=4.039050V	C24=4.045650V	C25=4.046100V	C26=4.046100V	C27=4.047600V	C28=4.046700V	
max_temp: 15.824244	min_temp: 13.180841	avg_temp: 13.648163
undervoltage: 0	overvoltage: 0	pec: 0	overtemperature: 0	openwire: 0	openwire_temp: 0
dcc1: 00	dcc2: 00	
Time: 36019
Current: -0.039322
SOC: 0.844371
total_v: 113.265427	max_v: 4.048650	min_v: 4.039050	avg_v: 4.045194	max-min: 0.009600
C1=4.041300V	C2=4.042800V	C3=4.044300V	C4=4.045200V	C5=4.044150V	C6=4.043100V	C7=4.048650V	C8=4.046250V	C9=4.047300V	C10=4.043400V	C11=4.044450V	C12=4.045050V	C13=4.047600V	C14=4.048350V	C15=4.045200V	C16=4.043850V	C17=4.044000V	C18=4.045200V	C19=4.045650V	C20=4.046700V	C21=4.047000V	C22=4.044600V	C23=4.039050V	C24=4.045650V	C25=4.046100V	C26=4.046250V	C27=4.047600V	C28=4.046700V	
max_temp: 15.824244	min_temp: 13.180841	avg_temp: 13.648792
undervoltage: 0	overvoltage: 0	pec: 0	overtemperature: 0	openwire: 0	openwire_temp: 0
dcc1: 00	dcc2: 00	
Time: 36220
Current: -0.137604
SOC: 0.844372
total_v: 113.265747	max_v: 4.048650	min_v: 4.038900	avg_v: 4.045205	max-min: 0.009750
C1=4.041300V	C2=4.042800V	C3=4.044300V	C4=4.045350V	C5=4.044150V	C6=4.043100V	C7=4.048650V	C8=4.046250V	C9=4.047300V	C10=4.043550V	C11=4.044600V	C12=4.045050V	C13=4.047600V	C14=4.048350V	C15=4.045200V	C16=4.043850V	C17=4.044000V	C18=4.045200V	C19=4.045500V	C20=4.046700V	C21=4.047000V	C22=4.044600V	C23=4.038900V	C24=4.045800V	C25=4.046100V	C26=4.046250V	C27=4.047600V	C28=4.046700V	
max_temp: 15.824244	min_temp: 13.180841	avg_temp: 13.648161
undervoltage: 0	overvoltage: 0	pec: 0	overtemperature: 0	openwire: 0	openwire_temp: 0
dcc1: 00	dcc2: 00	
Time: 36421
Current: -0.137604
SOC: 0.844372
total_v: 113.265877	max_v: 4.048800	min_v: 4.038900	avg_v: 4.045210	max-min: 0.009900
C1=4.041300V	C2=4.042800V	C3=4.044300V	C4=4.045350V	C5=4.044150V	C6=4.043100V	C7=4.048800V	C8=4.046250V	C9=4.047300V	C10=4.043550V	C11=4.044450V	C12=4.045050V	C13=4.047600V	C14=4.048500V	C15=4.045200V	C16=4.043850V	C17=4.044000V	C18=4.045200V	C19=4.045650V	C20=4.046700V	C21=4.047000V	C22=4.044600V	C23=4.038900V	C24=4.045650V	C25=4.046100V	C26=4.046250V	C27=4.047600V	C28=4.046700V	
max_temp: 15.819208	min_temp: 13.180841	avg_temp: 13.648792
undervoltage: 0	overvoltage: 0	pec: 0	overtemperature: 0	openwire: 0	openwire_temp: 0
dcc1: 00	dcc2: 00	
Time: 36622
Current: -0.137604
SOC: 0.844373
total_v: 113.266037	max_v: 4.048650	min_v: 4.039050	avg_v: 4.045216	max-min: 0.009600
C1=4.041300V	C2=4.042800V	C3=4.044300V	C4=4.045200V	C5=4.044150V	C6=4.043100V	C7=4.048650V	C8=4.046250V	C9=4.047300V	C10=4.043550V	C11=4.044600V	C12=4.045050V	C13=4.047600V	C14=4.048350V	C15=4.045200V	C16=4.043850V	C17=4.044000V	C18=4.045350V	C19=4.045650V	C20=4.046700V	C21=4.047000V	C22=4.044600V	C23=4.039050V	C24=4.045800V	C25=4.046100V	C26=4.046250V	C27=4.047600V	C28=4.046700V	
max_temp: 15.819208	min_temp: 13.180841	avg_temp: 13.649107
undervoltage: 0	overvoltage: 0	pec: 0	overtemperature: 0	openwire: 0	openwire_temp: 0
dcc1: 00	dcc2: 00	
Time: 36823
Current: -0.137604
SOC: 0.844373
total_v: 113.266029	max_v: 4.048800	min_v: 4.039050	avg_v: 4.045215	max-min: 0.009750
C1=4.041300V	C2=4.042800V	C3=4.044300V	C4=4.045350V	C5=4.044150V	C6=4.043100V	C7=4.048800V	C8=4.046400V	C9=4.047300V	C10=4.043550V	C11=4.044600V	C12=4.045050V	C13=4.047600V	C14=4.048500V	C15=4.045200V	C16=4.043850V	C17=4.044000V	C18=4.045200V	C19=4.045500V	C20=4.046700V	C21=4.047000V	C22=4.044600V	C23=4.039050V	C24=4.045650V	C25=4.046100V	C26=4.046250V	C27=4.047450V	C28=4.046700V	
max_temp: 15.819208	min_temp: 13.180841	avg_temp: 13.648163
undervoltage: 0	overvoltage: 0	pec: 0	overtemperature: 0	openwire: 0	openwire_temp: 0
dcc1: 00	dcc2: 00	
Time: 37024
Current: -0.137604
SOC: 0.844374
total_v: 113.266022	max_v: 4.048650	min_v: 4.039050	avg_v: 4.045215	max-min: 0.009600
C1=4.041300V	C2=4.042800V	C3=4.044300V	C4=4.045350V	C5=4.044150V	C6=4.043250V	C7=4.048650V	C8=4.046250V	C9=4.047300V	C10=4.043550V	C11=4.044450V	C12=4.045050V	C13=4.047600V	C14=4.048500V	C15=4.045200V	C16=4.043850V	C17=4.044000V	C18=4.045350V	C19=4.045650V	C20=4.046700V	C21=4.047000V	C22=4.044600V	C23=4.039050V	C24=4.045650V	C25=4.046100V	C26=4.046250V	C27=4.047600V	C28=4.046550V	
max_temp: 15.819208	min_temp: 13.180841	avg_temp: 13.648163
undervoltage: 0	overvoltage: 0	pec: 0	overtemperature: 0	openwire: 0	openwire_temp: 0
dcc1: 00	dcc2: 00	
Time: 37225
Current: -0.137604
SOC: 0.844375
total_v: 113.265587	max_v: 4.048800	min_v: 4.038900	avg_v: 4.045199	max-min: 0.009900
C1=4.041300V	C2=4.042800V	C3=4.044300V	C4=4.045350V	C5=4.044150V	C6=4.043100V	C7=4.048800V	C8=4.046250V	C9=4.047300V	C10=4.043550V	C11=4.044450V	C12=4.045050V	C13=4.047600V	C14=4.048350V	C15=4.045200V	C16=4.043850V	C17=4.044000V	C18=4.045200V	C19=4.045500V	C20=4.046700V	C21=4.047000V	C22=4.044600V	C23=4.038900V	C24=4.045800V	C25=4.046100V	C26=4.046250V	C27=4.047600V	C28=4.046550V	
max_temp: 15.819208	min_temp: 13.185907	avg_temp: 13.648478
undervoltage: 0	overvoltage: 0	pec: 0	overtemperature: 0	openwire: 0	openwire_temp: 0
dcc1: 00	dcc2: 00	
Time: 37426
Current: -0.039322
SOC: 0.844375
total_v: 113.266037	max_v: 4.048650	min_v: 4.038900	avg_v: 4.045216	max-min: 0.009750
C1=4.041300V	C2=4.042800V	C3=4.044450V	C4=4.045350V	C5=4.044150V	C6=4.042950V	C7=4.048650V	C8=4.046250V	C9=4.047300V	C10=4.043550V	C11=4.044600V	C12=4.045050V	C13=4.047600V	C14=4.048500V	C15=4.045200V	C16=4.043850V	C17=4.044000V	C18=4.045200V	C19=4.045650V	C20=4.046700V	C21=4.047000V	C22=4.044600V	C23=4.038900V	C24=4.045800V	C25=4.046100V	C26=4.046250V	C27=4.047600V	C28=4.046700V	
max_temp: 15.819208	min_temp: 13.180841	avg_temp: 13.648478
undervoltage: 0	overvoltage: 0	pec: 0	overtemperature: 0	openwire: 0	openwire_temp: 0
dcc1: 00	dcc2: 00	
Time: 37627
Current: -0.039322
SOC: 0.844375
total_v: 113.266037	max_v: 4.048650	min_v: 4.038900	avg_v: 4.045216	max-min: 0.009750
C1=4.041300V	C2=4.042800V	C3=4.044300V	C4=4.045350V	C5=4.044150V	C6=4.043100V	C7=4.048650V	C8=4.046250V	C9=4.047300V	C10=4.043550V	C11=4.044600V	C12=4.045050V	C13=4.047600V	C14=4.048500V	C15=4.045200V	C16=4.043850V	C17=4.044000V	C18=4.045350V	C19=4.045650V	C20=4.046700V	C21=4.047000V	C22=4.044600V	C23=4.038900V	C24=4.045650V	C25=4.046100V	C26=4.046250V	C27=4.047600V	C28=4.046700V	
max_temp: 15.819208	min_temp: 13.180841	avg_temp: 13.649107
undervoltage: 0	overvoltage: 0	pec: 0	overtemperature: 0	openwire: 0	openwire_temp: 0
dcc1: 00	dcc2: 00	
Time: 37828
Current: -0.039322
SOC: 0.844375
total_v: 113.265732	max_v: 4.048800	min_v: 4.038900	avg_v: 4.045205	max-min: 0.009900
C1=4.041300V	C2=4.042800V	C3=4.044300V	C4=4.045350V	C5=4.044150V	C6=4.043100V	C7=4.048800V	C8=4.046250V	C9=4.047300V	C10=4.043550V	C11=4.044450V	C12=4.045050V	C13=4.047600V	C14=4.048500V	C15=4.045200V	C16=4.043850V	C17=4.044000V	C18=4.045200V	C19=4.045500V	C20=4.046700V	C21=4.047000V	C22=4.044600V	C23=4.038900V	C24=4.045800V	C25=4.046100V	C26=4.046100V	C27=4.047600V	C28=4.046700V	
max_temp: 15.824244	min_temp: 13.180841	avg_temp: 13.649107
undervoltage: 0	overvoltage: 0	pec: 0	overtemperature: 0	openwire: 0	openwire_temp: 0
dcc1: 00	dcc2: 00	
Time: 38029
Current: -0.039322
SOC: 0.844375
total_v: 113.265732	max_v: 4.048650	min_v: 4.038900	avg_v: 4.045205	max-min: 0.009750
C1=4.041300V	C2=4.042800V	C3=4.044300V	C4=4.045200V	C5=4.044150V	C6=4.043100V	C7=4.048650V	C8=4.046250V	C9=4.047300V	C10=4.043550V	C11=4.044600V	C12=4.045050V	C13=4.047600V	C14=4.048350V	C15=4.045200V	C16=4.044000V	C17=4.044000V	C18=4.045200V	C19=4.045650V	C20=4.046700V	C21=4.047000V	C22=4.044600V	C23=4.038900V	C24=4.045650V	C25=4.046100V	C26=4.046250V	C27=4.047600V	C28=4.046700V	
max_temp: 15.824244	min_temp: 13.180841	avg_temp: 13.648792
undervoltage: 0	overvoltage: 0	pec: 0	overtemperature: 0	openwire: 0	openwire_temp: 0
dcc1: 00	dcc2: 00	
Time: 38230
Current: -0.039322
SOC: 0.844376
total_v: 113.265587	max_v: 4.048650	min_v: 4.038900	avg_v: 4.045199	max-min: 0.009750
C1=4.041300V	C2=4.042800V	C3=4.044300V	C4=4.045200V	C5=4.044150V	C6=4.043100V	C7=4.048650V	C8=4.046250V	C9=4.047300V	C10=4.043550V	C11=4.044600V	C12=4.045050V	C13=4.047600V	C14=4.048350V	C15=4.045200V	C16=4.043850V	C17=4.044000V	C18=4.045200V	C19=4.045650V	C20=4.046700V	C21=4.047000V	C22=4.044600V	C23=4.038900V	C24=4.045650V	C25=4.046100V	C26=4.046250V	C27=4.047600V	C28=4.046700V	
max_temp: 15.819208	min_temp: 13.180841	avg_temp: 13.648478
undervoltage: 0	overvoltage: 0	pec: 0	overtemperature: 0	openwire: 0	openwire_temp: 0
dcc1: 00	dcc2: 00	
Time: 38431
Current: -0.039322
SOC: 0.844376
total_v: 113.265594	max_v: 4.048650	min_v: 4.038900	avg_v: 4.045200	max-min: 0.009750
C1=4.041300V	C2=4.042950V	C3=4.044300V	C4=4.045200V	C5=4.044150V	C6=4.043100V	C7=4.048650V	C8=4.046250V	C9=4.047150V	C10=4.043550V	C11=4.044600V	C12=4.045050V	C13=4.047600V	C14=4.048500V	C15=4.045200V	C16=4.043850V	C17=4.044000V	C18=4.045200V	C19=4.045500V	C20=4.046700V	C21=4.047000V	C22=4.044600V	C23=4.038900V	C24=4.045650V	C25=4.046100V	C26=4.046250V	C27=4.047600V	C28=4.046700V	
max_temp: 15.824244	min_temp: 13.180841	avg_temp: 13.649422
undervoltage: 0	overvoltage: 0	pec: 0	overtemperature: 0	openwire: 0	openwire_temp: 0
dcc1: 00	dcc2: 00	
Time: 38632
Current: -0.039322
SOC: 0.844376
total_v: 113.265442	max_v: 4.048650	min_v: 4.038900	avg_v: 4.045194	max-min: 0.009750
C1=4.041300V	C2=4.042800V	C3=4.044450V	C4=4.045350V	C5=4.044150V	C6=4.043100V	C7=4.048650V	C8=4.046250V	C9=4.047300V	C10=4.043400V	C11=4.044450V	C12=4.045050V	C13=4.047600V	C14=4.048350V	C15=4.045200V	C16=4.043850V	C17=4.044000V	C18=4.045200V	C19=4.045500V	C20=4.046700V	C21=4.047000V	C22=4.044450V	C23=4.038900V	C24=4.045800V	C25=4.046100V	C26=4.046250V	C27=4.047600V	C28=4.046700V	
max_temp: 15.819208	min_temp: 13.180841	avg_temp: 13.648163
undervoltage: 0	overvoltage: 0	pec: 0	overtemperature: 0	openwire: 0	openwire_temp: 0
dcc1: 00	dcc2: 00	
Time: 38833
Current: -0.039322
SOC: 0.844376
total_v: 113.265877	max_v: 4.048650	min_v: 4.039050	avg_v: 4.045210	max-min: 0.009600
C1=4.041300V	C2=4.042950V	C3=4.044300V	C4=4.045350V	C5=4.044150V	C6=4.043100V	C7=4.048650V	C8=4.046250V	C9=4.047300V	C10=4.043550V	C11=4.044600V	C12=4.045050V	C13=4.047750V	C14=4.048500V	C15=4.045200V	C16=4.043850V	C17=4.044000V	C18=4.045200V	C19=4.045500V	C20=4.046700V	C21=4.047000V	C22=4.044600V	C23=4.039050V	C24=4.045650V	C25=4.046100V	C26=4.046100V	C27=4.047600V	C28=4.046550V	
max_temp: 15.824244	min_temp: 13.185907	avg_temp: 13.649736
undervoltage: 0	overvoltage: 0	pec: 0	overtemperature: 0	openwire: 0	openwire_temp: 0
dcc1: 00	dcc2: 00	
Time: 39034
Current: -0.137604
SOC: 0.844377
total_v: 113.265579	max_v: 4.048650	min_v: 4.038900	avg_v: 4.045199	max-min: 0.009750
C1=4.041300V	C2=4.042800V	C3=4.044300V	C4=4.045350V	C5=4.044150V	C6=4.043100V	C7=4.048650V	C8=4.046250V	C9=4.047300V	C10=4.043550V	C11=4.044450V	C12=4.045050V	C13=4.047750V	C14=4.048500V	C15=4.045200V	C16=4.043850V	C17=4.043850V	C18=4.045200V	C19=4.045650V	C20=4.046700V	C21=4.047000V	C22=4.044600V	C23=4.038900V	C24=4.045650V	C25=4.046100V	C26=4.046100V	C27=4.047600V	C28=4.046700V	
max_temp: 15.824244	min_temp: 13.180841	avg_temp: 13.649422
undervoltage: 0	overvoltage: 0	pec: 0	overtemperature: 0	openwire: 0	openwire_temp: 0
dcc1: 00	dcc2: 00	
Time: 39235
Current: -0.137604
SOC: 0.844377
total_v: 113.265892	max_v: 4.048650	min_v: 4.039050	avg_v: 4.045210	max-min: 0.009600
C1=4.041300V	C2=4.042800V	C3=4.044300V	C4=4.045350V	C5=4.044150V	C6=4.043100V	C7=4.048650V	C8=4.046250V	C9=4.047300V	C10=4.043550V	C11=4.044600V	C12=4.045050V	C13=4.047600V	C14=4.048350V	C15=4.045200V	C16=4.043850V	C17=4.044000V	C18=4.045200V	C19=4.045500V	C20=4.046700V	C21=4.047000V	C22=4.044600V	C23=4.039050V	C24=4.045800V	C25=4.046100V	C26=4.046250V	C27=4.047600V	C28=4.046700V	
max_temp: 15.824244	min_temp: 13.180841	avg_temp: 13.648792
undervoltage: 0	overvoltage: 0	pec: 0	overtemperature: 0	openwire: 0	openwire_temp: 0
dcc1: 00	dcc2: 00	
Time: 39436
Current: 0.255493
SOC: 0.844376
total_v: 113.265732	max_v: 4.048650	min_v: 4.038900	avg_v: 4.045205	max-min: 0.009750
C1=4.041300V	C2=4.042800V	C3=4.044300V	C4=4.045350V	C5=4.044150V	C6=4.043100V	C7=4.048650V	C8=4.046250V	C9=4.047300V	C10=4.043550V	C11=4.044450V	C12=4.045050V	C13=4.047600V	C14=4.048500V	C15=4.045200V	C16=4.043850V	C17=4.044000V	C18=4.045200V	C19=4.045650V	C20=4.046700V	C21=4.047000V	C22=4.044600V	C23=4.038900V	C24=4.045650V	C25=4.046100V	C26=4.046250V	C27=4.047600V	C28=4.046700V	
max_temp: 15.824244	min_temp: 13.180841	avg_temp: 13.649107
undervoltage: 0	overvoltage: 0	pec: 0	overtemperature: 0	openwire: 0	openwire_temp: 0
dcc1: 00	dcc2: 00	
Time: 39637
Current: 1.041718
SOC: 0.844372
total_v: 113.265739	max_v: 4.048650	min_v: 4.039050	avg_v: 4.045205	max-min: 0.009600
C1=4.041300V	C2=4.042800V	C3=4.044300V	C4=4.045350V	C5=4.044150V	C6=4.043100V	C7=4.048650V	C8=4.046250V	C9=4.047300V	C10=4.043550V	C11=4.044600V	C12=4.045050V	C13=4.047600V	C14=4.048350V	C15=4.045200V	C16=4.043850V	C17=4.044000V	C18=4.045200V	C19=4.045500V	C20=4.046700V	C21=4.047000V	C22=4.044600V	C23=4.039050V	C24=4.045800V	C25=4.046100V	C26=4.046100V	C27=4.047600V	C28=4.046700V	
max_temp: 15.824244	min_temp: 13.180841	avg_temp: 13.649422
undervoltage: 0	overvoltage: 0	pec: 0	overtemperature: 0	openwire: 0	openwire_temp: 0
dcc1: 00	dcc2: 00	
Time: 39838
Current: -0.039322
SOC: 0.844372
total_v: 113.265747	max_v: 4.048650	min_v: 4.038900	avg_v: 4.045205	max-min: 0.009750
C1=4.041300V	C2=4.042800V	C3=4.044300V	C4=4.045350V	C5=4.044150V	C6=4.043100V	C7=4.048650V	C8=4.046250V	C9=4.047300V	C10=4.043550V	C11=4.044600V	C12=4.045050V	C13=4.047600V	C14=4.048350V	C15=4.045200V	C16=4.043850V	C17=4.044000V	C18=4.045200V	C19=4.045500V	C20=4.046700V	C21=4.047000V	C22=4.044600V	C23=4.038900V	C24=4.045800V	C25=4.046100V	C26=4.046250V	C27=4.047600V	C28=4.046700V	
max_temp: 15.824244	min_temp: 13.185907	avg_temp: 13.649424
undervoltage: 0	overvoltage: 0	pec: 0	overtemperature: 0	openwire: 0	openwire_temp: 0
dcc1: 00	dcc2: 00	
Time: 40039
Current: -0.039322
SOC: 0.844372
total_v: 113.265877	max_v: 4.048800	min_v: 4.039050	avg_v: 4.045210	max-min: 0.009750
C1=4.041300V	C2=4.042800V	C3=4.044300V	C4=4.045350V	C5=4.044150V	C6=4.043100V	C7=4.048800V	C8=4.046250V	C9=4.047300V	C10=4.043550V	C11=4.044600V	C12=4.045050V	C13=4.047600V	C14=4.048500V	C15=4.045200V	C16=4.043850V	C17=4.044000V	C18=4.045200V	C19=4.045650V	C20=4.046700V	C21=4.046850V	C22=4.044600V	C23=4.039050V	C24=4.045800V	C25=4.046100V	C26=4.046100V	C27=4.047600V	C28=4.046550V	
max_temp: 15.824244	min_temp: 13.180841	avg_temp: 13.649422
undervoltage: 0	overvoltage: 0	pec: 0	overtemperature: 0	openwire: 0	openwire_temp: 0
dcc1: 00	dcc2: 00	
Time: 40240
Current: -0.039322
SOC: 0.844372
total_v: 113.265884	max_v: 4.048650	min_v: 4.038900	avg_v: 4.045210	max-min: 0.009750
C1=4.041300V	C2=4.042800V	C3=4.044300V	C4=4.045350V	C5=4.044150V	C6=4.043100V	C7=4.048650V	C8=4.046250V	C9=4.047150V	C10=4.043550V	C11=4.044600V	C12=4.045200V	C13=4.047600V	C14=4.048500V	C15=4.045200V	C16=4.043850V	C17=4.044000V	C18=4.045200V	C19=4.045650V	C20=4.046700V	C21=4.047000V	C22=4.044600V	C23=4.038900V	C24=4.045650V	C25=4.046100V	C26=4.046250V	C27=4.047600V	C28=4.046700V	
max_temp: 15.824244	min_temp: 13.180841	avg_temp: 13.649422
undervoltage: 0	overvoltage: 0	pec: 0	overtemperature: 0	openwire: 0	openwire_temp: 0
dcc1: 00	dcc2: 00	
Time: 40441
Current: -0.039322
SOC: 0.844373
total_v: 113.266190	max_v: 4.048800	min_v: 4.038900	avg_v: 4.045221	max-min: 0.009900
C1=4.041300V	C2=4.042800V	C3=4.044300V	C4=4.045200V	C5=4.044150V	C6=4.043100V	C7=4.048800V	C8=4.046250V	C9=4.047450V	C10=4.043550V	C11=4.044600V	C12=4.045050V	C13=4.047600V	C14=4.048500V	C15=4.045200V	C16=4.044000V	C17=4.044000V	C18=4.045200V	C19=4.045650V	C20=4.046700V	C21=4.047000V	C22=4.044600V	C23=4.038900V	C24=4.045800V	C25=4.046100V	C26=4.046100V	C27=4.047600V	C28=4.046700V	
max_temp: 15.824244	min_temp: 13.185907	avg_temp: 13.650053
undervoltage: 0	overvoltage: 0	pec: 0	overtemperature: 0	openwire: 0	openwire_temp: 0
dcc1: 00	dcc2: 00	
Time: 40642
Current: 2.221008
SOC: 0.844363
total_v: 113.265289	max_v: 4.048650	min_v: 4.038900	avg_v: 4.045189	max-min: 0.009750
C1=4.041300V	C2=4.042800V	C3=4.044300V	C4=4.045350V	C5=4.044150V	C6=4.043100V	C7=4.048650V	C8=4.046250V	C9=4.047300V	C10=4.043550V	C11=4.044450V	C12=4.045050V	C13=4.047600V	C14=4.048350V	C15=4.045200V	C16=4.043850V	C17=4.044000V	C18=4.045200V	C19=4.045500V	C20=4.046700V	C21=4.047000V	C22=4.044600V	C23=4.038900V	C24=4.045650V	C25=4.046100V	C26=4.046100V	C27=4.047600V	C28=4.046700V	
max_temp: 15.824244	min_temp: 13.180841	avg_temp: 13.650051
undervoltage: 0	overvoltage: 0	pec: 0	overtemperature: 0	openwire: 0	openwire_temp: 0
dcc1: 00	dcc2: 00	
Time: 40843
Current: -0.039322
SOC: 0.844364
total_v: 113.265732	max_v: 4.048650	min_v: 4.039050	avg_v: 4.045205	max-min: 0.009600
C1=4.041300V	C2=4.042800V	C3=4.044300V	C4=4.045350V	C5=4.044000V	C6=4.043100V	C7=4.048650V	C8=4.046250V	C9=4.047150V	C10=4.043550V	C11=4.044450V	C12=4.045050V	C13=4.047600V	C14=4.048500V	C15=4.045200V	C16=4.043850V	C17=4.044000V	C18=4.045200V	C19=4.045650V	C20=4.046700V	C21=4.047000V	C22=4.044600V	C23=4.039050V	C24=4.045800V	C25=4.046100V	C26=4.046250V	C27=4.047600V	C28=4.046700V	
max_temp: 15.824244	min_temp: 13.180841	avg_temp: 13.649422
undervoltage: 0	overvoltage: 0	pec: 0	overtemperature: 0	openwire: 0	openwire_temp: 0
dcc1: 00	dcc2: 00	
Time: 41044
Current: -0.137604
SOC: 0.844364
total_v: 113.265587	max_v: 4.048650	min_v: 4.038900	avg_v: 4.045199	max-min: 0.009750
C1=4.041300V	C2=4.042800V	C3=4.044300V	C4=4.045200V	C5=4.044150V	C6=4.043100V	C7=4.048650V	C8=4.046250V	C9=4.047300V	C10=4.043550V	C11=4.044600V	C12=4.045050V	C13=4.047600V	C14=4.048500V	C15=4.045200V	C16=4.043850V	C17=4.044000V	C18=4.045200V	C19=4.045500V	C20=4.046700V	C21=4.047000V	C22=4.044600V	C23=4.038900V	C24=4.045650V	C25=4.046100V	C26=4.046250V	C27=4.047600V	C28=4.046700V	
max_temp: 15.824244	min_temp: 13.180841	avg_temp: 13.649107
undervoltage: 0	overvoltage: 0	pec: 0	overtemperature: 0	openwire: 0	openwire_temp: 0
dcc1: 00	dcc2: 00	
Time: 41245
Current: -0.137604
SOC: 0.844365
total_v: 113.265739	max_v: 4.048650	min_v: 4.039050	avg_v: 4.045205	max-min: 0.009600
C1=4.041300V	C2=4.042800V	C3=4.044300V	C4=4.045350V	C5=4.044150V	C6=4.043100V	C7=4.048650V	C8=4.046250V	C9=4.047300V	C10=4.043550V	C11=4.044600V	C12=4.045050V	C13=4.047600V	C14=4.048350V	C15=4.045200V	C16=4.043850V	C17=4.044000V	C18=4.045350V	C19=4.045500V	C20=4.046700V	C21=4.047000V	C22=4.044600V	C23=4.039050V	C24=4.045650V	C25=4.046100V	C26=4.046100V	C27=4.047600V	C28=4.046700V	
max_temp: 15.829279	min_temp: 13.180841	avg_temp: 13.649422
undervoltage: 0	overvoltage: 0	pec: 0	overtemperature: 0	openwire: 0	openwire_temp: 0
dcc1: 00	dcc2: 00	
Time: 41446
Current: 0.058945
SOC: 0.844365
total_v: 113.265884	max_v: 4.048650	min_v: 4.038900	avg_v: 4.045210	max-min: 0.009750
C1=4.041300V	C2=4.042800V	C3=4.044300V	C4=4.045350V	C5=4.044150V	C6=4.043100V	C7=4.048650V	C8=4.046250V	C9=4.047300V	C10=4.043550V	C11=4.044450V	C12=4.045200V	C13=4.047600V	C14=4.048350V	C15=4.045200V	C16=4.043850V	C17=4.044000V	C18=4.045350V	C19=4.045650V	C20=4.046700V	C21=4.047000V	C22=4.044600V	C23=4.038900V	C24=4.045800V	C25=4.046100V	C26=4.046250V	C27=4.047600V	C28=4.046550V	
max_temp: 15.829279	min_temp: 13.185907	avg_temp: 13.649738
undervoltage: 0	overvoltage: 0	pec: 0	overtemperature: 0	openwire: 0	openwire_temp: 0
dcc1: 00	dcc2: 00	
Time: 41647
Current: -0.039322
SOC: 0.844365
total_v: 113.265739	max_v: 4.048650	min_v: 4.039050	avg_v: 4.045205	max-min: 0.009600
C1=4.041300V	C2=4.042800V	C3=4.044300V	C4=4.045350V	C5=4.044150V	C6=4.043100V	C7=4.048650V	C8=4.046250V	C9=4.047300V	C10=4.043550V	C11=4.044450V	C12=4.045050V	C13=4.047600V	C14=4.048350V	C15=4.045200V	C16=4.043850V	C17=4.044000V	C18=4.045200V	C19=4.045500V	C20=4.046700V	C21=4.047000V	C22=4.044600V	C23=4.039050V	C24=4.045800V	C25=4.046100V	C26=4.046250V	C27=4.047600V	C28=4.046700V	
max_temp: 15.824244	min_temp: 13.180841	avg_temp: 13.649736
undervoltage: 0	overvoltage: 0	pec: 0	overtemperature: 0	openwire: 0	openwire_temp: 0
dcc1: 00	dcc2: 00	
Time: 41848
Current: -0.039322
SOC: 0.844365
total_v: 113.265579	max_v: 4.048650	min_v: 4.038900	avg_v: 4.045199	max-min: 0.009750
C1=4.041300V	C2=4.042800V	C3=4.044300V	C4=4.045200V	C5=4.044150V	C6=4.043100V	C7=4.048650V	C8=4.046400V	C9=4.047300V	C10=4.043550V	C11=4.044600V	C12=4.045050V	C13=4.047600V	C14=4.048500V	C15=4.045200V	C16=4.043850V	C17=4.044000V	C18=4.045200V	C19=4.045500V	C20=4.046700V	C21=4.047000V	C22=4.044600V	C23=4.038900V	C24=4.045650V	C25=4.046100V	C26=4.046100V	C27=4.047600V	C28=4.046700V	
max_temp: 15.824244	min_temp: 13.180841	avg_temp: 13.650051
undervoltage: 0	overvoltage: 0	pec: 0	overtemperature: 0	openwire: 0	openwire_temp: 0
dcc1: 00	dcc2: 00	
Time: 42049
Current: -0.039322
SOC: 0.844365
total_v: 113.265724	max_v: 4.048800	min_v: 4.039050	avg_v: 4.045205	max-min: 0.009750
C1=4.041300V	C2=4.042800V	C3=4.044300V	C4=4.045350V	C5=4.044150V	C6=4.043100V	C7=4.048800V	C8=4.046250V	C9=4.047300V	C10=4.043550V	C11=4.044450V	C12=4.045050V	C13=4.047600V	C14=4.048350V	C15=4.045200V	C16=4.043850V	C17=4.044000V	C18=4.045200V	C19=4.045650V	C20=4.046700V	C21=4.047000V	C22=4.044600V	C23=4.039050V	C24=4.045650V	C25=4.046100V	C26=4.046100V	C27=4.047600V	C28=4.046700V	
max_temp: 15.829279	min_temp: 13.180841	avg_temp: 13.650366
undervoltage: 0	overvoltage: 0	pec: 0	overtemperature: 0	openwire: 0	openwire_temp: 0
dcc1: 00	dcc2: 00	
Time: 42250
Current: -0.039322
SOC: 0.844365
total_v: 113.265732	max_v: 4.048650	min_v: 4.038900	avg_v: 4.045205	max-min: 0.009750
C1=4.041300V	C2=4.042800V	C3=4.044300V	C4=4.045200V	C5=4.044150V	C6=4.043100V	C7=4.048650V	C8=4.046250V	C9=4.047300V	C10=4.043550V	C11=4.044600V	C12=4.045050V	C13=4.047600V	C14=4.048500V	C15=4.045200V	C16=4.043850V	C17=4.044000V	C18=4.045200V	C19=4.045650V	C20=4.046700V	C21=4.047000V	C22=4.044600V	C23=4.038900V	C24=4.045650V	C25=4.046100V	C26=4.046250V	C27=4.047600V	C28=4.046700V	
max_temp: 15.829279	min_temp: 13.180841	avg_temp: 13.650366
undervoltage: 0	overvoltage: 0	pec: 0	overtemperature: 0	openwire: 0	openwire_temp: 0
dcc1: 00	dcc2: 00	
Time: 42451
Current: -0.039322
SOC: 0.844365
total_v: 113.266037	max_v: 4.048800	min_v: 4.039050	avg_v: 4.045216	max-min: 0.009750
C1=4.041300V	C2=4.042800V	C3=4.044450V	C4=4.045350V	C5=4.044150V	C6=4.043100V	C7=4.048800V	C8=4.046250V	C9=4.047300V	C10=4.043550V	C11=4.044450V	C12=4.045050V	C13=4.047600V	C14=4.048350V	C15=4.045200V	C16=4.043850V	C17=4.044000V	C18=4.045200V	C19=4.045500V	C20=4.046700V	C21=4.047000V	C22=4.044600V	C23=4.039050V	C24=4.045800V	C25=4.046100V	C26=4.046250V	C27=4.047600V	C28=4.046700V	
max_temp: 15.829279	min_temp: 13.185907	avg_temp: 13.651312
undervoltage: 0	overvoltage: 0	pec: 0	overtemperature: 0	openwire: 0	openwire_temp: 0
dcc1: 00	dcc2: 00	
Time: 42652
Current: -0.039322
SOC: 0.844366
total_v: 113.265884	max_v: 4.048650	min_v: 4.038900	avg_v: 4.045210	max-min: 0.009750
C1=4.041300V	C2=4.042800V	C3=4.044300V	C4=4.045350V	C5=4.044150V	C6=4.043100V	C7=4.048650V	C8=4.046250V	C9=4.047300V	C10=4.043550V	C11=4.044450V	C12=4.045050V	C13=4.047600V	C14=4.048500V	C15=4.045200V	C16=4.043850V	C17=4.044000V	C18=4.045200V	C19=4.045650V	C20=4.046700V	C21=4.047000V	C22=4.044600V	C23=4.038900V	C24=4.045800V	C25=4.046100V	C26=4.046250V	C27=4.047600V	C28=4.046700V	
max_temp: 15.829279	min_temp: 13.180841	avg_temp: 13.649736
undervoltage: 0	overvoltage: 0	pec: 0	overtemperature: 0	openwire: 0	openwire_temp: 0
dcc1: 00	dcc2: 00	
Time: 42853
Current: -0.039322
SOC: 0.844366
total_v: 113.265732	max_v: 4.048650	min_v: 4.038900	avg_v: 4.045205	max-min: 0.009750
C1=4.041300V	C2=4.042800V	C3=4.044300V	C4=4.045200V	C5=4.044150V	C6=4.043100V	C7=4.048650V	C8=4.046250V	C9=4.047300V	C10=4.043550V	C11=4.044600V	C12=4.045050V	C13=4.047600V	C14=4.048500V	C15=4.045200V	C16=4.043850V	C17=4.044000V	C18=4.045200V	C19=4.045650V	C20=4.046700V	C21=4.047000V	C22=4.044600V	C23=4.038900V	C24=4.045650V	C25=4.046100V	C26=4.046250V	C27=4.047600V	C28=4.046700V	
max_temp: 15.829279	min_temp: 13.180841	avg_temp: 13.650051
undervoltage: 0	overvoltage: 0	pec: 0	overtemperature: 0	openwire: 0	openwire_temp: 0
dcc1: 00	dcc2: 00	
Time: 43054
Current: -0.137604
SOC: 0.844366
total_v: 113.265594	max_v: 4.048650	min_v: 4.038900	avg_v: 4.045200	max-min: 0.009750
C1=4.041300V	C2=4.042800V	C3=4.044300V	C4=4.045350V	C5=4.044150V	C6=4.043100V	C7=4.048650V	C8=4.046250V	C9=4.047300V	C10=4.043550V	C11=4.044600V	C12=4.045050V	C13=4.047600V	C14=4.048350V	C15=4.045200V	C16=4.043850V	C17=4.044000V	C18=4.045200V	C19=4.045500V	C20=4.046700V	C21=4.047000V	C22=4.044600V	C23=4.038900V	C24=4.045650V	C25=4.046100V	C26=4.046250V	C27=4.047600V	C28=4.046700V	
max_temp: 15.829279	min_temp: 13.185907	avg_temp: 13.650682
undervoltage: 0	overvoltage: 0	pec: 0	overtemperature: 0	openwire: 0	openwire_temp: 0
dcc1: 00	dcc2: 00	
Time: 43255
Current: 1.434814
SOC: 0.844360
total_v: 113.265434	max_v: 4.048650	min_v: 4.038900	avg_v: 4.045194	max-min: 0.009750
C1=4.041300V	C2=4.042800V	C3=4.044300V	C4=4.045350V	C5=4.044150V	C6=4.043100V	C7=4.048650V	C8=4.046250V	C9=4.047300V	C10=4.043550V	C11=4.044450V	C12=4.045050V	C13=4.047600V	C14=4.048500V	C15=4.045200V	C16=4.043850V	C17=4.044000V	C18=4.045200V	C19=4.045500V	C20=4.046700V	C21=4.047000V	C22=4.044600V	C23=4.038900V	C24=4.045650V	C25=4.046100V	C26=4.046100V	C27=4.047600V	C28=4.046700V	
max_temp: 15.829279	min_temp: 13.180841	avg_temp: 13.650051
undervoltage: 0	overvoltage: 0	pec: 0	overtemperature: 0	openwire: 0	openwire_temp: 0
dcc1: 00	dcc2: 00	
Time: 43456
Current: -0.039322
SOC: 0.844361
total_v: 113.265587	max_v: 4.048650	min_v: 4.038900	avg_v: 4.045199	max-min: 0.009750
C1=4.041300V	C2=4.042800V	C3=4.044300V	C4=4.045350V	C5=4.044150V	C6=4.043100V	C7=4.048650V	C8=4.046400V	C9=4.047300V	C10=4.043550V	C11=4.044450V	C12=4.045050V	C13=4.047600V	C14=4.048350V	C15=4.045200V	C16=4.043850V	C17=4.044000V	C18=4.045200V	C19=4.045500V	C20=4.046700V	C21=4.047000V	C22=4.044600V	C23=4.038900V	C24=4.045800V	C25=4.046100V	C26=4.046250V	C27=4.047450V	C28=4.046700V	
max_temp: 15.829279	min_temp: 13.185907	avg_temp: 13.650682
undervoltage: 0	overvoltage: 0	pec: 0	overtemperature: 0	openwire: 0	openwire_temp: 0
dcc1: 00	dcc2: 00	
Time: 43657
Current: -0.039322
SOC: 0.844361
total_v: 113.265877	max_v: 4.048800	min_v: 4.038900	avg_v: 4.045210	max-min: 0.009900
C1=4.041300V	C2=4.042800V	C3=4.044300V	C4=4.045350V	C5=4.044150V	C6=4.043100V	C7=4.048800V	C8=4.046250V	C9=4.047300V	C10=4.043550V	C11=4.044600V	C12=4.045050V	C13=4.047600V	C14=4.048500V	C15=4.045200V	C16=4.043850V	C17=4.044000V	C18=4.045200V	C19=4.045650V	C20=4.046700V	C21=4.047000V	C22=4.044600V	C23=4.038900V	C24=4.045650V	C25=4.046100V	C26=4.046250V	C27=4.047600V	C28=4.046550V	
max_temp: 15.834284	min_temp: 13.180841	avg_temp: 13.651308
undervoltage: 0	overvoltage: 0	pec: 0	overtemperature: 0	openwire: 0	openwire_temp: 0
dcc1: 00	dcc2: 00	
Time: 43858
Current: -0.137604
SOC: 0.844361
total_v: 113.265732	max_v: 4.048650	min_v: 4.038900	avg_v: 4.045205	max-min: 0.009750
C1=4.041300V	C2=4.042950V	C3=4.044300V	C4=4.045350V	C5=4.044150V	C6=4.043100V	C7=4.048650V	C8=4.046250V	C9=4.047300V	C10=4.043550V	C11=4.044600V	C12=4.045050V	C13=4.047600V	C14=4.048500V	C15=4.045200V	C16=4.043850V	C17=4.044000V	C18=4.045200V	C19=4.045500V	C20=4.046700V	C21=4.047000V	C22=4.044600V	C23=4.038900V	C24=4.045800V	C25=4.046100V	C26=4.046100V	C27=4.047600V	C28=4.046550V	
max_temp: 15.829279	min_temp: 13.185907	avg_temp: 13.650682
undervoltage: 0	overvoltage: 0	pec: 0	overtemperature: 0	openwire: 0	openwire_temp: 0
dcc1: 00	dcc2: 00	
Time: 44059
Current: -0.039322
SOC: 0.844362
total_v: 113.265587	max_v: 4.048800	min_v: 4.038900	avg_v: 4.045199	max-min: 0.009900
C1=4.041300V	C2=4.042800V	C3=4.044300V	C4=4.045350V	C5=4.044150V	C6=4.043100V	C7=4.048800V	C8=4.046250V	C9=4.047300V	C10=4.043550V	C11=4.044450V	C12=4.045050V	C13=4.047600V	C14=4.048350V	C15=4.045200V	C16=4.043850V	C17=4.044000V	C18=4.045200V	C19=4.045500V	C20=4.046700V	C21=4.047000V	C22=4.044600V	C23=4.038900V	C24=4.045650V	C25=4.046100V	C26=4.046250V	C27=4.047600V	C28=4.046700V	
max_temp: 15.834284	min_temp: 13.180841	avg_temp: 13.650995
undervoltage: 0	overvoltage: 0	pec: 0	overtemperature: 0	openwire: 0	openwire_temp: 0
dcc1: 00	dcc2: 00	
Time: 44260
Current: 1.729645
SOC: 0.844354
total_v: 113.265732	max_v: 4.048800	min_v: 4.039050	avg_v: 4.045205	max-min: 0.009750
C1=4.041300V	C2=4.042800V	C3=4.044300V	C4=4.045200V	C5=4.044150V	C6=4.043100V	C7=4.048800V	C8=4.046250V	C9=4.047300V	C10=4.043550V	C11=4.044600V	C12=4.045050V	C13=4.047600V	C14=4.048500V	C15=4.045200V	C16=4.043850V	C17=4.044000V	C18=4.045200V	C19=4.045500V	C20=4.046700V	C21=4.047000V	C22=4.044600V	C23=4.039050V	C24=4.045650V	C25=4.046100V	C26=4.046250V	C27=4.047600V	C28=4.046550V	
max_temp: 15.834284	min_temp: 13.185907	avg_temp: 13.650681
undervoltage: 0	overvoltage: 0	pec: 0	overtemperature: 0	openwire: 0	openwire_temp: 0
dcc1: 00	dcc2: 00	
Time: 44461
Current: -0.039322
SOC: 0.844355
total_v: 113.265289	max_v: 4.048650	min_v: 4.038900	avg_v: 4.045189	max-min: 0.009750
C1=4.041300V	C2=4.042800V	C3=4.044300V	C4=4.045350V	C5=4.044150V	C6=4.043100V	C7=4.048650V	C8=4.046250V	C9=4.047300V	C10=4.043550V	C11=4.044450V	C12=4.045050V	C13=4.047600V	C14=4.048350V	C15=4.045200V	C16=4.043850V	C17=4.044000V	C18=4.045200V	C19=4.045500V	C20=4.046700V	C21=4.047000V	C22=4.044600V	C23=4.038900V	C24=4.045800V	C25=4.046100V	C26=4.046100V	C27=4.047600V	C28=4.046550V	
max_temp: 15.834284	min_temp: 13.185907	avg_temp: 13.651310
undervoltage: 0	overvoltage: 0	pec: 0	overtemperature: 0	openwire: 0	openwire_temp: 0
dcc1: 00	dcc2: 00	
Time: 44662
Current: -0.039322
SOC: 0.844355
total_v: 113.265739	max_v: 4.048650	min_v: 4.038900	avg_v: 4.045205	max-min: 0.009750
C1=4.041300V	C2=4.042950V	C3=4.044300V	C4=4.045350V	C5=4.044150V	C6=4.043100V	C7=4.048650V	C8=4.046250V	C9=4.047300V	C10=4.043550V	C11=4.044450V	C12=4.045050V	C13=4.047600V	C14=4.048350V	C15=4.045200V	C16=4.043850V	C17=4.044000V	C18=4.045200V	C19=4.045500V	C20=4.046700V	C21=4.047000V	C22=4.044600V	C23=4.038900V	C24=4.045800V	C25=4.046100V	C26=4.046250V	C27=4.047600V	C28=4.046700V	
max_temp: 15.834284	min_temp: 13.185907	avg_temp: 13.650682
undervoltage: 0	overvoltage: 0	pec: 0	overtemperature: 0	openwire: 0	openwire_temp: 0
dcc1: 00	dcc2: 00	
Time: 44863
Current: 0.058945
SOC: 0.844355
total_v: 113.265427	max_v: 4.048650	min_v: 4.039050	avg_v: 4.045194	max-min: 0.009600
C1=4.041300V	C2=4.042800V	C3=4.044300V	C4=4.045350V	C5=4.044150V	C6=4.043100V	C7=4.048650V	C8=4.046250V	C9=4.047300V	C10=4.043400V	C11=4.044600V	C12=4.045050V	C13=4.047600V	C14=4.048350V	C15=4.045200V	C16=4.043850V	C17=4.044000V	C18=4.045200V	C19=4.045650V	C20=4.046700V	C21=4.047000V	C22=4.044600V	C23=4.039050V	C24=4.045650V	C25=4.046100V	C26=4.046100V	C27=4.047600V	C28=4.046550V	
max_temp: 15.834284	min_temp: 13.185907	avg_temp: 13.650997
undervoltage: 0	overvoltage: 0	pec: 0	overtemperature: 0	openwire: 0	openwire_temp: 0
dcc1: 00	dcc2: 00	
Time: 45064
Current: 1.729645
SOC: 0.844347
total_v: 113.266182	max_v: 4.048650	min_v: 4.039050	avg_v: 4.045221	max-min: 0.009600
C1=4.041300V	C2=4.042800V	C3=4.044300V	C4=4.045350V	C5=4.044150V	C6=4.043100V	C7=4.048650V	C8=4.046250V	C9=4.047300V	C10=4.043550V	C11=4.044600V	C12=4.045050V	C13=4.047600V	C14=4.048500V	C15=4.045200V	C16=4.043850V	C17=4.044000V	C18=4.045200V	C19=4.045650V	C20=4.046700V	C21=4.047000V	C22=4.044600V	C23=4.039050V	C24=4.045800V	C25=4.046100V	C26=4.046250V	C27=4.047600V	C28=4.046700V	
max_temp: 15.839319	min_temp: 13.185907	avg_temp: 13.651310
undervoltage: 0	overvoltage: 0	pec: 0	overtemperature: 0	openwire: 0	openwire_temp: 0
dcc1: 00	dcc2: 00	
Time: 45265
Current: -0.039322
SOC: 0.844348
total_v: 113.265739	max_v: 4.048650	min_v: 4.038900	avg_v: 4.045205	max-min: 0.009750
C1=4.041300V	C2=4.042800V	C3=4.044450V	C4=4.045350V	C5=4.044150V	C6=4.043100V	C7=4.048650V	C8=4.046250V	C9=4.047150V	C10=4.043550V	C11=4.044600V	C12=4.045050V	C13=4.047600V	C14=4.048500V	C15=4.045200V	C16=4.043850V	C17=4.044000V	C18=4.045200V	C19=4.045500V	C20=4.046700V	C21=4.047000V	C22=4.044600V	C23=4.038900V	C24=4.045650V	C25=4.046100V	C26=4.046250V	C27=4.047600V	C28=4.046700V	
max_temp: 15.834284	min_temp: 13.185907	avg_temp: 13.651310
undervoltage: 0	overvoltage: 0	pec: 0	overtemperature: 0	openwire: 0	openwire_temp: 0
dcc1: 00	dcc2: 00	
Time: 45466
Current: -0.039322
SOC: 0.844348
total_v: 113.265739	max_v: 4.048650	min_v: 4.038900	avg_v: 4.045205	max-min: 0.009750
C1=4.041300V	C2=4.042800V	C3=4.044300V	C4=4.045350V	C5=4.044150V	C6=4.043100V	C7=4.048650V	C8=4.046250V	C9=4.047300V	C10=4.043400V	C11=4.044600V	C12=4.045050V	C13=4.047600V	C14=4.048500V	C15=4.045200V	C16=4.043850V	C17=4.044000V	C18=4.045200V	C19=4.045650V	C20=4.046700V	C21=4.047000V	C22=4.044600V	C23=4.038900V	C24=4.045650V	C25=4.046100V	C26=4.046250V	C27=4.047600V	C28=4.046700V	
max_temp: 15.834284	min_temp: 13.185907	avg_temp: 13.651627
undervoltage: 0	overvoltage: 0	pec: 0	overtemperature: 0	openwire: 0	openwire_temp: 0
dcc1: 00	dcc2: 00	
Time: 45667
Current: -0.137604
SOC: 0.844348
total_v: 113.265739	max_v: 4.048650	min_v: 4.038900	avg_v: 4.045205	max-min: 0.009750
C1=4.041300V	C2=4.042800V	C3=4.044300V	C4=4.045200V	C5=4.044150V	C6=4.043100V	C7=4.048650V	C8=4.046250V	C9=4.047300V	C10=4.043550V	C11=4.044600V	C12=4.045050V	C13=4.047600V	C14=4.048500V	C15=4.045200V	C16=4.043850V	C17=4.044000V	C18=4.045200V	C19=4.045500V	C20=4.046700V	C21=4.047000V	C22=4.044600V	C23=4.038900V	C24=4.045800V	C25=4.046100V	C26=4.046250V	C27=4.047600V	C28=4.046700V	
max_temp: 15.834284	min_temp: 13.185907	avg_temp: 13.651310
undervoltage: 0	overvoltage: 0	pec: 0	overtemperature: 0	openwire: 0	openwire_temp: 0
dcc1: 00	dcc2: 00	
Time: 45868
Current: -0.039322
SOC: 0.844349
total_v: 113.265732	max_v: 4.048650	min_v: 4.038900	avg_v: 4.045205	max-min: 0.009750
C1=4.041300V	C2=4.042800V	C3=4.044300V	C4=4.045350V	C5=4.044150V	C6=4.043100V	C7=4.048650V	C8=4.046250V	C9=4.047300V	C10=4.043550V	C11=4.044600V	C12=4.045050V	C13=4.047600V	C14=4.048500V	C15=4.045200V	C16=4.043850V	C17=4.044000V	C18=4.045350V	C19=4.045650V	C20=4.046700V	C21=4.047000V	C22=4.044600V	C23=4.038900V	C24=4.045650V	C25=4.046100V	C26=4.046100V	C27=4.047600V	C28=4.046550V	
max_temp: 15.834284	min_temp: 13.180841	avg_temp: 13.650364
undervoltage: 0	overvoltage: 0	pec: 0	overtemperature: 0	openwire: 0	openwire_temp: 0
dcc1: 00	dcc2: 00	
Time: 46069
Current: -0.039322
SOC: 0.844349
total_v: 113.265427	max_v: 4.048650	min_v: 4.038900	avg_v: 4.045194	max-min: 0.009750
C1=4.041300V	C2=4.042800V	C3=4.044300V	C4=4.045350V	C5=4.044150V	C6=4.043100V	C7=4.048650V	C8=4.046250V	C9=4.047300V	C10=4.043550V	C11=4.044450V	C12=4.045050V	C13=4.047600V	C14=4.048500V	C15=4.045200V	C16=4.043850V	C17=4.043850V	C18=4.045200V	C19=4.045650V	C20=4.046700V	C21=4.047000V	C22=4.044600V	C23=4.038900V	C24=4.045650V	C25=4.046100V	C26=4.046100V	C27=4.047600V	C28=4.046700V	
max_temp: 15.834284	min_temp: 13.185907	avg_temp: 13.651627
undervoltage: 0	overvoltage: 0	pec: 0	overtemperature: 0	openwire: 0	openwire_temp: 0
dcc1: 00	dcc2: 00	
Time: 46270
Current: -0.039322
SOC: 0.844349
total_v: 113.266029	max_v: 4.048800	min_v: 4.038900	avg_v: 4.045215	max-min: 0.009900
C1=4.041300V	C2=4.042800V	C3=4.044300V	C4=4.045350V	C5=4.044150V	C6=4.043100V	C7=4.048800V	C8=4.046250V	C9=4.047300V	C10=4.043550V	C11=4.044600V	C12=4.045050V	C13=4.047600V	C14=4.048500V	C15=4.045200V	C16=4.043850V	C17=4.044000V	C18=4.045200V	C19=4.045650V	C20=4.046700V	C21=4.047000V	C22=4.044600V	C23=4.038900V	C24=4.045650V	C25=4.046100V	C26=4.046250V	C27=4.047600V	C28=4.046700V	
max_temp: 15.834284	min_temp: 13.180841	avg_temp: 13.650993
undervoltage: 0	overvoltage: 0	pec: 0	overtemperature: 0	openwire: 0	openwire_temp: 0
dcc1: 00	dcc2: 00	
Time: 46471
Current: -0.039322
SOC: 0.844349
total_v: 113.265877	max_v: 4.048800	min_v: 4.038900	avg_v: 4.045210	max-min: 0.009900
C1=4.041300V	C2=4.042800V	C3=4.044300V	C4=4.045350V	C5=4.044150V	C6=4.043100V	C7=4.048800V	C8=4.046250V	C9=4.047300V	C10=4.043550V	C11=4.044600V	C12=4.045200V	C13=4.047600V	C14=4.048350V	C15=4.045200V	C16=4.043850V	C17=4.044000V	C18=4.045200V	C19=4.045650V	C20=4.046700V	C21=4.047000V	C22=4.044600V	C23=4.038900V	C24=4.045650V	C25=4.046100V	C26=4.046100V	C27=4.047600V	C28=4.046700V	
max_temp: 15.839319	min_temp: 13.185907	avg_temp: 13.651941
undervoltage: 0	overvoltage: 0	pec: 0	overtemperature: 0	openwire: 0	openwire_temp: 0
dcc1: 00	dcc2: 00	
Time: 46672
Current: -0.137604
SOC: 0.844350
total_v: 113.265884	max_v: 4.048650	min_v: 4.038900	avg_v: 4.045210	max-min: 0.009750
C1=4.041300V	C2=4.042950V	C3=4.044300V	C4=4.045350V	C5=4.044150V	C6=4.043100V	C7=4.048650V	C8=4.046250V	C9=4.047300V	C10=4.043550V	C11=4.044600V	C12=4.045050V	C13=4.047600V	C14=4.048500V	C15=4.045200V	C16=4.043850V	C17=4.044000V	C18=4.045200V	C19=4.045500V	C20=4.046700V	C21=4.047000V	C22=4.044600V	C23=4.038900V	C24=4.045650V	C25=4.046100V	C26=4.046250V	C27=4.047600V	C28=4.046700V	
max_temp: 15.839319	min_temp: 13.185907	avg_temp: 13.652254
undervoltage: 0	overvoltage: 0	pec: 0	overtemperature: 0	openwire: 0	openwire_temp: 0
dcc1: 00	dcc2: 00	
Time: 46873
Current: 0.255493
SOC: 0.844349
total_v: 113.265884	max_v: 4.048650	min_v: 4.038900	avg_v: 4.045210	max-min: 0.009750
C1=4.041300V	C2=4.042800V	C3=4.044450V	C4=4.045350V	C5=4.044150V	C6=4.043100V	C7=4.048650V	C8=4.046250V	C9=4.047300V	C10=4.043550V	C11=4.044450V	C12=4.045050V	C13=4.047600V	C14=4.048500V	C15=4.045200V	C16=4.043850V	C17=4.044000V	C18=4.045350V	C19=4.045500V	C20=4.046700V	C21=4.047000V	C22=4.044600V	C23=4.038900V	C24=4.045800V	C25=4.046100V	C26=4.046250V	C27=4.047600V	C28=4.046550V	
max_temp: 15.839319	min_temp: 13.185907	avg_temp: 13.651625
undervoltage: 0	overvoltage: 0	pec: 0	overtemperature: 0	openwire: 0	openwire_temp: 0
dcc1: 00	dcc2: 00	
Time: 47074
Current: 1.926193
SOC: 0.844341
total_v: 113.265739	max_v: 4.048800	min_v: 4.038900	avg_v: 4.045205	max-min: 0.009900
C1=4.041300V	C2=4.042800V	C3=4.044300V	C4=4.045350V	C5=4.044150V	C6=4.043100V	C7=4.048800V	C8=4.046250V	C9=4.047300V	C10=4.043550V	C11=4.044600V	C12=4.045050V	C13=4.047600V	C14=4.048350V	C15=4.045200V	C16=4.043850V	C17=4.044000V	C18=4.045200V	C19=4.045500V	C20=4.046700V	C21=4.047000V	C22=4.044600V	C23=4.038900V	C24=4.045800V	C25=4.046100V	C26=4.046250V	C27=4.047600V	C28=4.046550V	
max_temp: 15.839319	min_temp: 13.185907	avg_temp: 13.651310
undervoltage: 0	overvoltage: 0	pec: 0	overtemperature: 0	openwire: 0	openwire_temp: 0
dcc1: 00	dcc2: 00	
Time: 47275
Current: 0.452072
SOC: 0.844339
total_v: 113.265739	max_v: 4.048650	min_v: 4.038900	avg_v: 4.045205	max-min: 0.009750
C1=4.041300V	C2=4.042800V	C3=4.044300V	C4=4.045350V	C5=4.044150V	C6=4.043100V	C7=4.048650V	C8=4.046250V	C9=4.047150V	C10=4.043550V	C11=4.044450V	C12=4.045050V	C13=4.047600V	C14=4.048350V	C15=4.045200V	C16=4.043850V	C17=4.044000V	C18=4.045350V	C19=4.045650V	C20=4.046700V	C21=4.047000V	C22=4.044600V	C23=4.038900V	C24=4.045800V	C25=4.046100V	C26=4.046250V	C27=4.047600V	C28=4.046700V	
max_temp: 15.839319	min_temp: 13.185907	avg_temp: 13.651625
undervoltage: 0	overvoltage: 0	pec: 0	overtemperature: 0	openwire: 0	openwire_temp: 0
dcc1: 00	dcc2: 00	
Time: 47476
Current: -0.137604
SOC: 0.844339
total_v: 113.265724	max_v: 4.048650	min_v: 4.038900	avg_v: 4.045205	max-min: 0.009750
C1=4.041300V	C2=4.042950V	C3=4.044450V	C4=4.045200V	C5=4.044150V	C6=4.043100V	C7=4.048650V	C8=4.046250V	C9=4.047300V	C10=4.043550V	C11=4.044450V	C12=4.045050V	C13=4.047600V	C14=4.048500V	C15=4.045200V	C16=4.043850V	C17=4.044000V	C18=4.045200V	C19=4.045650V	C20=4.046700V	C21=4.047000V	C22=4.044600V	C23=4.038900V	C24=4.045650V	C25=4.046100V	C26=4.046250V	C27=4.047600V	C28=4.046550V	
max_temp: 15.839319	min_temp: 13.185907	avg_temp: 13.651310
undervoltage: 0	overvoltage: 0	pec: 0	overtemperature: 0	openwire: 0	openwire_temp: 0
dcc1: 00	dcc2: 00	
Time: 47677
Current: 0.058945
SOC: 0.844339
total_v: 113.265434	max_v: 4.048800	min_v: 4.038900	avg_v: 4.045194	max-min: 0.009900
C1=4.041300V	C2=4.042800V	C3=4.044300V	C4=4.045350V	C5=4.044150V	C6=4.043100V	C7=4.048800V	C8=4.046250V	C9=4.047300V	C10=4.043400V	C11=4.044450V	C12=4.045050V	C13=4.047600V	C14=4.048500V	C15=4.045200V	C16=4.043850V	C17=4.044000V	C18=4.045200V	C19=4.045500V	C20=4.046700V	C21=4.047000V	C22=4.044450V	C23=4.038900V	C24=4.045650V	C25=4.046100V	C26=4.046250V	C27=4.047600V	C28=4.046700V	
max_temp: 15.839319	min_temp: 13.185907	avg_temp: 13.652256
undervoltage: 0	overvoltage: 0	pec: 0	overtemperature: 0	openwire: 0	openwire_temp: 0
dcc1: 00	dcc2: 00	
Time: 47878
Current: -0.137604
SOC: 0.844340
total_v: 113.266487	max_v: 4.048800	min_v: 4.039050	avg_v: 4.045232	max-min: 0.009750
C1=4.041300V	C2=4.042800V	C3=4.044300V	C4=4.045350V	C5=4.044150V	C6=4.043100V	C7=4.048800V	C8=4.046250V	C9=4.047300V	C10=4.043550V	C11=4.044600V	C12=4.045050V	C13=4.047750V	C14=4.048500V	C15=4.045200V	C16=4.043850V	C17=4.044000V	C18=4.045200V	C19=4.045500V	C20=4.046700V	C21=4.047000V	C22=4.044600V	C23=4.039050V	C24=4.045800V	C25=4.046250V	C26=4.046250V	C27=4.047600V	C28=4.046700V	
max_temp: 15.839319	min_temp: 13.185907	avg_temp: 13.651625
undervoltage: 0	overvoltage: 0	pec: 0	overtemperature: 0	openwire: 0	openwire_temp: 0
dcc1: 00	dcc2: 00	
Time: 48079
Current: -0.039322
SOC: 0.844340
total_v: 113.265732	max_v: 4.048650	min_v: 4.038900	avg_v: 4.045205	max-min: 0.009750
C1=4.041300V	C2=4.042800V	C3=4.044300V	C4=4.045200V	C5=4.044150V	C6=4.043100V	C7=4.048650V	C8=4.046250V	C9=4.047300V	C10=4.043550V	C11=4.044600V	C12=4.045050V	C13=4.047600V	C14=4.048500V	C15=4.045200V	C16=4.043850V	C17=4.044000V	C18=4.045200V	C19=4.045650V	C20=4.046700V	C21=4.047000V	C22=4.044600V	C23=4.038900V	C24=4.045650V	C25=4.046100V	C26=4.046250V	C27=4.047600V	C28=4.046700V	
max_temp: 15.839319	min_temp: 13.185907	avg_temp: 13.652256
undervoltage: 0	overvoltage: 0	pec: 0	overtemperature: 0	openwire: 0	openwire_temp: 0
dcc1: 00	dcc2: 00	
Time: 48280
Current: -0.137604
SOC: 0.844341
total_v: 113.265732	max_v: 4.048650	min_v: 4.039050	avg_v: 4.045205	max-min: 0.009600
C1=4.041300V	C2=4.042800V	C3=4.044300V	C4=4.045350V	C5=4.044150V	C6=4.043100V	C7=4.048650V	C8=4.046250V	C9=4.047150V	C10=4.043550V	C11=4.044600V	C12=4.045050V	C13=4.047600V	C14=4.048350V	C15=4.045200V	C16=4.043850V	C17=4.044000V	C18=4.045200V	C19=4.045650V	C20=4.046700V	C21=4.047000V	C22=4.044600V	C23=4.039050V	C24=4.045650V	C25=4.046100V	C26=4.046250V	C27=4.047600V	C28=4.046700V	
max_temp: 15.839319	min_temp: 13.185907	avg_temp: 13.651939
undervoltage: 0	overvoltage: 0	pec: 0	overtemperature: 0	openwire: 0	openwire_temp: 0
dcc1: 00	dcc2: 00	
Time: 48481
Current: 1.041718
SOC: 0.844336
total_v: 113.265434	max_v: 4.048650	min_v: 4.038900	avg_v: 4.045194	max-min: 0.009750
C1=4.041300V	C2=4.042800V	C3=4.044300V	C4=4.045350V	C5=4.044150V	C6=4.043100V	C7=4.048650V	C8=4.046250V	C9=4.047300V	C10=4.043550V	C11=4.044450V	C12=4.045050V	C13=4.047600V	C14=4.048500V	C15=4.045200V	C16=4.043850V	C17=4.044000V	C18=4.045200V	C19=4.045500V	C20=4.046700V	C21=4.047000V	C22=4.044600V	C23=4.038900V	C24=4.045650V	C25=4.046100V	C26=4.046100V	C27=4.047600V	C28=4.046700V	
max_temp: 15.844355	min_temp: 13.185907	avg_temp: 13.652885
undervoltage: 0	overvoltage: 0	pec: 0	overtemperature: 0	openwire: 0	openwire_temp: 0
dcc1: 00	dcc2: 00	
Time: 48682
Current: -0.137604
SOC: 0.844337
total_v: 113.266029	max_v: 4.048650	min_v: 4.039050	avg_v: 4.045215	max-min: 0.009600
C1=4.041300V	C2=4.042950V	C3=4.044300V	C4=4.045350V	C5=4.044150V	C6=4.043100V	C7=4.048650V	C8=4.046250V	C9=4.047300V	C10=4.043550V	C11=4.044450V	C12=4.045050V	C13=4.047750V	C14=4.048500V	C15=4.045200V	C16=4.043850V	C17=4.044000V	C18=4.045350V	C19=4.045500V	C20=4.046700V	C21=4.047000V	C22=4.044600V	C23=4.039050V	C24=4.045650V	C25=4.046100V	C26=4.046100V	C27=4.047600V	C28=4.046700V	
max_temp: 15.839319	min_temp: 13.185907	avg_temp: 13.652254
undervoltage: 0	overvoltage: 0	pec: 0	overtemperature: 0	openwire: 0	openwire_temp: 0
dcc1: 00	dcc2: 00	
Time: 48883
Current: -0.137604
SOC: 0.844337
total_v: 113.266045	max_v: 4.048650	min_v: 4.038900	avg_v: 4.045216	max-min: 0.009750
C1=4.041300V	C2=4.042800V	C3=4.044300V	C4=4.045350V	C5=4.044150V	C6=4.043100V	C7=4.048650V	C8=4.046250V	C9=4.047150V	C10=4.043550V	C11=4.044600V	C12=4.045050V	C13=4.047600V	C14=4.048500V	C15=4.045200V	C16=4.043850V	C17=4.044000V	C18=4.045200V	C19=4.045650V	C20=4.046700V	C21=4.047000V	C22=4.044600V	C23=4.038900V	C24=4.045800V	C25=4.046100V	C26=4.046250V	C27=4.047750V	C28=4.046700V	
max_temp: 15.844355	min_temp: 13.185907	avg_temp: 13.652569
undervoltage: 0	overvoltage: 0	pec: 0	overtemperature: 0	openwire: 0	openwire_temp: 0
dcc1: 00	dcc2: 00	
Time: 49084
Current: -0.039322
SOC: 0.844338
total_v: 113.265594	max_v: 4.048650	min_v: 4.038900	avg_v: 4.045200	max-min: 0.009750
C1=4.041300V	C2=4.042800V	C3=4.044300V	C4=4.045350V	C5=4.044150V	C6=4.043100V	C7=4.048650V	C8=4.046250V	C9=4.047300V	C10=4.043550V	C11=4.044600V	C12=4.045050V	C13=4.047600V	C14=4.048350V	C15=4.045200V	C16=4.043850V	C17=4.044000V	C18=4.045350V	C19=4.045500V	C20=4.046700V	C21=4.047000V	C22=4.044600V	C23=4.038900V	C24=4.045650V	C25=4.046100V	C26=4.046100V	C27=4.047600V	C28=4.046700V	
max_temp: 15.839319	min_temp: 13.185907	avg_temp: 13.652254
undervoltage: 0	overvoltage: 0	pec: 0	overtemperature: 0	openwire: 0	openwire_temp: 0
dcc1: 00	dcc2: 00	
Time: 49285
Current: -0.137604
SOC: 0.844338
total_v: 113.265442	max_v: 4.048650	min_v: 4.038900	avg_v: 4.045194	max-min: 0.009750
C1=4.041300V	C2=4.042800V	C3=4.044300V	C4=4.045350V	C5=4.044150V	C6=4.043100V	C7=4.048650V	C8=4.046250V	C9=4.047300V	C10=4.043550V	C11=4.044450V	C12=4.045050V	C13=4.047600V	C14=4.048500V	C15=4.045200V	C16=4.043850V	C17=4.044000V	C18=4.045200V	C19=4.045500V	C20=4.046700V	C21=4.046850V	C22=4.044600V	C23=4.038900V	C24=4.045800V	C25=4.046100V	C26=4.046100V	C27=4.047600V	C28=4.046700V	
max_temp: 15.844355	min_temp: 13.185907	avg_temp: 13.652571
undervoltage: 0	overvoltage: 0	pec: 0	overtemperature: 0	openwire: 0	openwire_temp: 0
dcc1: 00	dcc2: 00	
Time: 49486
Current: -0.039322
SOC: 0.844338
total_v: 113.265579	max_v: 4.048650	min_v: 4.038900	avg_v: 4.045199	max-min: 0.009750
C1=4.041300V	C2=4.042800V	C3=4.044450V	C4=4.045200V	C5=4.044150V	C6=4.043250V	C7=4.048650V	C8=4.046250V	C9=4.047300V	C10=4.043550V	C11=4.044450V	C12=4.045050V	C13=4.047600V	C14=4.048500V	C15=4.045200V	C16=4.043850V	C17=4.044000V	C18=4.045200V	C19=4.045500V	C20=4.046700V	C21=4.047000V	C22=4.044600V	C23=4.038900V	C24=4.045650V	C25=4.046100V	C26=4.046100V	C27=4.047600V	C28=4.046700V	
max_temp: 15.844355	min_temp: 13.185907	avg_temp: 13.652571
undervoltage: 0	overvoltage: 0	pec: 0	overtemperature: 0	openwire: 0	openwire_temp: 0
dcc1: 00	dcc2: 00	
Time: 49687
Current: 0.746887
SOC: 0.844335
total_v: 113.265739	max_v: 4.048800	min_v: 4.038900	avg_v: 4.045205	max-min: 0.009900
C1=4.041300V	C2=4.042800V	C3=4.044300V	C4=4.045200V	C5=4.044150V	C6=4.043100V	C7=4.048800V	C8=4.046250V	C9=4.047300V	C10=4.043550V	C11=4.044450V	C12=4.045050V	C13=4.047600V	C14=4.048500V	C15=4.045200V	C16=4.043850V	C17=4.044000V	C18=4.045200V	C19=4.045500V	C20=4.046700V	C21=4.047000V	C22=4.044600V	C23=4.038900V	C24=4.045800V	C25=4.046100V	C26=4.046250V	C27=4.047600V	C28=4.046700V	
max_temp: 15.844355	min_temp: 13.185907	avg_temp: 13.652884
undervoltage: 0	overvoltage: 0	pec: 0	overtemperature: 0	openwire: 0	openwire_temp: 0
dcc1: 00	dcc2: 00	
Time: 49888
Current: -0.039322
SOC: 0.844335
total_v: 113.265434	max_v: 4.048650	min_v: 4.038900	avg_v: 4.045194	max-min: 0.009750
C1=4.041300V	C2=4.042800V	C3=4.044300V	C4=4.045350V	C5=4.044150V	C6=4.043100V	C7=4.048650V	C8=4.046250V	C9=4.047300V	C10=4.043550V	C11=4.044450V	C12=4.045050V	C13=4.047600V	C14=4.048500V	C15=4.045200V	C16=4.043850V	C17=4.044000V	C18=4.045200V	C19=4.045500V	C20=4.046700V	C21=4.047000V	C22=4.044600V	C23=4.038900V	C24=4.045650V	C25=4.046100V	C26=4.046100V	C27=4.047600V	C28=4.046700V	
max_temp: 15.844355	min_temp: 13.185907	avg_temp: 13.652256
undervoltage: 0	overvoltage: 0	pec: 0	overtemperature: 0	openwire: 0	openwire_temp: 0
dcc1: 00	dcc2: 00	
Time: 50090
Current: -0.137604
SOC: 0.844336
total_v: 113.266029	max_v: 4.048800	min_v: 4.038900	avg_v: 4.045215	max-min: 0.009900
C1=4.041300V	C2=4.042800V	C3=4.044300V	C4=4.045350V	C5=4.044150V	C6=4.043100V	C7=4.048800V	C8=4.046250V	C9=4.047300V	C10=4.043550V	C11=4.044450V	C12=4.045050V	C13=4.047600V	C14=4.048500V	C15=4.045200V	C16=4.043850V	C17=4.044000V	C18=4.045200V	C19=4.045650V	C20=4.046700V	C21=4.047000V	C22=4.044600V	C23=4.038900V	C24=4.045800V	C25=4.046100V	C26=4.046250V	C27=4.047600V	C28=4.046700V	
max_temp: 15.844355	min_temp: 13.185907	avg_temp: 13.652885
undervoltage: 0	overvoltage: 0	pec: 0	overtemperature: 0	openwire: 0	openwire_temp: 0
dcc1: 00	dcc2: 00	
Time: 50291
Current: -0.137604
SOC: 0.844337
total_v: 113.265892	max_v: 4.048650	min_v: 4.038900	avg_v: 4.045210	max-min: 0.009750
C1=4.041300V	C2=4.042800V	C3=4.044450V	C4=4.045350V	C5=4.044150V	C6=4.043100V	C7=4.048650V	C8=4.046250V	C9=4.047300V	C10=4.043550V	C11=4.044600V	C12=4.045050V	C13=4.047600V	C14=4.048350V	C15=4.045200V	C16=4.043850V	C17=4.044000V	C18=4.045200V	C19=4.045500V	C20=4.046700V	C21=4.047000V	C22=4.044600V	C23=4.038900V	C24=4.045800V	C25=4.046100V	C26=4.046250V	C27=4.047600V	C28=4.046700V	
max_temp: 15.844355	min_temp: 13.185907	avg_temp: 13.652885
undervoltage: 0	overvoltage: 0	pec: 0	overtemperature: 0	openwire: 0	openwire_temp: 0
dcc1: 00	dcc2: 00	
Time: 50492
Current: -0.137604
SOC: 0.844337
total_v: 113.265739	max_v: 4.048650	min_v: 4.038900	avg_v: 4.045205	max-min: 0.009750
C1=4.041300V	C2=4.042800V	C3=4.044300V	C4=4.045350V	C5=4.044150V	C6=4.043100V	C7=4.048650V	C8=4.046250V	C9=4.047300V	C10=4.043550V	C11=4.044450V	C12=4.045050V	C13=4.047600V	C14=4.048350V	C15=4.045200V	C16=4.043850V	C17=4.044000V	C18=4.045200V	C19=4.045650V	C20=4.046700V	C21=4.047000V	C22=4.044600V	C23=4.038900V	C24=4.045800V	C25=4.046100V	C26=4.046250V	C27=4.047600V	C28=4.046700V	
max_temp: 15.844355	min_temp: 13.185907	avg_temp: 13.653200
undervoltage: 0	overvoltage: 0	pec: 0	overtemperature: 0	openwire: 0	openwire_temp: 0
dcc1: 00	dcc2: 00	
Time: 50693
Current: -0.039322
SOC: 0.844337
total_v: 113.265732	max_v: 4.048650	min_v: 4.039050	avg_v: 4.045205	max-min: 0.009600
C1=4.041300V	C2=4.042800V	C3=4.044300V	C4=4.045350V	C5=4.044150V	C6=4.043100V	C7=4.048650V	C8=4.046250V	C9=4.047300V	C10=4.043550V	C11=4.044450V	C12=4.045050V	C13=4.047600V	C14=4.048500V	C15=4.045200V	C16=4.043850V	C17=4.044000V	C18=4.045200V	C19=4.045500V	C20=4.046700V	C21=4.047000V	C22=4.044600V	C23=4.039050V	C24=4.045650V	C25=4.046100V	C26=4.046250V	C27=4.047600V	C28=4.046700V	
max_temp: 15.844355	min_temp: 13.185907	avg_temp: 13.652884
undervoltage: 0	overvoltage: 0	pec: 0	overtemperature: 0	openwire: 0	openwire_temp: 0
dcc1: 00	dcc2: 00	
Time: 50894
Current: 0.058945
SOC: 0.844337
total_v: 113.265747	max_v: 4.048650	min_v: 4.038900	avg_v: 4.045205	max-min: 0.009750
C1=4.041300V	C2=4.042800V	C3=4.044300V	C4=4.045350V	C5=4.044150V	C6=4.043100V	C7=4.048650V	C8=4.046250V	C9=4.047300V	C10=4.043550V	C11=4.044600V	C12=4.045050V	C13=4.047600V	C14=4.048500V	C15=4.045050V	C16=4.043850V	C17=4.044000V	C18=4.045200V	C19=4.045500V	C20=4.046700V	C21=4.047000V	C22=4.044600V	C23=4.038900V	C24=4.045800V	C25=4.046100V	C26=4.046250V	C27=4.047600V	C28=4.046700V	
max_temp: 15.844355	min_temp: 13.185907	avg_temp: 13.653200
undervoltage: 0	overvoltage: 0	pec: 0	overtemperature: 0	openwire: 0	openwire_temp: 0
dcc1: 00	dcc2: 00	
Time: 51095
Current: 2.810684
SOC: 0.844326
total_v: 113.266037	max_v: 4.048650	min_v: 4.039050	avg_v: 4.045216	max-min: 0.009600
C1=4.041300V	C2=4.042800V	C3=4.044300V	C4=4.045350V	C5=4.044150V	C6=4.043100V	C7=4.048650V	C8=4.046250V	C9=4.047300V	C10=4.043550V	C11=4.044600V	C12=4.045050V	C13=4.047600V	C14=4.048500V	C15=4.045200V	C16=4.043850V	C17=4.044000V	C18=4.045200V	C19=4.045500V	C20=4.046700V	C21=4.047000V	C22=4.044600V	C23=4.039050V	C24=4.045800V	C25=4.046100V	C26=4.046250V	C27=4.047600V	C28=4.046700V	
max_temp: 15.849390	min_temp: 13.185907	avg_temp: 13.653515
undervoltage: 0	overvoltage: 0	pec: 0	overtemperature: 0	openwire: 0	openwire_temp: 0
dcc1: 00	dcc2: 00	
Time: 51296
Current: -0.039322
SOC: 0.844326
total_v: 113.265884	max_v: 4.048650	min_v: 4.038900	avg_v: 4.045210	max-min: 0.009750
C1=4.041300V	C2=4.042950V	C3=4.044300V	C4=4.045350V	C5=4.044150V	C6=4.043100V	C7=4.048650V	C8=4.046250V	C9=4.047150V	C10=4.043550V	C11=4.044600V	C12=4.045050V	C13=4.047600V	C14=4.048500V	C15=4.045200V	C16=4.043850V	C17=4.044000V	C18=4.045200V	C19=4.045650V	C20=4.046700V	C21=4.047000V	C22=4.044600V	C23=4.038900V	C24=4.045800V	C25=4.046100V	C26=4.046100V	C27=4.047600V	C28=4.046700V	
max_temp: 15.844355	min_temp: 13.185907	avg_temp: 13.653200
undervoltage: 0	overvoltage: 0	pec: 0	overtemperature: 0	openwire: 0	openwire_temp: 0
dcc1: 00	dcc2: 00	
Time: 51497
Current: -0.039322
SOC: 0.844326
total_v: 113.265884	max_v: 4.048650	min_v: 4.038900	avg_v: 4.045210	max-min: 0.009750
C1=4.041300V	C2=4.042800V	C3=4.044300V	C4=4.045350V	C5=4.044150V	C6=4.043100V	C7=4.048650V	C8=4.046250V	C9=4.047300V	C10=4.043550V	C11=4.044600V	C12=4.045050V	C13=4.047600V	C14=4.048500V	C15=4.045200V	C16=4.043850V	C17=4.044000V	C18=4.045200V	C19=4.045650V	C20=4.046700V	C21=4.047000V	C22=4.044600V	C23=4.038900V	C24=4.045650V	C25=4.046100V	C26=4.046250V	C27=4.047600V	C28=4.046700V	
max_temp: 15.844355	min_temp: 13.185907	avg_temp: 13.652885
undervoltage: 0	overvoltage: 0	pec: 0	overtemperature: 0	openwire: 0	openwire_temp: 0
dcc1: 00	dcc2: 00	
Time: 51698
Current: -0.039322
SOC: 0.844326
total_v: 113.265877	max_v: 4.048650	min_v: 4.039050	avg_v: 4.045210	max-min: 0.009600
C1=4.041300V	C2=4.042800V	C3=4.044300V	C4=4.045200V	C5=4.044300V	C6=4.043100V	C7=4.048650V	C8=4.046250V	C9=4.047300V	C10=4.043550V	C11=4.044600V	C12=4.045050V	C13=4.047600V	C14=4.048500V	C15=4.045200V	C16=4.043850V	C17=4.044000V	C18=4.045200V	C19=4.045650V	C20=4.046700V	C21=4.047000V	C22=4.044600V	C23=4.039050V	C24=4.045650V	C25=4.046100V	C26=4.046250V	C27=4.047600V	C28=4.046550V	
max_temp: 15.849390	min_temp: 13.185907	avg_temp: 13.653515
undervoltage: 0	overvoltage: 0	pec: 0	overtemperature: 0	openwire: 0	openwire_temp: 0
dcc1: 00	dcc2: 00	
Time: 51899
Current: -0.039322
SOC: 0.844326
total_v: 113.265434	max_v: 4.048650	min_v: 4.038900	avg_v: 4.045194	max-min: 0.009750
C1=4.041300V	C2=4.042800V	C3=4.044300V	C4=4.045350V	C5=4.044150V	C6=4.043100V	C7=4.048650V	C8=4.046250V	C9=4.047300V	C10=4.043550V	C11=4.044450V	C12=4.045050V	C13=4.047600V	C14=4.048350V	C15=4.045200V	C16=4.043850V	C17=4.044000V	C18=4.045200V	C19=4.045650V	C20=4.046700V	C21=4.047000V	C22=4.044600V	C23=4.038900V	C24=4.045650V	C25=4.046100V	C26=4.046100V	C27=4.047600V	C28=4.046700V	
max_temp: 15.844355	min_temp: 13.185907	avg_temp: 13.652885
undervoltage: 0	overvoltage: 0	pec: 0	overtemperature: 0	openwire: 0	openwire_temp: 0
dcc1: 00	dcc2: 00	
Time: 52100
Current: -0.137604
SOC: 0.844327
total_v: 113.265884	max_v: 4.048650	min_v: 4.038900	avg_v: 4.045210	max-min: 0.009750
C1=4.041300V	C2=4.042800V	C3=4.044300V	C4=4.045350V	C5=4.044150V	C6=4.043100V	C7=4.048650V	C8=4.046250V	C9=4.047300V	C10=4.043550V	C11=4.044450V	C12=4.045050V	C13=4.047600V	C14=4.048500V	C15=4.045200V	C16=4.043850V	C17=4.044000V	C18=4.045200V	C19=4.045650V	C20=4.046700V	C21=4.047000V	C22=4.044600V	C23=4.038900V	C24=4.045800V	C25=4.046100V	C26=4.046250V	C27=4.047600V	C28=4.046700V	
max_temp: 15.844355	min_temp: 13.185907	avg_temp: 13.654144
undervoltage: 0	overvoltage: 0	pec: 0	overtemperature: 0	openwire: 0	openwire_temp: 0
dcc1: 00	dcc2: 00	
Time: 52301
Current: -0.039322
SOC: 0.844327
total_v: 113.266029	max_v: 4.048650	min_v: 4.039050	avg_v: 4.045215	max-min: 0.009600
C1=4.041300V	C2=4.042800V	C3=4.044450V	C4=4.045350V	C5=4.044150V	C6=4.043100V	C7=4.048650V	C8=4.046250V	C9=4.047300V	C10=4.043550V	C11=4.044450V	C12=4.045050V	C13=4.047600V	C14=4.048500V	C15=4.045200V	C16=4.043850V	C17=4.044000V	C18=4.045200V	C19=4.045500V	C20=4.046700V	C21=4.047000V	C22=4.044600V	C23=4.039050V	C24=4.045800V	C25=4.046100V	C26=4.046250V	C27=4.047600V	C28=4.046700V	
max_temp: 15.844355	min_temp: 13.185907	avg_temp: 13.654459
undervoltage: 0	overvoltage: 0	pec: 0	overtemperature: 0	openwire: 0	openwire_temp: 0
dcc1: 00	dcc2: 00	
Time: 52502
Current: -0.039322
SOC: 0.844327
total_v: 113.265587	max_v: 4.048650	min_v: 4.038900	avg_v: 4.045199	max-min: 0.009750
C1=4.041300V	C2=4.042800V	C3=4.044450V	C4=4.045200V	C5=4.044150V	C6=4.043100V	C7=4.048650V	C8=4.046250V	C9=4.047300V	C10=4.043550V	C11=4.044600V	C12=4.045050V	C13=4.047600V	C14=4.048500V	C15=4.045200V	C16=4.043850V	C17=4.044000V	C18=4.045350V	C19=4.045500V	C20=4.046700V	C21=4.047000V	C22=4.044600V	C23=4.038900V	C24=4.045650V	C25=4.046100V	C26=4.046250V	C27=4.047450V	C28=4.046550V	
max_temp: 15.844355	min_temp: 13.185907	avg_temp: 13.653830
undervoltage: 0	overvoltage: 0	pec: 0	overtemperature: 0	openwire: 0	openwire_temp: 0
dcc1: 00	dcc2: 00	
Time: 52703
Current: -0.039322
SOC: 0.844327
total_v: 113.265739	max_v: 4.048650	min_v: 4.038900	avg_v: 4.045205	max-min: 0.009750
C1=4.041300V	C2=4.042950V	C3=4.044300V	C4=4.045350V	C5=4.044150V	C6=4.043100V	C7=4.048650V	C8=4.046250V	C9=4.047300V	C10=4.043550V	C11=4.044600V	C12=4.045050V	C13=4.047600V	C14=4.048350V	C15=4.045200V	C16=4.043850V	C17=4.044000V	C18=4.045200V	C19=4.045500V	C20=4.046700V	C21=4.047000V	C22=4.044600V	C23=4.038900V	C24=4.045650V	C25=4.046100V	C26=4.046250V	C27=4.047600V	C28=4.046700V	
max_temp: 15.844355	min_temp: 13.185907	avg_temp: 13.654144
undervoltage: 0	overvoltage: 0	pec: 0	overtemperature: 0	openwire: 0	openwire_temp: 0
dcc1: 00	dcc2: 00	
Time: 52904
Current: 0.648621
SOC: 0.844325
total_v: 113.265732	max_v: 4.048650	min_v: 4.039050	avg_v: 4.045205	max-min: 0.009600
C1=4.041300V	C2=4.042800V	C3=4.044450V	C4=4.045200V	C5=4.044150V	C6=4.043100V	C7=4.048650V	C8=4.046250V	C9=4.047300V	C10=4.043550V	C11=4.044450V	C12=4.045050V	C13=4.047600V	C14=4.048350V	C15=4.045200V	C16=4.043850V	C17=4.044000V	C18=4.045200V	C19=4.045650V	C20=4.046700V	C21=4.047000V	C22=4.044600V	C23=4.039050V	C24=4.045650V	C25=4.046100V	C26=4.046250V	C27=4.047600V	C28=4.046700V	
max_temp: 15.844355	min_temp: 13.185907	avg_temp: 13.653515
undervoltage: 0	overvoltage: 0	pec: 0	overtemperature: 0	openwire: 0	openwire_temp: 0
dcc1: 00	dcc2: 00	
Time: 53105
Current: -0.137604
SOC: 0.844325
total_v: 113.265137	max_v: 4.048650	min_v: 4.038900	avg_v: 4.045184	max-min: 0.009750
C1=4.041300V	C2=4.042800V	C3=4.044300V	C4=4.045350V	C5=4.044150V	C6=4.043100V	C7=4.048650V	C8=4.046250V	C9=4.047300V	C10=4.043550V	C11=4.044450V	C12=4.045050V	C13=4.047600V	C14=4.048350V	C15=4.045200V	C16=4.043850V	C17=4.044000V	C18=4.045200V	C19=4.045500V	C20=4.046700V	C21=4.047000V	C22=4.044600V	C23=4.038900V	C24=4.045650V	C25=4.046100V	C26=4.046100V	C27=4.047600V	C28=4.046550V	
max_temp: 15.844355	min_temp: 13.185907	avg_temp: 13.652884
undervoltage: 0	overvoltage: 0	pec: 0	overtemperature: 0	openwire: 0	openwire_temp: 0
dcc1: 00	dcc2: 00	
Time: 53306
Current: -0.039322
SOC: 0.844325
total_v: 113.266182	max_v: 4.048800	min_v: 4.038900	avg_v: 4.045221	max-min: 0.009900
C1=4.041300V	C2=4.042800V	C3=4.044450V	C4=4.045200V	C5=4.044150V	C6=4.043250V	C7=4.048800V	C8=4.046250V	C9=4.047300V	C10=4.043550V	C11=4.044450V	C12=4.045050V	C13=4.047750V	C14=4.048500V	C15=4.045200V	C16=4.043850V	C17=4.044000V	C18=4.045200V	C19=4.045650V	C20=4.046700V	C21=4.047000V	C22=4.044600V	C23=4.038900V	C24=4.045800V	C25=4.046100V	C26=4.046100V	C27=4.047600V	C28=4.046700V	
max_temp: 15.844355	min_temp: 13.185907	avg_temp: 13.653830
undervoltage: 0	overvoltage: 0	pec: 0	overtemperature: 0	openwire: 0	openwire_temp: 0
dcc1: 00	dcc2: 00	
Time: 53507
Current: -0.137604
SOC: 0.844326
total_v: 113.265587	max_v: 4.048650	min_v: 4.038900	avg_v: 4.045199	max-min: 0.009750
C1=4.041300V	C2=4.042950V	C3=4.044300V	C4=4.045200V	C5=4.044150V	C6=4.043100V	C7=4.048650V	C8=4.046250V	C9=4.047300V	C10=4.043550V	C11=4.044600V	C12=4.045050V	C13=4.047600V	C14=4.048500V	C15=4.045200V	C16=4.043850V	C17=4.044000V	C18=4.045200V	C19=4.045500V	C20=4.046700V	C21=4.047000V	C22=4.044600V	C23=4.038900V	C24=4.045650V	C25=4.046100V	C26=4.046100V	C27=4.047600V	C28=4.046700V	
max_temp: 15.844355	min_temp: 13.185907	avg_temp: 13.653200
undervoltage: 0	overvoltage: 0	pec: 0	overtemperature: 0	openwire: 0	openwire_temp: 0
dcc1: 00	dcc2: 00	
Time: 53708
Current: -0.039322
SOC: 0.844326
total_v: 113.266029	max_v: 4.048650	min_v: 4.039050	avg_v: 4.045215	max-min: 0.009600
C1=4.041300V	C2=4.042950V	C3=4.044300V	C4=4.045350V	C5=4.044150V	C6=4.043100V	C7=4.048650V	C8=4.046250V	C9=4.047300V	C10=4.043550V	C11=4.044600V	C12=4.045050V	C13=4.047600V	C14=4.048350V	C15=4.045200V	C16=4.044000V	C17=4.044000V	C18=4.045200V	C19=4.045650V	C20=4.046700V	C21=4.047000V	C22=4.044600V	C23=4.039050V	C24=4.045650V	C25=4.046100V	C26=4.046100V	C27=4.047600V	C28=4.046700V	
max_temp: 15.844355	min_temp: 13.185907	avg_temp: 13.654459
undervoltage: 0	overvoltage: 0	pec: 0	overtemperature: 0	openwire: 0	openwire_temp: 0
dcc1: 00	dcc2: 00	
Time: 53909
Current: -0.137604
SOC: 0.844327
total_v: 113.265884	max_v: 4.048650	min_v: 4.038900	avg_v: 4.045210	max-min: 0.009750
C1=4.041300V	C2=4.042950V	C3=4.044300V	C4=4.045350V	C5=4.044150V	C6=4.043100V	C7=4.048650V	C8=4.046250V	C9=4.047300V	C10=4.043550V	C11=4.044600V	C12=4.045050V	C13=4.047750V	C14=4.048500V	C15=4.045200V	C16=4.043850V	C17=4.044000V	C18=4.045200V	C19=4.045500V	C20=4.046700V	C21=4.047000V	C22=4.044600V	C23=4.038900V	C24=4.045650V	C25=4.046100V	C26=4.046100V	C27=4.047600V	C28=4.046700V	
max_temp: 15.839319	min_temp: 13.185907	avg_temp: 13.652885
undervoltage: 0	overvoltage: 0	pec: 0	overtemperature: 0	openwire: 0	openwire_temp: 0
dcc1: 00	dcc2: 00	
Time: 54110
Current: 0.255493
SOC: 0.844326
total_v: 113.265739	max_v: 4.048650	min_v: 4.038900	avg_v: 4.045205	max-min: 0.009750
C1=4.041300V	C2=4.042800V	C3=4.044450V	C4=4.045350V	C5=4.044150V	C6=4.043100V	C7=4.048650V	C8=4.046250V	C9=4.047300V	C10=4.043550V	C11=4.044600V	C12=4.045050V	C13=4.047600V	C14=4.048350V	C15=4.045200V	C16=4.043850V	C17=4.044000V	C18=4.045200V	C19=4.045500V	C20=4.046700V	C21=4.047000V	C22=4.044600V	C23=4.038900V	C24=4.045800V	C25=4.046100V	C26=4.046250V	C27=4.047450V	C28=4.046700V	
max_temp: 15.839319	min_temp: 13.185907	avg_temp: 13.652885
undervoltage: 0	overvoltage: 0	pec: 0	overtemperature: 0	openwire: 0	openwire_temp: 0
dcc1: 00	dcc2: 00	
Time: 54311
Current: -0.039322
SOC: 0.844326
total_v: 113.266037	max_v: 4.048650	min_v: 4.038900	avg_v: 4.045216	max-min: 0.009750
C1=4.041300V	C2=4.042950V	C3=4.044450V	C4=4.045200V	C5=4.044150V	C6=4.043100V	C7=4.048650V	C8=4.046250V	C9=4.047300V	C10=4.043550V	C11=4.044600V	C12=4.045050V	C13=4.047600V	C14=4.048500V	C15=4.045200V	C16=4.043850V	C17=4.044000V	C18=4.045200V	C19=4.045500V	C20=4.046700V	C21=4.047000V	C22=4.044600V	C23=4.038900V	C24=4.045800V	C25=4.046100V	C26=4.046250V	C27=4.047600V	C28=4.046700V	
max_temp: 15.839319	min_temp: 13.185907	avg_temp: 13.654144
undervoltage: 0	overvoltage: 0	pec: 0	overtemperature: 0	openwire: 0	openwire_temp: 0
dcc1: 00	dcc2: 00	
Time: 54512
Current: -0.137604
SOC: 0.844327
total_v: 113.266037	max_v: 4.048650	min_v: 4.038900	avg_v: 4.045216	max-min: 0.009750
C1=4.041300V	C2=4.042950V	C3=4.044450V	C4=4.045350V	C5=4.044150V	C6=4.043250V	C7=4.048650V	C8=4.046250V	C9=4.047300V	C10=4.043550V	C11=4.044450V	C12=4.045050V	C13=4.047600V	C14=4.048500V	C15=4.045200V	C16=4.043850V	C17=4.044000V	C18=4.045200V	C19=4.045500V	C20=4.046700V	C21=4.047000V	C22=4.044600V	C23=4.038900V	C24=4.045800V	C25=4.046100V	C26=4.046250V	C27=4.047600V	C28=4.046550V	
max_temp: 15.839319	min_temp: 13.185907	avg_temp: 13.653830
undervoltage: 0	overvoltage: 0	pec: 0	overtemperature: 0	openwire: 0	openwire_temp: 0
dcc1: 00	dcc2: 00	
Time: 54713
Current: -0.137604
SOC: 0.844327
total_v: 113.265884	max_v: 4.048650	min_v: 4.038900	avg_v: 4.045210	max-min: 0.009750
C1=4.041300V	C2=4.042950V	C3=4.044300V	C4=4.045350V	C5=4.044150V	C6=4.043100V	C7=4.048650V	C8=4.046250V	C9=4.047300V	C10=4.043550V	C11=4.044450V	C12=4.045050V	C13=4.047600V	C14=4.048500V	C15=4.045200V	C16=4.043850V	C17=4.044000V	C18=4.045200V	C19=4.045500V	C20=4.046700V	C21=4.047000V	C22=4.044600V	C23=4.038900V	C24=4.045800V	C25=4.046100V	C26=4.046250V	C27=4.047600V	C28=4.046700V	
max_temp: 15.839319	min_temp: 13.185907	avg_temp: 13.653830
undervoltage: 0	overvoltage: 0	pec: 0	overtemperature: 0	openwire: 0	openwire_temp: 0
dcc1: 00	dcc2: 00	
Time: 54914
Current: -0.039322
SOC: 0.844327
total_v: 113.265282	max_v: 4.048650	min_v: 4.038900	avg_v: 4.045188	max-min: 0.009750
C1=4.041300V	C2=4.042800V	C3=4.044300V	C4=4.045350V	C5=4.044150V	C6=4.043100V	C7=4.048650V	C8=4.046250V	C9=4.047300V	C10=4.043550V	C11=4.044450V	C12=4.045050V	C13=4.047600V	C14=4.048500V	C15=4.045200V	C16=4.043850V	C17=4.044000V	C18=4.045200V	C19=4.045650V	C20=4.046700V	C21=4.046850V	C22=4.044450V	C23=4.038900V	C24=4.045650V	C25=4.046100V	C26=4.046100V	C27=4.047600V	C28=4.046700V	
max_temp: 15.839319	min_temp: 13.185907	avg_temp: 13.654144
undervoltage: 0	overvoltage: 0	pec: 0	overtemperature: 0	openwire: 0	openwire_temp: 0
dcc1: 00	dcc2: 00	
Time: 55115
Current: 2.024460
SOC: 0.844319
total_v: 113.265877	max_v: 4.048800	min_v: 4.039050	avg_v: 4.045210	max-min: 0.009750
C1=4.041300V	C2=4.042800V	C3=4.044300V	C4=4.045350V	C5=4.044150V	C6=4.043100V	C7=4.048800V	C8=4.046250V	C9=4.047300V	C10=4.043550V	C11=4.044450V	C12=4.045050V	C13=4.047600V	C14=4.048500V	C15=4.045200V	C16=4.043850V	C17=4.044000V	C18=4.045200V	C19=4.045500V	C20=4.046700V	C21=4.047000V	C22=4.044600V	C23=4.039050V	C24=4.045800V	C25=4.046100V	C26=4.046250V	C27=4.047600V	C28=4.046550V	
max_temp: 15.839319	min_temp: 13.185907	avg_temp: 13.652885
undervoltage: 0	overvoltage: 0	pec: 0	overtemperature: 0	openwire: 0	openwire_temp: 0
dcc1: 00	dcc2: 00	
Time: 55316
Current: -0.039322
SOC: 0.844319
total_v: 113.265587	max_v: 4.048650	min_v: 4.038900	avg_v: 4.045199	max-min: 0.009750
C1=4.041300V	C2=4.042800V	C3=4.044450V	C4=4.045350V	C5=4.044150V	C6=4.043100V	C7=4.048650V	C8=4.046250V	C9=4.047300V	C10=4.043550V	C11=4.044450V	C12=4.045050V	C13=4.047600V	C14=4.048350V	C15=4.045200V	C16=4.043850V	C17=4.044000V	C18=4.045200V	C19=4.045500V	C20=4.046700V	C21=4.047000V	C22=4.044600V	C23=4.038900V	C24=4.045650V	C25=4.046100V	C26=4.046250V	C27=4.047600V	C28=4.046700V	
max_temp: 15.839319	min_temp: 13.185907	avg_temp: 13.654144
undervoltage: 0	overvoltage: 0	pec: 0	overtemperature: 0	openwire: 0	openwire_temp: 0
dcc1: 00	dcc2: 00	
Time: 55517
Current: 0.353775
SOC: 0.844318
total_v: 113.265732	max_v: 4.048800	min_v: 4.038900	avg_v: 4.045205	max-min: 0.009900
C1=4.041300V	C2=4.042800V	C3=4.044300V	C4=4.045200V	C5=4.044150V	C6=4.043100V	C7=4.048800V	C8=4.046250V	C9=4.047300V	C10=4.043550V	C11=4.044600V	C12=4.045050V	C13=4.047750V	C14=4.048500V	C15=4.045200V	C16=4.043850V	C17=4.044000V	C18=4.045200V	C19=4.045500V	C20=4.046700V	C21=4.047000V	C22=4.044600V	C23=4.038900V	C24=4.045650V	C25=4.046100V	C26=4.046100V	C27=4.047600V	C28=4.046700V	
max_temp: 15.839319	min_temp: 13.185907	avg_temp: 13.654144
undervoltage: 0	overvoltage: 0	pec: 0	overtemperature: 0	openwire: 0	openwire_temp: 0
dcc1: 00	dcc2: 00	
Time: 55718
Current: 0.550339
SOC: 0.844315
total_v: 113.266174	max_v: 4.048800	min_v: 4.039050	avg_v: 4.045220	max-min: 0.009750
C1=4.041300V	C2=4.042800V	C3=4.044300V	C4=4.045350V	C5=4.044150V	C6=4.043100V	C7=4.048800V	C8=4.046250V	C9=4.047300V	C10=4.043550V	C11=4.044600V	C12=4.045050V	C13=4.047600V	C14=4.048500V	C15=4.045200V	C16=4.043850V	C17=4.044000V	C18=4.045200V	C19=4.045650V	C20=4.046700V	C21=4.047000V	C22=4.044600V	C23=4.039050V	C24=4.045650V	C25=4.046100V	C26=4.046250V	C27=4.047600V	C28=4.046700V	
max_temp: 15.839319	min_temp: 13.185907	avg_temp: 13.653515
undervoltage: 0	overvoltage: 0	pec: 0	overtemperature: 0	openwire: 0	openwire_temp: 0
dcc1: 00	dcc2: 00	
Time: 55919
Current: -0.039322
SOC: 0.844316
total_v: 113.265434	max_v: 4.048650	min_v: 4.038900	avg_v: 4.045194	max-min: 0.009750
C1=4.041300V	C2=4.042950V	C3=4.044300V	C4=4.045350V	C5=4.044150V	C6=4.043100V	C7=4.048650V	C8=4.046250V	C9=4.047300V	C10=4.043550V	C11=4.044450V	C12=4.045050V	C13=4.047600V	C14=4.048350V	C15=4.045200V	C16=4.043850V	C17=4.044000V	C18=4.045200V	C19=4.045500V	C20=4.046700V	C21=4.047000V	C22=4.044600V	C23=4.038900V	C24=4.045650V	C25=4.046100V	C26=4.046250V	C27=4.047600V	C28=4.046550V	
max_temp: 15.839319	min_temp: 13.185907	avg_temp: 13.654144
undervoltage: 0	overvoltage: 0	pec: 0	overtemperature: 0	openwire: 0	openwire_temp: 0
dcc1: 00	dcc2: 00	
Time: 56120
Current: 0.255493
SOC: 0.844315
total_v: 113.265739	max_v: 4.048800	min_v: 4.038900	avg_v: 4.045205	max-min: 0.009900
C1=4.041300V	C2=4.042950V	C3=4.044300V	C4=4.045350V	C5=4.044150V	C6=4.043100V	C7=4.048800V	C8=4.046250V	C9=4.047300V	C10=4.043550V	C11=4.044450V	C12=4.045050V	C13=4.047600V	C14=4.048350V	C15=4.045200V	C16=4.043850V	C17=4.044000V	C18=4.045200V	C19=4.045500V	C20=4.046700V	C21=4.047000V	C22=4.044600V	C23=4.038900V	C24=4.045800V	C25=4.046100V	C26=4.046100V	C27=4.047600V	C28=4.046700V	
max_temp: 15.834284	min_temp: 13.185907	avg_temp: 13.653515
undervoltage: 0	overvoltage: 0	pec: 0	overtemperature: 0	openwire: 0	openwire_temp: 0
dcc1: 00	dcc2: 00	
Time: 56321
Current: -0.137604
SOC: 0.844315
total_v: 113.265884	max_v: 4.048800	min_v: 4.038900	avg_v: 4.045210	max-min: 0.009900
C1=4.041300V	C2=4.042800V	C3=4.044300V	C4=4.045350V	C5=4.044150V	C6=4.043100V	C7=4.048800V	C8=4.046250V	C9=4.047300V	C10=4.043550V	C11=4.044600V	C12=4.045200V	C13=4.047600V	C14=4.048500V	C15=4.045200V	C16=4.043850V	C17=4.044000V	C18=4.045200V	C19=4.045500V	C20=4.046700V	C21=4.047000V	C22=4.044450V	C23=4.038900V	C24=4.045650V	C25=4.046100V	C26=4.046250V	C27=4.047600V	C28=4.046700V	
max_temp: 15.834284	min_temp: 13.185907	avg_temp: 13.654146
undervoltage: 0	overvoltage: 0	pec: 0	overtemperature: 0	openwire: 0	openwire_temp: 0
dcc1: 00	dcc2: 00	
Time: 56522
Current: -0.039322
SOC: 0.844315
total_v: 113.265877	max_v: 4.048650	min_v: 4.038900	avg_v: 4.045210	max-min: 0.009750
C1=4.041300V	C2=4.042800V	C3=4.044300V	C4=4.045350V	C5=4.044150V	C6=4.043250V	C7=4.048650V	C8=4.046250V	C9=4.047300V	C10=4.043550V	C11=4.044450V	C12=4.045050V	C13=4.047600V	C14=4.048500V	C15=4.045200V	C16=4.043850V	C17=4.044000V	C18=4.045200V	C19=4.045650V	C20=4.046700V	C21=4.047000V	C22=4.044600V	C23=4.038900V	C24=4.045800V	C25=4.046100V	C26=4.046250V	C27=4.047600V	C28=4.046550V	
max_temp: 15.834284	min_temp: 13.185907	avg_temp: 13.654144
undervoltage: 0	overvoltage: 0	pec: 0	overtemperature: 0	openwire: 0	openwire_temp: 0
dcc1: 00	dcc2: 00	
Time: 56723
Current: -0.137604
SOC: 0.844316
total_v: 113.266037	max_v: 4.048650	min_v: 4.039050	avg_v: 4.045216	max-min: 0.009600
C1=4.041300V	C2=4.042800V	C3=4.044300V	C4=4.045350V	C5=4.044150V	C6=4.043100V	C7=4.048650V	C8=4.046250V	C9=4.047300V	C10=4.043550V	C11=4.044600V	C12=4.045050V	C13=4.047600V	C14=4.048500V	C15=4.045200V	C16=4.043850V	C17=4.044000V	C18=4.045200V	C19=4.045650V	C20=4.046700V	C21=4.046850V	C22=4.044600V	C23=4.039050V	C24=4.045800V	C25=4.046100V	C26=4.046250V	C27=4.047600V	C28=4.046700V	
max_temp: 15.839319	min_temp: 13.185907	avg_temp: 13.654459
undervoltage: 0	overvoltage: 0	pec: 0	overtemperature: 0	openwire: 0	openwire_temp: 0
dcc1: 00	dcc2: 00	
Time: 56924
Current: -0.137604
SOC: 0.844316
total_v: 113.265587	max_v: 4.048650	min_v: 4.038900	avg_v: 4.045199	max-min: 0.009750
C1=4.041300V	C2=4.042800V	C3=4.044300V	C4=4.045350V	C5=4.044150V	C6=4.043100V	C7=4.048650V	C8=4.046250V	C9=4.047300V	C10=4.043550V	C11=4.044450V	C12=4.045050V	C13=4.047600V	C14=4.048500V	C15=4.045200V	C16=4.043850V	C17=4.044000V	C18=4.045200V	C19=4.045500V	C20=4.046700V	C21=4.047000V	C22=4.044600V	C23=4.038900V	C24=4.045650V	C25=4.046100V	C26=4.046250V	C27=4.047600V	C28=4.046700V	
max_temp: 15.834284	min_temp: 13.185907	avg_temp: 13.653830
undervoltage: 0	overvoltage: 0	pec: 0	overtemperature: 0	openwire: 0	openwire_temp: 0
dcc1: 00	dcc2: 00	
Time: 57125
Current: -0.039322
SOC: 0.844317
total_v: 113.265732	max_v: 4.048650	min_v: 4.039050	avg_v: 4.045205	max-min: 0.009600
C1=4.041300V	C2=4.042950V	C3=4.044300V	C4=4.045350V	C5=4.044150V	C6=4.043100V	C7=4.048650V	C8=4.046250V	C9=4.047300V	C10=4.043550V	C11=4.044600V	C12=4.045050V	C13=4.047600V	C14=4.048350V	C15=4.045200V	C16=4.043850V	C17=4.044000V	C18=4.045200V	C19=4.045500V	C20=4.046700V	C21=4.047000V	C22=4.044600V	C23=4.039050V	C24=4.045650V	C25=4.046100V	C26=4.046100V	C27=4.047600V	C28=4.046700V	
max_temp: 15.834284	min_temp: 13.185907	avg_temp: 13.654461
undervoltage: 0	overvoltage: 0	pec: 0	overtemperature: 0	openwire: 0	openwire_temp: 0
dcc1: 00	dcc2: 00	
Time: 57326
Current: 0.648621
SOC: 0.844314
total_v: 113.265594	max_v: 4.048650	min_v: 4.038900	avg_v: 4.045200	max-min: 0.009750
C1=4.041300V	C2=4.042800V	C3=4.044300V	C4=4.045350V	C5=4.044150V	C6=4.043100V	C7=4.048650V	C8=4.046250V	C9=4.047300V	C10=4.043550V	C11=4.044450V	C12=4.045050V	C13=4.047600V	C14=4.048350V	C15=4.045200V	C16=4.043850V	C17=4.044000V	C18=4.045200V	C19=4.045500V	C20=4.046700V	C21=4.047000V	C22=4.044600V	C23=4.038900V	C24=4.045800V	C25=4.046100V	C26=4.046250V	C27=4.047600V	C28=4.046700V	
max_temp: 15.834284	min_temp: 13.185907	avg_temp: 13.653515
undervoltage: 0	overvoltage: 0	pec: 0	overtemperature: 0	openwire: 0	openwire_temp: 0
dcc1: 00	dcc2: 00	
Time: 57527
Current: -0.039322
SOC: 0.844314
total_v: 113.265877	max_v: 4.048800	min_v: 4.038900	avg_v: 4.045210	max-min: 0.009900
C1=4.041300V	C2=4.042800V	C3=4.044300V	C4=4.045350V	C5=4.044150V	C6=4.043100V	C7=4.048800V	C8=4.046250V	C9=4.047300V	C10=4.043550V	C11=4.044450V	C12=4.045050V	C13=4.047600V	C14=4.048500V	C15=4.045200V	C16=4.043850V	C17=4.044000V	C18=4.045200V	C19=4.045650V	C20=4.046700V	C21=4.047000V	C22=4.044600V	C23=4.038900V	C24=4.045650V	C25=4.046100V	C26=4.046250V	C27=4.047600V	C28=4.046700V	
max_temp: 15.839319	min_temp: 13.185907	avg_temp: 13.654461
undervoltage: 0	overvoltage: 0	pec: 0	overtemperature: 0	openwire: 0	openwire_temp: 0
dcc1: 00	dcc2: 00	
Time: 57728
Current: -0.137604
SOC: 0.844315
total_v: 113.265884	max_v: 4.048650	min_v: 4.038900	avg_v: 4.045210	max-min: 0.009750
C1=4.041300V	C2=4.042950V	C3=4.044450V	C4=4.045350V	C5=4.044150V	C6=4.043100V	C7=4.048650V	C8=4.046250V	C9=4.047300V	C10=4.043550V	C11=4.044450V	C12=4.045050V	C13=4.047600V	C14=4.048500V	C15=4.045200V	C16=4.043850V	C17=4.044000V	C18=4.045200V	C19=4.045500V	C20=4.046700V	C21=4.047000V	C22=4.044600V	C23=4.038900V	C24=4.045800V	C25=4.046100V	C26=4.046250V	C27=4.047450V	C28=4.046700V	
max_temp: 15.834284	min_temp: 13.185907	avg_temp: 13.654461
undervoltage: 0	overvoltage: 0	pec: 0	overtemperature: 0	openwire: 0	openwire_temp: 0
dcc1: 00	dcc2: 00	
Time: 57929
Current: -0.137604
SOC: 0.844315
total_v: 113.265884	max_v: 4.048650	min_v: 4.039050	avg_v: 4.045210	max-min: 0.009600
C1=4.041300V	C2=4.042950V	C3=4.044300V	C4=4.045200V	C5=4.044150V	C6=4.043100V	C7=4.048650V	C8=4.046250V	C9=4.047300V	C10=4.043550V	C11=4.044450V	C12=4.045050V	C13=4.047600V	C14=4.048500V	C15=4.045200V	C16=4.043850V	C17=4.044000V	C18=4.045200V	C19=4.045500V	C20=4.046700V	C21=4.047000V	C22=4.044600V	C23=4.039050V	C24=4.045800V	C25=4.046100V	C26=4.046250V	C27=4.047600V	C28=4.046700V	
max_temp: 15.834284	min_temp: 13.185907	avg_temp: 13.654774
undervoltage: 0	overvoltage: 0	pec: 0	overtemperature: 0	openwire: 0	openwire_temp: 0
dcc1: 00	dcc2: 00	
Time: 58130
Current: -0.137604
SOC: 0.844316
total_v: 113.266182	max_v: 4.048800	min_v: 4.039050	avg_v: 4.045221	max-min: 0.009750
C1=4.041300V	C2=4.042950V	C3=4.044300V	C4=4.045350V	C5=4.044150V	C6=4.043100V	C7=4.048800V	C8=4.046250V	C9=4.047300V	C10=4.043550V	C11=4.044600V	C12=4.045050V	C13=4.047600V	C14=4.048500V	C15=4.045200V	C16=4.043850V	C17=4.044000V	C18=4.045200V	C19=4.045500V	C20=4.046700V	C21=4.047000V	C22=4.044600V	C23=4.039050V	C24=4.045650V	C25=4.046100V	C26=4.046250V	C27=4.047600V	C28=4.046700V	
max_temp: 15.834284	min_temp: 13.185907	avg_temp: 13.653515
undervoltage: 0	overvoltage: 0	pec: 0	overtemperature: 0	openwire: 0	openwire_temp: 0
dcc1: 00	dcc2: 00	
Time: 58331
Current: 1.827911
SOC: 0.844308
total_v: 113.265572	max_v: 4.048650	min_v: 4.038900	avg_v: 4.045199	max-min: 0.009750
C1=4.041300V	C2=4.042800V	C3=4.044450V	C4=4.045350V	C5=4.044150V	C6=4.043100V	C7=4.048650V	C8=4.046250V	C9=4.047300V	C10=4.043550V	C11=4.044450V	C12=4.045050V	C13=4.047600V	C14=4.048500V	C15=4.045200V	C16=4.043850V	C17=4.044000V	C18=4.045200V	C19=4.045650V	C20=4.046700V	C21=4.047000V	C22=4.044450V	C23=4.038900V	C24=4.045650V	C25=4.046100V	C26=4.046100V	C27=4.047600V	C28=4.046700V	
max_temp: 15.834284	min_temp: 13.185907	avg_temp: 13.654461
undervoltage: 0	overvoltage: 0	pec: 0	overtemperature: 0	openwire: 0	openwire_temp: 0
dcc1: 00	dcc2: 00	
Time: 58532
Current: -0.039322
SOC: 0.844309
total_v: 113.265732	max_v: 4.048650	min_v: 4.038900	avg_v: 4.045205	max-min: 0.009750
C1=4.041300V	C2=4.042800V	C3=4.044300V	C4=4.045350V	C5=4.044150V	C6=4.043100V	C7=4.048650V	C8=4.046250V	C9=4.047300V	C10=4.043550V	C11=4.044600V	C12=4.045050V	C13=4.047600V	C14=4.048350V	C15=4.045200V	C16=4.044000V	C17=4.044000V	C18=4.045200V	C19=4.045650V	C20=4.046700V	C21=4.047000V	C22=4.044600V	C23=4.038900V	C24=4.045650V	C25=4.046100V	C26=4.046100V	C27=4.047600V	C28=4.046700V	
max_temp: 15.839319	min_temp: 13.185907	avg_temp: 13.655405
undervoltage: 0	overvoltage: 0	pec: 0	overtemperature: 0	openwire: 0	openwire_temp: 0
dcc1: 00	dcc2: 00	
Time: 58733
Current: 4.186523
SOC: 0.844291
total_v: 113.265724	max_v: 4.048650	min_v: 4.038900	avg_v: 4.045205	max-min: 0.009750
C1=4.041300V	C2=4.042800V	C3=4.044450V	C4=4.045350V	C5=4.044150V	C6=4.043100V	C7=4.048650V	C8=4.046250V	C9=4.047300V	C10=4.043550V	C11=4.044600V	C12=4.045050V	C13=4.047600V	C14=4.048500V	C15=4.045200V	C16=4.043850V	C17=4.044000V	C18=4.045200V	C19=4.045650V	C20=4.046700V	C21=4.047000V	C22=4.044450V	C23=4.038900V	C24=4.045650V	C25=4.046100V	C26=4.046250V	C27=4.047450V	C28=4.046700V	
max_temp: 15.834284	min_temp: 13.185907	avg_temp: 13.655090
undervoltage: 0	overvoltage: 0	pec: 0	overtemperature: 0	openwire: 0	openwire_temp: 0
dcc1: 00	dcc2: 00	
Time: 58934
Current: -0.039322
SOC: 0.844291
total_v: 113.266182	max_v: 4.048650	min_v: 4.038900	avg_v: 4.045221	max-min: 0.009750
C1=4.041300V	C2=4.042950V	C3=4.044450V	C4=4.045350V	C5=4.044150V	C6=4.043250V	C7=4.048650V	C8=4.046250V	C9=4.047300V	C10=4.043550V	C11=4.044450V	C12=4.045050V	C13=4.047600V	C14=4.048500V	C15=4.045200V	C16=4.043850V	C17=4.044000V	C18=4.045200V	C19=4.045650V	C20=4.046850V	C21=4.047000V	C22=4.044600V	C23=4.038900V	C24=4.045650V	C25=4.046100V	C26=4.046250V	C27=4.047450V	C28=4.046700V	
max_temp: 15.834284	min_temp: 13.185907	avg_temp: 13.654144
undervoltage: 0	overvoltage: 0	pec: 0	overtemperature: 0	openwire: 0	openwire_temp: 0
dcc1: 00	dcc2: 00	
Time: 59135
Current: 6.053772
SOC: 0.844266
total_v: 113.266190	max_v: 4.048800	min_v: 4.038900	avg_v: 4.045221	max-min: 0.009900
C1=4.041300V	C2=4.042950V	C3=4.044450V	C4=4.045200V	C5=4.044150V	C6=4.043250V	C7=4.048800V	C8=4.046250V	C9=4.047300V	C10=4.043550V	C11=4.044600V	C12=4.045050V	C13=4.047600V	C14=4.048500V	C15=4.045200V	C16=4.043850V	C17=4.044000V	C18=4.045200V	C19=4.045500V	C20=4.046700V	C21=4.047000V	C22=4.044600V	C23=4.038900V	C24=4.045650V	C25=4.046100V	C26=4.046250V	C27=4.047600V	C28=4.046700V	
max_temp: 15.839319	min_temp: 13.185907	avg_temp: 13.655405
undervoltage: 0	overvoltage: 0	pec: 0	overtemperature: 0	openwire: 0	openwire_temp: 0
dcc1: 00	dcc2: 00	
Time: 59336
Current: -0.137604
SOC: 0.844267
total_v: 113.265587	max_v: 4.048650	min_v: 4.038900	avg_v: 4.045199	max-min: 0.009750
C1=4.041300V	C2=4.042800V	C3=4.044300V	C4=4.045200V	C5=4.044150V	C6=4.043100V	C7=4.048650V	C8=4.046250V	C9=4.047300V	C10=4.043550V	C11=4.044600V	C12=4.045050V	C13=4.047600V	C14=4.048500V	C15=4.045200V	C16=4.043850V	C17=4.044000V	C18=4.045350V	C19=4.045500V	C20=4.046700V	C21=4.047000V	C22=4.044600V	C23=4.038900V	C24=4.045650V	C25=4.046100V	C26=4.046100V	C27=4.047600V	C28=4.046700V	
max_temp: 15.834284	min_temp: 13.185907	avg_temp: 13.654774
undervoltage: 0	overvoltage: 0	pec: 0	overtemperature: 0	openwire: 0	openwire_temp: 0
dcc1: 00	dcc2: 00	
Time: 59537
Current: -0.137604
SOC: 0.844268
total_v: 113.265732	max_v: 4.048650	min_v: 4.038900	avg_v: 4.045205	max-min: 0.009750
C1=4.041300V	C2=4.042800V	C3=4.044300V	C4=4.045200V	C5=4.044150V	C6=4.043100V	C7=4.048650V	C8=4.046250V	C9=4.047300V	C10=4.043550V	C11=4.044600V	C12=4.045050V	C13=4.047600V	C14=4.048500V	C15=4.045200V	C16=4.043850V	C17=4.044000V	C18=4.045200V	C19=4.045650V	C20=4.046700V	C21=4.047000V	C22=4.044600V	C23=4.038900V	C24=4.045650V	C25=4.046100V	C26=4.046250V	C27=4.047600V	C28=4.046700V	
max_temp: 15.834284	min_temp: 13.185907	avg_temp: 13.655405
undervoltage: 0	overvoltage: 0	pec: 0	overtemperature: 0	openwire: 0	openwire_temp: 0
dcc1: 00	dcc2: 00	
Time: 59738
Current: 0.550339
SOC: 0.844265
total_v: 113.266037	max_v: 4.048800	min_v: 4.038900	avg_v: 4.045216	max-min: 0.009900
C1=4.041300V	C2=4.042800V	C3=4.044450V	C4=4.045200V	C5=4.044150V	C6=4.043100V	C7=4.048800V	C8=4.046250V	C9=4.047300V	C10=4.043550V	C11=4.044600V	C12=4.045050V	C13=4.047600V	C14=4.048500V	C15=4.045200V	C16=4.043850V	C17=4.044000V	C18=4.045350V	C19=4.045500V	C20=4.046700V	C21=4.047000V	C22=4.044600V	C23=4.038900V	C24=4.045650V	C25=4.046100V	C26=4.046250V	C27=4.047600V	C28=4.046700V	
max_temp: 15.834284	min_temp: 13.185907	avg_temp: 13.654774
undervoltage: 0	overvoltage: 0	pec: 0	overtemperature: 0	openwire: 0	openwire_temp: 0
dcc1: 00	dcc2: 00	
Time: 59939
Current: -0.039322
SOC: 0.844266
total_v: 113.266487	max_v: 4.048650	min_v: 4.038900	avg_v: 4.045232	max-min: 0.009750
C1=4.041300V	C2=4.042950V	C3=4.044450V	C4=4.045350V	C5=4.044150V	C6=4.043250V	C7=4.048650V	C8=4.046250V	C9=4.047300V	C10=4.043550V	C11=4.044600V	C12=4.045050V	C13=4.047600V	C14=4.048500V	C15=4.045200V	C16=4.043850V	C17=4.044000V	C18=4.045200V	C19=4.045650V	C20=4.046700V	C21=4.047000V	C22=4.044600V	C23=4.038900V	C24=4.045800V	C25=4.046100V	C26=4.046250V	C27=4.047600V	C28=4.046700V	
max_temp: 15.834284	min_temp: 13.185907	avg_temp: 13.655090
undervoltage: 0	overvoltage: 0	pec: 0	overtemperature: 0	openwire: 0	openwire_temp: 0
dcc1: 00	dcc2: 00	
Time: 60140
Current: 2.614136
SOC: 0.844255
total_v: 113.265724	max_v: 4.048650	min_v: 4.038900	avg_v: 4.045205	max-min: 0.009750
C1=4.041300V	C2=4.042800V	C3=4.044300V	C4=4.045350V	C5=4.044150V	C6=4.043250V	C7=4.048650V	C8=4.046250V	C9=4.047300V	C10=4.043550V	C11=4.044450V	C12=4.045200V	C13=4.047600V	C14=4.048500V	C15=4.045200V	C16=4.043850V	C17=4.044000V	C18=4.045200V	C19=4.045650V	C20=4.046700V	C21=4.047000V	C22=4.044600V	C23=4.038900V	C24=4.045650V	C25=4.046100V	C26=4.046100V	C27=4.047600V	C28=4.046550V	
max_temp: 15.834284	min_temp: 13.185907	avg_temp: 13.654776
undervoltage: 0	overvoltage: 0	pec: 0	overtemperature: 0	openwire: 0	openwire_temp: 0
dcc1: 00	dcc2: 00	
Time: 60341
Current: -0.039322
SOC: 0.844255
total_v: 113.265732	max_v: 4.048650	min_v: 4.039050	avg_v: 4.045205	max-min: 0.009600
C1=4.041300V	C2=4.042800V	C3=4.044300V	C4=4.045350V	C5=4.044150V	C6=4.043100V	C7=4.048650V	C8=4.046250V	C9=4.047300V	C10=4.043550V	C11=4.044600V	C12=4.045200V	C13=4.047600V	C14=4.048350V	C15=4.045200V	C16=4.043850V	C17=4.044000V	C18=4.045200V	C19=4.045500V	C20=4.046700V	C21=4.047000V	C22=4.044600V	C23=4.039050V	C24=4.045650V	C25=4.046100V	C26=4.046100V	C27=4.047600V	C28=4.046700V	
max_temp: 15.834284	min_temp: 13.185907	avg_temp: 13.655090
undervoltage: 0	overvoltage: 0	pec: 0	overtemperature: 0	openwire: 0	openwire_temp: 0
dcc1: 00	dcc2: 00	
Time: 60542
Current: -0.137604
SOC: 0.844256
total_v: 113.265724	max_v: 4.048650	min_v: 4.038900	avg_v: 4.045205	max-min: 0.009750
C1=4.041300V	C2=4.042800V	C3=4.044300V	C4=4.045350V	C5=4.044150V	C6=4.043100V	C7=4.048650V	C8=4.046400V	C9=4.047300V	C10=4.043550V	C11=4.044450V	C12=4.045200V	C13=4.047600V	C14=4.048500V	C15=4.045200V	C16=4.043850V	C17=4.044000V	C18=4.045200V	C19=4.045650V	C20=4.046550V	C21=4.047000V	C22=4.044600V	C23=4.038900V	C24=4.045650V	C25=4.046100V	C26=4.046250V	C27=4.047600V	C28=4.046550V	
max_temp: 15.834284	min_temp: 13.185907	avg_temp: 13.654776
undervoltage: 0	overvoltage: 0	pec: 0	overtemperature: 0	openwire: 0	openwire_temp: 0
dcc1: 00	dcc2: 00	
Time: 60743
Current: -0.137604
SOC: 0.844256
total_v: 113.266182	max_v: 4.048800	min_v: 4.038900	avg_v: 4.045221	max-min: 0.009900
C1=4.041300V	C2=4.042950V	C3=4.044300V	C4=4.045350V	C5=4.044150V	C6=4.043250V	C7=4.048800V	C8=4.046250V	C9=4.047300V	C10=4.043550V	C11=4.044600V	C12=4.045050V	C13=4.047600V	C14=4.048500V	C15=4.045200V	C16=4.043850V	C17=4.044000V	C18=4.045200V	C19=4.045650V	C20=4.046700V	C21=4.047000V	C22=4.044600V	C23=4.038900V	C24=4.045650V	C25=4.046100V	C26=4.046100V	C27=4.047600V	C28=4.046700V	
max_temp: 15.834284	min_temp: 13.185907	avg_temp: 13.654776
undervoltage: 0	overvoltage: 0	pec: 0	overtemperature: 0	openwire: 0	openwire_temp: 0
dcc1: 00	dcc2: 00	
Time: 60944
Current: -0.039322
SOC: 0.844256
total_v: 113.265884	max_v: 4.048650	min_v: 4.038900	avg_v: 4.045210	max-min: 0.009750
C1=4.041300V	C2=4.042800V	C3=4.044450V	C4=4.045350V	C5=4.044150V	C6=4.043100V	C7=4.048650V	C8=4.046250V	C9=4.047300V	C10=4.043550V	C11=4.044600V	C12=4.045050V	C13=4.047600V	C14=4.048500V	C15=4.045200V	C16=4.043850V	C17=4.044000V	C18=4.045350V	C19=4.045500V	C20=4.046700V	C21=4.047000V	C22=4.044600V	C23=4.038900V	C24=4.045650V	C25=4.046100V	C26=4.046100V	C27=4.047600V	C28=4.046700V	
max_temp: 15.829279	min_temp: 13.185907	avg_temp: 13.655090
undervoltage: 0	overvoltage: 0	pec: 0	overtemperature: 0	openwire: 0	openwire_temp: 0
dcc1: 00	dcc2: 00	
Time: 61145
Current: -0.137604
SOC: 0.844257
total_v: 113.265892	max_v: 4.048650	min_v: 4.038900	avg_v: 4.045210	max-min: 0.009750
C1=4.041300V	C2=4.042800V	C3=4.044300V	C4=4.045350V	C5=4.044150V	C6=4.043100V	C7=4.048650V	C8=4.046250V	C9=4.047300V	C10=4.043550V	C11=4.044600V	C12=4.045050V	C13=4.047600V	C14=4.048500V	C15=4.045200V	C16=4.043850V	C17=4.044000V	C18=4.045200V	C19=4.045500V	C20=4.046700V	C21=4.047000V	C22=4.044600V	C23=4.038900V	C24=4.045800V	C25=4.046100V	C26=4.046250V	C27=4.047600V	C28=4.046700V	
max_temp: 15.834284	min_temp: 13.185907	avg_temp: 13.655405
undervoltage: 0	overvoltage: 0	pec: 0	overtemperature: 0	openwire: 0	openwire_temp: 0
dcc1: 00	dcc2: 00	
Time: 61346
Current: -0.137604
SOC: 0.844257
total_v: 113.265739	max_v: 4.048650	min_v: 4.038900	avg_v: 4.045205	max-min: 0.009750
C1=4.041300V	C2=4.042950V	C3=4.044300V	C4=4.045200V	C5=4.044150V	C6=4.043100V	C7=4.048650V	C8=4.046250V	C9=4.047300V	C10=4.043550V	C11=4.044450V	C12=4.045050V	C13=4.047600V	C14=4.048350V	C15=4.045200V	C16=4.043850V	C17=4.044000V	C18=4.045200V	C19=4.045650V	C20=4.046700V	C21=4.047000V	C22=4.044600V	C23=4.038900V	C24=4.045800V	C25=4.046100V	C26=4.046250V	C27=4.047600V	C28=4.046700V	
max_temp: 15.829279	min_temp: 13.185907	avg_temp: 13.654778
undervoltage: 0	overvoltage: 0	pec: 0	overtemperature: 0	openwire: 0	openwire_temp: 0
dcc1: 00	dcc2: 00	
Time: 61547
Current: -0.137604
SOC: 0.844258
total_v: 113.265739	max_v: 4.048800	min_v: 4.038900	avg_v: 4.045205	max-min: 0.009900
C1=4.041300V	C2=4.042800V	C3=4.044300V	C4=4.045350V	C5=4.044150V	C6=4.043100V	C7=4.048800V	C8=4.046250V	C9=4.047300V	C10=4.043550V	C11=4.044450V	C12=4.045050V	C13=4.047600V	C14=4.048350V	C15=4.045200V	C16=4.043850V	C17=4.044000V	C18=4.045350V	C19=4.045500V	C20=4.046700V	C21=4.047000V	C22=4.044600V	C23=4.038900V	C24=4.045650V	C25=4.046100V	C26=4.046250V	C27=4.047600V	C28=4.046700V	
max_temp: 15.829279	min_temp: 13.185907	avg_temp: 13.655407
undervoltage: 0	overvoltage: 0	pec: 0	overtemperature: 0	openwire: 0	openwire_temp: 0
dcc1: 00	dcc2: 00	
Time: 61748
Current: -0.137604
SOC: 0.844259
total_v: 113.266174	max_v: 4.048650	min_v: 4.039050	avg_v: 4.045220	max-min: 0.009600
C1=4.041300V	C2=4.042950V	C3=4.044300V	C4=4.045200V	C5=4.044300V	C6=4.043100V	C7=4.048650V	C8=4.046250V	C9=4.047300V	C10=4.043550V	C11=4.044450V	C12=4.045050V	C13=4.047750V	C14=4.048350V	C15=4.045200V	C16=4.043850V	C17=4.044000V	C18=4.045350V	C19=4.045650V	C20=4.046700V	C21=4.047000V	C22=4.044600V	C23=4.039050V	C24=4.045800V	C25=4.046100V	C26=4.046100V	C27=4.047600V	C28=4.046700V	
max_temp: 15.829279	min_temp: 13.185907	avg_temp: 13.654778
undervoltage: 0	overvoltage: 0	pec: 0	overtemperature: 0	openwire: 0	openwire_temp: 0
dcc1: 00	dcc2: 00	
Time: 61949
Current: -0.137604
SOC: 0.844259
total_v: 113.266037	max_v: 4.048800	min_v: 4.038900	avg_v: 4.045216	max-min: 0.009900
C1=4.041300V	C2=4.042800V	C3=4.044450V	C4=4.045350V	C5=4.044150V	C6=4.043100V	C7=4.048800V	C8=4.046250V	C9=4.047300V	C10=4.043550V	C11=4.044600V	C12=4.045050V	C13=4.047600V	C14=4.048500V	C15=4.045200V	C16=4.043850V	C17=4.044000V	C18=4.045200V	C19=4.045500V	C20=4.046700V	C21=4.047000V	C22=4.044600V	C23=4.038900V	C24=4.045650V	C25=4.046100V	C26=4.046250V	C27=4.047600V	C28=4.046700V	
max_temp: 15.829279	min_temp: 13.185907	avg_temp: 13.655092
undervoltage: 0	overvoltage: 0	pec: 0	overtemperature: 0	openwire: 0	openwire_temp: 0
dcc1: 00	dcc2: 00	
Time: 62150
Current: 2.122742
SOC: 0.844251
total_v: 113.265884	max_v: 4.048650	min_v: 4.039050	avg_v: 4.045210	max-min: 0.009600
C1=4.041300V	C2=4.042800V	C3=4.044450V	C4=4.045200V	C5=4.044150V	C6=4.043250V	C7=4.048650V	C8=4.046250V	C9=4.047300V	C10=4.043550V	C11=4.044600V	C12=4.045050V	C13=4.047600V	C14=4.048350V	C15=4.045200V	C16=4.043850V	C17=4.044000V	C18=4.045200V	C19=4.045500V	C20=4.046700V	C21=4.047000V	C22=4.044600V	C23=4.039050V	C24=4.045650V	C25=4.046100V	C26=4.046250V	C27=4.047600V	C28=4.046700V	
max_temp: 15.829279	min_temp: 13.185907	avg_temp: 13.655092
undervoltage: 0	overvoltage: 0	pec: 0	overtemperature: 0	openwire: 0	openwire_temp: 0
dcc1: 00	dcc2: 00	
Time: 62351
Current: -0.137604
SOC: 0.844251
total_v: 113.265587	max_v: 4.048650	min_v: 4.038900	avg_v: 4.045199	max-min: 0.009750
C1=4.041300V	C2=4.042950V	C3=4.044300V	C4=4.045350V	C5=4.044150V	C6=4.043100V	C7=4.048650V	C8=4.046250V	C9=4.047300V	C10=4.043550V	C11=4.044450V	C12=4.045050V	C13=4.047600V	C14=4.048500V	C15=4.045200V	C16=4.043850V	C17=4.044000V	C18=4.045200V	C19=4.045500V	C20=4.046700V	C21=4.046850V	C22=4.044600V	C23=4.038900V	C24=4.045650V	C25=4.046100V	C26=4.046250V	C27=4.047600V	C28=4.046700V	
max_temp: 15.829279	min_temp: 13.185907	avg_temp: 13.655407
undervoltage: 0	overvoltage: 0	pec: 0	overtemperature: 0	openwire: 0	openwire_temp: 0
dcc1: 00	dcc2: 00	
Time: 62552
Current: -0.039322
SOC: 0.844251
total_v: 113.265587	max_v: 4.048650	min_v: 4.038900	avg_v: 4.045199	max-min: 0.009750
C1=4.041300V	C2=4.042800V	C3=4.044300V	C4=4.045350V	C5=4.044150V	C6=4.043100V	C7=4.048650V	C8=4.046250V	C9=4.047300V	C10=4.043550V	C11=4.044450V	C12=4.045050V	C13=4.047600V	C14=4.048500V	C15=4.045200V	C16=4.043850V	C17=4.044000V	C18=4.045350V	C19=4.045500V	C20=4.046700V	C21=4.047000V	C22=4.044600V	C23=4.038900V	C24=4.045650V	C25=4.046100V	C26=4.046100V	C27=4.047600V	C28=4.046700V	
max_temp: 15.824244	min_temp: 13.185907	avg_temp: 13.654148
undervoltage: 0	overvoltage: 0	pec: 0	overtemperature: 0	openwire: 0	openwire_temp: 0
dcc1: 00	dcc2: 00	
Time: 62753
Current: 0.648621
SOC: 0.844249
total_v: 113.265587	max_v: 4.048800	min_v: 4.038900	avg_v: 4.045199	max-min: 0.009900
C1=4.041300V	C2=4.042800V	C3=4.044300V	C4=4.045200V	C5=4.044150V	C6=4.043100V	C7=4.048800V	C8=4.046250V	C9=4.047300V	C10=4.043550V	C11=4.044600V	C12=4.045050V	C13=4.047600V	C14=4.048350V	C15=4.045200V	C16=4.044000V	C17=4.044000V	C18=4.045200V	C19=4.045500V	C20=4.046700V	C21=4.047000V	C22=4.044600V	C23=4.038900V	C24=4.045650V	C25=4.046100V	C26=4.046100V	C27=4.047600V	C28=4.046700V	
max_temp: 15.824244	min_temp: 13.190943	avg_temp: 13.655092
undervoltage: 0	overvoltage: 0	pec: 0	overtemperature: 0	openwire: 0	openwire_temp: 0
dcc1: 00	dcc2: 00	
Time: 62954
Current: -0.039322
SOC: 0.844249
total_v: 113.265739	max_v: 4.048800	min_v: 4.038900	avg_v: 4.045205	max-min: 0.009900
C1=4.041300V	C2=4.042800V	C3=4.044300V	C4=4.045350V	C5=4.044150V	C6=4.043100V	C7=4.048800V	C8=4.046250V	C9=4.047300V	C10=4.043550V	C11=4.044600V	C12=4.045050V	C13=4.047600V	C14=4.048350V	C15=4.045200V	C16=4.043850V	C17=4.044000V	C18=4.045200V	C19=4.045500V	C20=4.046700V	C21=4.047000V	C22=4.044450V	C23=4.038900V	C24=4.045800V	C25=4.046100V	C26=4.046250V	C27=4.047600V	C28=4.046700V	
max_temp: 15.829279	min_temp: 13.190943	avg_temp: 13.655722
undervoltage: 0	overvoltage: 0	pec: 0	overtemperature: 0	openwire: 0	openwire_temp: 0
dcc1: 00	dcc2: 00	
Time: 63155
Current: -0.137604
SOC: 0.844249
total_v: 113.265884	max_v: 4.048650	min_v: 4.038900	avg_v: 4.045210	max-min: 0.009750
C1=4.041300V	C2=4.042800V	C3=4.044450V	C4=4.045350V	C5=4.044150V	C6=4.043100V	C7=4.048650V	C8=4.046250V	C9=4.047300V	C10=4.043550V	C11=4.044600V	C12=4.045050V	C13=4.047600V	C14=4.048500V	C15=4.045200V	C16=4.043850V	C17=4.044000V	C18=4.045200V	C19=4.045500V	C20=4.046700V	C21=4.047000V	C22=4.044600V	C23=4.038900V	C24=4.045650V	C25=4.046100V	C26=4.046250V	C27=4.047600V	C28=4.046700V	
max_temp: 15.824244	min_temp: 13.185907	avg_temp: 13.654463
undervoltage: 0	overvoltage: 0	pec: 0	overtemperature: 0	openwire: 0	openwire_temp: 0
dcc1: 00	dcc2: 00	
Time: 63356
Current: -0.039322
SOC: 0.844250
total_v: 113.265434	max_v: 4.048650	min_v: 4.038900	avg_v: 4.045194	max-min: 0.009750
C1=4.041300V	C2=4.042800V	C3=4.044300V	C4=4.045350V	C5=4.044150V	C6=4.043100V	C7=4.048650V	C8=4.046250V	C9=4.047300V	C10=4.043550V	C11=4.044450V	C12=4.045050V	C13=4.047600V	C14=4.048500V	C15=4.045200V	C16=4.043850V	C17=4.043850V	C18=4.045200V	C19=4.045500V	C20=4.046700V	C21=4.047000V	C22=4.044600V	C23=4.038900V	C24=4.045650V	C25=4.046100V	C26=4.046250V	C27=4.047600V	C28=4.046700V	
max_temp: 15.824244	min_temp: 13.185907	avg_temp: 13.654465
undervoltage: 0	overvoltage: 0	pec: 0	overtemperature: 0	openwire: 0	openwire_temp: 0
dcc1: 00	dcc2: 00	
Time: 63557
Current: -0.137604
SOC: 0.844250
total_v: 113.265892	max_v: 4.048650	min_v: 4.038900	avg_v: 4.045210	max-min: 0.009750
C1=4.041300V	C2=4.042800V	C3=4.044300V	C4=4.045350V	C5=4.044150V	C6=4.043100V	C7=4.048650V	C8=4.046250V	C9=4.047150V	C10=4.043550V	C11=4.044600V	C12=4.045050V	C13=4.047600V	C14=4.048500V	C15=4.045200V	C16=4.043850V	C17=4.044000V	C18=4.045350V	C19=4.045650V	C20=4.046700V	C21=4.047000V	C22=4.044600V	C23=4.038900V	C24=4.045650V	C25=4.046100V	C26=4.046250V	C27=4.047600V	C28=4.046700V	
max_temp: 15.824244	min_temp: 13.185907	avg_temp: 13.655094
undervoltage: 0	overvoltage: 0	pec: 0	overtemperature: 0	openwire: 0	openwire_temp: 0
dcc1: 00	dcc2: 00	
Time: 63758
Current: -0.137604
SOC: 0.844251
total_v: 113.265884	max_v: 4.048650	min_v: 4.038900	avg_v: 4.045210	max-min: 0.009750
C1=4.041300V	C2=4.042950V	C3=4.044300V	C4=4.045350V	C5=4.044150V	C6=4.043250V	C7=4.048650V	C8=4.046250V	C9=4.047300V	C10=4.043550V	C11=4.044450V	C12=4.045050V	C13=4.047600V	C14=4.048500V	C15=4.045200V	C16=4.043850V	C17=4.044000V	C18=4.045200V	C19=4.045500V	C20=4.046700V	C21=4.047000V	C22=4.044600V	C23=4.038900V	C24=4.045650V	C25=4.046100V	C26=4.046250V	C27=4.047600V	C28=4.046700V	
max_temp: 15.824244	min_temp: 13.185907	avg_temp: 13.655094
undervoltage: 0	overvoltage: 0	pec: 0	overtemperature: 0	openwire: 0	openwire_temp: 0
dcc1: 00	dcc2: 00	
Time: 63959
Current: -0.039322
SOC: 0.844251
total_v: 113.265579	max_v: 4.048650	min_v: 4.038900	avg_v: 4.045199	max-min: 0.009750
C1=4.041300V	C2=4.042800V	C3=4.044300V	C4=4.045350V	C5=4.044150V	C6=4.043100V	C7=4.048650V	C8=4.046250V	C9=4.047300V	C10=4.043550V	C11=4.044600V	C12=4.045200V	C13=4.047600V	C14=4.048500V	C15=4.045200V	C16=4.043850V	C17=4.044000V	C18=4.045200V	C19=4.045500V	C20=4.046700V	C21=4.047000V	C22=4.044600V	C23=4.038900V	C24=4.045650V	C25=4.046100V	C26=4.046100V	C27=4.047450V	C28=4.046700V	
max_temp: 15.824244	min_temp: 13.185907	avg_temp: 13.655094
undervoltage: 0	overvoltage: 0	pec: 0	overtemperature: 0	openwire: 0	openwire_temp: 0
dcc1: 00	dcc2: 00	
Time: 64160
Current: -0.137604
SOC: 0.844252
total_v: 113.265877	max_v: 4.048800	min_v: 4.038900	avg_v: 4.045210	max-min: 0.009900
C1=4.041300V	C2=4.042800V	C3=4.044300V	C4=4.045350V	C5=4.044300V	C6=4.043100V	C7=4.048800V	C8=4.046250V	C9=4.047300V	C10=4.043550V	C11=4.044450V	C12=4.045050V	C13=4.047600V	C14=4.048500V	C15=4.045200V	C16=4.043850V	C17=4.044000V	C18=4.045200V	C19=4.045650V	C20=4.046700V	C21=4.047000V	C22=4.044600V	C23=4.038900V	C24=4.045650V	C25=4.046100V	C26=4.046100V	C27=4.047600V	C28=4.046700V	
max_temp: 15.824244	min_temp: 13.185907	avg_temp: 13.654150
undervoltage: 0	overvoltage: 0	pec: 0	overtemperature: 0	openwire: 0	openwire_temp: 0
dcc1: 00	dcc2: 00	
Time: 64361
Current: -0.039322
SOC: 0.844252
total_v: 113.266182	max_v: 4.048800	min_v: 4.038900	avg_v: 4.045221	max-min: 0.009900
C1=4.041300V	C2=4.042800V	C3=4.044450V	C4=4.045200V	C5=4.044150V	C6=4.043100V	C7=4.048800V	C8=4.046400V	C9=4.047300V	C10=4.043550V	C11=4.044600V	C12=4.045050V	C13=4.047600V	C14=4.048500V	C15=4.045200V	C16=4.043850V	C17=4.044000V	C18=4.045200V	C19=4.045650V	C20=4.046700V	C21=4.047000V	C22=4.044600V	C23=4.038900V	C24=4.045650V	C25=4.046100V	C26=4.046250V	C27=4.047600V	C28=4.046700V	
max_temp: 15.824244	min_temp: 13.185907	avg_temp: 13.655092
undervoltage: 0	overvoltage: 0	pec: 0	overtemperature: 0	openwire: 0	openwire_temp: 0
dcc1: 00	dcc2: 00	
Time: 64562
Current: 0.746887
SOC: 0.844249
total_v: 113.266327	max_v: 4.048650	min_v: 4.039050	avg_v: 4.045226	max-min: 0.009600
C1=4.041300V	C2=4.042950V	C3=4.044450V	C4=4.045350V	C5=4.044150V	C6=4.043100V	C7=4.048650V	C8=4.046250V	C9=4.047300V	C10=4.043550V	C11=4.044600V	C12=4.045050V	C13=4.047750V	C14=4.048500V	C15=4.045200V	C16=4.043850V	C17=4.044000V	C18=4.045350V	C19=4.045650V	C20=4.046700V	C21=4.047000V	C22=4.044600V	C23=4.039050V	C24=4.045650V	C25=4.046100V	C26=4.046100V	C27=4.047450V	C28=4.046700V	
max_temp: 15.824244	min_temp: 13.190943	avg_temp: 13.655724
undervoltage: 0	overvoltage: 0	pec: 0	overtemperature: 0	openwire: 0	openwire_temp: 0
dcc1: 00	dcc2: 00	
Time: 64763
Current: -0.137604
SOC: 0.844249
total_v: 113.265724	max_v: 4.048650	min_v: 4.038900	avg_v: 4.045205	max-min: 0.009750
C1=4.041300V	C2=4.042950V	C3=4.044450V	C4=4.045350V	C5=4.044150V	C6=4.043100V	C7=4.048650V	C8=4.046250V	C9=4.047300V	C10=4.043550V	C11=4.044450V	C12=4.045050V	C13=4.047600V	C14=4.048500V	C15=4.045200V	C16=4.043850V	C17=4.044000V	C18=4.045200V	C19=4.045650V	C20=4.046700V	C21=4.047000V	C22=4.044600V	C23=4.038900V	C24=4.045650V	C25=4.046100V	C26=4.046100V	C27=4.047600V	C28=4.046550V	
max_temp: 15.824244	min_temp: 13.185907	avg_temp: 13.654778
undervoltage: 0	overvoltage: 0	pec: 0	overtemperature: 0	openwire: 0	openwire_temp: 0
dcc1: 00	dcc2: 00	
Time: 64964
Current: -0.039322
SOC: 0.844249
total_v: 113.265884	max_v: 4.048650	min_v: 4.038900	avg_v: 4.045210	max-min: 0.009750
C1=4.041300V	C2=4.042800V	C3=4.044300V	C4=4.045350V	C5=4.044150V	C6=4.043250V	C7=4.048650V	C8=4.046400V	C9=4.047300V	C10=4.043400V	C11=4.044450V	C12=4.045050V	C13=4.047600V	C14=4.048500V	C15=4.045200V	C16=4.043850V	C17=4.044000V	C18=4.045200V	C19=4.045650V	C20=4.046700V	C21=4.047000V	C22=4.044600V	C23=4.038900V	C24=4.045650V	C25=4.046100V	C26=4.046250V	C27=4.047600V	C28=4.046700V	
max_temp: 15.824244	min_temp: 13.185907	avg_temp: 13.655094
undervoltage: 0	overvoltage: 0	pec: 0	overtemperature: 0	openwire: 0	openwire_temp: 0
dcc1: 00	dcc2: 00	
Time: 65165
Current: -0.137604
SOC: 0.844250
total_v: 113.265739	max_v: 4.048650	min_v: 4.038900	avg_v: 4.045205	max-min: 0.009750
C1=4.041300V	C2=4.042800V	C3=4.044300V	C4=4.045350V	C5=4.044150V	C6=4.043100V	C7=4.048650V	C8=4.046250V	C9=4.047300V	C10=4.043550V	C11=4.044600V	C12=4.045050V	C13=4.047600V	C14=4.048500V	C15=4.045200V	C16=4.043850V	C17=4.044000V	C18=4.045200V	C19=4.045500V	C20=4.046850V	C21=4.047000V	C22=4.044600V	C23=4.038900V	C24=4.045650V	C25=4.046100V	C26=4.046100V	C27=4.047600V	C28=4.046700V	
max_temp: 15.824244	min_temp: 13.190943	avg_temp: 13.656038
undervoltage: 0	overvoltage: 0	pec: 0	overtemperature: 0	openwire: 0	openwire_temp: 0
dcc1: 00	dcc2: 00	
Time: 65366
Current: -0.039322
SOC: 0.844250
total_v: 113.265732	max_v: 4.048800	min_v: 4.038900	avg_v: 4.045205	max-min: 0.009900
C1=4.041300V	C2=4.042800V	C3=4.044300V	C4=4.045350V	C5=4.044150V	C6=4.043100V	C7=4.048800V	C8=4.046250V	C9=4.047300V	C10=4.043550V	C11=4.044600V	C12=4.045050V	C13=4.047600V	C14=4.048350V	C15=4.045200V	C16=4.043850V	C17=4.044000V	C18=4.045200V	C19=4.045650V	C20=4.046700V	C21=4.047000V	C22=4.044600V	C23=4.038900V	C24=4.045650V	C25=4.046100V	C26=4.046100V	C27=4.047600V	C28=4.046700V	
max_temp: 15.829279	min_temp: 13.185907	avg_temp: 13.655092
undervoltage: 0	overvoltage: 0	pec: 0	overtemperature: 0	openwire: 0	openwire_temp: 0
dcc1: 00	dcc2: 00	
Time: 65567
Current: -0.137604
SOC: 0.844251
total_v: 113.265877	max_v: 4.048650	min_v: 4.038900	avg_v: 4.045210	max-min: 0.009750
C1=4.041300V	C2=4.042950V	C3=4.044450V	C4=4.045350V	C5=4.044150V	C6=4.043100V	C7=4.048650V	C8=4.046250V	C9=4.047300V	C10=4.043550V	C11=4.044450V	C12=4.045050V	C13=4.047600V	C14=4.048500V	C15=4.045200V	C16=4.043850V	C17=4.044000V	C18=4.045350V	C19=4.045650V	C20=4.046700V	C21=4.047000V	C22=4.044600V	C23=4.038900V	C24=4.045650V	C25=4.046100V	C26=4.046100V	C27=4.047450V	C28=4.046700V	
max_temp: 15.829279	min_temp: 13.185907	avg_temp: 13.655724
undervoltage: 0	overvoltage: 0	pec: 0	overtemperature: 0	openwire: 0	openwire_temp: 0
dcc1: 00	dcc2: 00	
Time: 65768
Current: -0.039322
SOC: 0.844251
total_v: 113.265732	max_v: 4.048650	min_v: 4.038900	avg_v: 4.045205	max-min: 0.009750
C1=4.041300V	C2=4.042950V	C3=4.044450V	C4=4.045350V	C5=4.044150V	C6=4.043100V	C7=4.048650V	C8=4.046250V	C9=4.047300V	C10=4.043550V	C11=4.044600V	C12=4.045050V	C13=4.047600V	C14=4.048350V	C15=4.045200V	C16=4.043850V	C17=4.044000V	C18=4.045200V	C19=4.045500V	C20=4.046700V	C21=4.047000V	C22=4.044600V	C23=4.038900V	C24=4.045800V	C25=4.046100V	C26=4.046100V	C27=4.047600V	C28=4.046550V	
max_temp: 15.824244	min_temp: 13.185907	avg_temp: 13.655094
undervoltage: 0	overvoltage: 0	pec: 0	overtemperature: 0	openwire: 0	openwire_temp: 0
dcc1: 00	dcc2: 00	
Time: 65969
Current: -0.137604
SOC: 0.844252
total_v: 113.266037	max_v: 4.048650	min_v: 4.038900	avg_v: 4.045216	max-min: 0.009750
C1=4.041300V	C2=4.042950V	C3=4.044450V	C4=4.045350V	C5=4.044150V	C6=4.043100V	C7=4.048650V	C8=4.046250V	C9=4.047300V	C10=4.043550V	C11=4.044450V	C12=4.045050V	C13=4.047600V	C14=4.048500V	C15=4.045200V	C16=4.043850V	C17=4.044000V	C18=4.045200V	C19=4.045500V	C20=4.046700V	C21=4.047000V	C22=4.044600V	C23=4.038900V	C24=4.045800V	C25=4.046100V	C26=4.046250V	C27=4.047600V	C28=4.046700V	
max_temp: 15.824244	min_temp: 13.190943	avg_temp: 13.655092
undervoltage: 0	overvoltage: 0	pec: 0	overtemperature: 0	openwire: 0	openwire_temp: 0
dcc1: 00	dcc2: 00	
Time: 66170
Current: 0.452072
SOC: 0.844250
total_v: 113.265579	max_v: 4.048650	min_v: 4.038900	avg_v: 4.045199	max-min: 0.009750
C1=4.041300V	C2=4.042950V	C3=4.044300V	C4=4.045350V	C5=4.044150V	C6=4.043100V	C7=4.048650V	C8=4.046250V	C9=4.047300V	C10=4.043550V	C11=4.044450V	C12=4.045050V	C13=4.047600V	C14=4.048500V	C15=4.045200V	C16=4.043850V	C17=4.044000V	C18=4.045200V	C19=4.045500V	C20=4.046700V	C21=4.047000V	C22=4.044600V	C23=4.038900V	C24=4.045650V	C25=4.046100V	C26=4.046100V	C27=4.047600V	C28=4.046700V	
max_temp: 15.829279	min_temp: 13.190943	avg_temp: 13.656038
undervoltage: 0	overvoltage: 0	pec: 0	overtemperature: 0	openwire: 0	openwire_temp: 0
dcc1: 00	dcc2: 00	
Time: 66371
Current: -0.137604
SOC: 0.844250
total_v: 113.265732	max_v: 4.048650	min_v: 4.038900	avg_v: 4.045205	max-min: 0.009750
C1=4.041300V	C2=4.042950V	C3=4.044300V	C4=4.045350V	C5=4.044150V	C6=4.043100V	C7=4.048650V	C8=4.046250V	C9=4.047300V	C10=4.043550V	C11=4.044450V	C12=4.045050V	C13=4.047600V	C14=4.048350V	C15=4.045200V	C16=4.043850V	C17=4.044000V	C18=4.045200V	C19=4.045650V	C20=4.046700V	C21=4.047000V	C22=4.044600V	C23=4.038900V	C24=4.045650V	C25=4.046100V	C26=4.046250V	C27=4.047600V	C28=4.046700V	
max_temp: 15.824244	min_temp: 13.185907	avg_temp: 13.655092
undervoltage: 0	overvoltage: 0	pec: 0	overtemperature: 0	openwire: 0	openwire_temp: 0
dcc1: 00	dcc2: 00	
Time: 66572
Current: -0.039322
SOC: 0.844250
total_v: 113.265587	max_v: 4.048650	min_v: 4.038900	avg_v: 4.045199	max-min: 0.009750
C1=4.041300V	C2=4.042800V	C3=4.044300V	C4=4.045350V	C5=4.044150V	C6=4.043100V	C7=4.048650V	C8=4.046250V	C9=4.047300V	C10=4.043550V	C11=4.044450V	C12=4.045050V	C13=4.047600V	C14=4.048500V	C15=4.045200V	C16=4.043850V	C17=4.044000V	C18=4.045200V	C19=4.045500V	C20=4.046700V	C21=4.047000V	C22=4.044600V	C23=4.038900V	C24=4.045650V	C25=4.046100V	C26=4.046250V	C27=4.047600V	C28=4.046700V	
max_temp: 15.829279	min_temp: 13.185907	avg_temp: 13.655409
undervoltage: 0	overvoltage: 0	pec: 0	overtemperature: 0	openwire: 0	openwire_temp: 0
dcc1: 00	dcc2: 00	
Time: 66773
Current: 0.255493
SOC: 0.844249
total_v: 113.266335	max_v: 4.048800	min_v: 4.038900	avg_v: 4.045226	max-min: 0.009900
C1=4.041300V	C2=4.042950V	C3=4.044300V	C4=4.045500V	C5=4.044150V	C6=4.043100V	C7=4.048800V	C8=4.046250V	C9=4.047300V	C10=4.043550V	C11=4.044600V	C12=4.045050V	C13=4.047600V	C14=4.048500V	C15=4.045200V	C16=4.043850V	C17=4.044000V	C18=4.045200V	C19=4.045650V	C20=4.046700V	C21=4.047000V	C22=4.044600V	C23=4.038900V	C24=4.045800V	C25=4.046100V	C26=4.046100V	C27=4.047600V	C28=4.046700V	
max_temp: 15.829279	min_temp: 13.190943	avg_temp: 13.655722
undervoltage: 0	overvoltage: 0	pec: 0	overtemperature: 0	openwire: 0	openwire_temp: 0
dcc1: 00	dcc2: 00	
Time: 66974
Current: -0.039322
SOC: 0.844250
total_v: 113.266037	max_v: 4.048650	min_v: 4.038900	avg_v: 4.045216	max-min: 0.009750
C1=4.041450V	C2=4.042950V	C3=4.044300V	C4=4.045350V	C5=4.044150V	C6=4.043100V	C7=4.048650V	C8=4.046250V	C9=4.047300V	C10=4.043550V	C11=4.044600V	C12=4.045050V	C13=4.047600V	C14=4.048500V	C15=4.045200V	C16=4.043850V	C17=4.044000V	C18=4.045200V	C19=4.045500V	C20=4.046700V	C21=4.047000V	C22=4.044600V	C23=4.038900V	C24=4.045800V	C25=4.046100V	C26=4.046100V	C27=4.047600V	C28=4.046700V	
max_temp: 15.829279	min_temp: 13.185907	avg_temp: 13.655724
undervoltage: 0	overvoltage: 0	pec: 0	overtemperature: 0	openwire: 0	openwire_temp: 0
dcc1: 00	dcc2: 00	
Time: 67175
Current: -0.039322
SOC: 0.844250
total_v: 113.265892	max_v: 4.048800	min_v: 4.038900	avg_v: 4.045210	max-min: 0.009900
C1=4.041300V	C2=4.042950V	C3=4.044300V	C4=4.045350V	C5=4.044150V	C6=4.043100V	C7=4.048800V	C8=4.046250V	C9=4.047300V	C10=4.043550V	C11=4.044450V	C12=4.045050V	C13=4.047600V	C14=4.048350V	C15=4.045200V	C16=4.043850V	C17=4.044000V	C18=4.045200V	C19=4.045500V	C20=4.046700V	C21=4.047000V	C22=4.044600V	C23=4.038900V	C24=4.045800V	C25=4.046100V	C26=4.046250V	C27=4.047600V	C28=4.046700V	
max_temp: 15.829279	min_temp: 13.185907	avg_temp: 13.655409
undervoltage: 0	overvoltage: 0	pec: 0	overtemperature: 0	openwire: 0	openwire_temp: 0
dcc1: 00	dcc2: 00	
Time: 67376
Current: -0.039322
SOC: 0.844250
total_v: 113.266327	max_v: 4.048650	min_v: 4.039050	avg_v: 4.045226	max-min: 0.009600
C1=4.041300V	C2=4.042800V	C3=4.044450V	C4=4.045350V	C5=4.044150V	C6=4.043100V	C7=4.048650V	C8=4.046250V	C9=4.047300V	C10=4.043550V	C11=4.044600V	C12=4.045050V	C13=4.047600V	C14=4.048500V	C15=4.045200V	C16=4.043850V	C17=4.044000V	C18=4.045200V	C19=4.045650V	C20=4.046700V	C21=4.047000V	C22=4.044600V	C23=4.039050V	C24=4.045800V	C25=4.046100V	C26=4.046250V	C27=4.047600V	C28=4.046700V	
max_temp: 15.829279	min_temp: 13.190943	avg_temp: 13.655724
undervoltage: 0	overvoltage: 0	pec: 0	overtemperature: 0	openwire: 0	openwire_temp: 0
dcc1: 00	dcc2: 00	
Time: 67577
Current: -0.137604
SOC: 0.844251
total_v: 113.266190	max_v: 4.048800	min_v: 4.038900	avg_v: 4.045221	max-min: 0.009900
C1=4.041300V	C2=4.042950V	C3=4.044300V	C4=4.045350V	C5=4.044300V	C6=4.043100V	C7=4.048800V	C8=4.046250V	C9=4.047300V	C10=4.043550V	C11=4.044600V	C12=4.045050V	C13=4.047600V	C14=4.048500V	C15=4.045200V	C16=4.043850V	C17=4.044000V	C18=4.045200V	C19=4.045500V	C20=4.046700V	C21=4.047000V	C22=4.044600V	C23=4.038900V	C24=4.045650V	C25=4.046100V	C26=4.046250V	C27=4.047600V	C28=4.046700V	
max_temp: 15.829279	min_temp: 13.185907	avg_temp: 13.655407
undervoltage: 0	overvoltage: 0	pec: 0	overtemperature: 0	openwire: 0	openwire_temp: 0
dcc1: 00	dcc2: 00	
Time: 67778
Current: 0.058945
SOC: 0.844250
total_v: 113.266182	max_v: 4.048800	min_v: 4.039050	avg_v: 4.045221	max-min: 0.009750
C1=4.041300V	C2=4.042800V	C3=4.044300V	C4=4.045350V	C5=4.044150V	C6=4.043100V	C7=4.048800V	C8=4.046250V	C9=4.047300V	C10=4.043550V	C11=4.044600V	C12=4.045050V	C13=4.047600V	C14=4.048500V	C15=4.045200V	C16=4.043850V	C17=4.044000V	C18=4.045200V	C19=4.045500V	C20=4.046700V	C21=4.047000V	C22=4.044600V	C23=4.039050V	C24=4.045800V	C25=4.046100V	C26=4.046250V	C27=4.047600V	C28=4.046700V	
max_temp: 15.829279	min_temp: 13.185907	avg_temp: 13.655722
undervoltage: 0	overvoltage: 0	pec: 0	overtemperature: 0	openwire: 0	openwire_temp: 0
dcc1: 00	dcc2: 00	
Time: 67979
Current: 0.452072
SOC: 0.844248
total_v: 113.265732	max_v: 4.048650	min_v: 4.038900	avg_v: 4.045205	max-min: 0.009750
C1=4.041300V	C2=4.042950V	C3=4.044300V	C4=4.045350V	C5=4.044150V	C6=4.043100V	C7=4.048650V	C8=4.046250V	C9=4.047300V	C10=4.043550V	C11=4.044450V	C12=4.045050V	C13=4.047600V	C14=4.048500V	C15=4.045200V	C16=4.043850V	C17=4.044000V	C18=4.045350V	C19=4.045500V	C20=4.046700V	C21=4.047000V	C22=4.044600V	C23=4.038900V	C24=4.045650V	C25=4.046100V	C26=4.046100V	C27=4.047600V	C28=4.046700V	
max_temp: 15.829279	min_temp: 13.190943	avg_temp: 13.656036
undervoltage: 0	overvoltage: 0	pec: 0	overtemperature: 0	openwire: 0	openwire_temp: 0
dcc1: 00	dcc2: 00	
Time: 68180
Current: -0.137604
SOC: 0.844249
total_v: 113.266029	max_v: 4.048650	min_v: 4.038900	avg_v: 4.045215	max-min: 0.009750
C1=4.041300V	C2=4.042950V	C3=4.044450V	C4=4.045350V	C5=4.044150V	C6=4.043100V	C7=4.048650V	C8=4.046250V	C9=4.047300V	C10=4.043550V	C11=4.044600V	C12=4.045050V	C13=4.047600V	C14=4.048500V	C15=4.045200V	C16=4.043850V	C17=4.044000V	C18=4.045200V	C19=4.045650V	C20=4.046700V	C21=4.047000V	C22=4.044600V	C23=4.038900V	C24=4.045650V	C25=4.046100V	C26=4.046100V	C27=4.047600V	C28=4.046700V	
max_temp: 15.829279	min_temp: 13.185907	avg_temp: 13.655724
undervoltage: 0	overvoltage: 0	pec: 0	overtemperature: 0	openwire: 0	openwire_temp: 0
dcc1: 00	dcc2: 00	
Time: 68381
Current: -0.039322
SOC: 0.844249
total_v: 113.265892	max_v: 4.048650	min_v: 4.038900	avg_v: 4.045210	max-min: 0.009750
C1=4.041300V	C2=4.042800V	C3=4.044300V	C4=4.045350V	C5=4.044150V	C6=4.043100V	C7=4.048650V	C8=4.046250V	C9=4.047300V	C10=4.043550V	C11=4.044600V	C12=4.045050V	C13=4.047600V	C14=4.048500V	C15=4.045200V	C16=4.043850V	C17=4.044000V	C18=4.045200V	C19=4.045500V	C20=4.046700V	C21=4.047000V	C22=4.044600V	C23=4.038900V	C24=4.045800V	C25=4.046100V	C26=4.046250V	C27=4.047600V	C28=4.046700V	
max_temp: 15.829279	min_temp: 13.190943	avg_temp: 13.656038
undervoltage: 0	overvoltage: 0	pec: 0	overtemperature: 0	openwire: 0	openwire_temp: 0
dcc1: 00	dcc2: 00	
Time: 68582
Current: -0.039322
SOC: 0.844249
total_v: 113.265732	max_v: 4.048650	min_v: 4.038900	avg_v: 4.045205	max-min: 0.009750
C1=4.041300V	C2=4.042800V	C3=4.044300V	C4=4.045350V	C5=4.044150V	C6=4.043100V	C7=4.048650V	C8=4.046250V	C9=4.047300V	C10=4.043550V	C11=4.044450V	C12=4.045050V	C13=4.047600V	C14=4.048500V	C15=4.045200V	C16=4.043850V	C17=4.044000V	C18=4.045200V	C19=4.045650V	C20=4.046700V	C21=4.047000V	C22=4.044600V	C23=4.038900V	C24=4.045650V	C25=4.046100V	C26=4.046250V	C27=4.047600V	C28=4.046700V	
max_temp: 15.829279	min_temp: 13.190943	avg_temp: 13.656668
undervoltage: 0	overvoltage: 0	pec: 0	overtemperature: 0	openwire: 0	openwire_temp: 0
dcc1: 00	dcc2: 00	
Time: 68783
Current: -0.137604
SOC: 0.844250
total_v: 113.266029	max_v: 4.048800	min_v: 4.038900	avg_v: 4.045215	max-min: 0.009900
C1=4.041300V	C2=4.042800V	C3=4.044300V	C4=4.045350V	C5=4.044150V	C6=4.043100V	C7=4.048800V	C8=4.046250V	C9=4.047300V	C10=4.043550V	C11=4.044450V	C12=4.045050V	C13=4.047600V	C14=4.048500V	C15=4.045200V	C16=4.043850V	C17=4.044000V	C18=4.045200V	C19=4.045650V	C20=4.046700V	C21=4.047000V	C22=4.044600V	C23=4.038900V	C24=4.045800V	C25=4.046100V	C26=4.046250V	C27=4.047600V	C28=4.046700V	
max_temp: 15.829279	min_temp: 13.185907	avg_temp: 13.656038
undervoltage: 0	overvoltage: 0	pec: 0	overtemperature: 0	openwire: 0	openwire_temp: 0
dcc1: 00	dcc2: 00	
Time: 68984
Current: -0.137604
SOC: 0.844251
total_v: 113.265724	max_v: 4.048800	min_v: 4.039050	avg_v: 4.045205	max-min: 0.009750
C1=4.041300V	C2=4.042950V	C3=4.044300V	C4=4.045350V	C5=4.044150V	C6=4.043100V	C7=4.048800V	C8=4.046250V	C9=4.047300V	C10=4.043550V	C11=4.044450V	C12=4.045050V	C13=4.047600V	C14=4.048500V	C15=4.045200V	C16=4.043850V	C17=4.044000V	C18=4.045200V	C19=4.045500V	C20=4.046700V	C21=4.047000V	C22=4.044450V	C23=4.039050V	C24=4.045650V	C25=4.046100V	C26=4.046100V	C27=4.047600V	C28=4.046700V	
max_temp: 15.829279	min_temp: 13.190943	avg_temp: 13.656353
undervoltage: 0	overvoltage: 0	pec: 0	overtemperature: 0	openwire: 0	openwire_temp: 0
dcc1: 00	dcc2: 00	
Time: 69185
Current: -0.039322
SOC: 0.844251
total_v: 113.265877	max_v: 4.048800	min_v: 4.038900	avg_v: 4.045210	max-min: 0.009900
C1=4.041300V	C2=4.042800V	C3=4.044300V	C4=4.045350V	C5=4.044150V	C6=4.043100V	C7=4.048800V	C8=4.046250V	C9=4.047300V	C10=4.043550V	C11=4.044450V	C12=4.045050V	C13=4.047600V	C14=4.048500V	C15=4.045200V	C16=4.043850V	C17=4.044000V	C18=4.045200V	C19=4.045650V	C20=4.046700V	C21=4.047000V	C22=4.044600V	C23=4.038900V	C24=4.045650V	C25=4.046100V	C26=4.046250V	C27=4.047600V	C28=4.046700V	
max_temp: 15.834284	min_temp: 13.185907	avg_temp: 13.656034
undervoltage: 0	overvoltage: 0	pec: 0	overtemperature: 0	openwire: 0	openwire_temp: 0
dcc1: 00	dcc2: 00	
Time: 69386
Current: -0.039322
SOC: 0.844251
total_v: 113.265877	max_v: 4.048650	min_v: 4.039050	avg_v: 4.045210	max-min: 0.009600
C1=4.041300V	C2=4.042800V	C3=4.044450V	C4=4.045350V	C5=4.044150V	C6=4.043100V	C7=4.048650V	C8=4.046250V	C9=4.047300V	C10=4.043550V	C11=4.044450V	C12=4.045050V	C13=4.047600V	C14=4.048500V	C15=4.045200V	C16=4.043850V	C17=4.044000V	C18=4.045200V	C19=4.045500V	C20=4.046700V	C21=4.047000V	C22=4.044600V	C23=4.039050V	C24=4.045650V	C25=4.046100V	C26=4.046250V	C27=4.047600V	C28=4.046700V	
max_temp: 15.829279	min_temp: 13.190943	avg_temp: 13.656036
undervoltage: 0	overvoltage: 0	pec: 0	overtemperature: 0	openwire: 0	openwire_temp: 0
dcc1: 00	dcc2: 00	
Time: 69587
Current: -0.137604
SOC: 0.844252
total_v: 113.266182	max_v: 4.048650	min_v: 4.038900	avg_v: 4.045221	max-min: 0.009750
C1=4.041300V	C2=4.042950V	C3=4.044450V	C4=4.045350V	C5=4.044150V	C6=4.043100V	C7=4.048650V	C8=4.046250V	C9=4.047300V	C10=4.043550V	C11=4.044600V	C12=4.045050V	C13=4.047600V	C14=4.048350V	C15=4.045200V	C16=4.043850V	C17=4.044000V	C18=4.045200V	C19=4.045650V	C20=4.046700V	C21=4.047000V	C22=4.044600V	C23=4.038900V	C24=4.045800V	C25=4.046100V	C26=4.046250V	C27=4.047600V	C28=4.046700V	
max_temp: 15.834284	min_temp: 13.185907	avg_temp: 13.655722
undervoltage: 0	overvoltage: 0	pec: 0	overtemperature: 0	openwire: 0	openwire_temp: 0
dcc1: 00	dcc2: 00	
Time: 69788
Current: -0.137604
SOC: 0.844252
total_v: 113.265739	max_v: 4.048650	min_v: 4.038900	avg_v: 4.045205	max-min: 0.009750
C1=4.041300V	C2=4.042800V	C3=4.044450V	C4=4.045350V	C5=4.044150V	C6=4.043100V	C7=4.048650V	C8=4.046250V	C9=4.047150V	C10=4.043550V	C11=4.044450V	C12=4.045050V	C13=4.047600V	C14=4.048500V	C15=4.045200V	C16=4.043850V	C17=4.044000V	C18=4.045200V	C19=4.045500V	C20=4.046700V	C21=4.047000V	C22=4.044600V	C23=4.038900V	C24=4.045800V	C25=4.046100V	C26=4.046250V	C27=4.047600V	C28=4.046700V	
max_temp: 15.834284	min_temp: 13.190943	avg_temp: 13.656666
undervoltage: 0	overvoltage: 0	pec: 0	overtemperature: 0	openwire: 0	openwire_temp: 0
dcc1: 00	dcc2: 00	
Time: 69989
Current: -0.039322
SOC: 0.844252
total_v: 113.265732	max_v: 4.048650	min_v: 4.038900	avg_v: 4.045205	max-min: 0.009750
C1=4.041300V	C2=4.042950V	C3=4.044300V	C4=4.045350V	C5=4.044150V	C6=4.043100V	C7=4.048650V	C8=4.046250V	C9=4.047300V	C10=4.043550V	C11=4.044450V	C12=4.045050V	C13=4.047600V	C14=4.048500V	C15=4.045200V	C16=4.043850V	C17=4.044000V	C18=4.045200V	C19=4.045500V	C20=4.046700V	C21=4.047000V	C22=4.044600V	C23=4.038900V	C24=4.045650V	C25=4.046100V	C26=4.046250V	C27=4.047600V	C28=4.046700V	
max_temp: 15.834284	min_temp: 13.190943	avg_temp: 13.656034
undervoltage: 0	overvoltage: 0	pec: 0	overtemperature: 0	openwire: 0	openwire_temp: 0
dcc1: 00	dcc2: 00	
Time: 70190
Current: -0.137604
SOC: 0.844253
total_v: 113.265579	max_v: 4.048650	min_v: 4.038900	avg_v: 4.045199	max-min: 0.009750
C1=4.041300V	C2=4.042950V	C3=4.044450V	C4=4.045200V	C5=4.044150V	C6=4.043100V	C7=4.048650V	C8=4.046250V	C9=4.047300V	C10=4.043550V	C11=4.044450V	C12=4.045050V	C13=4.047600V	C14=4.048500V	C15=4.045200V	C16=4.043850V	C17=4.044000V	C18=4.045200V	C19=4.045500V	C20=4.046700V	C21=4.047000V	C22=4.044600V	C23=4.038900V	C24=4.045650V	C25=4.046100V	C26=4.046100V	C27=4.047600V	C28=4.046700V	
max_temp: 15.829279	min_temp: 13.190943	avg_temp: 13.656668
undervoltage: 0	overvoltage: 0	pec: 0	overtemperature: 0	openwire: 0	openwire_temp: 0
dcc1: 00	dcc2: 00	
Time: 70391
Current: -0.137604
SOC: 0.844253
total_v: 113.266037	max_v: 4.048650	min_v: 4.038900	avg_v: 4.045216	max-min: 0.009750
C1=4.041300V	C2=4.042800V	C3=4.044450V	C4=4.045350V	C5=4.044150V	C6=4.043100V	C7=4.048650V	C8=4.046250V	C9=4.047300V	C10=4.043550V	C11=4.044600V	C12=4.045050V	C13=4.047600V	C14=4.048350V	C15=4.045200V	C16=4.043850V	C17=4.044000V	C18=4.045350V	C19=4.045650V	C20=4.046850V	C21=4.047000V	C22=4.044600V	C23=4.038900V	C24=4.045650V	C25=4.046100V	C26=4.046250V	C27=4.047600V	C28=4.046550V	
max_temp: 15.834284	min_temp: 13.185907	avg_temp: 13.656351
undervoltage: 0	overvoltage: 0	pec: 0	overtemperature: 0	openwire: 0	openwire_temp: 0
dcc1: 00	dcc2: 00	
Time: 70592
Current: 1.729645
SOC: 0.844246
total_v: 113.265739	max_v: 4.048650	min_v: 4.038900	avg_v: 4.045205	max-min: 0.009750
C1=4.041300V	C2=4.042800V	C3=4.044450V	C4=4.045350V	C5=4.044150V	C6=4.043100V	C7=4.048650V	C8=4.046250V	C9=4.047300V	C10=4.043550V	C11=4.044600V	C12=4.045050V	C13=4.047600V	C14=4.048350V	C15=4.045200V	C16=4.043850V	C17=4.044000V	C18=4.045200V	C19=4.045500V	C20=4.046700V	C21=4.047000V	C22=4.044600V	C23=4.038900V	C24=4.045800V	C25=4.046100V	C26=4.046100V	C27=4.047600V	C28=4.046700V	
max_temp: 15.834284	min_temp: 13.190943	avg_temp: 13.656666
undervoltage: 0	overvoltage: 0	pec: 0	overtemperature: 0	openwire: 0	openwire_temp: 0
dcc1: 00	dcc2: 00	
Time: 70793
Current: -0.137604
SOC: 0.844247
total_v: 113.265732	max_v: 4.048650	min_v: 4.038900	avg_v: 4.045205	max-min: 0.009750
C1=4.041300V	C2=4.042950V	C3=4.044300V	C4=4.045350V	C5=4.044150V	C6=4.043100V	C7=4.048650V	C8=4.046250V	C9=4.047300V	C10=4.043550V	C11=4.044600V	C12=4.045050V	C13=4.047600V	C14=4.048350V	C15=4.045200V	C16=4.043850V	C17=4.044000V	C18=4.045200V	C19=4.045650V	C20=4.046700V	C21=4.047000V	C22=4.044600V	C23=4.038900V	C24=4.045650V	C25=4.046100V	C26=4.046250V	C27=4.047600V	C28=4.046550V	
max_temp: 15.834284	min_temp: 13.190943	avg_temp: 13.656981
undervoltage: 0	overvoltage: 0	pec: 0	overtemperature: 0	openwire: 0	openwire_temp: 0
dcc1: 00	dcc2: 00	
Time: 70994
Current: -0.039322
SOC: 0.844247
total_v: 113.265877	max_v: 4.048650	min_v: 4.039050	avg_v: 4.045210	max-min: 0.009600
C1=4.041300V	C2=4.042950V	C3=4.044300V	C4=4.045350V	C5=4.044150V	C6=4.043100V	C7=4.048650V	C8=4.046250V	C9=4.047300V	C10=4.043550V	C11=4.044450V	C12=4.045050V	C13=4.047600V	C14=4.048350V	C15=4.045200V	C16=4.043850V	C17=4.044000V	C18=4.045200V	C19=4.045650V	C20=4.046700V	C21=4.047000V	C22=4.044600V	C23=4.039050V	C24=4.045650V	C25=4.046100V	C26=4.046250V	C27=4.047600V	C28=4.046700V	
max_temp: 15.834284	min_temp: 13.190943	avg_temp: 13.656981
undervoltage: 0	overvoltage: 0	pec: 0	overtemperature: 0	openwire: 0	openwire_temp: 0
dcc1: 00	dcc2: 00	
Time: 71195
Current: -0.039322
SOC: 0.844247
total_v: 113.266182	max_v: 4.048800	min_v: 4.038900	avg_v: 4.045221	max-min: 0.009900
C1=4.041300V	C2=4.042950V	C3=4.044300V	C4=4.045350V	C5=4.044150V	C6=4.043100V	C7=4.048800V	C8=4.046250V	C9=4.047300V	C10=4.043550V	C11=4.044600V	C12=4.045050V	C13=4.047600V	C14=4.048500V	C15=4.045200V	C16=4.043850V	C17=4.044000V	C18=4.045200V	C19=4.045650V	C20=4.046700V	C21=4.047000V	C22=4.044600V	C23=4.038900V	C24=4.045800V	C25=4.046100V	C26=4.046100V	C27=4.047600V	C28=4.046700V	
max_temp: 15.834284	min_temp: 13.190943	avg_temp: 13.656979
undervoltage: 0	overvoltage: 0	pec: 0	overtemperature: 0	openwire: 0	openwire_temp: 0
dcc1: 00	dcc2: 00	
Time: 71396
Current: 2.024460
SOC: 0.844239
total_v: 113.265732	max_v: 4.048650	min_v: 4.038900	avg_v: 4.045205	max-min: 0.009750
C1=4.041300V	C2=4.042800V	C3=4.044450V	C4=4.045350V	C5=4.044150V	C6=4.043100V	C7=4.048650V	C8=4.046250V	C9=4.047300V	C10=4.043550V	C11=4.044450V	C12=4.045050V	C13=4.047600V	C14=4.048500V	C15=4.045200V	C16=4.043850V	C17=4.044000V	C18=4.045200V	C19=4.045650V	C20=4.046700V	C21=4.046850V	C22=4.044600V	C23=4.038900V	C24=4.045650V	C25=4.046100V	C26=4.046250V	C27=4.047600V	C28=4.046700V	
max_temp: 15.834284	min_temp: 13.190943	avg_temp: 13.657610
undervoltage: 0	overvoltage: 0	pec: 0	overtemperature: 0	openwire: 0	openwire_temp: 0
dcc1: 00	dcc2: 00	
Time: 71597
Current: -0.039322
SOC: 0.844239
total_v: 113.265884	max_v: 4.048650	min_v: 4.038900	avg_v: 4.045210	max-min: 0.009750
C1=4.041300V	C2=4.042800V	C3=4.044300V	C4=4.045350V	C5=4.044150V	C6=4.043100V	C7=4.048650V	C8=4.046250V	C9=4.047300V	C10=4.043550V	C11=4.044450V	C12=4.045200V	C13=4.047750V	C14=4.048350V	C15=4.045200V	C16=4.043850V	C17=4.044000V	C18=4.045200V	C19=4.045500V	C20=4.046700V	C21=4.047000V	C22=4.044600V	C23=4.038900V	C24=4.045800V	C25=4.046100V	C26=4.046250V	C27=4.047600V	C28=4.046700V	
max_temp: 15.834284	min_temp: 13.190943	avg_temp: 13.657295
undervoltage: 0	overvoltage: 0	pec: 0	overtemperature: 0	openwire: 0	openwire_temp: 0
dcc1: 00	dcc2: 00	
Time: 71798
Current: -0.039322
SOC: 0.844239
total_v: 113.265282	max_v: 4.048650	min_v: 4.038900	avg_v: 4.045188	max-min: 0.009750
C1=4.041300V	C2=4.042800V	C3=4.044450V	C4=4.045350V	C5=4.044150V	C6=4.043100V	C7=4.048650V	C8=4.046250V	C9=4.047300V	C10=4.043550V	C11=4.044450V	C12=4.045050V	C13=4.047600V	C14=4.048500V	C15=4.045200V	C16=4.043850V	C17=4.044000V	C18=4.045200V	C19=4.045500V	C20=4.046700V	C21=4.046850V	C22=4.044600V	C23=4.038900V	C24=4.045650V	C25=4.046100V	C26=4.046100V	C27=4.047600V	C28=4.046550V	
max_temp: 15.834284	min_temp: 13.190943	avg_temp: 13.656982
undervoltage: 0	overvoltage: 0	pec: 0	overtemperature: 0	openwire: 0	openwire_temp: 0
dcc1: 00	dcc2: 00	
Time: 71999
Current: -0.039322
SOC: 0.844239
total_v: 113.265434	max_v: 4.048650	min_v: 4.038900	avg_v: 4.045194	max-min: 0.009750
C1=4.041300V	C2=4.042800V	C3=4.044450V	C4=4.045200V	C5=4.044150V	C6=4.043100V	C7=4.048650V	C8=4.046250V	C9=4.047300V	C10=4.043550V	C11=4.044600V	C12=4.045050V	C13=4.047600V	C14=4.048500V	C15=4.045200V	C16=4.043850V	C17=4.044000V	C18=4.045200V	C19=4.045500V	C20=4.046700V	C21=4.047000V	C22=4.044600V	C23=4.038900V	C24=4.045650V	C25=4.046100V	C26=4.046100V	C27=4.047600V	C28=4.046550V	
max_temp: 15.834284	min_temp: 13.190943	avg_temp: 13.656982
undervoltage: 0	overvoltage: 0	pec: 0	overtemperature: 0	openwire: 0	openwire_temp: 0
dcc1: 00	dcc2: 00	
Time: 72200
Current: -0.039322
SOC: 0.844240
total_v: 113.266487	max_v: 4.048650	min_v: 4.038900	avg_v: 4.045232	max-min: 0.009750
C1=4.041300V	C2=4.042950V	C3=4.044450V	C4=4.045350V	C5=4.044150V	C6=4.043100V	C7=4.048650V	C8=4.046400V	C9=4.047300V	C10=4.043550V	C11=4.044600V	C12=4.045050V	C13=4.047600V	C14=4.048500V	C15=4.045200V	C16=4.043850V	C17=4.044150V	C18=4.045200V	C19=4.045650V	C20=4.046700V	C21=4.047000V	C22=4.044600V	C23=4.038900V	C24=4.045650V	C25=4.046100V	C26=4.046250V	C27=4.047600V	C28=4.046700V	
max_temp: 15.834284	min_temp: 13.190943	avg_temp: 13.657610
undervoltage: 0	overvoltage: 0	pec: 0	overtemperature: 0	openwire: 0	openwire_temp: 0
dcc1: 00	dcc2: 00	
Time: 72401
Current: -0.137604
SOC: 0.844240
total_v: 113.265442	max_v: 4.048650	min_v: 4.038900	avg_v: 4.045194	max-min: 0.009750
C1=4.041300V	C2=4.042800V	C3=4.044300V	C4=4.045350V	C5=4.044150V	C6=4.043100V	C7=4.048650V	C8=4.046250V	C9=4.047300V	C10=4.043550V	C11=4.044600V	C12=4.045050V	C13=4.047600V	C14=4.048350V	C15=4.045200V	C16=4.043850V	C17=4.044000V	C18=4.045200V	C19=4.045500V	C20=4.046700V	C21=4.047000V	C22=4.044450V	C23=4.038900V	C24=4.045650V	C25=4.046100V	C26=4.046250V	C27=4.047600V	C28=4.046700V	
max_temp: 15.834284	min_temp: 13.185907	avg_temp: 13.656349
undervoltage: 0	overvoltage: 0	pec: 0	overtemperature: 0	openwire: 0	openwire_temp: 0
dcc1: 00	dcc2: 00	
Time: 72602
Current: -0.137604
SOC: 0.844241
total_v: 113.266182	max_v: 4.048800	min_v: 4.038900	avg_v: 4.045221	max-min: 0.009900
C1=4.041300V	C2=4.042800V	C3=4.044450V	C4=4.045350V	C5=4.044150V	C6=4.043100V	C7=4.048800V	C8=4.046250V	C9=4.047300V	C10=4.043550V	C11=4.044450V	C12=4.045050V	C13=4.047600V	C14=4.048500V	C15=4.045200V	C16=4.043850V	C17=4.044000V	C18=4.045200V	C19=4.045650V	C20=4.046700V	C21=4.047000V	C22=4.044600V	C23=4.038900V	C24=4.045800V	C25=4.046100V	C26=4.046250V	C27=4.047600V	C28=4.046700V	
max_temp: 15.834284	min_temp: 13.190943	avg_temp: 13.658241
undervoltage: 0	overvoltage: 0	pec: 0	overtemperature: 0	openwire: 0	openwire_temp: 0
dcc1: 00	dcc2: 00	
Time: 72803
Current: -0.039322
SOC: 0.844241
total_v: 113.265587	max_v: 4.048650	min_v: 4.038900	avg_v: 4.045199	max-min: 0.009750
C1=4.041300V	C2=4.042800V	C3=4.044300V	C4=4.045350V	C5=4.044150V	C6=4.043100V	C7=4.048650V	C8=4.046250V	C9=4.047300V	C10=4.043550V	C11=4.044450V	C12=4.045050V	C13=4.047600V	C14=4.048500V	C15=4.045200V	C16=4.043850V	C17=4.044000V	C18=4.045200V	C19=4.045500V	C20=4.046700V	C21=4.047000V	C22=4.044600V	C23=4.038900V	C24=4.045650V	C25=4.046100V	C26=4.046250V	C27=4.047600V	C28=4.046700V	
max_temp: 15.834284	min_temp: 13.190943	avg_temp: 13.657295
undervoltage: 0	overvoltage: 0	pec: 0	overtemperature: 0	openwire: 0	openwire_temp: 0
dcc1: 00	dcc2: 00	
Time: 73004
Current: -0.039322
SOC: 0.844241
total_v: 113.265579	max_v: 4.048650	min_v: 4.038900	avg_v: 4.045199	max-min: 0.009750
C1=4.041300V	C2=4.042800V	C3=4.044300V	C4=4.045350V	C5=4.044150V	C6=4.043100V	C7=4.048650V	C8=4.046250V	C9=4.047300V	C10=4.043550V	C11=4.044450V	C12=4.045050V	C13=4.047600V	C14=4.048500V	C15=4.045200V	C16=4.043850V	C17=4.044000V	C18=4.045200V	C19=4.045650V	C20=4.046700V	C21=4.047000V	C22=4.044600V	C23=4.038900V	C24=4.045650V	C25=4.046100V	C26=4.046100V	C27=4.047600V	C28=4.046700V	
max_temp: 15.834284	min_temp: 13.190943	avg_temp: 13.657928
undervoltage: 0	overvoltage: 0	pec: 0	overtemperature: 0	openwire: 0	openwire_temp: 0
dcc1: 00	dcc2: 00	
Time: 73205
Current: -0.039322
SOC: 0.844241
total_v: 113.265442	max_v: 4.048650	min_v: 4.038900	avg_v: 4.045194	max-min: 0.009750
C1=4.041300V	C2=4.042800V	C3=4.044300V	C4=4.045350V	C5=4.044150V	C6=4.043100V	C7=4.048650V	C8=4.046250V	C9=4.047300V	C10=4.043550V	C11=4.044450V	C12=4.045050V	C13=4.047600V	C14=4.048350V	C15=4.045200V	C16=4.043850V	C17=4.044000V	C18=4.045200V	C19=4.045500V	C20=4.046700V	C21=4.047000V	C22=4.044600V	C23=4.038900V	C24=4.045650V	C25=4.046100V	C26=4.046250V	C27=4.047600V	C28=4.046700V	
max_temp: 15.839319	min_temp: 13.190943	avg_temp: 13.657610
undervoltage: 0	overvoltage: 0	pec: 0	overtemperature: 0	openwire: 0	openwire_temp: 0
dcc1: 00	dcc2: 00	
Time: 73406
Current: -0.137604
SOC: 0.844242
total_v: 113.265434	max_v: 4.048650	min_v: 4.038900	avg_v: 4.045194	max-min: 0.009750
C1=4.041450V	C2=4.042800V	C3=4.044450V	C4=4.045200V	C5=4.044150V	C6=4.043100V	C7=4.048650V	C8=4.046250V	C9=4.047300V	C10=4.043550V	C11=4.044600V	C12=4.045050V	C13=4.047600V	C14=4.048350V	C15=4.045200V	C16=4.043850V	C17=4.044000V	C18=4.045200V	C19=4.045500V	C20=4.046700V	C21=4.047000V	C22=4.044600V	C23=4.038900V	C24=4.045650V	C25=4.046100V	C26=4.046100V	C27=4.047450V	C28=4.046700V	
max_temp: 15.839319	min_temp: 13.190943	avg_temp: 13.657295
undervoltage: 0	overvoltage: 0	pec: 0	overtemperature: 0	openwire: 0	openwire_temp: 0
dcc1: 00	dcc2: 00	
Time: 73607
Current: 2.221008
SOC: 0.844233
total_v: 113.265732	max_v: 4.048650	min_v: 4.038900	avg_v: 4.045205	max-min: 0.009750
C1=4.041300V	C2=4.042800V	C3=4.044300V	C4=4.045350V	C5=4.044150V	C6=4.043100V	C7=4.048650V	C8=4.046250V	C9=4.047300V	C10=4.043550V	C11=4.044600V	C12=4.045200V	C13=4.047600V	C14=4.048500V	C15=4.045200V	C16=4.043850V	C17=4.044000V	C18=4.045200V	C19=4.045500V	C20=4.046700V	C21=4.047000V	C22=4.044600V	C23=4.038900V	C24=4.045650V	C25=4.046100V	C26=4.046100V	C27=4.047600V	C28=4.046700V	
max_temp: 15.839319	min_temp: 13.190943	avg_temp: 13.657927
undervoltage: 0	overvoltage: 0	pec: 0	overtemperature: 0	openwire: 0	openwire_temp: 0
dcc1: 00	dcc2: 00	
Time: 73808
Current: -0.137604
SOC: 0.844233
total_v: 113.266487	max_v: 4.048650	min_v: 4.038900	avg_v: 4.045232	max-min: 0.009750
C1=4.041300V	C2=4.042950V	C3=4.044300V	C4=4.045350V	C5=4.044150V	C6=4.043100V	C7=4.048650V	C8=4.046250V	C9=4.047300V	C10=4.043550V	C11=4.044600V	C12=4.045200V	C13=4.047750V	C14=4.048500V	C15=4.045200V	C16=4.043850V	C17=4.044000V	C18=4.045200V	C19=4.045650V	C20=4.046850V	C21=4.047000V	C22=4.044600V	C23=4.038900V	C24=4.045650V	C25=4.046100V	C26=4.046250V	C27=4.047600V	C28=4.046700V	
max_temp: 15.834284	min_temp: 13.190943	avg_temp: 13.657295
undervoltage: 0	overvoltage: 0	pec: 0	overtemperature: 0	openwire: 0	openwire_temp: 0
dcc1: 00	dcc2: 00	
Time: 74009
Current: -0.039322
SOC: 0.844234
total_v: 113.265884	max_v: 4.048800	min_v: 4.039050	avg_v: 4.045210	max-min: 0.009750
C1=4.041300V	C2=4.042950V	C3=4.044300V	C4=4.045350V	C5=4.044150V	C6=4.043100V	C7=4.048800V	C8=4.046250V	C9=4.047300V	C10=4.043550V	C11=4.044450V	C12=4.045050V	C13=4.047600V	C14=4.048350V	C15=4.045200V	C16=4.043850V	C17=4.043850V	C18=4.045200V	C19=4.045500V	C20=4.046700V	C21=4.047000V	C22=4.044600V	C23=4.039050V	C24=4.045800V	C25=4.046100V	C26=4.046250V	C27=4.047600V	C28=4.046700V	
max_temp: 15.839319	min_temp: 13.190943	avg_temp: 13.657925
undervoltage: 0	overvoltage: 0	pec: 0	overtemperature: 0	openwire: 0	openwire_temp: 0
dcc1: 00	dcc2: 00	
Time: 74210
Current: -0.039322
SOC: 0.844234
total_v: 113.266037	max_v: 4.048800	min_v: 4.038900	avg_v: 4.045216	max-min: 0.009900
C1=4.041300V	C2=4.042950V	C3=4.044450V	C4=4.045350V	C5=4.044150V	C6=4.043100V	C7=4.048800V	C8=4.046250V	C9=4.047300V	C10=4.043550V	C11=4.044450V	C12=4.045050V	C13=4.047600V	C14=4.048500V	C15=4.045200V	C16=4.043850V	C17=4.044000V	C18=4.045200V	C19=4.045500V	C20=4.046700V	C21=4.047000V	C22=4.044600V	C23=4.038900V	C24=4.045800V	C25=4.046100V	C26=4.046100V	C27=4.047600V	C28=4.046700V	
max_temp: 15.839319	min_temp: 13.190943	avg_temp: 13.657610
undervoltage: 0	overvoltage: 0	pec: 0	overtemperature: 0	openwire: 0	openwire_temp: 0
dcc1: 00	dcc2: 00	
Time: 74411
Current: -0.137604
SOC: 0.844234
total_v: 113.266495	max_v: 4.048800	min_v: 4.038900	avg_v: 4.045232	max-min: 0.009900
C1=4.041300V	C2=4.042950V	C3=4.044450V	C4=4.045350V	C5=4.044150V	C6=4.043100V	C7=4.048800V	C8=4.046250V	C9=4.047300V	C10=4.043550V	C11=4.044600V	C12=4.045200V	C13=4.047600V	C14=4.048350V	C15=4.045200V	C16=4.043850V	C17=4.044000V	C18=4.045350V	C19=4.045500V	C20=4.046700V	C21=4.047000V	C22=4.044600V	C23=4.038900V	C24=4.045800V	C25=4.046100V	C26=4.046250V	C27=4.047600V	C28=4.046700V	
max_temp: 15.839319	min_temp: 13.190943	avg_temp: 13.657925
undervoltage: 0	overvoltage: 0	pec: 0	overtemperature: 0	openwire: 0	openwire_temp: 0
dcc1: 00	dcc2: 00	
Time: 74612
Current: -0.137604
SOC: 0.844235
total_v: 113.265732	max_v: 4.048650	min_v: 4.038900	avg_v: 4.045205	max-min: 0.009750
C1=4.041300V	C2=4.042950V	C3=4.044300V	C4=4.045350V	C5=4.044150V	C6=4.043250V	C7=4.048650V	C8=4.046250V	C9=4.047300V	C10=4.043550V	C11=4.044450V	C12=4.045050V	C13=4.047600V	C14=4.048500V	C15=4.045200V	C16=4.043850V	C17=4.044000V	C18=4.045200V	C19=4.045500V	C20=4.046550V	C21=4.047000V	C22=4.044450V	C23=4.038900V	C24=4.045800V	C25=4.046100V	C26=4.046250V	C27=4.047600V	C28=4.046700V	
max_temp: 15.839319	min_temp: 13.190943	avg_temp: 13.657610
undervoltage: 0	overvoltage: 0	pec: 0	overtemperature: 0	openwire: 0	openwire_temp: 0
dcc1: 00	dcc2: 00	
Time: 74813
Current: -0.039322
SOC: 0.844235
total_v: 113.266335	max_v: 4.048800	min_v: 4.039050	avg_v: 4.045226	max-min: 0.009750
C1=4.041300V	C2=4.042800V	C3=4.044450V	C4=4.045350V	C5=4.044150V	C6=4.043100V	C7=4.048800V	C8=4.046400V	C9=4.047300V	C10=4.043550V	C11=4.044450V	C12=4.045050V	C13=4.047600V	C14=4.048500V	C15=4.045200V	C16=4.043850V	C17=4.044000V	C18=4.045200V	C19=4.045500V	C20=4.046700V	C21=4.047000V	C22=4.044600V	C23=4.039050V	C24=4.045800V	C25=4.046100V	C26=4.046250V	C27=4.047600V	C28=4.046700V	
max_temp: 15.839319	min_temp: 13.190943	avg_temp: 13.658241
undervoltage: 0	overvoltage: 0	pec: 0	overtemperature: 0	openwire: 0	openwire_temp: 0
dcc1: 00	dcc2: 00	
Time: 75014
Current: -0.137604
SOC: 0.844236
total_v: 113.265877	max_v: 4.048650	min_v: 4.038900	avg_v: 4.045210	max-min: 0.009750
C1=4.041300V	C2=4.042950V	C3=4.044300V	C4=4.045350V	C5=4.044150V	C6=4.043250V	C7=4.048650V	C8=4.046250V	C9=4.047300V	C10=4.043550V	C11=4.044600V	C12=4.045050V	C13=4.047600V	C14=4.048350V	C15=4.045200V	C16=4.043850V	C17=4.044000V	C18=4.045200V	C19=4.045650V	C20=4.046700V	C21=4.047000V	C22=4.044450V	C23=4.038900V	C24=4.045800V	C25=4.046100V	C26=4.046100V	C27=4.047600V	C28=4.046700V	
max_temp: 15.839319	min_temp: 13.190943	avg_temp: 13.658871
undervoltage: 0	overvoltage: 0	pec: 0	overtemperature: 0	openwire: 0	openwire_temp: 0
dcc1: 00	dcc2: 00	
Time: 75215
Current: -0.039322
SOC: 0.844236
total_v: 113.265732	max_v: 4.048650	min_v: 4.039050	avg_v: 4.045205	max-min: 0.009600
C1=4.041300V	C2=4.042800V	C3=4.044450V	C4=4.045350V	C5=4.044150V	C6=4.043100V	C7=4.048650V	C8=4.046250V	C9=4.047300V	C10=4.043550V	C11=4.044600V	C12=4.045050V	C13=4.047600V	C14=4.048350V	C15=4.045200V	C16=4.043850V	C17=4.044000V	C18=4.045200V	C19=4.045500V	C20=4.046700V	C21=4.047000V	C22=4.044600V	C23=4.039050V	C24=4.045650V	C25=4.046100V	C26=4.046250V	C27=4.047600V	C28=4.046550V	
max_temp: 15.839319	min_temp: 13.190943	avg_temp: 13.658554
undervoltage: 0	overvoltage: 0	pec: 0	overtemperature: 0	openwire: 0	openwire_temp: 0
dcc1: 00	dcc2: 00	
Time: 75416
Current: -0.039322
SOC: 0.844236
total_v: 113.266029	max_v: 4.048800	min_v: 4.038900	avg_v: 4.045215	max-min: 0.009900
C1=4.041300V	C2=4.042800V	C3=4.044300V	C4=4.045350V	C5=4.044150V	C6=4.043100V	C7=4.048800V	C8=4.046250V	C9=4.047300V	C10=4.043550V	C11=4.044600V	C12=4.045050V	C13=4.047600V	C14=4.048500V	C15=4.045200V	C16=4.043850V	C17=4.044000V	C18=4.045350V	C19=4.045650V	C20=4.046700V	C21=4.047000V	C22=4.044600V	C23=4.038900V	C24=4.045650V	C25=4.046100V	C26=4.046100V	C27=4.047600V	C28=4.046700V	
max_temp: 15.839319	min_temp: 13.190943	avg_temp: 13.657610
undervoltage: 0	overvoltage: 0	pec: 0	overtemperature: 0	openwire: 0	openwire_temp: 0
dcc1: 00	dcc2: 00	
Time: 75617
Current: -0.039322
SOC: 0.844236
total_v: 113.265877	max_v: 4.048650	min_v: 4.038900	avg_v: 4.045210	max-min: 0.009750
C1=4.041300V	C2=4.042950V	C3=4.044450V	C4=4.045350V	C5=4.044150V	C6=4.043100V	C7=4.048650V	C8=4.046250V	C9=4.047300V	C10=4.043550V	C11=4.044450V	C12=4.045050V	C13=4.047600V	C14=4.048500V	C15=4.045200V	C16=4.043850V	C17=4.044000V	C18=4.045200V	C19=4.045650V	C20=4.046700V	C21=4.047000V	C22=4.044600V	C23=4.038900V	C24=4.045650V	C25=4.046100V	C26=4.046100V	C27=4.047600V	C28=4.046700V	
max_temp: 15.839319	min_temp: 13.190943	avg_temp: 13.657925
undervoltage: 0	overvoltage: 0	pec: 0	overtemperature: 0	openwire: 0	openwire_temp: 0
dcc1: 00	dcc2: 00	
Time: 75818
Current: -0.039322
SOC: 0.844236
total_v: 113.265434	max_v: 4.048800	min_v: 4.038900	avg_v: 4.045194	max-min: 0.009900
C1=4.041300V	C2=4.042800V	C3=4.044300V	C4=4.045350V	C5=4.044150V	C6=4.043100V	C7=4.048800V	C8=4.046250V	C9=4.047300V	C10=4.043550V	C11=4.044450V	C12=4.045050V	C13=4.047600V	C14=4.048350V	C15=4.045200V	C16=4.043850V	C17=4.044000V	C18=4.045200V	C19=4.045500V	C20=4.046700V	C21=4.047000V	C22=4.044600V	C23=4.038900V	C24=4.045650V	C25=4.046100V	C26=4.046250V	C27=4.047450V	C28=4.046700V	
max_temp: 15.839319	min_temp: 13.190943	avg_temp: 13.658239
undervoltage: 0	overvoltage: 0	pec: 0	overtemperature: 0	openwire: 0	openwire_temp: 0
dcc1: 00	dcc2: 00	
Time: 76019
Current: -0.039322
SOC: 0.844237
total_v: 113.265587	max_v: 4.048650	min_v: 4.038900	avg_v: 4.045199	max-min: 0.009750
C1=4.041300V	C2=4.042950V	C3=4.044300V	C4=4.045350V	C5=4.044150V	C6=4.043100V	C7=4.048650V	C8=4.046250V	C9=4.047300V	C10=4.043550V	C11=4.044450V	C12=4.045050V	C13=4.047600V	C14=4.048350V	C15=4.045200V	C16=4.043850V	C17=4.044000V	C18=4.045200V	C19=4.045500V	C20=4.046700V	C21=4.047000V	C22=4.044600V	C23=4.038900V	C24=4.045650V	C25=4.046100V	C26=4.046250V	C27=4.047600V	C28=4.046700V	
max_temp: 15.834284	min_temp: 13.190943	avg_temp: 13.658241
undervoltage: 0	overvoltage: 0	pec: 0	overtemperature: 0	openwire: 0	openwire_temp: 0
dcc1: 00	dcc2: 00	
Time: 76220
Current: 2.122742
SOC: 0.844228
total_v: 113.265579	max_v: 4.048650	min_v: 4.038900	avg_v: 4.045199	max-min: 0.009750
C1=4.041300V	C2=4.042800V	C3=4.044450V	C4=4.045350V	C5=4.044150V	C6=4.043100V	C7=4.048650V	C8=4.046250V	C9=4.047300V	C10=4.043550V	C11=4.044450V	C12=4.045050V	C13=4.047600V	C14=4.048500V	C15=4.045200V	C16=4.043850V	C17=4.044000V	C18=4.045200V	C19=4.045500V	C20=4.046700V	C21=4.047000V	C22=4.044600V	C23=4.038900V	C24=4.045650V	C25=4.046100V	C26=4.046100V	C27=4.047600V	C28=4.046700V	
max_temp: 15.834284	min_temp: 13.190943	avg_temp: 13.657925
undervoltage: 0	overvoltage: 0	pec: 0	overtemperature: 0	openwire: 0	openwire_temp: 0
dcc1: 00	dcc2: 00	
Time: 76421
Current: 1.139984
SOC: 0.844223
total_v: 113.265724	max_v: 4.048800	min_v: 4.038900	avg_v: 4.045205	max-min: 0.009900
C1=4.041300V	C2=4.042800V	C3=4.044300V	C4=4.045350V	C5=4.044150V	C6=4.043100V	C7=4.048800V	C8=4.046250V	C9=4.047300V	C10=4.043550V	C11=4.044450V	C12=4.045050V	C13=4.047600V	C14=4.048500V	C15=4.045200V	C16=4.043850V	C17=4.044000V	C18=4.045200V	C19=4.045650V	C20=4.046700V	C21=4.047000V	C22=4.044600V	C23=4.038900V	C24=4.045650V	C25=4.046100V	C26=4.046250V	C27=4.047600V	C28=4.046550V	
max_temp: 15.834284	min_temp: 13.190943	avg_temp: 13.658241
undervoltage: 0	overvoltage: 0	pec: 0	overtemperature: 0	openwire: 0	openwire_temp: 0
dcc1: 00	dcc2: 00	
Time: 76622
Current: -0.137604
SOC: 0.844224
total_v: 113.265724	max_v: 4.048650	min_v: 4.038900	avg_v: 4.045205	max-min: 0.009750
C1=4.041300V	C2=4.042950V	C3=4.044450V	C4=4.045350V	C5=4.044150V	C6=4.043100V	C7=4.048650V	C8=4.046250V	C9=4.047300V	C10=4.043550V	C11=4.044450V	C12=4.045050V	C13=4.047600V	C14=4.048350V	C15=4.045200V	C16=4.043850V	C17=4.044000V	C18=4.045200V	C19=4.045650V	C20=4.046700V	C21=4.047000V	C22=4.044600V	C23=4.038900V	C24=4.045800V	C25=4.046100V	C26=4.046100V	C27=4.047600V	C28=4.046550V	
max_temp: 15.834284	min_temp: 13.190943	avg_temp: 13.658241
undervoltage: 0	overvoltage: 0	pec: 0	overtemperature: 0	openwire: 0	openwire_temp: 0
dcc1: 00	dcc2: 00	
Time: 76823
Current: -0.137604
SOC: 0.844224
total_v: 113.265739	max_v: 4.048650	min_v: 4.038900	avg_v: 4.045205	max-min: 0.009750
C1=4.041300V	C2=4.042950V	C3=4.044450V	C4=4.045350V	C5=4.044150V	C6=4.043100V	C7=4.048650V	C8=4.046250V	C9=4.047300V	C10=4.043400V	C11=4.044450V	C12=4.045050V	C13=4.047600V	C14=4.048350V	C15=4.045200V	C16=4.043850V	C17=4.044000V	C18=4.045200V	C19=4.045500V	C20=4.046700V	C21=4.047000V	C22=4.044600V	C23=4.038900V	C24=4.045800V	C25=4.046100V	C26=4.046250V	C27=4.047600V	C28=4.046700V	
max_temp: 15.834284	min_temp: 13.190943	avg_temp: 13.658873
undervoltage: 0	overvoltage: 0	pec: 0	overtemperature: 0	openwire: 0	openwire_temp: 0
dcc1: 00	dcc2: 00	
Time: 77024
Current: -0.039322
SOC: 0.844225
total_v: 113.266182	max_v: 4.048650	min_v: 4.038900	avg_v: 4.045221	max-min: 0.009750
C1=4.041300V	C2=4.042950V	C3=4.044450V	C4=4.045350V	C5=4.044150V	C6=4.043100V	C7=4.048650V	C8=4.046250V	C9=4.047300V	C10=4.043550V	C11=4.044600V	C12=4.045050V	C13=4.047600V	C14=4.048500V	C15=4.045200V	C16=4.043850V	C17=4.044000V	C18=4.045200V	C19=4.045650V	C20=4.046700V	C21=4.047000V	C22=4.044600V	C23=4.038900V	C24=4.045650V	C25=4.046100V	C26=4.046250V	C27=4.047600V	C28=4.046700V	
max_temp: 15.834284	min_temp: 13.190943	avg_temp: 13.657925
undervoltage: 0	overvoltage: 0	pec: 0	overtemperature: 0	openwire: 0	openwire_temp: 0
dcc1: 00	dcc2: 00	
Time: 77225
Current: -0.039322
SOC: 0.844225
total_v: 113.265877	max_v: 4.048650	min_v: 4.039050	avg_v: 4.045210	max-min: 0.009600
C1=4.041300V	C2=4.042950V	C3=4.044450V	C4=4.045350V	C5=4.044150V	C6=4.043100V	C7=4.048650V	C8=4.046250V	C9=4.047150V	C10=4.043550V	C11=4.044600V	C12=4.045050V	C13=4.047600V	C14=4.048500V	C15=4.045200V	C16=4.043850V	C17=4.044000V	C18=4.045350V	C19=4.045500V	C20=4.046700V	C21=4.047000V	C22=4.044450V	C23=4.039050V	C24=4.045650V	C25=4.046100V	C26=4.046100V	C27=4.047600V	C28=4.046700V	
max_temp: 15.834284	min_temp: 13.190943	avg_temp: 13.658241
undervoltage: 0	overvoltage: 0	pec: 0	overtemperature: 0	openwire: 0	openwire_temp: 0
dcc1: 00	dcc2: 00	
Time: 77426
Current: -0.039322
SOC: 0.844225
total_v: 113.265884	max_v: 4.048650	min_v: 4.038900	avg_v: 4.045210	max-min: 0.009750
C1=4.041300V	C2=4.042800V	C3=4.044450V	C4=4.045350V	C5=4.044150V	C6=4.043100V	C7=4.048650V	C8=4.046250V	C9=4.047300V	C10=4.043550V	C11=4.044600V	C12=4.045050V	C13=4.047600V	C14=4.048500V	C15=4.045200V	C16=4.043850V	C17=4.044000V	C18=4.045200V	C19=4.045500V	C20=4.046700V	C21=4.047000V	C22=4.044600V	C23=4.038900V	C24=4.045800V	C25=4.046100V	C26=4.046250V	C27=4.047600V	C28=4.046550V	
max_temp: 15.829279	min_temp: 13.190943	avg_temp: 13.658245
undervoltage: 0	overvoltage: 0	pec: 0	overtemperature: 0	openwire: 0	openwire_temp: 0
dcc1: 00	dcc2: 00	
Time: 77627
Current: -0.137604
SOC: 0.844225
total_v: 113.265884	max_v: 4.048650	min_v: 4.038900	avg_v: 4.045210	max-min: 0.009750
C1=4.041300V	C2=4.042800V	C3=4.044300V	C4=4.045350V	C5=4.044150V	C6=4.043100V	C7=4.048650V	C8=4.046250V	C9=4.047300V	C10=4.043550V	C11=4.044600V	C12=4.045050V	C13=4.047600V	C14=4.048500V	C15=4.045200V	C16=4.043850V	C17=4.044000V	C18=4.045200V	C19=4.045650V	C20=4.046700V	C21=4.047000V	C22=4.044600V	C23=4.038900V	C24=4.045650V	C25=4.046100V	C26=4.046250V	C27=4.047600V	C28=4.046700V	
max_temp: 15.834284	min_temp: 13.190943	avg_temp: 13.657610
undervoltage: 0	overvoltage: 0	pec: 0	overtemperature: 0	openwire: 0	openwire_temp: 0
dcc1: 00	dcc2: 00	
Time: 77828
Current: -0.137604
SOC: 0.844226
total_v: 113.265732	max_v: 4.048650	min_v: 4.038900	avg_v: 4.045205	max-min: 0.009750
C1=4.041300V	C2=4.042950V	C3=4.044300V	C4=4.045350V	C5=4.044150V	C6=4.043100V	C7=4.048650V	C8=4.046250V	C9=4.047300V	C10=4.043550V	C11=4.044600V	C12=4.045050V	C13=4.047600V	C14=4.048500V	C15=4.045200V	C16=4.043850V	C17=4.044000V	C18=4.045200V	C19=4.045500V	C20=4.046700V	C21=4.047000V	C22=4.044600V	C23=4.038900V	C24=4.045650V	C25=4.046100V	C26=4.046100V	C27=4.047600V	C28=4.046700V	
max_temp: 15.829279	min_temp: 13.190943	avg_temp: 13.658243
undervoltage: 0	overvoltage: 0	pec: 0	overtemperature: 0	openwire: 0	openwire_temp: 0
dcc1: 00	dcc2: 00	
Time: 78029
Current: -0.137604
SOC: 0.844227
total_v: 113.265732	max_v: 4.048800	min_v: 4.038900	avg_v: 4.045205	max-min: 0.009900
C1=4.041300V	C2=4.042950V	C3=4.044300V	C4=4.045350V	C5=4.044150V	C6=4.043100V	C7=4.048800V	C8=4.046250V	C9=4.047300V	C10=4.043550V	C11=4.044450V	C12=4.045050V	C13=4.047600V	C14=4.048350V	C15=4.045200V	C16=4.043850V	C17=4.044000V	C18=4.045200V	C19=4.045650V	C20=4.046700V	C21=4.047000V	C22=4.044450V	C23=4.038900V	C24=4.045800V	C25=4.046100V	C26=4.046100V	C27=4.047600V	C28=4.046700V	
max_temp: 15.829279	min_temp: 13.190943	avg_temp: 13.657928
undervoltage: 0	overvoltage: 0	pec: 0	overtemperature: 0	openwire: 0	openwire_temp: 0
dcc1: 00	dcc2: 00	
Time: 78230
Current: -0.137604
SOC: 0.844227
total_v: 113.265732	max_v: 4.048650	min_v: 4.038900	avg_v: 4.045205	max-min: 0.009750
C1=4.041300V	C2=4.042800V	C3=4.044300V	C4=4.045350V	C5=4.044300V	C6=4.043100V	C7=4.048650V	C8=4.046250V	C9=4.047300V	C10=4.043550V	C11=4.044450V	C12=4.045050V	C13=4.047750V	C14=4.048500V	C15=4.045200V	C16=4.043850V	C17=4.044000V	C18=4.045200V	C19=4.045500V	C20=4.046700V	C21=4.047000V	C22=4.044600V	C23=4.038900V	C24=4.045650V	C25=4.046100V	C26=4.046100V	C27=4.047600V	C28=4.046700V	
max_temp: 15.829279	min_temp: 13.190943	avg_temp: 13.658875
undervoltage: 0	overvoltage: 0	pec: 0	overtemperature: 0	openwire: 0	openwire_temp: 0
dcc1: 00	dcc2: 00	
Time: 78431
Current: -0.137604
SOC: 0.844228
total_v: 113.265877	max_v: 4.048650	min_v: 4.038900	avg_v: 4.045210	max-min: 0.009750
C1=4.041300V	C2=4.042800V	C3=4.044450V	C4=4.045350V	C5=4.044150V	C6=4.043250V	C7=4.048650V	C8=4.046250V	C9=4.047300V	C10=4.043550V	C11=4.044450V	C12=4.045050V	C13=4.047600V	C14=4.048350V	C15=4.045200V	C16=4.043850V	C17=4.044000V	C18=4.045350V	C19=4.045650V	C20=4.046700V	C21=4.047000V	C22=4.044600V	C23=4.038900V	C24=4.045800V	C25=4.046100V	C26=4.046100V	C27=4.047600V	C28=4.046550V	
max_temp: 15.829279	min_temp: 13.190943	avg_temp: 13.658875
undervoltage: 0	overvoltage: 0	pec: 0	overtemperature: 0	openwire: 0	openwire_temp: 0
dcc1: 00	dcc2: 00	
Time: 78632
Current: -0.137604
SOC: 0.844228
total_v: 113.265739	max_v: 4.048650	min_v: 4.038900	avg_v: 4.045205	max-min: 0.009750
C1=4.041300V	C2=4.042800V	C3=4.044450V	C4=4.045350V	C5=4.044150V	C6=4.043100V	C7=4.048650V	C8=4.046250V	C9=4.047300V	C10=4.043400V	C11=4.044450V	C12=4.045050V	C13=4.047600V	C14=4.048500V	C15=4.045200V	C16=4.043850V	C17=4.044000V	C18=4.045350V	C19=4.045500V	C20=4.046700V	C21=4.047000V	C22=4.044600V	C23=4.038900V	C24=4.045650V	C25=4.046100V	C26=4.046250V	C27=4.047600V	C28=4.046700V	
max_temp: 15.829279	min_temp: 13.190943	avg_temp: 13.658560
undervoltage: 0	overvoltage: 0	pec: 0	overtemperature: 0	openwire: 0	openwire_temp: 0
dcc1: 00	dcc2: 00	
Time: 78833
Current: -0.137604
SOC: 0.844229
total_v: 113.265442	max_v: 4.048650	min_v: 4.038900	avg_v: 4.045194	max-min: 0.009750
C1=4.041300V	C2=4.042800V	C3=4.044300V	C4=4.045200V	C5=4.044300V	C6=4.043100V	C7=4.048650V	C8=4.046250V	C9=4.047300V	C10=4.043550V	C11=4.044600V	C12=4.045050V	C13=4.047600V	C14=4.048350V	C15=4.045200V	C16=4.043850V	C17=4.044000V	C18=4.045200V	C19=4.045500V	C20=4.046700V	C21=4.047000V	C22=4.044600V	C23=4.038900V	C24=4.045650V	C25=4.046100V	C26=4.046100V	C27=4.047600V	C28=4.046700V	
max_temp: 15.829279	min_temp: 13.190943	avg_temp: 13.658558
undervoltage: 0	overvoltage: 0	pec: 0	overtemperature: 0	openwire: 0	openwire_temp: 0
dcc1: 00	dcc2: 00	
Time: 79034
Current: -0.137604
SOC: 0.844230
total_v: 113.265732	max_v: 4.048650	min_v: 4.038900	avg_v: 4.045205	max-min: 0.009750
C1=4.041300V	C2=4.042950V	C3=4.044300V	C4=4.045350V	C5=4.044150V	C6=4.043250V	C7=4.048650V	C8=4.046250V	C9=4.047300V	C10=4.043550V	C11=4.044450V	C12=4.045050V	C13=4.047600V	C14=4.048500V	C15=4.045200V	C16=4.043850V	C17=4.044000V	C18=4.045200V	C19=4.045500V	C20=4.046700V	C21=4.047000V	C22=4.044600V	C23=4.038900V	C24=4.045800V	C25=4.046100V	C26=4.046100V	C27=4.047600V	C28=4.046550V	
max_temp: 15.829279	min_temp: 13.190943	avg_temp: 13.658558
undervoltage: 0	overvoltage: 0	pec: 0	overtemperature: 0	openwire: 0	openwire_temp: 0
dcc1: 00	dcc2: 00	
Time: 79235
Current: -0.039322
SOC: 0.844230
total_v: 113.265282	max_v: 4.048800	min_v: 4.038900	avg_v: 4.045188	max-min: 0.009900
C1=4.041300V	C2=4.042800V	C3=4.044450V	C4=4.045200V	C5=4.044150V	C6=4.043100V	C7=4.048800V	C8=4.046400V	C9=4.047300V	C10=4.043550V	C11=4.044450V	C12=4.045050V	C13=4.047600V	C14=4.048350V	C15=4.045200V	C16=4.043850V	C17=4.044000V	C18=4.045200V	C19=4.045500V	C20=4.046700V	C21=4.047000V	C22=4.044450V	C23=4.038900V	C24=4.045650V	C25=4.046100V	C26=4.046100V	C27=4.047600V	C28=4.046550V	
max_temp: 15.829279	min_temp: 13.190943	avg_temp: 13.658875
undervoltage: 0	overvoltage: 0	pec: 0	overtemperature: 0	openwire: 0	openwire_temp: 0
dcc1: 00	dcc2: 00	
Time: 79436
Current: -0.137604
SOC: 0.844230
total_v: 113.265892	max_v: 4.048650	min_v: 4.038900	avg_v: 4.045210	max-min: 0.009750
C1=4.041300V	C2=4.042950V	C3=4.044300V	C4=4.045350V	C5=4.044150V	C6=4.043100V	C7=4.048650V	C8=4.046400V	C9=4.047300V	C10=4.043550V	C11=4.044600V	C12=4.045050V	C13=4.047600V	C14=4.048500V	C15=4.045200V	C16=4.043850V	C17=4.043850V	C18=4.045200V	C19=4.045500V	C20=4.046700V	C21=4.047000V	C22=4.044600V	C23=4.038900V	C24=4.045650V	C25=4.046100V	C26=4.046250V	C27=4.047600V	C28=4.046700V	
max_temp: 15.829279	min_temp: 13.190943	avg_temp: 13.658558
undervoltage: 0	overvoltage: 0	pec: 0	overtemperature: 0	openwire: 0	openwire_temp: 0
dcc1: 00	dcc2: 00	
Time: 79637
Current: 4.481369
SOC: 0.844212
total_v: 113.265572	max_v: 4.048650	min_v: 4.038900	avg_v: 4.045199	max-min: 0.009750
C1=4.041300V	C2=4.042800V	C3=4.044450V	C4=4.045350V	C5=4.044150V	C6=4.043100V	C7=4.048650V	C8=4.046250V	C9=4.047300V	C10=4.043550V	C11=4.044450V	C12=4.045050V	C13=4.047600V	C14=4.048500V	C15=4.045200V	C16=4.043850V	C17=4.044000V	C18=4.045200V	C19=4.045650V	C20=4.046700V	C21=4.047000V	C22=4.044450V	C23=4.038900V	C24=4.045650V	C25=4.046100V	C26=4.046100V	C27=4.047600V	C28=4.046700V	
max_temp: 15.829279	min_temp: 13.190943	avg_temp: 13.658875
undervoltage: 0	overvoltage: 0	pec: 0	overtemperature: 0	openwire: 0	openwire_temp: 0
dcc1: 00	dcc2: 00	
Time: 79838
Current: -0.137604
SOC: 0.844212
total_v: 113.265732	max_v: 4.048800	min_v: 4.038900	avg_v: 4.045205	max-min: 0.009900
C1=4.041300V	C2=4.042800V	C3=4.044300V	C4=4.045350V	C5=4.044150V	C6=4.043100V	C7=4.048800V	C8=4.046250V	C9=4.047300V	C10=4.043550V	C11=4.044450V	C12=4.045050V	C13=4.047600V	C14=4.048500V	C15=4.045200V	C16=4.043850V	C17=4.044000V	C18=4.045200V	C19=4.045500V	C20=4.046700V	C21=4.047000V	C22=4.044600V	C23=4.038900V	C24=4.045650V	C25=4.046100V	C26=4.046250V	C27=4.047600V	C28=4.046700V	
max_temp: 15.829279	min_temp: 13.190943	avg_temp: 13.658875
undervoltage: 0	overvoltage: 0	pec: 0	overtemperature: 0	openwire: 0	openwire_temp: 0
dcc1: 00	dcc2: 00	
Time: 80039
Current: -0.039322
SOC: 0.844213
total_v: 113.265579	max_v: 4.048650	min_v: 4.038900	avg_v: 4.045199	max-min: 0.009750
C1=4.041300V	C2=4.042950V	C3=4.044450V	C4=4.045350V	C5=4.044150V	C6=4.043100V	C7=4.048650V	C8=4.046250V	C9=4.047300V	C10=4.043550V	C11=4.044450V	C12=4.045050V	C13=4.047600V	C14=4.048350V	C15=4.045200V	C16=4.043850V	C17=4.044000V	C18=4.045200V	C19=4.045500V	C20=4.046700V	C21=4.047000V	C22=4.044600V	C23=4.038900V	C24=4.045800V	C25=4.046100V	C26=4.046100V	C27=4.047600V	C28=4.046550V	
max_temp: 15.829279	min_temp: 13.190943	avg_temp: 13.658556
undervoltage: 0	overvoltage: 0	pec: 0	overtemperature: 0	openwire: 0	openwire_temp: 0
dcc1: 00	dcc2: 00	
Time: 80240
Current: -0.039322
SOC: 0.844213
total_v: 113.266174	max_v: 4.048650	min_v: 4.039050	avg_v: 4.045220	max-min: 0.009600
C1=4.041300V	C2=4.042950V	C3=4.044450V	C4=4.045350V	C5=4.044150V	C6=4.043250V	C7=4.048650V	C8=4.046250V	C9=4.047300V	C10=4.043400V	C11=4.044600V	C12=4.045050V	C13=4.047600V	C14=4.048500V	C15=4.045200V	C16=4.043850V	C17=4.044000V	C18=4.045200V	C19=4.045650V	C20=4.046700V	C21=4.047000V	C22=4.044450V	C23=4.039050V	C24=4.045650V	C25=4.046100V	C26=4.046250V	C27=4.047600V	C28=4.046700V	
max_temp: 15.829279	min_temp: 13.196009	avg_temp: 13.659191
undervoltage: 0	overvoltage: 0	pec: 0	overtemperature: 0	openwire: 0	openwire_temp: 0
dcc1: 00	dcc2: 00	
Time: 80441
Current: -0.039322
SOC: 0.844213
total_v: 113.265732	max_v: 4.048650	min_v: 4.038900	avg_v: 4.045205	max-min: 0.009750
C1=4.041300V	C2=4.042950V	C3=4.044300V	C4=4.045350V	C5=4.044150V	C6=4.043100V	C7=4.048650V	C8=4.046250V	C9=4.047300V	C10=4.043550V	C11=4.044600V	C12=4.045050V	C13=4.047600V	C14=4.048500V	C15=4.045200V	C16=4.043850V	C17=4.044000V	C18=4.045200V	C19=4.045500V	C20=4.046700V	C21=4.047000V	C22=4.044600V	C23=4.038900V	C24=4.045650V	C25=4.046100V	C26=4.046100V	C27=4.047600V	C28=4.046700V	
max_temp: 15.829279	min_temp: 13.190943	avg_temp: 13.658243
undervoltage: 0	overvoltage: 0	pec: 0	overtemperature: 0	openwire: 0	openwire_temp: 0
dcc1: 00	dcc2: 00	
Time: 80642
Current: 0.648621
SOC: 0.844210
total_v: 113.265587	max_v: 4.048650	min_v: 4.038900	avg_v: 4.045199	max-min: 0.009750
C1=4.041300V	C2=4.042800V	C3=4.044300V	C4=4.045350V	C5=4.044150V	C6=4.043100V	C7=4.048650V	C8=4.046250V	C9=4.047300V	C10=4.043550V	C11=4.044600V	C12=4.045050V	C13=4.047600V	C14=4.048500V	C15=4.045200V	C16=4.043850V	C17=4.044000V	C18=4.045200V	C19=4.045500V	C20=4.046700V	C21=4.047000V	C22=4.044600V	C23=4.038900V	C24=4.045650V	C25=4.046100V	C26=4.046250V	C27=4.047600V	C28=4.046550V	
max_temp: 15.829279	min_temp: 13.190943	avg_temp: 13.659189
undervoltage: 0	overvoltage: 0	pec: 0	overtemperature: 0	openwire: 0	openwire_temp: 0
dcc1: 00	dcc2: 00	
Time: 80843
Current: 1.336533
SOC: 0.844205
total_v: 113.266342	max_v: 4.048800	min_v: 4.038900	avg_v: 4.045227	max-min: 0.009900
C1=4.041300V	C2=4.042800V	C3=4.044300V	C4=4.045350V	C5=4.044300V	C6=4.043250V	C7=4.048800V	C8=4.046400V	C9=4.047300V	C10=4.043550V	C11=4.044600V	C12=4.045050V	C13=4.047600V	C14=4.048500V	C15=4.045200V	C16=4.043850V	C17=4.044000V	C18=4.045200V	C19=4.045500V	C20=4.046700V	C21=4.047000V	C22=4.044600V	C23=4.038900V	C24=4.045650V	C25=4.046100V	C26=4.046250V	C27=4.047600V	C28=4.046700V	
max_temp: 15.829279	min_temp: 13.190943	avg_temp: 13.658875
undervoltage: 0	overvoltage: 0	pec: 0	overtemperature: 0	openwire: 0	openwire_temp: 0
dcc1: 00	dcc2: 00	
Time: 81044
Current: -0.039322
SOC: 0.844205
total_v: 113.265884	max_v: 4.048800	min_v: 4.038900	avg_v: 4.045210	max-min: 0.009900
C1=4.041300V	C2=4.042800V	C3=4.044450V	C4=4.045350V	C5=4.044150V	C6=4.043100V	C7=4.048800V	C8=4.046250V	C9=4.047300V	C10=4.043550V	C11=4.044600V	C12=4.045050V	C13=4.047600V	C14=4.048350V	C15=4.045200V	C16=4.043850V	C17=4.044000V	C18=4.045200V	C19=4.045650V	C20=4.046700V	C21=4.047000V	C22=4.044600V	C23=4.038900V	C24=4.045650V	C25=4.046100V	C26=4.046100V	C27=4.047600V	C28=4.046700V	
max_temp: 15.829279	min_temp: 13.190943	avg_temp: 13.659821
undervoltage: 0	overvoltage: 0	pec: 0	overtemperature: 0	openwire: 0	openwire_temp: 0
dcc1: 00	dcc2: 00	
Time: 81245
Current: 1.827911
SOC: 0.844197
total_v: 113.265732	max_v: 4.048650	min_v: 4.038900	avg_v: 4.045205	max-min: 0.009750
C1=4.041300V	C2=4.042800V	C3=4.044300V	C4=4.045350V	C5=4.044150V	C6=4.043100V	C7=4.048650V	C8=4.046250V	C9=4.047300V	C10=4.043550V	C11=4.044600V	C12=4.045200V	C13=4.047600V	C14=4.048500V	C15=4.045200V	C16=4.043850V	C17=4.044000V	C18=4.045200V	C19=4.045500V	C20=4.046700V	C21=4.047000V	C22=4.044600V	C23=4.038900V	C24=4.045650V	C25=4.046100V	C26=4.046100V	C27=4.047600V	C28=4.046700V	
max_temp: 15.829279	min_temp: 13.190943	avg_temp: 13.658873
undervoltage: 0	overvoltage: 0	pec: 0	overtemperature: 0	openwire: 0	openwire_temp: 0
dcc1: 00	dcc2: 00	
Time: 81446
Current: -0.039322
SOC: 0.844198
total_v: 113.265732	max_v: 4.048650	min_v: 4.039050	avg_v: 4.045205	max-min: 0.009600
C1=4.041300V	C2=4.042950V	C3=4.044300V	C4=4.045350V	C5=4.044150V	C6=4.043100V	C7=4.048650V	C8=4.046250V	C9=4.047300V	C10=4.043550V	C11=4.044450V	C12=4.044900V	C13=4.047600V	C14=4.048350V	C15=4.045200V	C16=4.043850V	C17=4.044000V	C18=4.045200V	C19=4.045500V	C20=4.046700V	C21=4.047000V	C22=4.044600V	C23=4.039050V	C24=4.045800V	C25=4.046100V	C26=4.046250V	C27=4.047600V	C28=4.046700V	
max_temp: 15.829279	min_temp: 13.190943	avg_temp: 13.659506
undervoltage: 0	overvoltage: 0	pec: 0	overtemperature: 0	openwire: 0	openwire_temp: 0
dcc1: 00	dcc2: 00	
Time: 81647
Current: -0.039322
SOC: 0.844198
total_v: 113.265884	max_v: 4.048650	min_v: 4.039050	avg_v: 4.045210	max-min: 0.009600
C1=4.041300V	C2=4.042950V	C3=4.044300V	C4=4.045200V	C5=4.044150V	C6=4.043100V	C7=4.048650V	C8=4.046250V	C9=4.047300V	C10=4.043550V	C11=4.044600V	C12=4.045050V	C13=4.047600V	C14=4.048500V	C15=4.045200V	C16=4.043850V	C17=4.044000V	C18=4.045200V	C19=4.045500V	C20=4.046700V	C21=4.047000V	C22=4.044600V	C23=4.039050V	C24=4.045650V	C25=4.046100V	C26=4.046250V	C27=4.047600V	C28=4.046700V	
max_temp: 15.824244	min_temp: 13.190943	avg_temp: 13.657927
undervoltage: 0	overvoltage: 0	pec: 0	overtemperature: 0	openwire: 0	openwire_temp: 0
dcc1: 00	dcc2: 00	
Time: 81848
Current: -0.039322
SOC: 0.844198
total_v: 113.265732	max_v: 4.048800	min_v: 4.038900	avg_v: 4.045205	max-min: 0.009900
C1=4.041300V	C2=4.042950V	C3=4.044300V	C4=4.045350V	C5=4.044150V	C6=4.043100V	C7=4.048800V	C8=4.046250V	C9=4.047300V	C10=4.043550V	C11=4.044450V	C12=4.045050V	C13=4.047750V	C14=4.048500V	C15=4.045200V	C16=4.043850V	C17=4.044000V	C18=4.045200V	C19=4.045500V	C20=4.046700V	C21=4.047000V	C22=4.044600V	C23=4.038900V	C24=4.045650V	C25=4.046100V	C26=4.046100V	C27=4.047450V	C28=4.046700V	
max_temp: 15.829279	min_temp: 13.196009	avg_temp: 13.659822
undervoltage: 0	overvoltage: 0	pec: 0	overtemperature: 0	openwire: 0	openwire_temp: 0
dcc1: 00	dcc2: 00	
Time: 82049
Current: -0.137604
SOC: 0.844199
total_v: 113.265732	max_v: 4.048650	min_v: 4.038900	avg_v: 4.045205	max-min: 0.009750
C1=4.041300V	C2=4.042800V	C3=4.044450V	C4=4.045350V	C5=4.044150V	C6=4.043100V	C7=4.048650V	C8=4.046250V	C9=4.047300V	C10=4.043550V	C11=4.044450V	C12=4.045050V	C13=4.047600V	C14=4.048500V	C15=4.045200V	C16=4.043850V	C17=4.044000V	C18=4.045200V	C19=4.045500V	C20=4.046700V	C21=4.047000V	C22=4.044600V	C23=4.038900V	C24=4.045650V	C25=4.046100V	C26=4.046250V	C27=4.047600V	C28=4.046700V	
max_temp: 15.829279	min_temp: 13.190943	avg_temp: 13.658558
undervoltage: 0	overvoltage: 0	pec: 0	overtemperature: 0	openwire: 0	openwire_temp: 0
dcc1: 00	dcc2: 00	
Time: 82250
Current: 2.024460
SOC: 0.844190
total_v: 113.265732	max_v: 4.048650	min_v: 4.038900	avg_v: 4.045205	max-min: 0.009750
C1=4.041300V	C2=4.042950V	C3=4.044450V	C4=4.045350V	C5=4.044150V	C6=4.043100V	C7=4.048650V	C8=4.046250V	C9=4.047300V	C10=4.043550V	C11=4.044450V	C12=4.045050V	C13=4.047600V	C14=4.048350V	C15=4.045200V	C16=4.043850V	C17=4.044000V	C18=4.045200V	C19=4.045500V	C20=4.046700V	C21=4.047000V	C22=4.044600V	C23=4.038900V	C24=4.045650V	C25=4.046100V	C26=4.046250V	C27=4.047600V	C28=4.046700V	
max_temp: 15.829279	min_temp: 13.190943	avg_temp: 13.659822
undervoltage: 0	overvoltage: 0	pec: 0	overtemperature: 0	openwire: 0	openwire_temp: 0
dcc1: 00	dcc2: 00	
Time: 82451
Current: -0.039322
SOC: 0.844190
total_v: 113.265579	max_v: 4.048650	min_v: 4.038900	avg_v: 4.045199	max-min: 0.009750
C1=4.041300V	C2=4.042950V	C3=4.044450V	C4=4.045350V	C5=4.044150V	C6=4.043100V	C7=4.048650V	C8=4.046250V	C9=4.047300V	C10=4.043550V	C11=4.044450V	C12=4.045050V	C13=4.047600V	C14=4.048500V	C15=4.045200V	C16=4.043850V	C17=4.044000V	C18=4.045200V	C19=4.045500V	C20=4.046700V	C21=4.047000V	C22=4.044450V	C23=4.038900V	C24=4.045650V	C25=4.046100V	C26=4.046250V	C27=4.047600V	C28=4.046550V	
max_temp: 15.829279	min_temp: 13.190943	avg_temp: 13.659822
undervoltage: 0	overvoltage: 0	pec: 0	overtemperature: 0	openwire: 0	openwire_temp: 0
dcc1: 00	dcc2: 00	
Time: 82652
Current: -0.137604
SOC: 0.844191
total_v: 113.265579	max_v: 4.048650	min_v: 4.038900	avg_v: 4.045199	max-min: 0.009750
C1=4.041300V	C2=4.042800V	C3=4.044300V	C4=4.045350V	C5=4.044300V	C6=4.043100V	C7=4.048650V	C8=4.046250V	C9=4.047300V	C10=4.043550V	C11=4.044450V	C12=4.045050V	C13=4.047600V	C14=4.048500V	C15=4.045200V	C16=4.043850V	C17=4.044000V	C18=4.045200V	C19=4.045500V	C20=4.046700V	C21=4.047000V	C22=4.044450V	C23=4.038900V	C24=4.045650V	C25=4.046100V	C26=4.046250V	C27=4.047600V	C28=4.046700V	
max_temp: 15.829279	min_temp: 13.196009	avg_temp: 13.659821
undervoltage: 0	overvoltage: 0	pec: 0	overtemperature: 0	openwire: 0	openwire_temp: 0
dcc1: 00	dcc2: 00	
Time: 82853
Current: -0.039322
SOC: 0.844191
total_v: 113.265884	max_v: 4.048650	min_v: 4.038900	avg_v: 4.045210	max-min: 0.009750
C1=4.041300V	C2=4.042800V	C3=4.044450V	C4=4.045350V	C5=4.044150V	C6=4.043100V	C7=4.048650V	C8=4.046250V	C9=4.047300V	C10=4.043550V	C11=4.044450V	C12=4.045050V	C13=4.047600V	C14=4.048500V	C15=4.045200V	C16=4.043850V	C17=4.044000V	C18=4.045200V	C19=4.045500V	C20=4.046700V	C21=4.047000V	C22=4.044600V	C23=4.038900V	C24=4.045800V	C25=4.046100V	C26=4.046250V	C27=4.047600V	C28=4.046700V	
max_temp: 15.829279	min_temp: 13.190943	avg_temp: 13.659189
undervoltage: 0	overvoltage: 0	pec: 0	overtemperature: 0	openwire: 0	openwire_temp: 0
dcc1: 00	dcc2: 00	
Time: 83054
Current: 0.058945
SOC: 0.844191
total_v: 113.265877	max_v: 4.048800	min_v: 4.038900	avg_v: 4.045210	max-min: 0.009900
C1=4.041300V	C2=4.042950V	C3=4.044450V	C4=4.045200V	C5=4.044150V	C6=4.043100V	C7=4.048800V	C8=4.046250V	C9=4.047300V	C10=4.043550V	C11=4.044450V	C12=4.045050V	C13=4.047600V	C14=4.048350V	C15=4.045200V	C16=4.043850V	C17=4.044000V	C18=4.045200V	C19=4.045650V	C20=4.046700V	C21=4.047000V	C22=4.044600V	C23=4.038900V	C24=4.045650V	C25=4.046100V	C26=4.046250V	C27=4.047600V	C28=4.046700V	
max_temp: 15.829279	min_temp: 13.190943	avg_temp: 13.659189
undervoltage: 0	overvoltage: 0	pec: 0	overtemperature: 0	openwire: 0	openwire_temp: 0
dcc1: 00	dcc2: 00	
Time: 83255
Current: -0.137604
SOC: 0.844191
total_v: 113.265587	max_v: 4.048650	min_v: 4.038900	avg_v: 4.045199	max-min: 0.009750
C1=4.041450V	C2=4.042800V	C3=4.044300V	C4=4.045350V	C5=4.044300V	C6=4.043100V	C7=4.048650V	C8=4.046250V	C9=4.047300V	C10=4.043550V	C11=4.044600V	C12=4.045050V	C13=4.047600V	C14=4.048350V	C15=4.045200V	C16=4.043850V	C17=4.044000V	C18=4.045200V	C19=4.045500V	C20=4.046700V	C21=4.047000V	C22=4.044450V	C23=4.038900V	C24=4.045650V	C25=4.046100V	C26=4.046100V	C27=4.047600V	C28=4.046700V	
max_temp: 15.829279	min_temp: 13.190943	avg_temp: 13.660137
undervoltage: 0	overvoltage: 0	pec: 0	overtemperature: 0	openwire: 0	openwire_temp: 0
dcc1: 00	dcc2: 00	
Time: 83456
Current: 0.550339
SOC: 0.844189
total_v: 113.265427	max_v: 4.048650	min_v: 4.038900	avg_v: 4.045194	max-min: 0.009750
C1=4.041300V	C2=4.042800V	C3=4.044300V	C4=4.045350V	C5=4.044300V	C6=4.043100V	C7=4.048650V	C8=4.046250V	C9=4.047300V	C10=4.043550V	C11=4.044600V	C12=4.045050V	C13=4.047750V	C14=4.048500V	C15=4.045050V	C16=4.043850V	C17=4.044000V	C18=4.045200V	C19=4.045500V	C20=4.046700V	C21=4.047000V	C22=4.044600V	C23=4.038900V	C24=4.045650V	C25=4.046100V	C26=4.046100V	C27=4.047450V	C28=4.046550V	
max_temp: 15.829279	min_temp: 13.196009	avg_temp: 13.659821
undervoltage: 0	overvoltage: 0	pec: 0	overtemperature: 0	openwire: 0	openwire_temp: 0
dcc1: 00	dcc2: 00	
Time: 83657
Current: -0.039322
SOC: 0.844189
total_v: 113.266037	max_v: 4.048650	min_v: 4.038900	avg_v: 4.045216	max-min: 0.009750
C1=4.041300V	C2=4.042950V	C3=4.044300V	C4=4.045350V	C5=4.044150V	C6=4.043100V	C7=4.048650V	C8=4.046250V	C9=4.047300V	C10=4.043550V	C11=4.044600V	C12=4.045200V	C13=4.047600V	C14=4.048500V	C15=4.045200V	C16=4.043850V	C17=4.044000V	C18=4.045200V	C19=4.045500V	C20=4.046700V	C21=4.047000V	C22=4.044600V	C23=4.038900V	C24=4.045800V	C25=4.046100V	C26=4.046250V	C27=4.047600V	C28=4.046550V	
max_temp: 15.829279	min_temp: 13.190943	avg_temp: 13.660137
undervoltage: 0	overvoltage: 0	pec: 0	overtemperature: 0	openwire: 0	openwire_temp: 0
dcc1: 00	dcc2: 00	
Time: 83858
Current: -0.039322
SOC: 0.844190
total_v: 113.265732	max_v: 4.048650	min_v: 4.038900	avg_v: 4.045205	max-min: 0.009750
C1=4.041300V	C2=4.042950V	C3=4.044450V	C4=4.045350V	C5=4.044150V	C6=4.043100V	C7=4.048650V	C8=4.046250V	C9=4.047300V	C10=4.043550V	C11=4.044600V	C12=4.045200V	C13=4.047600V	C14=4.048350V	C15=4.045200V	C16=4.043850V	C17=4.044000V	C18=4.045200V	C19=4.045500V	C20=4.046700V	C21=4.047000V	C22=4.044450V	C23=4.038900V	C24=4.045650V	C25=4.046100V	C26=4.046100V	C27=4.047600V	C28=4.046700V	
max_temp: 15.834284	min_temp: 13.190943	avg_temp: 13.660450
undervoltage: 0	overvoltage: 0	pec: 0	overtemperature: 0	openwire: 0	openwire_temp: 0
dcc1: 00	dcc2: 00	
Time: 84059
Current: 4.481369
SOC: 0.844171
total_v: 113.266037	max_v: 4.048650	min_v: 4.038900	avg_v: 4.045216	max-min: 0.009750
C1=4.041300V	C2=4.042950V	C3=4.044300V	C4=4.045350V	C5=4.044300V	C6=4.043100V	C7=4.048650V	C8=4.046250V	C9=4.047300V	C10=4.043550V	C11=4.044600V	C12=4.045050V	C13=4.047600V	C14=4.048500V	C15=4.045200V	C16=4.043850V	C17=4.044000V	C18=4.045200V	C19=4.045500V	C20=4.046700V	C21=4.047000V	C22=4.044600V	C23=4.038900V	C24=4.045800V	C25=4.046100V	C26=4.046100V	C27=4.047600V	C28=4.046700V	
max_temp: 15.834284	min_temp: 13.190943	avg_temp: 13.660133
undervoltage: 0	overvoltage: 0	pec: 0	overtemperature: 0	openwire: 0	openwire_temp: 0
dcc1: 00	dcc2: 00	
Time: 84260
Current: -0.039322
SOC: 0.844171
total_v: 113.265732	max_v: 4.048650	min_v: 4.038900	avg_v: 4.045205	max-min: 0.009750
C1=4.041300V	C2=4.042800V	C3=4.044450V	C4=4.045350V	C5=4.044300V	C6=4.043100V	C7=4.048650V	C8=4.046250V	C9=4.047300V	C10=4.043550V	C11=4.044450V	C12=4.045050V	C13=4.047600V	C14=4.048500V	C15=4.045200V	C16=4.043850V	C17=4.044000V	C18=4.045200V	C19=4.045500V	C20=4.046700V	C21=4.047000V	C22=4.044600V	C23=4.038900V	C24=4.045650V	C25=4.046100V	C26=4.046250V	C27=4.047600V	C28=4.046550V	
max_temp: 15.834284	min_temp: 13.196009	avg_temp: 13.660450
undervoltage: 0	overvoltage: 0	pec: 0	overtemperature: 0	openwire: 0	openwire_temp: 0
dcc1: 00	dcc2: 00	
Time: 84461
Current: -0.039322
SOC: 0.844171
total_v: 113.265289	max_v: 4.048650	min_v: 4.038900	avg_v: 4.045189	max-min: 0.009750
C1=4.041300V	C2=4.042800V	C3=4.044300V	C4=4.045350V	C5=4.044150V	C6=4.043100V	C7=4.048650V	C8=4.046250V	C9=4.047300V	C10=4.043400V	C11=4.044600V	C12=4.045050V	C13=4.047600V	C14=4.048350V	C15=4.045200V	C16=4.043850V	C17=4.044000V	C18=4.045200V	C19=4.045500V	C20=4.046700V	C21=4.047000V	C22=4.044600V	C23=4.038900V	C24=4.045650V	C25=4.046100V	C26=4.046100V	C27=4.047600V	C28=4.046700V	
max_temp: 15.834284	min_temp: 13.190943	avg_temp: 13.659819
undervoltage: 0	overvoltage: 0	pec: 0	overtemperature: 0	openwire: 0	openwire_temp: 0
dcc1: 00	dcc2: 00	
Time: 84662
Current: -0.039322
SOC: 0.844172
total_v: 113.266327	max_v: 4.048800	min_v: 4.039050	avg_v: 4.045226	max-min: 0.009750
C1=4.041300V	C2=4.042950V	C3=4.044450V	C4=4.045350V	C5=4.044150V	C6=4.043250V	C7=4.048800V	C8=4.046250V	C9=4.047300V	C10=4.043550V	C11=4.044450V	C12=4.045050V	C13=4.047750V	C14=4.048500V	C15=4.045200V	C16=4.043850V	C17=4.044000V	C18=4.045200V	C19=4.045500V	C20=4.046700V	C21=4.047000V	C22=4.044600V	C23=4.039050V	C24=4.045800V	C25=4.046100V	C26=4.046100V	C27=4.047600V	C28=4.046550V	
max_temp: 15.834284	min_temp: 13.190943	avg_temp: 13.659502
undervoltage: 0	overvoltage: 0	pec: 0	overtemperature: 0	openwire: 0	openwire_temp: 0
dcc1: 00	dcc2: 00	
Time: 84863
Current: -0.137604
SOC: 0.844172
total_v: 113.265427	max_v: 4.048650	min_v: 4.038900	avg_v: 4.045194	max-min: 0.009750
C1=4.041300V	C2=4.042950V	C3=4.044300V	C4=4.045200V	C5=4.044150V	C6=4.043100V	C7=4.048650V	C8=4.046250V	C9=4.047300V	C10=4.043550V	C11=4.044450V	C12=4.045050V	C13=4.047600V	C14=4.048500V	C15=4.045200V	C16=4.043850V	C17=4.044000V	C18=4.045200V	C19=4.045650V	C20=4.046700V	C21=4.047000V	C22=4.044600V	C23=4.038900V	C24=4.045650V	C25=4.046100V	C26=4.046100V	C27=4.047450V	C28=4.046700V	
max_temp: 15.834284	min_temp: 13.196009	avg_temp: 13.661079
undervoltage: 0	overvoltage: 0	pec: 0	overtemperature: 0	openwire: 0	openwire_temp: 0
dcc1: 00	dcc2: 00	
Time: 85064
Current: -0.039322
SOC: 0.844172
total_v: 113.265732	max_v: 4.048650	min_v: 4.038900	avg_v: 4.045205	max-min: 0.009750
C1=4.041300V	C2=4.042950V	C3=4.044300V	C4=4.045350V	C5=4.044150V	C6=4.043100V	C7=4.048650V	C8=4.046250V	C9=4.047300V	C10=4.043550V	C11=4.044600V	C12=4.045050V	C13=4.047600V	C14=4.048500V	C15=4.045200V	C16=4.043850V	C17=4.044000V	C18=4.045350V	C19=4.045500V	C20=4.046700V	C21=4.047000V	C22=4.044600V	C23=4.038900V	C24=4.045650V	C25=4.046100V	C26=4.046100V	C27=4.047600V	C28=4.046550V	
max_temp: 15.834284	min_temp: 13.190943	avg_temp: 13.659502
undervoltage: 0	overvoltage: 0	pec: 0	overtemperature: 0	openwire: 0	openwire_temp: 0
dcc1: 00	dcc2: 00	
Time: 85265
Current: -0.039322
SOC: 0.844173
total_v: 113.265572	max_v: 4.048650	min_v: 4.038900	avg_v: 4.045199	max-min: 0.009750
C1=4.041300V	C2=4.042950V	C3=4.044300V	C4=4.045350V	C5=4.044150V	C6=4.043250V	C7=4.048650V	C8=4.046250V	C9=4.047300V	C10=4.043550V	C11=4.044450V	C12=4.045050V	C13=4.047600V	C14=4.048350V	C15=4.045200V	C16=4.043850V	C17=4.044000V	C18=4.045200V	C19=4.045650V	C20=4.046700V	C21=4.047000V	C22=4.044450V	C23=4.038900V	C24=4.045650V	C25=4.046100V	C26=4.046100V	C27=4.047600V	C28=4.046700V	
max_temp: 15.839319	min_temp: 13.190943	avg_temp: 13.660133
undervoltage: 0	overvoltage: 0	pec: 0	overtemperature: 0	openwire: 0	openwire_temp: 0
dcc1: 00	dcc2: 00	
Time: 85466
Current: -0.137604
SOC: 0.844173
total_v: 113.265427	max_v: 4.048650	min_v: 4.038900	avg_v: 4.045194	max-min: 0.009750
C1=4.041300V	C2=4.042950V	C3=4.044450V	C4=4.045350V	C5=4.044150V	C6=4.043100V	C7=4.048650V	C8=4.046250V	C9=4.047300V	C10=4.043550V	C11=4.044450V	C12=4.045050V	C13=4.047600V	C14=4.048350V	C15=4.045200V	C16=4.043850V	C17=4.044000V	C18=4.045200V	C19=4.045500V	C20=4.046700V	C21=4.047000V	C22=4.044450V	C23=4.038900V	C24=4.045800V	C25=4.046100V	C26=4.046100V	C27=4.047600V	C28=4.046550V	
max_temp: 15.834284	min_temp: 13.190943	avg_temp: 13.660765
undervoltage: 0	overvoltage: 0	pec: 0	overtemperature: 0	openwire: 0	openwire_temp: 0
dcc1: 00	dcc2: 00	
Time: 85667
Current: -0.137604
SOC: 0.844174
total_v: 113.266037	max_v: 4.048800	min_v: 4.038900	avg_v: 4.045216	max-min: 0.009900
C1=4.041300V	C2=4.042950V	C3=4.044450V	C4=4.045350V	C5=4.044150V	C6=4.043100V	C7=4.048800V	C8=4.046250V	C9=4.047300V	C10=4.043550V	C11=4.044450V	C12=4.045050V	C13=4.047600V	C14=4.048350V	C15=4.045200V	C16=4.043850V	C17=4.044000V	C18=4.045200V	C19=4.045500V	C20=4.046850V	C21=4.047000V	C22=4.044600V	C23=4.038900V	C24=4.045650V	C25=4.046100V	C26=4.046250V	C27=4.047600V	C28=4.046700V	
max_temp: 15.834284	min_temp: 13.190943	avg_temp: 13.659817
undervoltage: 0	overvoltage: 0	pec: 0	overtemperature: 0	openwire: 0	openwire_temp: 0
dcc1: 00	dcc2: 00	
Time: 85868
Current: -0.137604
SOC: 0.844174
total_v: 113.266037	max_v: 4.048650	min_v: 4.038900	avg_v: 4.045216	max-min: 0.009750
C1=4.041300V	C2=4.042800V	C3=4.044300V	C4=4.045350V	C5=4.044150V	C6=4.043100V	C7=4.048650V	C8=4.046250V	C9=4.047300V	C10=4.043550V	C11=4.044600V	C12=4.045050V	C13=4.047600V	C14=4.048500V	C15=4.045200V	C16=4.043850V	C17=4.044000V	C18=4.045350V	C19=4.045650V	C20=4.046700V	C21=4.047000V	C22=4.044600V	C23=4.038900V	C24=4.045650V	C25=4.046100V	C26=4.046250V	C27=4.047600V	C28=4.046700V	
max_temp: 15.839319	min_temp: 13.190943	avg_temp: 13.661394
undervoltage: 0	overvoltage: 0	pec: 0	overtemperature: 0	openwire: 0	openwire_temp: 0
dcc1: 00	dcc2: 00	
Time: 86069
Current: -0.137604
SOC: 0.844175
total_v: 113.265877	max_v: 4.048650	min_v: 4.038900	avg_v: 4.045210	max-min: 0.009750
C1=4.041300V	C2=4.042800V	C3=4.044450V	C4=4.045350V	C5=4.044150V	C6=4.043100V	C7=4.048650V	C8=4.046250V	C9=4.047300V	C10=4.043550V	C11=4.044450V	C12=4.045050V	C13=4.047600V	C14=4.048500V	C15=4.045200V	C16=4.043850V	C17=4.044000V	C18=4.045200V	C19=4.045650V	C20=4.046700V	C21=4.047000V	C22=4.044600V	C23=4.038900V	C24=4.045650V	C25=4.046100V	C26=4.046250V	C27=4.047600V	C28=4.046700V	
max_temp: 15.839319	min_temp: 13.190943	avg_temp: 13.660763
undervoltage: 0	overvoltage: 0	pec: 0	overtemperature: 0	openwire: 0	openwire_temp: 0
dcc1: 00	dcc2: 00	
Time: 86270
Current: -0.137604
SOC: 0.844176
total_v: 113.265739	max_v: 4.048650	min_v: 4.038900	avg_v: 4.045205	max-min: 0.009750
C1=4.041300V	C2=4.042950V	C3=4.044300V	C4=4.045350V	C5=4.044300V	C6=4.043250V	C7=4.048650V	C8=4.046250V	C9=4.047300V	C10=4.043550V	C11=4.044600V	C12=4.045050V	C13=4.047600V	C14=4.048500V	C15=4.045200V	C16=4.043850V	C17=4.043850V	C18=4.045200V	C19=4.045500V	C20=4.046700V	C21=4.047000V	C22=4.044450V	C23=4.038900V	C24=4.045800V	C25=4.046100V	C26=4.046100V	C27=4.047600V	C28=4.046550V	
max_temp: 15.839319	min_temp: 13.196009	avg_temp: 13.661396
undervoltage: 0	overvoltage: 0	pec: 0	overtemperature: 0	openwire: 0	openwire_temp: 0
dcc1: 00	dcc2: 00	
Time: 86471
Current: 2.221008
SOC: 0.844166
total_v: 113.265732	max_v: 4.048650	min_v: 4.038900	avg_v: 4.045205	max-min: 0.009750
C1=4.041300V	C2=4.042950V	C3=4.044450V	C4=4.045350V	C5=4.044150V	C6=4.043100V	C7=4.048650V	C8=4.046250V	C9=4.047150V	C10=4.043550V	C11=4.044600V	C12=4.045050V	C13=4.047600V	C14=4.048500V	C15=4.045200V	C16=4.043850V	C17=4.044000V	C18=4.045200V	C19=4.045500V	C20=4.046700V	C21=4.047000V	C22=4.044450V	C23=4.038900V	C24=4.045800V	C25=4.046100V	C26=4.046100V	C27=4.047600V	C28=4.046700V	
max_temp: 15.839319	min_temp: 13.190943	avg_temp: 13.661079
undervoltage: 0	overvoltage: 0	pec: 0	overtemperature: 0	openwire: 0	openwire_temp: 0
dcc1: 00	dcc2: 00	
Time: 86672
Current: -0.039322
SOC: 0.844167
total_v: 113.265587	max_v: 4.048650	min_v: 4.038900	avg_v: 4.045199	max-min: 0.009750
C1=4.041300V	C2=4.042950V	C3=4.044300V	C4=4.045200V	C5=4.044150V	C6=4.043100V	C7=4.048650V	C8=4.046250V	C9=4.047300V	C10=4.043550V	C11=4.044450V	C12=4.045050V	C13=4.047600V	C14=4.048500V	C15=4.045200V	C16=4.043850V	C17=4.044000V	C18=4.045200V	C19=4.045500V	C20=4.046700V	C21=4.047000V	C22=4.044600V	C23=4.038900V	C24=4.045800V	C25=4.046100V	C26=4.046250V	C27=4.047450V	C28=4.046700V	
max_temp: 15.834284	min_temp: 13.190943	avg_temp: 13.659504
undervoltage: 0	overvoltage: 0	pec: 0	overtemperature: 0	openwire: 0	openwire_temp: 0
dcc1: 00	dcc2: 00	
Time: 86873
Current: -0.137604
SOC: 0.844167
total_v: 113.266037	max_v: 4.048800	min_v: 4.038900	avg_v: 4.045216	max-min: 0.009900
C1=4.041300V	C2=4.042950V	C3=4.044300V	C4=4.045350V	C5=4.044150V	C6=4.043100V	C7=4.048800V	C8=4.046400V	C9=4.047300V	C10=4.043550V	C11=4.044450V	C12=4.045050V	C13=4.047600V	C14=4.048500V	C15=4.045200V	C16=4.043850V	C17=4.044000V	C18=4.045200V	C19=4.045500V	C20=4.046700V	C21=4.047000V	C22=4.044600V	C23=4.038900V	C24=4.045650V	C25=4.046100V	C26=4.046250V	C27=4.047600V	C28=4.046700V	
max_temp: 15.834284	min_temp: 13.190943	avg_temp: 13.660450
undervoltage: 0	overvoltage: 0	pec: 0	overtemperature: 0	openwire: 0	openwire_temp: 0
dcc1: 00	dcc2: 00	
Time: 87074
Current: 0.255493
SOC: 0.844166
total_v: 113.266037	max_v: 4.048800	min_v: 4.038900	avg_v: 4.045216	max-min: 0.009900
C1=4.041300V	C2=4.042800V	C3=4.044450V	C4=4.045200V	C5=4.044150V	C6=4.043100V	C7=4.048800V	C8=4.046250V	C9=4.047300V	C10=4.043550V	C11=4.044600V	C12=4.045200V	C13=4.047600V	C14=4.048500V	C15=4.045200V	C16=4.043850V	C17=4.044000V	C18=4.045200V	C19=4.045500V	C20=4.046700V	C21=4.047000V	C22=4.044600V	C23=4.038900V	C24=4.045800V	C25=4.046100V	C26=4.046250V	C27=4.047600V	C28=4.046550V	
max_temp: 15.834284	min_temp: 13.190943	avg_temp: 13.660135
undervoltage: 0	overvoltage: 0	pec: 0	overtemperature: 0	openwire: 0	openwire_temp: 0
dcc1: 00	dcc2: 00	
Time: 87275
Current: -0.137604
SOC: 0.844167
total_v: 113.266037	max_v: 4.048650	min_v: 4.038900	avg_v: 4.045216	max-min: 0.009750
C1=4.041300V	C2=4.042950V	C3=4.044450V	C4=4.045350V	C5=4.044150V	C6=4.043100V	C7=4.048650V	C8=4.046250V	C9=4.047300V	C10=4.043550V	C11=4.044600V	C12=4.045050V	C13=4.047600V	C14=4.048500V	C15=4.045200V	C16=4.043850V	C17=4.044000V	C18=4.045200V	C19=4.045500V	C20=4.046700V	C21=4.047000V	C22=4.044600V	C23=4.038900V	C24=4.045650V	C25=4.046100V	C26=4.046250V	C27=4.047600V	C28=4.046700V	
max_temp: 15.839319	min_temp: 13.190943	avg_temp: 13.661077
undervoltage: 0	overvoltage: 0	pec: 0	overtemperature: 0	openwire: 0	openwire_temp: 0
dcc1: 00	dcc2: 00	
Time: 87476
Current: -0.137604
SOC: 0.844167
total_v: 113.265434	max_v: 4.048650	min_v: 4.038900	avg_v: 4.045194	max-min: 0.009750
C1=4.041300V	C2=4.042950V	C3=4.044300V	C4=4.045350V	C5=4.044150V	C6=4.043100V	C7=4.048650V	C8=4.046250V	C9=4.047300V	C10=4.043550V	C11=4.044450V	C12=4.045050V	C13=4.047600V	C14=4.048500V	C15=4.045200V	C16=4.043850V	C17=4.044000V	C18=4.045200V	C19=4.045500V	C20=4.046700V	C21=4.046850V	C22=4.044600V	C23=4.038900V	C24=4.045800V	C25=4.046100V	C26=4.046100V	C27=4.047600V	C28=4.046550V	
max_temp: 15.834284	min_temp: 13.196009	avg_temp: 13.660767
undervoltage: 0	overvoltage: 0	pec: 0	overtemperature: 0	openwire: 0	openwire_temp: 0
dcc1: 00	dcc2: 00	
Time: 87677
Current: -0.137604
SOC: 0.844168
total_v: 113.266037	max_v: 4.048650	min_v: 4.038900	avg_v: 4.045216	max-min: 0.009750
C1=4.041300V	C2=4.042950V	C3=4.044450V	C4=4.045350V	C5=4.044150V	C6=4.043250V	C7=4.048650V	C8=4.046250V	C9=4.047300V	C10=4.043550V	C11=4.044450V	C12=4.045050V	C13=4.047600V	C14=4.048500V	C15=4.045200V	C16=4.043850V	C17=4.044000V	C18=4.045350V	C19=4.045500V	C20=4.046700V	C21=4.047000V	C22=4.044600V	C23=4.038900V	C24=4.045650V	C25=4.046100V	C26=4.046100V	C27=4.047600V	C28=4.046700V	
max_temp: 15.834284	min_temp: 13.196009	avg_temp: 13.660452
undervoltage: 0	overvoltage: 0	pec: 0	overtemperature: 0	openwire: 0	openwire_temp: 0
dcc1: 00	dcc2: 00	
Time: 87878
Current: -0.137604
SOC: 0.844168
total_v: 113.266037	max_v: 4.048650	min_v: 4.038900	avg_v: 4.045216	max-min: 0.009750
C1=4.041300V	C2=4.042950V	C3=4.044300V	C4=4.045350V	C5=4.044150V	C6=4.043250V	C7=4.048650V	C8=4.046250V	C9=4.047300V	C10=4.043550V	C11=4.044450V	C12=4.045050V	C13=4.047600V	C14=4.048500V	C15=4.045200V	C16=4.043850V	C17=4.044000V	C18=4.045200V	C19=4.045500V	C20=4.046700V	C21=4.047000V	C22=4.044600V	C23=4.038900V	C24=4.045800V	C25=4.046100V	C26=4.046250V	C27=4.047600V	C28=4.046700V	
max_temp: 15.834284	min_temp: 13.190943	avg_temp: 13.660450
undervoltage: 0	overvoltage: 0	pec: 0	overtemperature: 0	openwire: 0	openwire_temp: 0
dcc1: 00	dcc2: 00	
Time: 88079
Current: -0.137604
SOC: 0.844169
total_v: 113.265732	max_v: 4.048650	min_v: 4.038900	avg_v: 4.045205	max-min: 0.009750
C1=4.041300V	C2=4.042800V	C3=4.044450V	C4=4.045350V	C5=4.044150V	C6=4.043250V	C7=4.048650V	C8=4.046250V	C9=4.047300V	C10=4.043550V	C11=4.044600V	C12=4.045050V	C13=4.047600V	C14=4.048350V	C15=4.045200V	C16=4.043850V	C17=4.044000V	C18=4.045200V	C19=4.045500V	C20=4.046700V	C21=4.047000V	C22=4.044450V	C23=4.038900V	C24=4.045650V	C25=4.046100V	C26=4.046250V	C27=4.047600V	C28=4.046700V	
max_temp: 15.829279	min_temp: 13.190943	avg_temp: 13.659821
undervoltage: 0	overvoltage: 0	pec: 0	overtemperature: 0	openwire: 0	openwire_temp: 0
dcc1: 00	dcc2: 00	
Time: 88280
Current: 2.417572
SOC: 0.844159
total_v: 113.265732	max_v: 4.048650	min_v: 4.039050	avg_v: 4.045205	max-min: 0.009600
C1=4.041300V	C2=4.042950V	C3=4.044300V	C4=4.045350V	C5=4.044300V	C6=4.043100V	C7=4.048650V	C8=4.046250V	C9=4.047300V	C10=4.043550V	C11=4.044450V	C12=4.045050V	C13=4.047600V	C14=4.048500V	C15=4.045200V	C16=4.043850V	C17=4.043850V	C18=4.045200V	C19=4.045500V	C20=4.046700V	C21=4.047000V	C22=4.044600V	C23=4.039050V	C24=4.045650V	C25=4.046100V	C26=4.046250V	C27=4.047600V	C28=4.046550V	
max_temp: 15.829279	min_temp: 13.196009	avg_temp: 13.660454
undervoltage: 0	overvoltage: 0	pec: 0	overtemperature: 0	openwire: 0	openwire_temp: 0
dcc1: 00	dcc2: 00	
Time: 88481
Current: -0.039322
SOC: 0.844159
total_v: 113.265579	max_v: 4.048650	min_v: 4.038900	avg_v: 4.045199	max-min: 0.009750
C1=4.041300V	C2=4.042800V	C3=4.044300V	C4=4.045350V	C5=4.044150V	C6=4.043100V	C7=4.048650V	C8=4.046250V	C9=4.047300V	C10=4.043550V	C11=4.044450V	C12=4.045050V	C13=4.047750V	C14=4.048500V	C15=4.045200V	C16=4.043850V	C17=4.044000V	C18=4.045200V	C19=4.045500V	C20=4.046700V	C21=4.047000V	C22=4.044600V	C23=4.038900V	C24=4.045650V	C25=4.046100V	C26=4.046250V	C27=4.047600V	C28=4.046550V	
max_temp: 15.829279	min_temp: 13.196009	avg_temp: 13.661083
undervoltage: 0	overvoltage: 0	pec: 0	overtemperature: 0	openwire: 0	openwire_temp: 0
dcc1: 00	dcc2: 00	
Time: 88682
Current: -0.039322
SOC: 0.844159
total_v: 113.265274	max_v: 4.048650	min_v: 4.038900	avg_v: 4.045188	max-min: 0.009750
C1=4.041300V	C2=4.042950V	C3=4.044450V	C4=4.045350V	C5=4.044150V	C6=4.043100V	C7=4.048650V	C8=4.046250V	C9=4.047300V	C10=4.043550V	C11=4.044450V	C12=4.045050V	C13=4.047600V	C14=4.048350V	C15=4.045200V	C16=4.043850V	C17=4.044000V	C18=4.045200V	C19=4.045500V	C20=4.046550V	C21=4.047000V	C22=4.044600V	C23=4.038900V	C24=4.045650V	C25=4.046100V	C26=4.046100V	C27=4.047600V	C28=4.046550V	
max_temp: 15.829279	min_temp: 13.196009	avg_temp: 13.661083
undervoltage: 0	overvoltage: 0	pec: 0	overtemperature: 0	openwire: 0	openwire_temp: 0
dcc1: 00	dcc2: 00	
Time: 88883
Current: -0.039322
SOC: 0.844160
total_v: 113.265892	max_v: 4.048650	min_v: 4.038900	avg_v: 4.045210	max-min: 0.009750
C1=4.041300V	C2=4.042950V	C3=4.044450V	C4=4.045350V	C5=4.044150V	C6=4.043100V	C7=4.048650V	C8=4.046250V	C9=4.047300V	C10=4.043550V	C11=4.044600V	C12=4.045200V	C13=4.047600V	C14=4.048500V	C15=4.045200V	C16=4.043850V	C17=4.044000V	C18=4.045200V	C19=4.045500V	C20=4.046700V	C21=4.047000V	C22=4.044600V	C23=4.038900V	C24=4.045650V	C25=4.045950V	C26=4.046100V	C27=4.047600V	C28=4.046700V	
max_temp: 15.829279	min_temp: 13.196009	avg_temp: 13.660769
undervoltage: 0	overvoltage: 0	pec: 0	overtemperature: 0	openwire: 0	openwire_temp: 0
dcc1: 00	dcc2: 00	
Time: 89084
Current: 0.550339
SOC: 0.844157
total_v: 113.265732	max_v: 4.048650	min_v: 4.039050	avg_v: 4.045205	max-min: 0.009600
C1=4.041300V	C2=4.042800V	C3=4.044300V	C4=4.045350V	C5=4.044150V	C6=4.043100V	C7=4.048650V	C8=4.046250V	C9=4.047150V	C10=4.043550V	C11=4.044450V	C12=4.045200V	C13=4.047600V	C14=4.048500V	C15=4.045200V	C16=4.043850V	C17=4.044000V	C18=4.045200V	C19=4.045500V	C20=4.046700V	C21=4.047000V	C22=4.044600V	C23=4.039050V	C24=4.045800V	C25=4.046100V	C26=4.046250V	C27=4.047600V	C28=4.046550V	
max_temp: 15.829279	min_temp: 13.196009	avg_temp: 13.661715
undervoltage: 0	overvoltage: 0	pec: 0	overtemperature: 0	openwire: 0	openwire_temp: 0
dcc1: 00	dcc2: 00	
Time: 89285
Current: -0.137604
SOC: 0.844158
total_v: 113.266037	max_v: 4.048800	min_v: 4.038900	avg_v: 4.045216	max-min: 0.009900
C1=4.041300V	C2=4.042950V	C3=4.044450V	C4=4.045200V	C5=4.044150V	C6=4.043250V	C7=4.048800V	C8=4.046250V	C9=4.047300V	C10=4.043550V	C11=4.044600V	C12=4.045050V	C13=4.047600V	C14=4.048350V	C15=4.045200V	C16=4.043850V	C17=4.044000V	C18=4.045200V	C19=4.045500V	C20=4.046700V	C21=4.047000V	C22=4.044600V	C23=4.038900V	C24=4.045650V	C25=4.046100V	C26=4.046250V	C27=4.047600V	C28=4.046700V	
max_temp: 15.824244	min_temp: 13.196009	avg_temp: 13.660767
undervoltage: 0	overvoltage: 0	pec: 0	overtemperature: 0	openwire: 0	openwire_temp: 0
dcc1: 00	dcc2: 00	
Time: 89486
Current: 0.746887
SOC: 0.844155
total_v: 113.266037	max_v: 4.048650	min_v: 4.038900	avg_v: 4.045216	max-min: 0.009750
C1=4.041300V	C2=4.042800V	C3=4.044450V	C4=4.045350V	C5=4.044150V	C6=4.043100V	C7=4.048650V	C8=4.046400V	C9=4.047300V	C10=4.043550V	C11=4.044450V	C12=4.045050V	C13=4.047750V	C14=4.048500V	C15=4.045200V	C16=4.043850V	C17=4.044000V	C18=4.045200V	C19=4.045500V	C20=4.046700V	C21=4.047000V	C22=4.044450V	C23=4.038900V	C24=4.045800V	C25=4.046100V	C26=4.046250V	C27=4.047600V	C28=4.046700V	
max_temp: 15.824244	min_temp: 13.190943	avg_temp: 13.660137
undervoltage: 0	overvoltage: 0	pec: 0	overtemperature: 0	openwire: 0	openwire_temp: 0
dcc1: 00	dcc2: 00	
Time: 89687
Current: 0.550339
SOC: 0.844153
total_v: 113.265434	max_v: 4.048650	min_v: 4.038900	avg_v: 4.045194	max-min: 0.009750
C1=4.041300V	C2=4.042950V	C3=4.044300V	C4=4.045350V	C5=4.044150V	C6=4.043100V	C7=4.048650V	C8=4.046400V	C9=4.047300V	C10=4.043550V	C11=4.044450V	C12=4.045050V	C13=4.047600V	C14=4.048350V	C15=4.045200V	C16=4.043850V	C17=4.044000V	C18=4.045200V	C19=4.045500V	C20=4.046700V	C21=4.047000V	C22=4.044600V	C23=4.038900V	C24=4.045650V	C25=4.046100V	C26=4.046100V	C27=4.047600V	C28=4.046550V	
max_temp: 15.824244	min_temp: 13.196009	avg_temp: 13.661083
undervoltage: 0	overvoltage: 0	pec: 0	overtemperature: 0	openwire: 0	openwire_temp: 0
dcc1: 00	dcc2: 00	
Time: 89888
Current: -0.039322
SOC: 0.844153
total_v: 113.266190	max_v: 4.048650	min_v: 4.038900	avg_v: 4.045221	max-min: 0.009750
C1=4.041300V	C2=4.042950V	C3=4.044300V	C4=4.045350V	C5=4.044300V	C6=4.043250V	C7=4.048650V	C8=4.046250V	C9=4.047300V	C10=4.043550V	C11=4.044450V	C12=4.045050V	C13=4.047600V	C14=4.048500V	C15=4.045200V	C16=4.043850V	C17=4.044000V	C18=4.045200V	C19=4.045500V	C20=4.046700V	C21=4.047000V	C22=4.044450V	C23=4.038900V	C24=4.045800V	C25=4.046100V	C26=4.046250V	C27=4.047750V	C28=4.046700V	
max_temp: 15.824244	min_temp: 13.196009	avg_temp: 13.661083
undervoltage: 0	overvoltage: 0	pec: 0	overtemperature: 0	openwire: 0	openwire_temp: 0
dcc1: 00	dcc2: 00	
Time: 90094
Current: 0.255493
SOC: 0.844152
total_v: 113.265732	max_v: 4.048650	min_v: 4.038900	avg_v: 4.045205	max-min: 0.009750
C1=4.041300V	C2=4.042800V	C3=4.044450V	C4=4.045350V	C5=4.044150V	C6=4.043250V	C7=4.048650V	C8=4.046250V	C9=4.047300V	C10=4.043550V	C11=4.044600V	C12=4.045050V	C13=4.047600V	C14=4.048500V	C15=4.045200V	C16=4.043850V	C17=4.044000V	C18=4.045200V	C19=4.045500V	C20=4.046700V	C21=4.047000V	C22=4.044600V	C23=4.038900V	C24=4.045650V	C25=4.046100V	C26=4.046100V	C27=4.047600V	C28=4.046550V	
max_temp: 15.824244	min_temp: 13.196009	avg_temp: 13.661398
undervoltage: 0	overvoltage: 0	pec: 0	overtemperature: 0	openwire: 0	openwire_temp: 0
dcc1: 00	dcc2: 00	
Time: 90295
Current: -0.039322
SOC: 0.844152
total_v: 113.265884	max_v: 4.048650	min_v: 4.038900	avg_v: 4.045210	max-min: 0.009750
C1=4.041300V	C2=4.042950V	C3=4.044300V	C4=4.045350V	C5=4.044150V	C6=4.043100V	C7=4.048650V	C8=4.046250V	C9=4.047300V	C10=4.043550V	C11=4.044450V	C12=4.045050V	C13=4.047750V	C14=4.048500V	C15=4.045200V	C16=4.043850V	C17=4.044000V	C18=4.045200V	C19=4.045500V	C20=4.046700V	C21=4.047000V	C22=4.044600V	C23=4.038900V	C24=4.045650V	C25=4.046100V	C26=4.046250V	C27=4.047600V	C28=4.046700V	
max_temp: 15.824244	min_temp: 13.196009	avg_temp: 13.661083
undervoltage: 0	overvoltage: 0	pec: 0	overtemperature: 0	openwire: 0	openwire_temp: 0
dcc1: 00	dcc2: 00	
Time: 90496
Current: -0.137604
SOC: 0.844152
total_v: 113.265739	max_v: 4.048650	min_v: 4.038900	avg_v: 4.045205	max-min: 0.009750
C1=4.041300V	C2=4.042800V	C3=4.044450V	C4=4.045350V	C5=4.044150V	C6=4.043100V	C7=4.048650V	C8=4.046250V	C9=4.047300V	C10=4.043550V	C11=4.044600V	C12=4.045050V	C13=4.047600V	C14=4.048500V	C15=4.045200V	C16=4.043850V	C17=4.043850V	C18=4.045200V	C19=4.045500V	C20=4.046700V	C21=4.047000V	C22=4.044600V	C23=4.038900V	C24=4.045650V	C25=4.046100V	C26=4.046250V	C27=4.047600V	C28=4.046700V	
max_temp: 15.824244	min_temp: 13.196009	avg_temp: 13.660769
undervoltage: 0	overvoltage: 0	pec: 0	overtemperature: 0	openwire: 0	openwire_temp: 0
dcc1: 00	dcc2: 00	
Time: 90697
Current: -0.039322
SOC: 0.844153
total_v: 113.265427	max_v: 4.048800	min_v: 4.039050	avg_v: 4.045194	max-min: 0.009750
C1=4.041300V	C2=4.042800V	C3=4.044300V	C4=4.045350V	C5=4.044150V	C6=4.043100V	C7=4.048800V	C8=4.046250V	C9=4.047300V	C10=4.043550V	C11=4.044600V	C12=4.045050V	C13=4.047600V	C14=4.048350V	C15=4.045200V	C16=4.043850V	C17=4.043850V	C18=4.045200V	C19=4.045500V	C20=4.046700V	C21=4.047000V	C22=4.044600V	C23=4.039050V	C24=4.045650V	C25=4.046100V	C26=4.046100V	C27=4.047600V	C28=4.046550V	
max_temp: 15.824244	min_temp: 13.196009	avg_temp: 13.661083
undervoltage: 0	overvoltage: 0	pec: 0	overtemperature: 0	openwire: 0	openwire_temp: 0
dcc1: 00	dcc2: 00	
Time: 90898
Current: -0.039322
SOC: 0.844153
total_v: 113.265732	max_v: 4.048650	min_v: 4.038900	avg_v: 4.045205	max-min: 0.009750
C1=4.041300V	C2=4.042950V	C3=4.044300V	C4=4.045350V	C5=4.044150V	C6=4.043100V	C7=4.048650V	C8=4.046250V	C9=4.047300V	C10=4.043550V	C11=4.044600V	C12=4.045050V	C13=4.047600V	C14=4.048500V	C15=4.045200V	C16=4.043850V	C17=4.044000V	C18=4.045200V	C19=4.045500V	C20=4.046700V	C21=4.047000V	C22=4.044600V	C23=4.038900V	C24=4.045650V	C25=4.046100V	C26=4.046100V	C27=4.047600V	C28=4.046700V	
max_temp: 15.824244	min_temp: 13.196009	avg_temp: 13.661083
undervoltage: 0	overvoltage: 0	pec: 0	overtemperature: 0	openwire: 0	openwire_temp: 0
dcc1: 00	dcc2: 00	
Time: 91099
Current: -0.039322
SOC: 0.844153
total_v: 113.266182	max_v: 4.048800	min_v: 4.039050	avg_v: 4.045221	max-min: 0.009750
C1=4.041300V	C2=4.042950V	C3=4.044450V	C4=4.045350V	C5=4.044150V	C6=4.043100V	C7=4.048800V	C8=4.046250V	C9=4.047300V	C10=4.043550V	C11=4.044600V	C12=4.045050V	C13=4.047600V	C14=4.048500V	C15=4.045200V	C16=4.043850V	C17=4.044000V	C18=4.045200V	C19=4.045500V	C20=4.046700V	C21=4.047000V	C22=4.044600V	C23=4.039050V	C24=4.045800V	C25=4.046100V	C26=4.046250V	C27=4.047450V	C28=4.046550V	
max_temp: 15.824244	min_temp: 13.196009	avg_temp: 13.660770
undervoltage: 0	overvoltage: 0	pec: 0	overtemperature: 0	openwire: 0	openwire_temp: 0
dcc1: 00	dcc2: 00	
Time: 91300
Current: -0.039322
SOC: 0.844153
total_v: 113.266037	max_v: 4.048650	min_v: 4.038900	avg_v: 4.045216	max-min: 0.009750
C1=4.041300V	C2=4.042950V	C3=4.044300V	C4=4.045350V	C5=4.044300V	C6=4.043100V	C7=4.048650V	C8=4.046250V	C9=4.047300V	C10=4.043550V	C11=4.044450V	C12=4.045050V	C13=4.047600V	C14=4.048500V	C15=4.045200V	C16=4.043850V	C17=4.044000V	C18=4.045200V	C19=4.045500V	C20=4.046700V	C21=4.047000V	C22=4.044600V	C23=4.038900V	C24=4.045800V	C25=4.046100V	C26=4.046250V	C27=4.047600V	C28=4.046700V	
max_temp: 15.824244	min_temp: 13.196009	avg_temp: 13.661083
undervoltage: 0	overvoltage: 0	pec: 0	overtemperature: 0	openwire: 0	openwire_temp: 0
dcc1: 00	dcc2: 00	
Time: 91501
Current: -0.039322
SOC: 0.844153
total_v: 113.266037	max_v: 4.048800	min_v: 4.039050	avg_v: 4.045216	max-min: 0.009750
C1=4.041300V	C2=4.042950V	C3=4.044300V	C4=4.045350V	C5=4.044150V	C6=4.043100V	C7=4.048800V	C8=4.046250V	C9=4.047300V	C10=4.043550V	C11=4.044600V	C12=4.045050V	C13=4.047600V	C14=4.048350V	C15=4.045200V	C16=4.043850V	C17=4.044000V	C18=4.045200V	C19=4.045500V	C20=4.046700V	C21=4.047000V	C22=4.044600V	C23=4.039050V	C24=4.045650V	C25=4.046100V	C26=4.046250V	C27=4.047600V	C28=4.046700V	
max_temp: 15.824244	min_temp: 13.196009	avg_temp: 13.660454
undervoltage: 0	overvoltage: 0	pec: 0	overtemperature: 0	openwire: 0	openwire_temp: 0
dcc1: 00	dcc2: 00	
Time: 91702
Current: -0.039322
SOC: 0.844153
total_v: 113.265732	max_v: 4.048650	min_v: 4.039050	avg_v: 4.045205	max-min: 0.009600
C1=4.041300V	C2=4.042800V	C3=4.044450V	C4=4.045350V	C5=4.044150V	C6=4.043100V	C7=4.048650V	C8=4.046250V	C9=4.047300V	C10=4.043550V	C11=4.044600V	C12=4.045050V	C13=4.047600V	C14=4.048500V	C15=4.045050V	C16=4.043850V	C17=4.044000V	C18=4.045200V	C19=4.045500V	C20=4.046700V	C21=4.047000V	C22=4.044600V	C23=4.039050V	C24=4.045650V	C25=4.046100V	C26=4.046100V	C27=4.047600V	C28=4.046700V	
max_temp: 15.824244	min_temp: 13.196009	avg_temp: 13.660770
undervoltage: 0	overvoltage: 0	pec: 0	overtemperature: 0	openwire: 0	openwire_temp: 0
dcc1: 00	dcc2: 00	
Time: 91903
Current: -0.137604
SOC: 0.844154
total_v: 113.265594	max_v: 4.048650	min_v: 4.038900	avg_v: 4.045200	max-min: 0.009750
C1=4.041300V	C2=4.042800V	C3=4.044450V	C4=4.045200V	C5=4.044150V	C6=4.043100V	C7=4.048650V	C8=4.046250V	C9=4.047300V	C10=4.043550V	C11=4.044450V	C12=4.045050V	C13=4.047600V	C14=4.048350V	C15=4.045200V	C16=4.043850V	C17=4.044000V	C18=4.045200V	C19=4.045500V	C20=4.046700V	C21=4.047000V	C22=4.044600V	C23=4.038900V	C24=4.045800V	C25=4.046100V	C26=4.046250V	C27=4.047600V	C28=4.046700V	
max_temp: 15.824244	min_temp: 13.196009	avg_temp: 13.660769
undervoltage: 0	overvoltage: 0	pec: 0	overtemperature: 0	openwire: 0	openwire_temp: 0
dcc1: 00	dcc2: 00	
Time: 92104
Current: -0.039322
SOC: 0.844154
total_v: 113.265877	max_v: 4.048650	min_v: 4.038900	avg_v: 4.045210	max-min: 0.009750
C1=4.041300V	C2=4.042950V	C3=4.044450V	C4=4.045200V	C5=4.044150V	C6=4.043100V	C7=4.048650V	C8=4.046250V	C9=4.047300V	C10=4.043550V	C11=4.044600V	C12=4.045050V	C13=4.047600V	C14=4.048500V	C15=4.045200V	C16=4.043850V	C17=4.044000V	C18=4.045200V	C19=4.045650V	C20=4.046700V	C21=4.047000V	C22=4.044600V	C23=4.038900V	C24=4.045650V	C25=4.046100V	C26=4.046100V	C27=4.047600V	C28=4.046700V	
max_temp: 15.824244	min_temp: 13.196009	avg_temp: 13.661398
undervoltage: 0	overvoltage: 0	pec: 0	overtemperature: 0	openwire: 0	openwire_temp: 0
dcc1: 00	dcc2: 00	
Time: 92305
Current: -0.039322
SOC: 0.844154
total_v: 113.265732	max_v: 4.048650	min_v: 4.038900	avg_v: 4.045205	max-min: 0.009750
C1=4.041300V	C2=4.042950V	C3=4.044300V	C4=4.045350V	C5=4.044150V	C6=4.043100V	C7=4.048650V	C8=4.046250V	C9=4.047300V	C10=4.043550V	C11=4.044600V	C12=4.045050V	C13=4.047600V	C14=4.048500V	C15=4.045200V	C16=4.043850V	C17=4.044000V	C18=4.045200V	C19=4.045500V	C20=4.046700V	C21=4.047000V	C22=4.044600V	C23=4.038900V	C24=4.045650V	C25=4.046100V	C26=4.046100V	C27=4.047600V	C28=4.046700V	
max_temp: 15.824244	min_temp: 13.196009	avg_temp: 13.661083
undervoltage: 0	overvoltage: 0	pec: 0	overtemperature: 0	openwire: 0	openwire_temp: 0
dcc1: 00	dcc2: 00	
Time: 92506
Current: -0.137604
SOC: 0.844155
total_v: 113.265884	max_v: 4.048650	min_v: 4.038900	avg_v: 4.045210	max-min: 0.009750
C1=4.041300V	C2=4.042950V	C3=4.044450V	C4=4.045350V	C5=4.044150V	C6=4.043100V	C7=4.048650V	C8=4.046250V	C9=4.047300V	C10=4.043550V	C11=4.044600V	C12=4.045050V	C13=4.047600V	C14=4.048350V	C15=4.045200V	C16=4.043850V	C17=4.044000V	C18=4.045200V	C19=4.045500V	C20=4.046700V	C21=4.047000V	C22=4.044600V	C23=4.038900V	C24=4.045650V	C25=4.046100V	C26=4.046250V	C27=4.047600V	C28=4.046700V	
max_temp: 15.824244	min_temp: 13.196009	avg_temp: 13.661713
undervoltage: 0	overvoltage: 0	pec: 0	overtemperature: 0	openwire: 0	openwire_temp: 0
dcc1: 00	dcc2: 00	
Time: 92707
Current: -0.137604
SOC: 0.844156
total_v: 113.266037	max_v: 4.048650	min_v: 4.038900	avg_v: 4.045216	max-min: 0.009750
C1=4.041300V	C2=4.042950V	C3=4.044450V	C4=4.045200V	C5=4.044300V	C6=4.043100V	C7=4.048650V	C8=4.046250V	C9=4.047300V	C10=4.043550V	C11=4.044450V	C12=4.045050V	C13=4.047600V	C14=4.048500V	C15=4.045200V	C16=4.043850V	C17=4.044000V	C18=4.045200V	C19=4.045500V	C20=4.046700V	C21=4.047000V	C22=4.044600V	C23=4.038900V	C24=4.045800V	C25=4.046100V	C26=4.046250V	C27=4.047600V	C28=4.046700V	
max_temp: 15.824244	min_temp: 13.196009	avg_temp: 13.661398
undervoltage: 0	overvoltage: 0	pec: 0	overtemperature: 0	openwire: 0	openwire_temp: 0
dcc1: 00	dcc2: 00	
Time: 92908
Current: 1.729645
SOC: 0.844148
total_v: 113.265884	max_v: 4.048650	min_v: 4.038900	avg_v: 4.045210	max-min: 0.009750
C1=4.041300V	C2=4.042800V	C3=4.044300V	C4=4.045350V	C5=4.044150V	C6=4.043250V	C7=4.048650V	C8=4.046250V	C9=4.047300V	C10=4.043550V	C11=4.044600V	C12=4.045050V	C13=4.047600V	C14=4.048500V	C15=4.045200V	C16=4.043850V	C17=4.044000V	C18=4.045200V	C19=4.045500V	C20=4.046700V	C21=4.047000V	C22=4.044600V	C23=4.038900V	C24=4.045650V	C25=4.046100V	C26=4.046250V	C27=4.047600V	C28=4.046700V	
max_temp: 15.824244	min_temp: 13.196009	avg_temp: 13.660769
undervoltage: 0	overvoltage: 0	pec: 0	overtemperature: 0	openwire: 0	openwire_temp: 0
dcc1: 00	dcc2: 00	
Time: 93109
Current: -0.137604
SOC: 0.844149
total_v: 113.265732	max_v: 4.048650	min_v: 4.039050	avg_v: 4.045205	max-min: 0.009600
C1=4.041300V	C2=4.042950V	C3=4.044450V	C4=4.045350V	C5=4.044150V	C6=4.043100V	C7=4.048650V	C8=4.046250V	C9=4.047300V	C10=4.043550V	C11=4.044450V	C12=4.045050V	C13=4.047600V	C14=4.048350V	C15=4.045200V	C16=4.043850V	C17=4.043850V	C18=4.045200V	C19=4.045500V	C20=4.046700V	C21=4.047000V	C22=4.044600V	C23=4.039050V	C24=4.045800V	C25=4.046100V	C26=4.046250V	C27=4.047450V	C28=4.046700V	
max_temp: 15.824244	min_temp: 13.196009	avg_temp: 13.661398
undervoltage: 0	overvoltage: 0	pec: 0	overtemperature: 0	openwire: 0	openwire_temp: 0
dcc1: 00	dcc2: 00	
Time: 93310
Current: -0.039322
SOC: 0.844149
total_v: 113.265579	max_v: 4.048650	min_v: 4.038900	avg_v: 4.045199	max-min: 0.009750
C1=4.041300V	C2=4.042950V	C3=4.044450V	C4=4.045350V	C5=4.044150V	C6=4.043100V	C7=4.048650V	C8=4.046250V	C9=4.047300V	C10=4.043550V	C11=4.044600V	C12=4.045050V	C13=4.047600V	C14=4.048350V	C15=4.045200V	C16=4.043850V	C17=4.044000V	C18=4.045200V	C19=4.045500V	C20=4.046700V	C21=4.047000V	C22=4.044450V	C23=4.038900V	C24=4.045650V	C25=4.046100V	C26=4.046250V	C27=4.047450V	C28=4.046700V	
max_temp: 15.824244	min_temp: 13.196009	avg_temp: 13.661398
undervoltage: 0	overvoltage: 0	pec: 0	overtemperature: 0	openwire: 0	openwire_temp: 0
dcc1: 00	dcc2: 00	
Time: 93511
Current: -0.137604
SOC: 0.844150
total_v: 113.265732	max_v: 4.048650	min_v: 4.038900	avg_v: 4.045205	max-min: 0.009750
C1=4.041300V	C2=4.042950V	C3=4.044300V	C4=4.045350V	C5=4.044150V	C6=4.043100V	C7=4.048650V	C8=4.046250V	C9=4.047300V	C10=4.043550V	C11=4.044600V	C12=4.045200V	C13=4.047600V	C14=4.048500V	C15=4.045200V	C16=4.043850V	C17=4.044000V	C18=4.045200V	C19=4.045500V	C20=4.046700V	C21=4.047000V	C22=4.044600V	C23=4.038900V	C24=4.045650V	C25=4.046100V	C26=4.046100V	C27=4.047600V	C28=4.046550V	
max_temp: 15.824244	min_temp: 13.196009	avg_temp: 13.661398
undervoltage: 0	overvoltage: 0	pec: 0	overtemperature: 0	openwire: 0	openwire_temp: 0
dcc1: 00	dcc2: 00	
Time: 93712
Current: -0.137604
SOC: 0.844150
total_v: 113.266029	max_v: 4.048650	min_v: 4.038900	avg_v: 4.045215	max-min: 0.009750
C1=4.041300V	C2=4.042950V	C3=4.044450V	C4=4.045350V	C5=4.044150V	C6=4.043250V	C7=4.048650V	C8=4.046250V	C9=4.047300V	C10=4.043550V	C11=4.044600V	C12=4.045050V	C13=4.047600V	C14=4.048350V	C15=4.045200V	C16=4.043850V	C17=4.044000V	C18=4.045200V	C19=4.045650V	C20=4.046700V	C21=4.047000V	C22=4.044600V	C23=4.038900V	C24=4.045650V	C25=4.046100V	C26=4.046100V	C27=4.047600V	C28=4.046700V	
max_temp: 15.824244	min_temp: 13.196009	avg_temp: 13.661713
undervoltage: 0	overvoltage: 0	pec: 0	overtemperature: 0	openwire: 0	openwire_temp: 0
dcc1: 00	dcc2: 00	
Time: 93913
Current: -0.137604
SOC: 0.844151
total_v: 113.265587	max_v: 4.048650	min_v: 4.038900	avg_v: 4.045199	max-min: 0.009750
C1=4.041300V	C2=4.042800V	C3=4.044300V	C4=4.045350V	C5=4.044150V	C6=4.043100V	C7=4.048650V	C8=4.046250V	C9=4.047300V	C10=4.043550V	C11=4.044450V	C12=4.045050V	C13=4.047600V	C14=4.048500V	C15=4.045200V	C16=4.043850V	C17=4.044000V	C18=4.045200V	C19=4.045500V	C20=4.046700V	C21=4.047000V	C22=4.044600V	C23=4.038900V	C24=4.045650V	C25=4.046100V	C26=4.046250V	C27=4.047600V	C28=4.046700V	
max_temp: 15.824244	min_temp: 13.196009	avg_temp: 13.661398
undervoltage: 0	overvoltage: 0	pec: 0	overtemperature: 0	openwire: 0	openwire_temp: 0
dcc1: 00	dcc2: 00	
Time: 94114
Current: -0.039322
SOC: 0.844151
total_v: 113.265587	max_v: 4.048650	min_v: 4.038900	avg_v: 4.045199	max-min: 0.009750
C1=4.041300V	C2=4.042950V	C3=4.044300V	C4=4.045350V	C5=4.044150V	C6=4.043100V	C7=4.048650V	C8=4.046250V	C9=4.047300V	C10=4.043550V	C11=4.044600V	C12=4.045050V	C13=4.047600V	C14=4.048350V	C15=4.045200V	C16=4.043850V	C17=4.044000V	C18=4.045200V	C19=4.045500V	C20=4.046700V	C21=4.047000V	C22=4.044600V	C23=4.038900V	C24=4.045650V	C25=4.046100V	C26=4.046100V	C27=4.047600V	C28=4.046700V	
max_temp: 15.824244	min_temp: 13.196009	avg_temp: 13.661398
undervoltage: 0	overvoltage: 0	pec: 0	overtemperature: 0	openwire: 0	openwire_temp: 0
dcc1: 00	dcc2: 00	
Time: 94315
Current: 0.157227
SOC: 0.844151
total_v: 113.265739	max_v: 4.048800	min_v: 4.038900	avg_v: 4.045205	max-min: 0.009900
C1=4.041300V	C2=4.042950V	C3=4.044300V	C4=4.045350V	C5=4.044150V	C6=4.043100V	C7=4.048800V	C8=4.046250V	C9=4.047300V	C10=4.043550V	C11=4.044600V	C12=4.045050V	C13=4.047600V	C14=4.048350V	C15=4.045200V	C16=4.043850V	C17=4.044000V	C18=4.045200V	C19=4.045500V	C20=4.046700V	C21=4.047000V	C22=4.044600V	C23=4.038900V	C24=4.045650V	C25=4.046100V	C26=4.046100V	C27=4.047600V	C28=4.046700V	
max_temp: 15.824244	min_temp: 13.196009	avg_temp: 13.661715
undervoltage: 0	overvoltage: 0	pec: 0	overtemperature: 0	openwire: 0	openwire_temp: 0
dcc1: 00	dcc2: 00	
Time: 94516
Current: -0.137604
SOC: 0.844151
total_v: 113.266190	max_v: 4.048800	min_v: 4.038900	avg_v: 4.045221	max-min: 0.009900
C1=4.041300V	C2=4.042950V	C3=4.044450V	C4=4.045350V	C5=4.044150V	C6=4.043100V	C7=4.048800V	C8=4.046250V	C9=4.047300V	C10=4.043550V	C11=4.044600V	C12=4.045050V	C13=4.047600V	C14=4.048500V	C15=4.045200V	C16=4.043850V	C17=4.044000V	C18=4.045200V	C19=4.045500V	C20=4.046700V	C21=4.047000V	C22=4.044600V	C23=4.038900V	C24=4.045800V	C25=4.046100V	C26=4.046100V	C27=4.047600V	C28=4.046700V	
max_temp: 15.824244	min_temp: 13.196009	avg_temp: 13.661713
undervoltage: 0	overvoltage: 0	pec: 0	overtemperature: 0	openwire: 0	openwire_temp: 0
dcc1: 00	dcc2: 00	
Time: 94717
Current: -0.039322
SOC: 0.844151
total_v: 113.266029	max_v: 4.048650	min_v: 4.038900	avg_v: 4.045215	max-min: 0.009750
C1=4.041300V	C2=4.042950V	C3=4.044450V	C4=4.045350V	C5=4.044150V	C6=4.043100V	C7=4.048650V	C8=4.046250V	C9=4.047300V	C10=4.043550V	C11=4.044600V	C12=4.045050V	C13=4.047600V	C14=4.048500V	C15=4.045200V	C16=4.043850V	C17=4.044000V	C18=4.045200V	C19=4.045650V	C20=4.046700V	C21=4.047000V	C22=4.044600V	C23=4.038900V	C24=4.045800V	C25=4.046100V	C26=4.046100V	C27=4.047600V	C28=4.046550V	
max_temp: 15.829279	min_temp: 13.196009	avg_temp: 13.662029
undervoltage: 0	overvoltage: 0	pec: 0	overtemperature: 0	openwire: 0	openwire_temp: 0
dcc1: 00	dcc2: 00	
Time: 94918
Current: -0.039322
SOC: 0.844151
total_v: 113.265587	max_v: 4.048650	min_v: 4.038900	avg_v: 4.045199	max-min: 0.009750
C1=4.041300V	C2=4.042800V	C3=4.044300V	C4=4.045350V	C5=4.044150V	C6=4.043100V	C7=4.048650V	C8=4.046250V	C9=4.047300V	C10=4.043550V	C11=4.044600V	C12=4.045050V	C13=4.047600V	C14=4.048500V	C15=4.045200V	C16=4.043850V	C17=4.044000V	C18=4.045200V	C19=4.045500V	C20=4.046700V	C21=4.047000V	C22=4.044600V	C23=4.038900V	C24=4.045800V	C25=4.046100V	C26=4.046100V	C27=4.047450V	C28=4.046700V	
max_temp: 15.829279	min_temp: 13.196009	avg_temp: 13.662344
undervoltage: 0	overvoltage: 0	pec: 0	overtemperature: 0	openwire: 0	openwire_temp: 0
dcc1: 00	dcc2: 00	
Time: 95119
Current: 2.712402
SOC: 0.844140
total_v: 113.266182	max_v: 4.048650	min_v: 4.038900	avg_v: 4.045221	max-min: 0.009750
C1=4.041300V	C2=4.042950V	C3=4.044300V	C4=4.045350V	C5=4.044150V	C6=4.043100V	C7=4.048650V	C8=4.046250V	C9=4.047300V	C10=4.043550V	C11=4.044600V	C12=4.045050V	C13=4.047600V	C14=4.048500V	C15=4.045200V	C16=4.043850V	C17=4.044000V	C18=4.045200V	C19=4.045650V	C20=4.046700V	C21=4.047000V	C22=4.044600V	C23=4.038900V	C24=4.045800V	C25=4.046100V	C26=4.046250V	C27=4.047600V	C28=4.046700V	
max_temp: 15.829279	min_temp: 13.196009	avg_temp: 13.662344
undervoltage: 0	overvoltage: 0	pec: 0	overtemperature: 0	openwire: 0	openwire_temp: 0
dcc1: 00	dcc2: 00	
Time: 95320
Current: -0.137604
SOC: 0.844141
total_v: 113.265884	max_v: 4.048800	min_v: 4.038900	avg_v: 4.045210	max-min: 0.009900
C1=4.041300V	C2=4.042800V	C3=4.044300V	C4=4.045350V	C5=4.044150V	C6=4.043250V	C7=4.048800V	C8=4.046250V	C9=4.047300V	C10=4.043550V	C11=4.044450V	C12=4.045050V	C13=4.047600V	C14=4.048350V	C15=4.045200V	C16=4.043850V	C17=4.044000V	C18=4.045200V	C19=4.045650V	C20=4.046700V	C21=4.047000V	C22=4.044450V	C23=4.038900V	C24=4.045800V	C25=4.046100V	C26=4.046250V	C27=4.047600V	C28=4.046700V	
max_temp: 15.829279	min_temp: 13.196009	avg_temp: 13.662027
undervoltage: 0	overvoltage: 0	pec: 0	overtemperature: 0	openwire: 0	openwire_temp: 0
dcc1: 00	dcc2: 00	
Time: 95521
Current: -0.137604
SOC: 0.844141
total_v: 113.265297	max_v: 4.048650	min_v: 4.038900	avg_v: 4.045189	max-min: 0.009750
C1=4.041300V	C2=4.042950V	C3=4.044300V	C4=4.045350V	C5=4.044300V	C6=4.043100V	C7=4.048650V	C8=4.046250V	C9=4.047150V	C10=4.043550V	C11=4.044450V	C12=4.045050V	C13=4.047600V	C14=4.048500V	C15=4.045050V	C16=4.043850V	C17=4.044000V	C18=4.045200V	C19=4.045500V	C20=4.046700V	C21=4.046850V	C22=4.044450V	C23=4.038900V	C24=4.045800V	C25=4.046100V	C26=4.046250V	C27=4.047600V	C28=4.046550V	
max_temp: 15.824244	min_temp: 13.196009	avg_temp: 13.661713
undervoltage: 0	overvoltage: 0	pec: 0	overtemperature: 0	openwire: 0	openwire_temp: 0
dcc1: 00	dcc2: 00	
Time: 95722
Current: -0.039322
SOC: 0.844142
total_v: 113.265732	max_v: 4.048650	min_v: 4.038900	avg_v: 4.045205	max-min: 0.009750
C1=4.041300V	C2=4.042950V	C3=4.044300V	C4=4.045350V	C5=4.044150V	C6=4.043100V	C7=4.048650V	C8=4.046250V	C9=4.047300V	C10=4.043550V	C11=4.044450V	C12=4.045050V	C13=4.047600V	C14=4.048350V	C15=4.045200V	C16=4.043850V	C17=4.044000V	C18=4.045200V	C19=4.045650V	C20=4.046700V	C21=4.047000V	C22=4.044600V	C23=4.038900V	C24=4.045800V	C25=4.046100V	C26=4.046100V	C27=4.047600V	C28=4.046700V	
max_temp: 15.829279	min_temp: 13.196009	avg_temp: 13.662342
undervoltage: 0	overvoltage: 0	pec: 0	overtemperature: 0	openwire: 0	openwire_temp: 0
dcc1: 00	dcc2: 00	
Time: 95923
Current: -0.039322
SOC: 0.844142
total_v: 113.266197	max_v: 4.048650	min_v: 4.038900	avg_v: 4.045221	max-min: 0.009750
C1=4.041300V	C2=4.042950V	C3=4.044450V	C4=4.045350V	C5=4.044300V	C6=4.043100V	C7=4.048650V	C8=4.046250V	C9=4.047300V	C10=4.043550V	C11=4.044600V	C12=4.045200V	C13=4.047600V	C14=4.048500V	C15=4.045200V	C16=4.043850V	C17=4.044000V	C18=4.045200V	C19=4.045500V	C20=4.046700V	C21=4.046850V	C22=4.044600V	C23=4.038900V	C24=4.045650V	C25=4.046100V	C26=4.046250V	C27=4.047600V	C28=4.046700V	
max_temp: 15.829279	min_temp: 13.196009	avg_temp: 13.661713
undervoltage: 0	overvoltage: 0	pec: 0	overtemperature: 0	openwire: 0	openwire_temp: 0
dcc1: 00	dcc2: 00	
Time: 96124
Current: -0.137604
SOC: 0.844142
total_v: 113.265884	max_v: 4.048650	min_v: 4.038900	avg_v: 4.045210	max-min: 0.009750
C1=4.041300V	C2=4.042950V	C3=4.044450V	C4=4.045350V	C5=4.044150V	C6=4.043100V	C7=4.048650V	C8=4.046250V	C9=4.047300V	C10=4.043550V	C11=4.044450V	C12=4.045050V	C13=4.047750V	C14=4.048500V	C15=4.045200V	C16=4.043850V	C17=4.044000V	C18=4.045350V	C19=4.045500V	C20=4.046700V	C21=4.047000V	C22=4.044450V	C23=4.038900V	C24=4.045650V	C25=4.046100V	C26=4.046100V	C27=4.047600V	C28=4.046700V	
max_temp: 15.829279	min_temp: 13.196009	avg_temp: 13.662659
undervoltage: 0	overvoltage: 0	pec: 0	overtemperature: 0	openwire: 0	openwire_temp: 0
dcc1: 00	dcc2: 00	
Time: 96325
Current: -0.137604
SOC: 0.844143
total_v: 113.265884	max_v: 4.048800	min_v: 4.038900	avg_v: 4.045210	max-min: 0.009900
C1=4.041300V	C2=4.042950V	C3=4.044450V	C4=4.045350V	C5=4.044150V	C6=4.043100V	C7=4.048800V	C8=4.046250V	C9=4.047300V	C10=4.043400V	C11=4.044600V	C12=4.045050V	C13=4.047750V	C14=4.048350V	C15=4.045200V	C16=4.043850V	C17=4.044000V	C18=4.045200V	C19=4.045500V	C20=4.046700V	C21=4.047000V	C22=4.044600V	C23=4.038900V	C24=4.045650V	C25=4.046100V	C26=4.046100V	C27=4.047600V	C28=4.046700V	
max_temp: 15.834284	min_temp: 13.196009	avg_temp: 13.662971
undervoltage: 0	overvoltage: 0	pec: 0	overtemperature: 0	openwire: 0	openwire_temp: 0
dcc1: 00	dcc2: 00	
Time: 96526
Current: 0.157227
SOC: 0.844142
total_v: 113.265579	max_v: 4.048650	min_v: 4.039050	avg_v: 4.045199	max-min: 0.009600
C1=4.041300V	C2=4.042950V	C3=4.044450V	C4=4.045200V	C5=4.044300V	C6=4.043100V	C7=4.048650V	C8=4.046250V	C9=4.047300V	C10=4.043550V	C11=4.044450V	C12=4.045050V	C13=4.047600V	C14=4.048350V	C15=4.045200V	C16=4.043850V	C17=4.044000V	C18=4.045200V	C19=4.045500V	C20=4.046700V	C21=4.046850V	C22=4.044600V	C23=4.039050V	C24=4.045650V	C25=4.046100V	C26=4.046100V	C27=4.047600V	C28=4.046700V	
max_temp: 15.829279	min_temp: 13.196009	avg_temp: 13.662342
undervoltage: 0	overvoltage: 0	pec: 0	overtemperature: 0	openwire: 0	openwire_temp: 0
dcc1: 00	dcc2: 00	
Time: 96727
Current: -0.137604
SOC: 0.844143
total_v: 113.265587	max_v: 4.048650	min_v: 4.038900	avg_v: 4.045199	max-min: 0.009750
C1=4.041300V	C2=4.042800V	C3=4.044450V	C4=4.045350V	C5=4.044150V	C6=4.043100V	C7=4.048650V	C8=4.046250V	C9=4.047300V	C10=4.043550V	C11=4.044450V	C12=4.045050V	C13=4.047600V	C14=4.048350V	C15=4.045200V	C16=4.043850V	C17=4.044000V	C18=4.045200V	C19=4.045500V	C20=4.046700V	C21=4.047000V	C22=4.044600V	C23=4.038900V	C24=4.045650V	C25=4.046100V	C26=4.046250V	C27=4.047600V	C28=4.046700V	
max_temp: 15.834284	min_temp: 13.196009	avg_temp: 13.662657
undervoltage: 0	overvoltage: 0	pec: 0	overtemperature: 0	openwire: 0	openwire_temp: 0
dcc1: 00	dcc2: 00	
Time: 96928
Current: -0.039322
SOC: 0.844143
total_v: 113.266479	max_v: 4.048650	min_v: 4.039050	avg_v: 4.045231	max-min: 0.009600
C1=4.041300V	C2=4.042800V	C3=4.044450V	C4=4.045350V	C5=4.044150V	C6=4.043100V	C7=4.048650V	C8=4.046400V	C9=4.047300V	C10=4.043550V	C11=4.044600V	C12=4.045050V	C13=4.047750V	C14=4.048500V	C15=4.045200V	C16=4.043850V	C17=4.044000V	C18=4.045200V	C19=4.045650V	C20=4.046700V	C21=4.047000V	C22=4.044600V	C23=4.039050V	C24=4.045650V	C25=4.046100V	C26=4.046250V	C27=4.047600V	C28=4.046700V	
max_temp: 15.834284	min_temp: 13.196009	avg_temp: 13.663286
undervoltage: 0	overvoltage: 0	pec: 0	overtemperature: 0	openwire: 0	openwire_temp: 0
dcc1: 00	dcc2: 00	
Time: 97129
Current: 0.353775
SOC: 0.844142
total_v: 113.265739	max_v: 4.048650	min_v: 4.038900	avg_v: 4.045205	max-min: 0.009750
C1=4.041300V	C2=4.042800V	C3=4.044300V	C4=4.045350V	C5=4.044150V	C6=4.043100V	C7=4.048650V	C8=4.046250V	C9=4.047300V	C10=4.043550V	C11=4.044600V	C12=4.045050V	C13=4.047600V	C14=4.048500V	C15=4.045200V	C16=4.043850V	C17=4.044000V	C18=4.045200V	C19=4.045500V	C20=4.046700V	C21=4.047000V	C22=4.044600V	C23=4.038900V	C24=4.045650V	C25=4.046100V	C26=4.046250V	C27=4.047600V	C28=4.046700V	
max_temp: 15.834284	min_temp: 13.196009	avg_temp: 13.662971
undervoltage: 0	overvoltage: 0	pec: 0	overtemperature: 0	openwire: 0	openwire_temp: 0
dcc1: 00	dcc2: 00	
Time: 97330
Current: -0.137604
SOC: 0.844142
total_v: 113.266037	max_v: 4.048650	min_v: 4.038900	avg_v: 4.045216	max-min: 0.009750
C1=4.041300V	C2=4.042950V	C3=4.044450V	C4=4.045200V	C5=4.044150V	C6=4.043250V	C7=4.048650V	C8=4.046250V	C9=4.047300V	C10=4.043550V	C11=4.044600V	C12=4.045050V	C13=4.047600V	C14=4.048500V	C15=4.045200V	C16=4.043850V	C17=4.044000V	C18=4.045200V	C19=4.045500V	C20=4.046700V	C21=4.047000V	C22=4.044600V	C23=4.038900V	C24=4.045800V	C25=4.046100V	C26=4.046250V	C27=4.047600V	C28=4.046550V	
max_temp: 15.834284	min_temp: 13.196009	avg_temp: 13.662655
undervoltage: 0	overvoltage: 0	pec: 0	overtemperature: 0	openwire: 0	openwire_temp: 0
dcc1: 00	dcc2: 00	
Time: 97531
Current: -0.039322
SOC: 0.844142
total_v: 113.265579	max_v: 4.048650	min_v: 4.038900	avg_v: 4.045199	max-min: 0.009750
C1=4.041300V	C2=4.042800V	C3=4.044450V	C4=4.045350V	C5=4.044150V	C6=4.043100V	C7=4.048650V	C8=4.046250V	C9=4.047300V	C10=4.043550V	C11=4.044600V	C12=4.045050V	C13=4.047600V	C14=4.048350V	C15=4.045200V	C16=4.043850V	C17=4.044000V	C18=4.045200V	C19=4.045650V	C20=4.046700V	C21=4.047000V	C22=4.044600V	C23=4.038900V	C24=4.045650V	C25=4.046100V	C26=4.046100V	C27=4.047600V	C28=4.046550V	
max_temp: 15.834284	min_temp: 13.196009	avg_temp: 13.662971
undervoltage: 0	overvoltage: 0	pec: 0	overtemperature: 0	openwire: 0	openwire_temp: 0
dcc1: 00	dcc2: 00	
Time: 97732
Current: 1.631363
SOC: 0.844136
total_v: 113.266182	max_v: 4.048650	min_v: 4.038900	avg_v: 4.045221	max-min: 0.009750
C1=4.041300V	C2=4.042800V	C3=4.044300V	C4=4.045350V	C5=4.044300V	C6=4.043100V	C7=4.048650V	C8=4.046400V	C9=4.047300V	C10=4.043550V	C11=4.044600V	C12=4.045050V	C13=4.047600V	C14=4.048500V	C15=4.045200V	C16=4.043850V	C17=4.044000V	C18=4.045350V	C19=4.045650V	C20=4.046700V	C21=4.047000V	C22=4.044600V	C23=4.038900V	C24=4.045650V	C25=4.046100V	C26=4.046250V	C27=4.047600V	C28=4.046550V	
max_temp: 15.834284	min_temp: 13.196009	avg_temp: 13.663286
undervoltage: 0	overvoltage: 0	pec: 0	overtemperature: 0	openwire: 0	openwire_temp: 0
dcc1: 00	dcc2: 00	
Time: 97933
Current: -0.137604
SOC: 0.844136
total_v: 113.266190	max_v: 4.048800	min_v: 4.038900	avg_v: 4.045221	max-min: 0.009900
C1=4.041450V	C2=4.042950V	C3=4.044300V	C4=4.045350V	C5=4.044150V	C6=4.043100V	C7=4.048800V	C8=4.046250V	C9=4.047300V	C10=4.043550V	C11=4.044450V	C12=4.045200V	C13=4.047600V	C14=4.048500V	C15=4.045200V	C16=4.043850V	C17=4.044000V	C18=4.045200V	C19=4.045500V	C20=4.046700V	C21=4.047000V	C22=4.044600V	C23=4.038900V	C24=4.045650V	C25=4.046100V	C26=4.046250V	C27=4.047600V	C28=4.046700V	
max_temp: 15.834284	min_temp: 13.196009	avg_temp: 13.662971
undervoltage: 0	overvoltage: 0	pec: 0	overtemperature: 0	openwire: 0	openwire_temp: 0
dcc1: 00	dcc2: 00	
Time: 98134
Current: 1.238266
SOC: 0.844131
total_v: 113.266487	max_v: 4.048650	min_v: 4.039050	avg_v: 4.045232	max-min: 0.009600
C1=4.041300V	C2=4.042950V	C3=4.044450V	C4=4.045350V	C5=4.044300V	C6=4.043250V	C7=4.048650V	C8=4.046250V	C9=4.047300V	C10=4.043550V	C11=4.044600V	C12=4.045050V	C13=4.047600V	C14=4.048500V	C15=4.045200V	C16=4.043850V	C17=4.044000V	C18=4.045200V	C19=4.045500V	C20=4.046700V	C21=4.047000V	C22=4.044600V	C23=4.039050V	C24=4.045650V	C25=4.046100V	C26=4.046250V	C27=4.047600V	C28=4.046700V	
max_temp: 15.834284	min_temp: 13.196009	avg_temp: 13.663286
undervoltage: 0	overvoltage: 0	pec: 0	overtemperature: 0	openwire: 0	openwire_temp: 0
dcc1: 00	dcc2: 00	
Time: 98335
Current: -0.039322
SOC: 0.844131
total_v: 113.266182	max_v: 4.048650	min_v: 4.038900	avg_v: 4.045221	max-min: 0.009750
C1=4.041300V	C2=4.042950V	C3=4.044450V	C4=4.045350V	C5=4.044300V	C6=4.043100V	C7=4.048650V	C8=4.046250V	C9=4.047300V	C10=4.043550V	C11=4.044600V	C12=4.045050V	C13=4.047600V	C14=4.048350V	C15=4.045200V	C16=4.043850V	C17=4.044000V	C18=4.045200V	C19=4.045650V	C20=4.046700V	C21=4.047000V	C22=4.044600V	C23=4.038900V	C24=4.045800V	C25=4.046100V	C26=4.046250V	C27=4.047600V	C28=4.046550V	
max_temp: 15.834284	min_temp: 13.196009	avg_temp: 13.662657
undervoltage: 0	overvoltage: 0	pec: 0	overtemperature: 0	openwire: 0	openwire_temp: 0
dcc1: 00	dcc2: 00	
Time: 98536
Current: -0.137604
SOC: 0.844132
total_v: 113.265877	max_v: 4.048650	min_v: 4.038900	avg_v: 4.045210	max-min: 0.009750
C1=4.041300V	C2=4.042950V	C3=4.044450V	C4=4.045350V	C5=4.044150V	C6=4.043100V	C7=4.048650V	C8=4.046250V	C9=4.047300V	C10=4.043550V	C11=4.044600V	C12=4.045050V	C13=4.047600V	C14=4.048500V	C15=4.045200V	C16=4.043850V	C17=4.044000V	C18=4.045200V	C19=4.045650V	C20=4.046700V	C21=4.047000V	C22=4.044450V	C23=4.038900V	C24=4.045800V	C25=4.046100V	C26=4.046250V	C27=4.047450V	C28=4.046550V	
max_temp: 15.834284	min_temp: 13.196009	avg_temp: 13.662655
undervoltage: 0	overvoltage: 0	pec: 0	overtemperature: 0	openwire: 0	openwire_temp: 0
dcc1: 00	dcc2: 00	
Time: 98737
Current: 0.452072
SOC: 0.844130
total_v: 113.265884	max_v: 4.048650	min_v: 4.038900	avg_v: 4.045210	max-min: 0.009750
C1=4.041300V	C2=4.042950V	C3=4.044300V	C4=4.045350V	C5=4.044150V	C6=4.043250V	C7=4.048650V	C8=4.046250V	C9=4.047150V	C10=4.043550V	C11=4.044600V	C12=4.045050V	C13=4.047600V	C14=4.048500V	C15=4.045200V	C16=4.043850V	C17=4.044000V	C18=4.045200V	C19=4.045500V	C20=4.046700V	C21=4.047000V	C22=4.044600V	C23=4.038900V	C24=4.045800V	C25=4.046100V	C26=4.046100V	C27=4.047600V	C28=4.046700V	
max_temp: 15.834284	min_temp: 13.196009	avg_temp: 13.662657
undervoltage: 0	overvoltage: 0	pec: 0	overtemperature: 0	openwire: 0	openwire_temp: 0
dcc1: 00	dcc2: 00	
Time: 98938
Current: 1.631363
SOC: 0.844123
total_v: 113.265434	max_v: 4.048650	min_v: 4.038900	avg_v: 4.045194	max-min: 0.009750
C1=4.041300V	C2=4.042950V	C3=4.044300V	C4=4.045350V	C5=4.044150V	C6=4.043100V	C7=4.048650V	C8=4.046250V	C9=4.047300V	C10=4.043550V	C11=4.044600V	C12=4.045050V	C13=4.047600V	C14=4.048350V	C15=4.045200V	C16=4.043850V	C17=4.044000V	C18=4.045200V	C19=4.045500V	C20=4.046700V	C21=4.047000V	C22=4.044450V	C23=4.038900V	C24=4.045800V	C25=4.046100V	C26=4.046250V	C27=4.047450V	C28=4.046550V	
max_temp: 15.834284	min_temp: 13.196009	avg_temp: 13.662340
undervoltage: 0	overvoltage: 0	pec: 0	overtemperature: 0	openwire: 0	openwire_temp: 0
dcc1: 00	dcc2: 00	
Time: 99139
Current: -0.039322
SOC: 0.844124
total_v: 113.265877	max_v: 4.048650	min_v: 4.039050	avg_v: 4.045210	max-min: 0.009600
C1=4.041300V	C2=4.042950V	C3=4.044300V	C4=4.045350V	C5=4.044300V	C6=4.043250V	C7=4.048650V	C8=4.046400V	C9=4.047300V	C10=4.043550V	C11=4.044450V	C12=4.045050V	C13=4.047600V	C14=4.048350V	C15=4.045200V	C16=4.043850V	C17=4.044000V	C18=4.045200V	C19=4.045500V	C20=4.046700V	C21=4.047000V	C22=4.044600V	C23=4.039050V	C24=4.045650V	C25=4.046100V	C26=4.046100V	C27=4.047450V	C28=4.046700V	
max_temp: 15.829279	min_temp: 13.196009	avg_temp: 13.662657
undervoltage: 0	overvoltage: 0	pec: 0	overtemperature: 0	openwire: 0	openwire_temp: 0
dcc1: 00	dcc2: 00	
Time: 99340
Current: -0.137604
SOC: 0.844124
total_v: 113.266029	max_v: 4.048800	min_v: 4.038900	avg_v: 4.045215	max-min: 0.009900
C1=4.041300V	C2=4.042800V	C3=4.044450V	C4=4.045350V	C5=4.044150V	C6=4.043100V	C7=4.048800V	C8=4.046250V	C9=4.047300V	C10=4.043550V	C11=4.044450V	C12=4.045050V	C13=4.047600V	C14=4.048500V	C15=4.045200V	C16=4.043850V	C17=4.044000V	C18=4.045200V	C19=4.045650V	C20=4.046700V	C21=4.047000V	C22=4.044600V	C23=4.038900V	C24=4.045800V	C25=4.046100V	C26=4.046100V	C27=4.047600V	C28=4.046700V	
max_temp: 15.829279	min_temp: 13.196009	avg_temp: 13.662973
undervoltage: 0	overvoltage: 0	pec: 0	overtemperature: 0	openwire: 0	openwire_temp: 0
dcc1: 00	dcc2: 00	
Time: 99541
Current: -0.137604
SOC: 0.844125
total_v: 113.265884	max_v: 4.048800	min_v: 4.038900	avg_v: 4.045210	max-min: 0.009900
C1=4.041300V	C2=4.042950V	C3=4.044450V	C4=4.045350V	C5=4.044150V	C6=4.043100V	C7=4.048800V	C8=4.046250V	C9=4.047300V	C10=4.043550V	C11=4.044450V	C12=4.045050V	C13=4.047600V	C14=4.048350V	C15=4.045200V	C16=4.043850V	C17=4.044000V	C18=4.045200V	C19=4.045500V	C20=4.046700V	C21=4.047000V	C22=4.044600V	C23=4.038900V	C24=4.045650V	C25=4.046100V	C26=4.046250V	C27=4.047600V	C28=4.046700V	
max_temp: 15.829279	min_temp: 13.196009	avg_temp: 13.662973
undervoltage: 0	overvoltage: 0	pec: 0	overtemperature: 0	openwire: 0	openwire_temp: 0
dcc1: 00	dcc2: 00	
Time: 99742
Current: -0.039322
SOC: 0.844125
total_v: 113.266327	max_v: 4.048650	min_v: 4.039050	avg_v: 4.045226	max-min: 0.009600
C1=4.041300V	C2=4.042950V	C3=4.044450V	C4=4.045350V	C5=4.044150V	C6=4.043100V	C7=4.048650V	C8=4.046250V	C9=4.047300V	C10=4.043550V	C11=4.044450V	C12=4.045050V	C13=4.047750V	C14=4.048500V	C15=4.045200V	C16=4.043850V	C17=4.044000V	C18=4.045200V	C19=4.045650V	C20=4.046700V	C21=4.047000V	C22=4.044600V	C23=4.039050V	C24=4.045650V	C25=4.046100V	C26=4.046250V	C27=4.047600V	C28=4.046700V	
max_temp: 15.829279	min_temp: 13.196009	avg_temp: 13.662344
undervoltage: 0	overvoltage: 0	pec: 0	overtemperature: 0	openwire: 0	openwire_temp: 0
dcc1: 00	dcc2: 00	
Time: 99943
Current: -0.039322
SOC: 0.844125
total_v: 113.266190	max_v: 4.048800	min_v: 4.038900	avg_v: 4.045221	max-min: 0.009900
C1=4.041300V	C2=4.042950V	C3=4.044450V	C4=4.045350V	C5=4.044150V	C6=4.043250V	C7=4.048800V	C8=4.046250V	C9=4.047300V	C10=4.043550V	C11=4.044600V	C12=4.045050V	C13=4.047600V	C14=4.048350V	C15=4.045200V	C16=4.043850V	C17=4.044000V	C18=4.045200V	C19=4.045500V	C20=4.046700V	C21=4.047000V	C22=4.044600V	C23=4.038900V	C24=4.045650V	C25=4.046100V	C26=4.046250V	C27=4.047600V	C28=4.046700V	
max_temp: 15.829279	min_temp: 13.196009	avg_temp: 13.662973
undervoltage: 0	overvoltage: 0	pec: 0	overtemperature: 0	openwire: 0	openwire_temp: 0
dcc1: 00	dcc2: 00	
Time: 100144
Current: -0.137604
SOC: 0.844126
total_v: 113.265732	max_v: 4.048650	min_v: 4.038900	avg_v: 4.045205	max-min: 0.009750
C1=4.041300V	C2=4.042800V	C3=4.044450V	C4=4.045350V	C5=4.044150V	C6=4.043100V	C7=4.048650V	C8=4.046250V	C9=4.047300V	C10=4.043550V	C11=4.044450V	C12=4.045050V	C13=4.047600V	C14=4.048500V	C15=4.045200V	C16=4.043850V	C17=4.044000V	C18=4.045200V	C19=4.045500V	C20=4.046700V	C21=4.047000V	C22=4.044600V	C23=4.038900V	C24=4.045650V	C25=4.046100V	C26=4.046250V	C27=4.047600V	C28=4.046700V	
max_temp: 15.829279	min_temp: 13.196009	avg_temp: 13.662657
undervoltage: 0	overvoltage: 0	pec: 0	overtemperature: 0	openwire: 0	openwire_temp: 0
dcc1: 00	dcc2: 00	
Time: 100345
Current: -0.039322
SOC: 0.844126
total_v: 113.265579	max_v: 4.048650	min_v: 4.038900	avg_v: 4.045199	max-min: 0.009750
C1=4.041300V	C2=4.042950V	C3=4.044300V	C4=4.045350V	C5=4.044150V	C6=4.043100V	C7=4.048650V	C8=4.046250V	C9=4.047300V	C10=4.043550V	C11=4.044450V	C12=4.045050V	C13=4.047600V	C14=4.048500V	C15=4.045200V	C16=4.043850V	C17=4.044000V	C18=4.045200V	C19=4.045500V	C20=4.046700V	C21=4.047000V	C22=4.044450V	C23=4.038900V	C24=4.045800V	C25=4.046100V	C26=4.046100V	C27=4.047600V	C28=4.046700V	
max_temp: 15.829279	min_temp: 13.196009	avg_temp: 13.662659
undervoltage: 0	overvoltage: 0	pec: 0	overtemperature: 0	openwire: 0	openwire_temp: 0
dcc1: 00	dcc2: 00	
Time: 100546
Current: -0.137604
SOC: 0.844126
total_v: 113.265739	max_v: 4.048800	min_v: 4.038900	avg_v: 4.045205	max-min: 0.009900
C1=4.041300V	C2=4.042950V	C3=4.044300V	C4=4.045350V	C5=4.044150V	C6=4.043100V	C7=4.048800V	C8=4.046250V	C9=4.047300V	C10=4.043550V	C11=4.044600V	C12=4.045050V	C13=4.047600V	C14=4.048350V	C15=4.045200V	C16=4.043850V	C17=4.044000V	C18=4.045200V	C19=4.045500V	C20=4.046700V	C21=4.047000V	C22=4.044600V	C23=4.038900V	C24=4.045650V	C25=4.046100V	C26=4.046100V	C27=4.047600V	C28=4.046700V	
max_temp: 15.829279	min_temp: 13.196009	avg_temp: 13.662342
undervoltage: 0	overvoltage: 0	pec: 0	overtemperature: 0	openwire: 0	openwire_temp: 0
dcc1: 00	dcc2: 00	
Time: 100747
Current: 0.058945
SOC: 0.844126
total_v: 113.265129	max_v: 4.048650	min_v: 4.038900	avg_v: 4.045183	max-min: 0.009750
C1=4.041300V	C2=4.042950V	C3=4.044300V	C4=4.045350V	C5=4.044150V	C6=4.043250V	C7=4.048650V	C8=4.046250V	C9=4.047300V	C10=4.043550V	C11=4.044450V	C12=4.045050V	C13=4.047600V	C14=4.048350V	C15=4.045200V	C16=4.043850V	C17=4.044000V	C18=4.045200V	C19=4.045500V	C20=4.046700V	C21=4.046850V	C22=4.044450V	C23=4.038900V	C24=4.045650V	C25=4.046100V	C26=4.046100V	C27=4.047600V	C28=4.046550V	
max_temp: 15.829279	min_temp: 13.196009	avg_temp: 13.662973
undervoltage: 0	overvoltage: 0	pec: 0	overtemperature: 0	openwire: 0	openwire_temp: 0
dcc1: 00	dcc2: 00	
Time: 100948
Current: -0.137604
SOC: 0.844127
total_v: 113.266029	max_v: 4.048650	min_v: 4.038900	avg_v: 4.045215	max-min: 0.009750
C1=4.041300V	C2=4.042950V	C3=4.044300V	C4=4.045350V	C5=4.044300V	C6=4.043100V	C7=4.048650V	C8=4.046250V	C9=4.047300V	C10=4.043550V	C11=4.044450V	C12=4.045050V	C13=4.047750V	C14=4.048500V	C15=4.045200V	C16=4.043850V	C17=4.044000V	C18=4.045200V	C19=4.045650V	C20=4.046700V	C21=4.047000V	C22=4.044600V	C23=4.038900V	C24=4.045650V	C25=4.046100V	C26=4.046250V	C27=4.047600V	C28=4.046550V	
max_temp: 15.829279	min_temp: 13.196009	avg_temp: 13.662659
undervoltage: 0	overvoltage: 0	pec: 0	overtemperature: 0	openwire: 0	openwire_temp: 0
dcc1: 00	dcc2: 00	
Time: 101149
Current: -0.039322
SOC: 0.844127
total_v: 113.266029	max_v: 4.048800	min_v: 4.038900	avg_v: 4.045215	max-min: 0.009900
C1=4.041300V	C2=4.042950V	C3=4.044300V	C4=4.045350V	C5=4.044150V	C6=4.043100V	C7=4.048800V	C8=4.046250V	C9=4.047300V	C10=4.043550V	C11=4.044450V	C12=4.045050V	C13=4.047600V	C14=4.048500V	C15=4.045200V	C16=4.043850V	C17=4.044000V	C18=4.045200V	C19=4.045650V	C20=4.046700V	C21=4.047000V	C22=4.044600V	C23=4.038900V	C24=4.045800V	C25=4.046100V	C26=4.046100V	C27=4.047600V	C28=4.046700V	
max_temp: 15.829279	min_temp: 13.196009	avg_temp: 13.662973
undervoltage: 0	overvoltage: 0	pec: 0	overtemperature: 0	openwire: 0	openwire_temp: 0
dcc1: 00	dcc2: 00	
Time: 101350
Current: -0.039322
SOC: 0.844127
total_v: 113.265884	max_v: 4.048650	min_v: 4.038900	avg_v: 4.045210	max-min: 0.009750
C1=4.041300V	C2=4.042800V	C3=4.044300V	C4=4.045350V	C5=4.044150V	C6=4.043250V	C7=4.048650V	C8=4.046250V	C9=4.047300V	C10=4.043550V	C11=4.044600V	C12=4.045050V	C13=4.047600V	C14=4.048350V	C15=4.045200V	C16=4.043850V	C17=4.044000V	C18=4.045200V	C19=4.045650V	C20=4.046700V	C21=4.047000V	C22=4.044600V	C23=4.038900V	C24=4.045650V	C25=4.046100V	C26=4.046250V	C27=4.047600V	C28=4.046700V	
max_temp: 15.829279	min_temp: 13.196009	avg_temp: 13.662344
undervoltage: 0	overvoltage: 0	pec: 0	overtemperature: 0	openwire: 0	openwire_temp: 0
dcc1: 00	dcc2: 00	
Time: 101551
Current: 0.353775
SOC: 0.844126
total_v: 113.265587	max_v: 4.048650	min_v: 4.038900	avg_v: 4.045199	max-min: 0.009750
C1=4.041300V	C2=4.042800V	C3=4.044300V	C4=4.045350V	C5=4.044150V	C6=4.043100V	C7=4.048650V	C8=4.046400V	C9=4.047300V	C10=4.043550V	C11=4.044450V	C12=4.045050V	C13=4.047600V	C14=4.048350V	C15=4.045200V	C16=4.043850V	C17=4.044000V	C18=4.045200V	C19=4.045500V	C20=4.046700V	C21=4.047000V	C22=4.044600V	C23=4.038900V	C24=4.045650V	C25=4.046100V	C26=4.046250V	C27=4.047600V	C28=4.046700V	
max_temp: 15.829279	min_temp: 13.196009	avg_temp: 13.662975
undervoltage: 0	overvoltage: 0	pec: 0	overtemperature: 0	openwire: 0	openwire_temp: 0
dcc1: 00	dcc2: 00	
Time: 101752
Current: -0.137604
SOC: 0.844126
total_v: 113.265579	max_v: 4.048650	min_v: 4.038900	avg_v: 4.045199	max-min: 0.009750
C1=4.041300V	C2=4.042950V	C3=4.044300V	C4=4.045350V	C5=4.044150V	C6=4.043100V	C7=4.048650V	C8=4.046250V	C9=4.047300V	C10=4.043550V	C11=4.044450V	C12=4.045050V	C13=4.047600V	C14=4.048500V	C15=4.045200V	C16=4.043850V	C17=4.044000V	C18=4.045200V	C19=4.045500V	C20=4.046700V	C21=4.047000V	C22=4.044600V	C23=4.038900V	C24=4.045650V	C25=4.046100V	C26=4.046250V	C27=4.047450V	C28=4.046700V	
max_temp: 15.829279	min_temp: 13.196009	avg_temp: 13.662973
undervoltage: 0	overvoltage: 0	pec: 0	overtemperature: 0	openwire: 0	openwire_temp: 0
dcc1: 00	dcc2: 00	
Time: 101953
Current: 3.989975
SOC: 0.844110
total_v: 113.266037	max_v: 4.048650	min_v: 4.038900	avg_v: 4.045216	max-min: 0.009750
C1=4.041300V	C2=4.042950V	C3=4.044450V	C4=4.045350V	C5=4.044300V	C6=4.043100V	C7=4.048650V	C8=4.046250V	C9=4.047300V	C10=4.043550V	C11=4.044450V	C12=4.045050V	C13=4.047600V	C14=4.048500V	C15=4.045200V	C16=4.043850V	C17=4.044000V	C18=4.045200V	C19=4.045500V	C20=4.046700V	C21=4.047000V	C22=4.044600V	C23=4.038900V	C24=4.045800V	C25=4.046100V	C26=4.046100V	C27=4.047600V	C28=4.046700V	
max_temp: 15.829279	min_temp: 13.196009	avg_temp: 13.663288
undervoltage: 0	overvoltage: 0	pec: 0	overtemperature: 0	openwire: 0	openwire_temp: 0
dcc1: 00	dcc2: 00	
Time: 102154
Current: -0.137604
SOC: 0.844110
total_v: 113.265739	max_v: 4.048650	min_v: 4.038900	avg_v: 4.045205	max-min: 0.009750
C1=4.041300V	C2=4.042950V	C3=4.044300V	C4=4.045350V	C5=4.044150V	C6=4.043100V	C7=4.048650V	C8=4.046250V	C9=4.047300V	C10=4.043550V	C11=4.044600V	C12=4.045050V	C13=4.047600V	C14=4.048350V	C15=4.045200V	C16=4.043850V	C17=4.044000V	C18=4.045200V	C19=4.045650V	C20=4.046700V	C21=4.046850V	C22=4.044600V	C23=4.038900V	C24=4.045650V	C25=4.046100V	C26=4.046250V	C27=4.047600V	C28=4.046700V	
max_temp: 15.829279	min_temp: 13.196009	avg_temp: 13.662657
undervoltage: 0	overvoltage: 0	pec: 0	overtemperature: 0	openwire: 0	openwire_temp: 0
dcc1: 00	dcc2: 00	
Time: 102355
Current: 5.365845
SOC: 0.844088
total_v: 113.265732	max_v: 4.048650	min_v: 4.038900	avg_v: 4.045205	max-min: 0.009750
C1=4.041300V	C2=4.042950V	C3=4.044450V	C4=4.045350V	C5=4.044150V	C6=4.043100V	C7=4.048650V	C8=4.046250V	C9=4.047300V	C10=4.043550V	C11=4.044450V	C12=4.045050V	C13=4.047600V	C14=4.048500V	C15=4.045200V	C16=4.043850V	C17=4.044000V	C18=4.045200V	C19=4.045500V	C20=4.046700V	C21=4.047000V	C22=4.044600V	C23=4.038900V	C24=4.045650V	C25=4.046100V	C26=4.046100V	C27=4.047600V	C28=4.046700V	
max_temp: 15.829279	min_temp: 13.196009	avg_temp: 13.663288
undervoltage: 0	overvoltage: 0	pec: 0	overtemperature: 0	openwire: 0	openwire_temp: 0
dcc1: 00	dcc2: 00	
Time: 102556
Current: -0.137604
SOC: 0.844089
total_v: 113.266037	max_v: 4.048650	min_v: 4.038900	avg_v: 4.045216	max-min: 0.009750
C1=4.041300V	C2=4.042950V	C3=4.044450V	C4=4.045350V	C5=4.044150V	C6=4.043100V	C7=4.048650V	C8=4.046250V	C9=4.047300V	C10=4.043550V	C11=4.044600V	C12=4.045050V	C13=4.047600V	C14=4.048500V	C15=4.045200V	C16=4.043850V	C17=4.044000V	C18=4.045200V	C19=4.045500V	C20=4.046700V	C21=4.047000V	C22=4.044600V	C23=4.038900V	C24=4.045650V	C25=4.046100V	C26=4.046250V	C27=4.047600V	C28=4.046700V	
max_temp: 15.829279	min_temp: 13.196009	avg_temp: 13.662659
undervoltage: 0	overvoltage: 0	pec: 0	overtemperature: 0	openwire: 0	openwire_temp: 0
dcc1: 00	dcc2: 00	
Time: 102757
Current: 2.024460
SOC: 0.844080
total_v: 113.266037	max_v: 4.048800	min_v: 4.038900	avg_v: 4.045216	max-min: 0.009900
C1=4.041300V	C2=4.042950V	C3=4.044450V	C4=4.045350V	C5=4.044150V	C6=4.043100V	C7=4.048800V	C8=4.046250V	C9=4.047300V	C10=4.043550V	C11=4.044450V	C12=4.045050V	C13=4.047600V	C14=4.048500V	C15=4.045200V	C16=4.043850V	C17=4.044000V	C18=4.045200V	C19=4.045500V	C20=4.046700V	C21=4.047000V	C22=4.044600V	C23=4.038900V	C24=4.045800V	C25=4.046100V	C26=4.046100V	C27=4.047600V	C28=4.046700V	
max_temp: 15.829279	min_temp: 13.196009	avg_temp: 13.664234
undervoltage: 0	overvoltage: 0	pec: 0	overtemperature: 0	openwire: 0	openwire_temp: 0
dcc1: 00	dcc2: 00	
Time: 102958
Current: -0.137604
SOC: 0.844081
total_v: 113.266182	max_v: 4.048650	min_v: 4.038900	avg_v: 4.045221	max-min: 0.009750
C1=4.041300V	C2=4.042950V	C3=4.044450V	C4=4.045350V	C5=4.044150V	C6=4.043100V	C7=4.048650V	C8=4.046250V	C9=4.047300V	C10=4.043550V	C11=4.044450V	C12=4.045050V	C13=4.047750V	C14=4.048500V	C15=4.045200V	C16=4.043850V	C17=4.044000V	C18=4.045200V	C19=4.045650V	C20=4.046700V	C21=4.047000V	C22=4.044600V	C23=4.038900V	C24=4.045650V	C25=4.046100V	C26=4.046250V	C27=4.047600V	C28=4.046700V	
max_temp: 15.829279	min_temp: 13.196009	avg_temp: 13.663286
undervoltage: 0	overvoltage: 0	pec: 0	overtemperature: 0	openwire: 0	openwire_temp: 0
dcc1: 00	dcc2: 00	
Time: 103159
Current: -0.039322
SOC: 0.844081
total_v: 113.266037	max_v: 4.048650	min_v: 4.038900	avg_v: 4.045216	max-min: 0.009750
C1=4.041300V	C2=4.042950V	C3=4.044450V	C4=4.045350V	C5=4.044300V	C6=4.043100V	C7=4.048650V	C8=4.046250V	C9=4.047300V	C10=4.043550V	C11=4.044600V	C12=4.045050V	C13=4.047600V	C14=4.048500V	C15=4.045200V	C16=4.043850V	C17=4.044000V	C18=4.045200V	C19=4.045650V	C20=4.046700V	C21=4.046850V	C22=4.044450V	C23=4.038900V	C24=4.045650V	C25=4.046100V	C26=4.046250V	C27=4.047600V	C28=4.046700V	
max_temp: 15.829279	min_temp: 13.196009	avg_temp: 13.663288
undervoltage: 0	overvoltage: 0	pec: 0	overtemperature: 0	openwire: 0	openwire_temp: 0
dcc1: 00	dcc2: 00	
Time: 103360
Current: -0.039322
SOC: 0.844081
total_v: 113.266037	max_v: 4.048650	min_v: 4.038900	avg_v: 4.045216	max-min: 0.009750
C1=4.041300V	C2=4.042800V	C3=4.044450V	C4=4.045350V	C5=4.044300V	C6=4.043100V	C7=4.048650V	C8=4.046250V	C9=4.047300V	C10=4.043550V	C11=4.044450V	C12=4.045050V	C13=4.047600V	C14=4.048500V	C15=4.045200V	C16=4.043850V	C17=4.044000V	C18=4.045200V	C19=4.045500V	C20=4.046700V	C21=4.047000V	C22=4.044600V	C23=4.038900V	C24=4.045800V	C25=4.046100V	C26=4.046250V	C27=4.047600V	C28=4.046700V	
max_temp: 15.829279	min_temp: 13.196009	avg_temp: 13.663288
undervoltage: 0	overvoltage: 0	pec: 0	overtemperature: 0	openwire: 0	openwire_temp: 0
dcc1: 00	dcc2: 00	
Time: 103561
Current: -0.039322
SOC: 0.844082
total_v: 113.265739	max_v: 4.048650	min_v: 4.038900	avg_v: 4.045205	max-min: 0.009750
C1=4.041300V	C2=4.042950V	C3=4.044450V	C4=4.045350V	C5=4.044150V	C6=4.043100V	C7=4.048650V	C8=4.046250V	C9=4.047300V	C10=4.043550V	C11=4.044600V	C12=4.045050V	C13=4.047750V	C14=4.048500V	C15=4.045050V	C16=4.043850V	C17=4.043850V	C18=4.045200V	C19=4.045500V	C20=4.046700V	C21=4.047000V	C22=4.044450V	C23=4.038900V	C24=4.045650V	C25=4.046100V	C26=4.046250V	C27=4.047600V	C28=4.046700V	
max_temp: 15.829279	min_temp: 13.196009	avg_temp: 13.664234
undervoltage: 0	overvoltage: 0	pec: 0	overtemperature: 0	openwire: 0	openwire_temp: 0
dcc1: 00	dcc2: 00	
Time: 103762
Current: -0.039322
SOC: 0.844082
total_v: 113.266190	max_v: 4.048650	min_v: 4.038900	avg_v: 4.045221	max-min: 0.009750
C1=4.041450V	C2=4.042950V	C3=4.044450V	C4=4.045350V	C5=4.044150V	C6=4.043250V	C7=4.048650V	C8=4.046400V	C9=4.047300V	C10=4.043550V	C11=4.044450V	C12=4.045050V	C13=4.047600V	C14=4.048500V	C15=4.045200V	C16=4.043850V	C17=4.044000V	C18=4.045200V	C19=4.045500V	C20=4.046700V	C21=4.047000V	C22=4.044600V	C23=4.038900V	C24=4.045650V	C25=4.046100V	C26=4.046250V	C27=4.047600V	C28=4.046550V	
max_temp: 15.829279	min_temp: 13.201044	avg_temp: 13.665176
undervoltage: 0	overvoltage: 0	pec: 0	overtemperature: 0	openwire: 0	openwire_temp: 0
dcc1: 00	dcc2: 00	
Time: 103963
Current: -0.039322
SOC: 0.844082
total_v: 113.265144	max_v: 4.048650	min_v: 4.038900	avg_v: 4.045184	max-min: 0.009750
C1=4.041300V	C2=4.042800V	C3=4.044300V	C4=4.045350V	C5=4.044150V	C6=4.043100V	C7=4.048650V	C8=4.046250V	C9=4.047300V	C10=4.043550V	C11=4.044600V	C12=4.045050V	C13=4.047600V	C14=4.048350V	C15=4.045200V	C16=4.043850V	C17=4.044000V	C18=4.045200V	C19=4.045500V	C20=4.046700V	C21=4.046850V	C22=4.044600V	C23=4.038900V	C24=4.045800V	C25=4.046100V	C26=4.046100V	C27=4.047450V	C28=4.046550V	
max_temp: 15.829279	min_temp: 13.196009	avg_temp: 13.664234
undervoltage: 0	overvoltage: 0	pec: 0	overtemperature: 0	openwire: 0	openwire_temp: 0
dcc1: 00	dcc2: 00	
Time: 104164
Current: 4.677917
SOC: 0.844063
total_v: 113.265587	max_v: 4.048650	min_v: 4.038900	avg_v: 4.045199	max-min: 0.009750
C1=4.041300V	C2=4.042800V	C3=4.044450V	C4=4.045200V	C5=4.044150V	C6=4.043100V	C7=4.048650V	C8=4.046250V	C9=4.047300V	C10=4.043550V	C11=4.044600V	C12=4.045200V	C13=4.047600V	C14=4.048350V	C15=4.045200V	C16=4.043850V	C17=4.044000V	C18=4.045200V	C19=4.045500V	C20=4.046700V	C21=4.047000V	C22=4.044600V	C23=4.038900V	C24=4.045650V	C25=4.046100V	C26=4.046250V	C27=4.047600V	C28=4.046550V	
max_temp: 15.829279	min_temp: 13.196009	avg_temp: 13.662973
undervoltage: 0	overvoltage: 0	pec: 0	overtemperature: 0	openwire: 0	openwire_temp: 0
dcc1: 00	dcc2: 00	
Time: 104365
Current: -0.137604
SOC: 0.844063
total_v: 113.265289	max_v: 4.048650	min_v: 4.038900	avg_v: 4.045189	max-min: 0.009750
C1=4.041300V	C2=4.042800V	C3=4.044300V	C4=4.045350V	C5=4.044150V	C6=4.043100V	C7=4.048650V	C8=4.046250V	C9=4.047150V	C10=4.043550V	C11=4.044450V	C12=4.045050V	C13=4.047600V	C14=4.048500V	C15=4.045200V	C16=4.043850V	C17=4.044000V	C18=4.045200V	C19=4.045500V	C20=4.046700V	C21=4.047000V	C22=4.044600V	C23=4.038900V	C24=4.045650V	C25=4.046100V	C26=4.046250V	C27=4.047600V	C28=4.046550V	
max_temp: 15.829279	min_temp: 13.201044	avg_temp: 13.664234
undervoltage: 0	overvoltage: 0	pec: 0	overtemperature: 0	openwire: 0	openwire_temp: 0
dcc1: 00	dcc2: 00	
Time: 104566
Current: -0.039322
SOC: 0.844063
total_v: 113.266335	max_v: 4.048650	min_v: 4.038900	avg_v: 4.045226	max-min: 0.009750
C1=4.041300V	C2=4.042950V	C3=4.044450V	C4=4.045350V	C5=4.044150V	C6=4.043250V	C7=4.048650V	C8=4.046250V	C9=4.047300V	C10=4.043550V	C11=4.044600V	C12=4.045200V	C13=4.047600V	C14=4.048500V	C15=4.045200V	C16=4.043850V	C17=4.044000V	C18=4.045200V	C19=4.045500V	C20=4.046700V	C21=4.047000V	C22=4.044600V	C23=4.038900V	C24=4.045800V	C25=4.046100V	C26=4.046250V	C27=4.047600V	C28=4.046550V	
max_temp: 15.829279	min_temp: 13.196009	avg_temp: 13.663919
undervoltage: 0	overvoltage: 0	pec: 0	overtemperature: 0	openwire: 0	openwire_temp: 0
dcc1: 00	dcc2: 00	
Time: 104767
Current: -0.039322
SOC: 0.844064
total_v: 113.266487	max_v: 4.048650	min_v: 4.038900	avg_v: 4.045232	max-min: 0.009750
C1=4.041300V	C2=4.042950V	C3=4.044450V	C4=4.045350V	C5=4.044150V	C6=4.043250V	C7=4.048650V	C8=4.046250V	C9=4.047300V	C10=4.043550V	C11=4.044600V	C12=4.045200V	C13=4.047600V	C14=4.048500V	C15=4.045200V	C16=4.043850V	C17=4.044000V	C18=4.045200V	C19=4.045500V	C20=4.046700V	C21=4.047000V	C22=4.044600V	C23=4.038900V	C24=4.045800V	C25=4.046100V	C26=4.046250V	C27=4.047600V	C28=4.046700V	
max_temp: 15.824244	min_temp: 13.201044	avg_temp: 13.664551
undervoltage: 0	overvoltage: 0	pec: 0	overtemperature: 0	openwire: 0	openwire_temp: 0
dcc1: 00	dcc2: 00	
Time: 104968
Current: 0.452072
SOC: 0.844062
total_v: 113.266037	max_v: 4.048650	min_v: 4.038900	avg_v: 4.045216	max-min: 0.009750
C1=4.041300V	C2=4.042950V	C3=4.044450V	C4=4.045350V	C5=4.044150V	C6=4.043250V	C7=4.048650V	C8=4.046250V	C9=4.047300V	C10=4.043550V	C11=4.044450V	C12=4.045050V	C13=4.047600V	C14=4.048500V	C15=4.045200V	C16=4.043850V	C17=4.044000V	C18=4.045200V	C19=4.045500V	C20=4.046700V	C21=4.047000V	C22=4.044600V	C23=4.038900V	C24=4.045650V	C25=4.046100V	C26=4.046250V	C27=4.047600V	C28=4.046700V	
max_temp: 15.829279	min_temp: 13.201044	avg_temp: 13.664549
undervoltage: 0	overvoltage: 0	pec: 0	overtemperature: 0	openwire: 0	openwire_temp: 0
dcc1: 00	dcc2: 00	
Time: 105169
Current: -0.039322
SOC: 0.844062
total_v: 113.265434	max_v: 4.048650	min_v: 4.038900	avg_v: 4.045194	max-min: 0.009750
C1=4.041300V	C2=4.042800V	C3=4.044300V	C4=4.045350V	C5=4.044150V	C6=4.043250V	C7=4.048650V	C8=4.046250V	C9=4.047300V	C10=4.043550V	C11=4.044450V	C12=4.045050V	C13=4.047600V	C14=4.048500V	C15=4.045200V	C16=4.043850V	C17=4.043850V	C18=4.045350V	C19=4.045500V	C20=4.046700V	C21=4.047000V	C22=4.044600V	C23=4.038900V	C24=4.045650V	C25=4.046100V	C26=4.046100V	C27=4.047600V	C28=4.046550V	
max_temp: 15.829279	min_temp: 13.196009	avg_temp: 13.663919
undervoltage: 0	overvoltage: 0	pec: 0	overtemperature: 0	openwire: 0	openwire_temp: 0
dcc1: 00	dcc2: 00	
Time: 105370
Current: -0.137604
SOC: 0.844062
total_v: 113.265434	max_v: 4.048800	min_v: 4.038900	avg_v: 4.045194	max-min: 0.009900
C1=4.041300V	C2=4.042950V	C3=4.044300V	C4=4.045350V	C5=4.044150V	C6=4.043100V	C7=4.048800V	C8=4.046250V	C9=4.047150V	C10=4.043550V	C11=4.044450V	C12=4.045050V	C13=4.047600V	C14=4.048350V	C15=4.045200V	C16=4.043850V	C17=4.044000V	C18=4.045200V	C19=4.045650V	C20=4.046700V	C21=4.047000V	C22=4.044450V	C23=4.038900V	C24=4.045650V	C25=4.046100V	C26=4.046100V	C27=4.047600V	C28=4.046700V	
max_temp: 15.829279	min_temp: 13.196009	avg_temp: 13.664234
undervoltage: 0	overvoltage: 0	pec: 0	overtemperature: 0	openwire: 0	openwire_temp: 0
dcc1: 00	dcc2: 00	
Time: 105571
Current: 1.238266
SOC: 0.844057
total_v: 113.265587	max_v: 4.048650	min_v: 4.038900	avg_v: 4.045199	max-min: 0.009750
C1=4.041300V	C2=4.042950V	C3=4.044450V	C4=4.045350V	C5=4.044150V	C6=4.043100V	C7=4.048650V	C8=4.046250V	C9=4.047300V	C10=4.043550V	C11=4.044600V	C12=4.045050V	C13=4.047600V	C14=4.048350V	C15=4.045200V	C16=4.043850V	C17=4.043850V	C18=4.045200V	C19=4.045500V	C20=4.046700V	C21=4.047000V	C22=4.044600V	C23=4.038900V	C24=4.045650V	C25=4.046100V	C26=4.046250V	C27=4.047600V	C28=4.046550V	
max_temp: 15.829279	min_temp: 13.201044	avg_temp: 13.664549
undervoltage: 0	overvoltage: 0	pec: 0	overtemperature: 0	openwire: 0	openwire_temp: 0
dcc1: 00	dcc2: 00	
Time: 105772
Current: -0.137604
SOC: 0.844058
total_v: 113.265884	max_v: 4.048800	min_v: 4.039050	avg_v: 4.045210	max-min: 0.009750
C1=4.041300V	C2=4.042800V	C3=4.044450V	C4=4.045350V	C5=4.044150V	C6=4.043100V	C7=4.048800V	C8=4.046250V	C9=4.047300V	C10=4.043550V	C11=4.044450V	C12=4.045050V	C13=4.047600V	C14=4.048350V	C15=4.045200V	C16=4.043850V	C17=4.044000V	C18=4.045200V	C19=4.045500V	C20=4.046700V	C21=4.047000V	C22=4.044600V	C23=4.039050V	C24=4.045650V	C25=4.046100V	C26=4.046250V	C27=4.047600V	C28=4.046700V	
max_temp: 15.829279	min_temp: 13.201044	avg_temp: 13.663919
undervoltage: 0	overvoltage: 0	pec: 0	overtemperature: 0	openwire: 0	openwire_temp: 0
dcc1: 00	dcc2: 00	
Time: 105973
Current: -0.137604
SOC: 0.844059
total_v: 113.265427	max_v: 4.048650	min_v: 4.038900	avg_v: 4.045194	max-min: 0.009750
C1=4.041300V	C2=4.042800V	C3=4.044450V	C4=4.045200V	C5=4.044150V	C6=4.043250V	C7=4.048650V	C8=4.046250V	C9=4.047300V	C10=4.043550V	C11=4.044600V	C12=4.045050V	C13=4.047600V	C14=4.048500V	C15=4.045200V	C16=4.043850V	C17=4.044000V	C18=4.045200V	C19=4.045500V	C20=4.046700V	C21=4.047000V	C22=4.044600V	C23=4.038900V	C24=4.045650V	C25=4.046100V	C26=4.046100V	C27=4.047450V	C28=4.046550V	
max_temp: 15.829279	min_temp: 13.196009	avg_temp: 13.663919
undervoltage: 0	overvoltage: 0	pec: 0	overtemperature: 0	openwire: 0	openwire_temp: 0
dcc1: 00	dcc2: 00	
Time: 106174
Current: 0.058945
SOC: 0.844058
total_v: 113.265877	max_v: 4.048650	min_v: 4.038900	avg_v: 4.045210	max-min: 0.009750
C1=4.041300V	C2=4.042950V	C3=4.044300V	C4=4.045350V	C5=4.044150V	C6=4.043100V	C7=4.048650V	C8=4.046250V	C9=4.047300V	C10=4.043550V	C11=4.044450V	C12=4.045200V	C13=4.047600V	C14=4.048500V	C15=4.045200V	C16=4.043850V	C17=4.044000V	C18=4.045200V	C19=4.045650V	C20=4.046700V	C21=4.047000V	C22=4.044600V	C23=4.038900V	C24=4.045650V	C25=4.046100V	C26=4.046100V	C27=4.047600V	C28=4.046700V	
max_temp: 15.829279	min_temp: 13.201044	avg_temp: 13.664864
undervoltage: 0	overvoltage: 0	pec: 0	overtemperature: 0	openwire: 0	openwire_temp: 0
dcc1: 00	dcc2: 00	
Time: 106375
Current: -0.039322
SOC: 0.844058
total_v: 113.265732	max_v: 4.048650	min_v: 4.038900	avg_v: 4.045205	max-min: 0.009750
C1=4.041300V	C2=4.042950V	C3=4.044300V	C4=4.045350V	C5=4.044150V	C6=4.043100V	C7=4.048650V	C8=4.046250V	C9=4.047300V	C10=4.043550V	C11=4.044450V	C12=4.045050V	C13=4.047600V	C14=4.048500V	C15=4.045200V	C16=4.043850V	C17=4.043850V	C18=4.045200V	C19=4.045650V	C20=4.046700V	C21=4.047000V	C22=4.044600V	C23=4.038900V	C24=4.045650V	C25=4.046100V	C26=4.046250V	C27=4.047600V	C28=4.046700V	
max_temp: 15.824244	min_temp: 13.196009	avg_temp: 13.663919
undervoltage: 0	overvoltage: 0	pec: 0	overtemperature: 0	openwire: 0	openwire_temp: 0
dcc1: 00	dcc2: 00	
Time: 106576
Current: 0.452072
SOC: 0.844057
total_v: 113.265724	max_v: 4.048650	min_v: 4.039050	avg_v: 4.045205	max-min: 0.009600
C1=4.041300V	C2=4.042950V	C3=4.044300V	C4=4.045350V	C5=4.044150V	C6=4.043100V	C7=4.048650V	C8=4.046250V	C9=4.047300V	C10=4.043550V	C11=4.044450V	C12=4.045050V	C13=4.047600V	C14=4.048500V	C15=4.045200V	C16=4.043850V	C17=4.044000V	C18=4.045200V	C19=4.045500V	C20=4.046700V	C21=4.047000V	C22=4.044600V	C23=4.039050V	C24=4.045650V	C25=4.046100V	C26=4.046100V	C27=4.047600V	C28=4.046700V	
max_temp: 15.829279	min_temp: 13.201044	avg_temp: 13.665178
undervoltage: 0	overvoltage: 0	pec: 0	overtemperature: 0	openwire: 0	openwire_temp: 0
dcc1: 00	dcc2: 00	
Time: 106777
Current: 3.695160
SOC: 0.844041
total_v: 113.265732	max_v: 4.048650	min_v: 4.038900	avg_v: 4.045205	max-min: 0.009750
C1=4.041300V	C2=4.042950V	C3=4.044300V	C4=4.045350V	C5=4.044150V	C6=4.043100V	C7=4.048650V	C8=4.046250V	C9=4.047300V	C10=4.043550V	C11=4.044450V	C12=4.045050V	C13=4.047600V	C14=4.048500V	C15=4.045200V	C16=4.043850V	C17=4.044000V	C18=4.045200V	C19=4.045500V	C20=4.046700V	C21=4.047000V	C22=4.044600V	C23=4.038900V	C24=4.045650V	C25=4.046100V	C26=4.046250V	C27=4.047600V	C28=4.046700V	
max_temp: 15.829279	min_temp: 13.201044	avg_temp: 13.664865
undervoltage: 0	overvoltage: 0	pec: 0	overtemperature: 0	openwire: 0	openwire_temp: 0
dcc1: 00	dcc2: 00	
Time: 106978
Current: -0.137604
SOC: 0.844042
total_v: 113.266037	max_v: 4.048650	min_v: 4.038900	avg_v: 4.045216	max-min: 0.009750
C1=4.041300V	C2=4.042950V	C3=4.044450V	C4=4.045200V	C5=4.044150V	C6=4.043100V	C7=4.048650V	C8=4.046400V	C9=4.047300V	C10=4.043550V	C11=4.044450V	C12=4.045050V	C13=4.047600V	C14=4.048500V	C15=4.045200V	C16=4.043850V	C17=4.044000V	C18=4.045200V	C19=4.045500V	C20=4.046700V	C21=4.047000V	C22=4.044600V	C23=4.038900V	C24=4.045800V	C25=4.046100V	C26=4.046250V	C27=4.047600V	C28=4.046700V	
max_temp: 15.824244	min_temp: 13.201044	avg_temp: 13.665180
undervoltage: 0	overvoltage: 0	pec: 0	overtemperature: 0	openwire: 0	openwire_temp: 0
dcc1: 00	dcc2: 00	
Time: 107179
Current: 0.157227
SOC: 0.844041
total_v: 113.265732	max_v: 4.048800	min_v: 4.038900	avg_v: 4.045205	max-min: 0.009900
C1=4.041300V	C2=4.042950V	C3=4.044300V	C4=4.045350V	C5=4.044150V	C6=4.043100V	C7=4.048800V	C8=4.046250V	C9=4.047300V	C10=4.043550V	C11=4.044450V	C12=4.045050V	C13=4.047600V	C14=4.048500V	C15=4.045200V	C16=4.043850V	C17=4.044000V	C18=4.045200V	C19=4.045500V	C20=4.046700V	C21=4.047000V	C22=4.044600V	C23=4.038900V	C24=4.045650V	C25=4.046100V	C26=4.046250V	C27=4.047450V	C28=4.046700V	
max_temp: 15.829279	min_temp: 13.201044	avg_temp: 13.665495
undervoltage: 0	overvoltage: 0	pec: 0	overtemperature: 0	openwire: 0	openwire_temp: 0
dcc1: 00	dcc2: 00	
Time: 107380
Current: -0.137604
SOC: 0.844042
total_v: 113.265427	max_v: 4.048650	min_v: 4.038900	avg_v: 4.045194	max-min: 0.009750
C1=4.041300V	C2=4.042950V	C3=4.044450V	C4=4.045350V	C5=4.044150V	C6=4.043100V	C7=4.048650V	C8=4.046250V	C9=4.047300V	C10=4.043550V	C11=4.044600V	C12=4.045050V	C13=4.047600V	C14=4.048350V	C15=4.045200V	C16=4.043850V	C17=4.044000V	C18=4.045200V	C19=4.045500V	C20=4.046700V	C21=4.047000V	C22=4.044450V	C23=4.038900V	C24=4.045650V	C25=4.046100V	C26=4.046250V	C27=4.047450V	C28=4.046550V	
max_temp: 15.829279	min_temp: 13.201044	avg_temp: 13.665495
undervoltage: 0	overvoltage: 0	pec: 0	overtemperature: 0	openwire: 0	openwire_temp: 0
dcc1: 00	dcc2: 00	
Time: 107581
Current: 3.989975
SOC: 0.844025
total_v: 113.265732	max_v: 4.048650	min_v: 4.038900	avg_v: 4.045205	max-min: 0.009750
C1=4.041300V	C2=4.042950V	C3=4.044450V	C4=4.045350V	C5=4.044150V	C6=4.043100V	C7=4.048650V	C8=4.046400V	C9=4.047300V	C10=4.043550V	C11=4.044450V	C12=4.045050V	C13=4.047600V	C14=4.048350V	C15=4.045200V	C16=4.043850V	C17=4.044000V	C18=4.045200V	C19=4.045500V	C20=4.046700V	C21=4.047000V	C22=4.044600V	C23=4.038900V	C24=4.045650V	C25=4.046100V	C26=4.046250V	C27=4.047450V	C28=4.046700V	
max_temp: 15.829279	min_temp: 13.196009	avg_temp: 13.664234
undervoltage: 0	overvoltage: 0	pec: 0	overtemperature: 0	openwire: 0	openwire_temp: 0
dcc1: 00	dcc2: 00	
Time: 107782
Current: -0.137604
SOC: 0.844026
total_v: 113.265732	max_v: 4.048800	min_v: 4.038900	avg_v: 4.045205	max-min: 0.009900
C1=4.041300V	C2=4.042950V	C3=4.044300V	C4=4.045350V	C5=4.044150V	C6=4.043100V	C7=4.048800V	C8=4.046250V	C9=4.047300V	C10=4.043550V	C11=4.044450V	C12=4.045050V	C13=4.047600V	C14=4.048500V	C15=4.045200V	C16=4.043850V	C17=4.044000V	C18=4.045200V	C19=4.045500V	C20=4.046700V	C21=4.047000V	C22=4.044450V	C23=4.038900V	C24=4.045650V	C25=4.046100V	C26=4.046250V	C27=4.047600V	C28=4.046700V	
max_temp: 15.829279	min_temp: 13.196009	avg_temp: 13.665497
undervoltage: 0	overvoltage: 0	pec: 0	overtemperature: 0	openwire: 0	openwire_temp: 0
dcc1: 00	dcc2: 00	
Time: 107983
Current: 0.255493
SOC: 0.844025
total_v: 113.266037	max_v: 4.048800	min_v: 4.038900	avg_v: 4.045216	max-min: 0.009900
C1=4.041300V	C2=4.042950V	C3=4.044450V	C4=4.045350V	C5=4.044150V	C6=4.043100V	C7=4.048800V	C8=4.046250V	C9=4.047300V	C10=4.043550V	C11=4.044600V	C12=4.045050V	C13=4.047600V	C14=4.048500V	C15=4.045200V	C16=4.043850V	C17=4.044000V	C18=4.045200V	C19=4.045500V	C20=4.046700V	C21=4.047000V	C22=4.044450V	C23=4.038900V	C24=4.045650V	C25=4.046100V	C26=4.046250V	C27=4.047600V	C28=4.046700V	
max_temp: 15.829279	min_temp: 13.201044	avg_temp: 13.664864
undervoltage: 0	overvoltage: 0	pec: 0	overtemperature: 0	openwire: 0	openwire_temp: 0
dcc1: 00	dcc2: 00	
Time: 108184
Current: -0.039322
SOC: 0.844025
total_v: 113.265274	max_v: 4.048650	min_v: 4.038900	avg_v: 4.045188	max-min: 0.009750
C1=4.041300V	C2=4.042800V	C3=4.044450V	C4=4.045350V	C5=4.044150V	C6=4.043100V	C7=4.048650V	C8=4.046250V	C9=4.047300V	C10=4.043550V	C11=4.044450V	C12=4.045200V	C13=4.047600V	C14=4.048350V	C15=4.045200V	C16=4.043850V	C17=4.044000V	C18=4.045200V	C19=4.045500V	C20=4.046700V	C21=4.047000V	C22=4.044450V	C23=4.038900V	C24=4.045650V	C25=4.046100V	C26=4.046100V	C27=4.047600V	C28=4.046550V	
max_temp: 15.829279	min_temp: 13.201044	avg_temp: 13.664549
undervoltage: 0	overvoltage: 0	pec: 0	overtemperature: 0	openwire: 0	openwire_temp: 0
dcc1: 00	dcc2: 00	
Time: 108385
Current: -0.039322
SOC: 0.844025
total_v: 113.265579	max_v: 4.048650	min_v: 4.038900	avg_v: 4.045199	max-min: 0.009750
C1=4.041300V	C2=4.042800V	C3=4.044450V	C4=4.045350V	C5=4.044150V	C6=4.043100V	C7=4.048650V	C8=4.046250V	C9=4.047300V	C10=4.043550V	C11=4.044450V	C12=4.045050V	C13=4.047600V	C14=4.048500V	C15=4.045200V	C16=4.043850V	C17=4.044000V	C18=4.045200V	C19=4.045500V	C20=4.046700V	C21=4.047000V	C22=4.044600V	C23=4.038900V	C24=4.045800V	C25=4.046100V	C26=4.046100V	C27=4.047600V	C28=4.046550V	
max_temp: 15.829279	min_temp: 13.201044	avg_temp: 13.665495
undervoltage: 0	overvoltage: 0	pec: 0	overtemperature: 0	openwire: 0	openwire_temp: 0
dcc1: 00	dcc2: 00	
Time: 108586
Current: -0.039322
SOC: 0.844025
total_v: 113.265884	max_v: 4.048650	min_v: 4.039050	avg_v: 4.045210	max-min: 0.009600
C1=4.041300V	C2=4.042950V	C3=4.044300V	C4=4.045350V	C5=4.044150V	C6=4.043250V	C7=4.048650V	C8=4.046250V	C9=4.047300V	C10=4.043550V	C11=4.044450V	C12=4.045200V	C13=4.047600V	C14=4.048500V	C15=4.045200V	C16=4.043850V	C17=4.043850V	C18=4.045200V	C19=4.045650V	C20=4.046700V	C21=4.046850V	C22=4.044600V	C23=4.039050V	C24=4.045650V	C25=4.046100V	C26=4.046100V	C27=4.047600V	C28=4.046700V	
max_temp: 15.834284	min_temp: 13.201044	avg_temp: 13.666124
undervoltage: 0	overvoltage: 0	pec: 0	overtemperature: 0	openwire: 0	openwire_temp: 0
dcc1: 00	dcc2: 00	
Time: 108787
Current: -0.137604
SOC: 0.844026
